raceId,year,round,positionDisplayOrder,positionNumber,positionText,driverNumber,driverId,constructorId,engineManufacturerId,tyreManufacturerId,stop,lap,time,timeMillis
898,2014,1,1,1,1,8,romain-grosjean,lotus-f1,renault,pirelli,1,1,17.255,17255.0
898,2014,1,2,2,2,21,esteban-gutierrez,sauber,ferrari,pirelli,1,1,32.657,32657.0
898,2014,1,3,3,3,11,sergio-perez,force-india,mercedes,pirelli,1,1,25.541,25541.0
898,2014,1,4,4,4,77,valtteri-bottas,williams,mercedes,pirelli,1,10,34.921,34921.0
898,2014,1,5,5,5,22,jenson-button,mclaren,mercedes,pirelli,1,11,22.411,22411.0
898,2014,1,6,6,6,11,sergio-perez,force-india,mercedes,pirelli,2,11,22.497,22497.0
898,2014,1,7,7,7,6,nico-rosberg,mercedes,mercedes,pirelli,1,12,24.331,24331.0
898,2014,1,8,8,8,3,daniel-ricciardo,red-bull,renault,pirelli,1,12,22.994,22994.0
898,2014,1,9,9,9,20,kevin-magnussen,mclaren,mercedes,pirelli,1,12,23.150,23150.0
898,2014,1,10,10,10,27,nico-hulkenberg,force-india,mercedes,pirelli,1,12,22.615,22615.0
898,2014,1,11,11,11,14,fernando-alonso,ferrari,ferrari,pirelli,1,12,22.887,22887.0
898,2014,1,12,12,12,25,jean-eric-vergne,toro-rosso,renault,pirelli,1,12,23.124,23124.0
898,2014,1,13,13,13,7,kimi-raikkonen,ferrari,ferrari,pirelli,1,12,25.543,25543.0
898,2014,1,14,14,14,26,daniil-kvyat,toro-rosso,renault,pirelli,1,12,30.514,30514.0
898,2014,1,15,15,15,9,marcus-ericsson,caterham,renault,pirelli,1,23,23.238,23238.0
898,2014,1,16,16,16,4,max-chilton,marussia,ferrari,pirelli,1,24,24.209,24209.0
898,2014,1,17,17,17,17,jules-bianchi,marussia,ferrari,pirelli,1,20,23.821,23821.0
898,2014,1,18,18,18,8,romain-grosjean,lotus-f1,renault,pirelli,2,28,22.264,22264.0
898,2014,1,19,19,19,13,pastor-maldonado,lotus-f1,renault,pirelli,1,29,22.847,22847.0
898,2014,1,20,20,20,21,esteban-gutierrez,sauber,ferrari,pirelli,2,30,23.797,23797.0
898,2014,1,21,21,21,22,jenson-button,mclaren,mercedes,pirelli,2,32,22.399,22399.0
898,2014,1,22,22,22,11,sergio-perez,force-india,mercedes,pirelli,3,32,22.526,22526.0
898,2014,1,23,23,23,27,nico-hulkenberg,force-india,mercedes,pirelli,2,33,22.933,22933.0
898,2014,1,24,24,24,25,jean-eric-vergne,toro-rosso,renault,pirelli,2,33,22.978,22978.0
898,2014,1,25,25,25,14,fernando-alonso,ferrari,ferrari,pirelli,2,35,21.978,21978.0
898,2014,1,26,26,26,99,adrian-sutil,sauber,ferrari,pirelli,1,35,24.305,24305.0
898,2014,1,27,27,27,3,daniel-ricciardo,red-bull,renault,pirelli,2,36,22.427,22427.0
898,2014,1,28,28,28,77,valtteri-bottas,williams,mercedes,pirelli,2,36,23.117,23117.0
898,2014,1,29,29,29,7,kimi-raikkonen,ferrari,ferrari,pirelli,2,36,21.825,21825.0
898,2014,1,30,30,30,26,daniil-kvyat,toro-rosso,renault,pirelli,2,36,23.920,23920.0
898,2014,1,31,31,31,20,kevin-magnussen,mclaren,mercedes,pirelli,2,37,22.273,22273.0
898,2014,1,32,32,32,6,nico-rosberg,mercedes,mercedes,pirelli,2,38,23.673,23673.0
898,2014,1,33,33,33,4,max-chilton,marussia,ferrari,pirelli,2,41,23.493,23493.0
898,2014,1,34,34,34,17,jules-bianchi,marussia,ferrari,pirelli,2,35,22.656,22656.0
899,2014,2,1,1,1,17,jules-bianchi,marussia,ferrari,pirelli,1,1,52.836,52836.0
899,2014,2,2,2,2,25,jean-eric-vergne,toro-rosso,renault,pirelli,1,2,45.629,45629.0
899,2014,2,3,3,3,7,kimi-raikkonen,ferrari,ferrari,pirelli,1,2,26.399,26399.0
899,2014,2,4,4,4,20,kevin-magnussen,mclaren,mercedes,pirelli,1,9,37.116,37116.0
899,2014,2,5,5,5,26,daniil-kvyat,toro-rosso,renault,pirelli,1,10,25.109,25109.0
899,2014,2,6,6,6,21,esteban-gutierrez,sauber,ferrari,pirelli,1,10,29.420,29420.0
899,2014,2,7,7,7,4,max-chilton,marussia,ferrari,pirelli,1,10,25.639,25639.0
899,2014,2,8,8,8,14,fernando-alonso,ferrari,ferrari,pirelli,1,11,24.466,24466.0
899,2014,2,9,9,9,99,adrian-sutil,sauber,ferrari,pirelli,1,11,25.998,25998.0
899,2014,2,10,10,10,9,marcus-ericsson,caterham,renault,pirelli,1,11,30.040,30040.0
899,2014,2,11,11,11,3,daniel-ricciardo,red-bull,renault,pirelli,1,12,24.709,24709.0
899,2014,2,12,12,12,19,felipe-massa,williams,mercedes,pirelli,1,12,24.637,24637.0
899,2014,2,13,13,13,8,romain-grosjean,lotus-f1,renault,pirelli,1,12,25.046,25046.0
899,2014,2,14,14,14,1,sebastian-vettel,red-bull,renault,pirelli,1,13,24.432,24432.0
899,2014,2,15,15,15,22,jenson-button,mclaren,mercedes,pirelli,1,13,24.841,24841.0
899,2014,2,16,16,16,6,nico-rosberg,mercedes,mercedes,pirelli,1,14,24.723,24723.0
899,2014,2,17,17,17,77,valtteri-bottas,williams,mercedes,pirelli,1,14,25.020,25020.0
899,2014,2,18,18,18,44,lewis-hamilton,mercedes,mercedes,pirelli,1,15,24.604,24604.0
899,2014,2,19,19,19,10,kamui-kobayashi,caterham,renault,pirelli,1,15,27.124,27124.0
899,2014,2,20,20,20,27,nico-hulkenberg,force-india,mercedes,pirelli,1,16,25.336,25336.0
899,2014,2,21,21,21,25,jean-eric-vergne,toro-rosso,renault,pirelli,2,17,26.598,26598.0
899,2014,2,22,22,22,7,kimi-raikkonen,ferrari,ferrari,pirelli,2,18,24.417,24417.0
899,2014,2,23,23,23,26,daniil-kvyat,toro-rosso,renault,pirelli,2,22,27.473,27473.0
899,2014,2,24,24,24,21,esteban-gutierrez,sauber,ferrari,pirelli,2,23,26.325,26325.0
899,2014,2,25,25,25,20,kevin-magnussen,mclaren,mercedes,pirelli,2,24,30.661,30661.0
899,2014,2,26,26,26,99,adrian-sutil,sauber,ferrari,pirelli,2,24,25.493,25493.0
899,2014,2,27,27,27,22,jenson-button,mclaren,mercedes,pirelli,2,25,24.524,24524.0
899,2014,2,28,28,28,8,romain-grosjean,lotus-f1,renault,pirelli,2,25,25.596,25596.0
899,2014,2,29,29,29,9,marcus-ericsson,caterham,renault,pirelli,2,26,26.515,26515.0
899,2014,2,30,30,30,14,fernando-alonso,ferrari,ferrari,pirelli,2,27,24.222,24222.0
899,2014,2,31,31,31,19,felipe-massa,williams,mercedes,pirelli,2,27,24.577,24577.0
899,2014,2,32,32,32,4,max-chilton,marussia,ferrari,pirelli,2,27,29.210,29210.0
899,2014,2,33,33,33,3,daniel-ricciardo,red-bull,renault,pirelli,2,28,24.775,24775.0
899,2014,2,34,34,34,77,valtteri-bottas,williams,mercedes,pirelli,2,29,24.964,24964.0
899,2014,2,35,35,35,1,sebastian-vettel,red-bull,renault,pirelli,2,31,24.728,24728.0
899,2014,2,36,36,36,10,kamui-kobayashi,caterham,renault,pirelli,2,31,26.505,26505.0
899,2014,2,37,37,37,6,nico-rosberg,mercedes,mercedes,pirelli,2,32,25.287,25287.0
899,2014,2,38,38,38,44,lewis-hamilton,mercedes,mercedes,pirelli,2,33,25.296,25296.0
899,2014,2,39,39,39,27,nico-hulkenberg,force-india,mercedes,pirelli,2,34,24.887,24887.0
899,2014,2,40,40,40,26,daniil-kvyat,toro-rosso,renault,pirelli,3,34,25.289,25289.0
899,2014,2,41,41,41,7,kimi-raikkonen,ferrari,ferrari,pirelli,3,34,24.246,24246.0
899,2014,2,42,42,42,9,marcus-ericsson,caterham,renault,pirelli,3,38,26.030,26030.0
899,2014,2,43,43,43,22,jenson-button,mclaren,mercedes,pirelli,3,39,25.028,25028.0
899,2014,2,44,44,44,20,kevin-magnussen,mclaren,mercedes,pirelli,3,39,24.415,24415.0
899,2014,2,45,45,45,3,daniel-ricciardo,red-bull,renault,pirelli,3,40,1:49.329,109329.0
899,2014,2,46,46,46,8,romain-grosjean,lotus-f1,renault,pirelli,3,40,25.735,25735.0
899,2014,2,47,47,47,14,fernando-alonso,ferrari,ferrari,pirelli,3,42,24.641,24641.0
899,2014,2,48,48,48,4,max-chilton,marussia,ferrari,pirelli,3,41,27.828,27828.0
899,2014,2,49,49,49,19,felipe-massa,williams,mercedes,pirelli,3,42,24.526,24526.0
899,2014,2,50,50,50,3,daniel-ricciardo,red-bull,renault,pirelli,4,42,34.697,34697.0
899,2014,2,51,51,51,77,valtteri-bottas,williams,mercedes,pirelli,3,44,24.498,24498.0
899,2014,2,52,52,52,3,daniel-ricciardo,red-bull,renault,pirelli,5,44,34.480,34480.0
899,2014,2,53,53,53,1,sebastian-vettel,red-bull,renault,pirelli,3,49,25.186,25186.0
899,2014,2,54,54,54,6,nico-rosberg,mercedes,mercedes,pirelli,3,50,24.654,24654.0
899,2014,2,55,55,55,44,lewis-hamilton,mercedes,mercedes,pirelli,3,51,24.484,24484.0
900,2014,3,1,1,1,25,jean-eric-vergne,toro-rosso,renault,pirelli,1,1,33.895,33895.0
900,2014,3,2,2,2,99,adrian-sutil,sauber,ferrari,pirelli,1,7,25.293,25293.0
900,2014,3,3,3,3,77,valtteri-bottas,williams,mercedes,pirelli,1,10,25.040,25040.0
900,2014,3,4,4,4,26,daniil-kvyat,toro-rosso,renault,pirelli,1,10,26.064,26064.0
900,2014,3,5,5,5,17,jules-bianchi,marussia,ferrari,pirelli,1,10,25.756,25756.0
900,2014,3,6,6,6,9,marcus-ericsson,caterham,renault,pirelli,1,11,25.367,25367.0
900,2014,3,7,7,7,4,max-chilton,marussia,ferrari,pirelli,1,11,25.858,25858.0
900,2014,3,8,8,8,14,fernando-alonso,ferrari,ferrari,pirelli,1,12,25.770,25770.0
900,2014,3,9,9,9,21,esteban-gutierrez,sauber,ferrari,pirelli,1,12,25.543,25543.0
900,2014,3,10,10,10,19,felipe-massa,williams,mercedes,pirelli,1,13,24.528,24528.0
900,2014,3,11,11,11,7,kimi-raikkonen,ferrari,ferrari,pirelli,1,13,25.009,25009.0
900,2014,3,12,12,12,8,romain-grosjean,lotus-f1,renault,pirelli,1,13,25.192,25192.0
900,2014,3,13,13,13,17,jules-bianchi,marussia,ferrari,pirelli,2,13,29.729,29729.0
900,2014,3,14,14,14,20,kevin-magnussen,mclaren,mercedes,pirelli,1,14,24.611,24611.0
900,2014,3,15,15,15,99,adrian-sutil,sauber,ferrari,pirelli,2,13,40.747,40747.0
900,2014,3,16,16,16,25,jean-eric-vergne,toro-rosso,renault,pirelli,2,14,25.897,25897.0
900,2014,3,17,17,17,27,nico-hulkenberg,force-india,mercedes,pirelli,1,15,24.757,24757.0
900,2014,3,18,18,18,10,kamui-kobayashi,caterham,renault,pirelli,1,15,27.124,27124.0
900,2014,3,19,19,19,11,sergio-perez,force-india,mercedes,pirelli,1,16,24.697,24697.0
900,2014,3,20,20,20,1,sebastian-vettel,red-bull,renault,pirelli,1,16,24.964,24964.0
900,2014,3,21,21,21,22,jenson-button,mclaren,mercedes,pirelli,1,17,24.476,24476.0
900,2014,3,22,22,22,3,daniel-ricciardo,red-bull,renault,pirelli,1,18,24.706,24706.0
900,2014,3,23,23,23,44,lewis-hamilton,mercedes,mercedes,pirelli,1,19,24.687,24687.0
900,2014,3,24,24,24,13,pastor-maldonado,lotus-f1,renault,pirelli,1,19,25.395,25395.0
900,2014,3,25,25,25,17,jules-bianchi,marussia,ferrari,pirelli,3,18,18.989,18989.0
900,2014,3,26,26,26,6,nico-rosberg,mercedes,mercedes,pirelli,1,21,24.851,24851.0
900,2014,3,27,27,27,26,daniil-kvyat,toro-rosso,renault,pirelli,2,24,25.340,25340.0
900,2014,3,28,28,28,77,valtteri-bottas,williams,mercedes,pirelli,2,25,25.068,25068.0
900,2014,3,29,29,29,20,kevin-magnussen,mclaren,mercedes,pirelli,2,25,24.559,24559.0
900,2014,3,30,30,30,9,marcus-ericsson,caterham,renault,pirelli,2,26,25.819,25819.0
900,2014,3,31,31,31,21,esteban-gutierrez,sauber,ferrari,pirelli,2,27,25.633,25633.0
900,2014,3,32,32,32,19,felipe-massa,williams,mercedes,pirelli,2,28,25.896,25896.0
900,2014,3,33,33,33,14,fernando-alonso,ferrari,ferrari,pirelli,2,28,24.576,24576.0
900,2014,3,34,34,34,8,romain-grosjean,lotus-f1,renault,pirelli,2,28,25.032,25032.0
900,2014,3,35,35,35,4,max-chilton,marussia,ferrari,pirelli,2,28,27.233,27233.0
900,2014,3,36,36,36,17,jules-bianchi,marussia,ferrari,pirelli,4,31,25.866,25866.0
900,2014,3,37,37,37,7,kimi-raikkonen,ferrari,ferrari,pirelli,2,33,25.415,25415.0
900,2014,3,38,38,38,11,sergio-perez,force-india,mercedes,pirelli,2,34,24.737,24737.0
900,2014,3,39,39,39,1,sebastian-vettel,red-bull,renault,pirelli,2,34,26.186,26186.0
900,2014,3,40,40,40,27,nico-hulkenberg,force-india,mercedes,pirelli,2,35,24.440,24440.0
900,2014,3,41,41,41,22,jenson-button,mclaren,mercedes,pirelli,2,35,25.245,25245.0
900,2014,3,42,42,42,3,daniel-ricciardo,red-bull,renault,pirelli,2,35,24.816,24816.0
900,2014,3,43,43,43,10,kamui-kobayashi,caterham,renault,pirelli,2,35,26.628,26628.0
900,2014,3,44,44,44,8,romain-grosjean,lotus-f1,renault,pirelli,3,37,25.693,25693.0
900,2014,3,45,45,45,19,felipe-massa,williams,mercedes,pirelli,3,38,24.575,24575.0
900,2014,3,46,46,46,20,kevin-magnussen,mclaren,mercedes,pirelli,3,38,25.572,25572.0
900,2014,3,47,47,47,13,pastor-maldonado,lotus-f1,renault,pirelli,2,39,26.440,26440.0
900,2014,3,48,48,48,26,daniil-kvyat,toro-rosso,renault,pirelli,3,39,25.345,25345.0
900,2014,3,49,49,49,77,valtteri-bottas,williams,mercedes,pirelli,3,40,25.980,25980.0
900,2014,3,50,50,50,44,lewis-hamilton,mercedes,mercedes,pirelli,2,41,25.146,25146.0
900,2014,3,51,51,51,6,nico-rosberg,mercedes,mercedes,pirelli,2,41,24.907,24907.0
900,2014,3,52,52,52,13,pastor-maldonado,lotus-f1,renault,pirelli,3,40,34.249,34249.0
900,2014,3,53,53,53,4,max-chilton,marussia,ferrari,pirelli,3,40,25.981,25981.0
900,2014,3,54,54,54,14,fernando-alonso,ferrari,ferrari,pirelli,3,41,24.493,24493.0
900,2014,3,55,55,55,7,kimi-raikkonen,ferrari,ferrari,pirelli,3,41,24.453,24453.0
900,2014,3,56,56,56,17,jules-bianchi,marussia,ferrari,pirelli,5,40,25.383,25383.0
900,2014,3,57,57,57,13,pastor-maldonado,lotus-f1,renault,pirelli,4,47,32.874,32874.0
901,2014,4,1,1,1,22,jenson-button,mclaren,mercedes,pirelli,1,7,22.408,22408.0
901,2014,4,2,2,2,8,romain-grosjean,lotus-f1,renault,pirelli,1,9,23.213,23213.0
901,2014,4,3,3,3,19,felipe-massa,williams,mercedes,pirelli,1,10,1:18.277,78277.0
901,2014,4,4,4,4,7,kimi-raikkonen,ferrari,ferrari,pirelli,1,10,22.994,22994.0
901,2014,4,5,5,5,11,sergio-perez,force-india,mercedes,pirelli,1,10,22.914,22914.0
901,2014,4,6,6,6,9,marcus-ericsson,caterham,renault,pirelli,1,10,23.677,23677.0
901,2014,4,7,7,7,14,fernando-alonso,ferrari,ferrari,pirelli,1,11,22.776,22776.0
901,2014,4,8,8,8,27,nico-hulkenberg,force-india,mercedes,pirelli,1,11,23.438,23438.0
901,2014,4,9,9,9,10,kamui-kobayashi,caterham,renault,pirelli,1,11,24.883,24883.0
901,2014,4,10,10,10,13,pastor-maldonado,lotus-f1,renault,pirelli,1,11,24.010,24010.0
901,2014,4,11,11,11,17,jules-bianchi,marussia,ferrari,pirelli,1,11,24.784,24784.0
901,2014,4,12,12,12,1,sebastian-vettel,red-bull,renault,pirelli,1,12,22.570,22570.0
901,2014,4,13,13,13,77,valtteri-bottas,williams,mercedes,pirelli,1,12,24.780,24780.0
901,2014,4,14,14,14,4,max-chilton,marussia,ferrari,pirelli,1,12,23.781,23781.0
901,2014,4,15,15,15,6,nico-rosberg,mercedes,mercedes,pirelli,1,13,23.277,23277.0
901,2014,4,16,16,16,26,daniil-kvyat,toro-rosso,renault,pirelli,1,14,23.521,23521.0
901,2014,4,17,17,17,21,esteban-gutierrez,sauber,ferrari,pirelli,1,14,22.988,22988.0
901,2014,4,18,18,18,3,daniel-ricciardo,red-bull,renault,pirelli,1,15,23.186,23186.0
901,2014,4,19,19,19,25,jean-eric-vergne,toro-rosso,renault,pirelli,1,15,24.119,24119.0
901,2014,4,20,20,20,44,lewis-hamilton,mercedes,mercedes,pirelli,1,17,22.968,22968.0
901,2014,4,21,21,21,20,kevin-magnussen,mclaren,mercedes,pirelli,1,17,23.670,23670.0
901,2014,4,22,22,22,21,esteban-gutierrez,sauber,ferrari,pirelli,2,27,23.252,23252.0
901,2014,4,23,23,23,9,marcus-ericsson,caterham,renault,pirelli,2,27,23.730,23730.0
901,2014,4,24,24,24,22,jenson-button,mclaren,mercedes,pirelli,2,28,22.548,22548.0
901,2014,4,25,25,25,17,jules-bianchi,marussia,ferrari,pirelli,2,28,24.320,24320.0
901,2014,4,26,26,26,11,sergio-perez,force-india,mercedes,pirelli,2,30,23.636,23636.0
901,2014,4,27,27,27,10,kamui-kobayashi,caterham,renault,pirelli,2,30,25.402,25402.0
901,2014,4,28,28,28,27,nico-hulkenberg,force-india,mercedes,pirelli,2,31,22.764,22764.0
901,2014,4,29,29,29,77,valtteri-bottas,williams,mercedes,pirelli,2,31,23.639,23639.0
901,2014,4,30,30,30,7,kimi-raikkonen,ferrari,ferrari,pirelli,2,31,23.291,23291.0
901,2014,4,31,31,31,26,daniil-kvyat,toro-rosso,renault,pirelli,2,31,23.628,23628.0
901,2014,4,32,32,32,20,kevin-magnussen,mclaren,mercedes,pirelli,2,31,22.579,22579.0
901,2014,4,33,33,33,19,felipe-massa,williams,mercedes,pirelli,2,31,23.830,23830.0
901,2014,4,34,34,34,25,jean-eric-vergne,toro-rosso,renault,pirelli,2,32,24.417,24417.0
901,2014,4,35,35,35,13,pastor-maldonado,lotus-f1,renault,pirelli,2,32,23.022,23022.0
901,2014,4,36,36,36,14,fernando-alonso,ferrari,ferrari,pirelli,2,33,22.947,22947.0
901,2014,4,37,37,37,4,max-chilton,marussia,ferrari,pirelli,2,32,23.878,23878.0
901,2014,4,38,38,38,1,sebastian-vettel,red-bull,renault,pirelli,2,34,22.246,22246.0
901,2014,4,39,39,39,6,nico-rosberg,mercedes,mercedes,pirelli,2,37,23.089,23089.0
901,2014,4,40,40,40,3,daniel-ricciardo,red-bull,renault,pirelli,2,37,22.498,22498.0
901,2014,4,41,41,41,44,lewis-hamilton,mercedes,mercedes,pirelli,2,38,23.999,23999.0
901,2014,4,42,42,42,21,esteban-gutierrez,sauber,ferrari,pirelli,3,40,22.734,22734.0
901,2014,4,43,43,43,10,kamui-kobayashi,caterham,renault,pirelli,3,40,24.722,24722.0
901,2014,4,44,44,44,9,marcus-ericsson,caterham,renault,pirelli,3,42,23.969,23969.0
901,2014,4,45,45,45,4,max-chilton,marussia,ferrari,pirelli,3,48,23.886,23886.0
902,2014,5,1,1,1,1,sebastian-vettel,red-bull,renault,pirelli,1,12,21.974,21974.0
902,2014,5,2,2,2,3,daniel-ricciardo,red-bull,renault,pirelli,1,14,21.969,21969.0
902,2014,5,3,3,3,8,romain-grosjean,lotus-f1,renault,pirelli,1,15,22.126,22126.0
902,2014,5,4,4,4,19,felipe-massa,williams,mercedes,pirelli,1,15,22.890,22890.0
902,2014,5,5,5,5,13,pastor-maldonado,lotus-f1,renault,pirelli,1,15,27.851,27851.0
902,2014,5,6,6,6,14,fernando-alonso,ferrari,ferrari,pirelli,1,16,21.970,21970.0
902,2014,5,7,7,7,25,jean-eric-vergne,toro-rosso,renault,pirelli,1,16,22.976,22976.0
902,2014,5,8,8,8,7,kimi-raikkonen,ferrari,ferrari,pirelli,1,17,22.056,22056.0
902,2014,5,9,9,9,27,nico-hulkenberg,force-india,mercedes,pirelli,1,17,22.355,22355.0
902,2014,5,10,10,10,22,jenson-button,mclaren,mercedes,pirelli,1,17,21.810,21810.0
902,2014,5,11,11,11,99,adrian-sutil,sauber,ferrari,pirelli,1,17,28.013,28013.0
902,2014,5,12,12,12,4,max-chilton,marussia,ferrari,pirelli,1,17,24.337,24337.0
902,2014,5,13,13,13,44,lewis-hamilton,mercedes,mercedes,pirelli,1,18,22.951,22951.0
902,2014,5,14,14,14,11,sergio-perez,force-india,mercedes,pirelli,1,18,22.367,22367.0
902,2014,5,15,15,15,26,daniil-kvyat,toro-rosso,renault,pirelli,1,18,22.703,22703.0
902,2014,5,16,16,16,21,esteban-gutierrez,sauber,ferrari,pirelli,1,18,23.063,23063.0
902,2014,5,17,17,17,9,marcus-ericsson,caterham,renault,pirelli,1,18,23.091,23091.0
902,2014,5,18,18,18,20,kevin-magnussen,mclaren,mercedes,pirelli,1,19,21.894,21894.0
902,2014,5,19,19,19,77,valtteri-bottas,williams,mercedes,pirelli,1,20,22.824,22824.0
902,2014,5,20,20,20,6,nico-rosberg,mercedes,mercedes,pirelli,1,21,22.254,22254.0
902,2014,5,21,21,21,17,jules-bianchi,marussia,ferrari,pirelli,1,21,22.928,22928.0
902,2014,5,22,22,22,10,kamui-kobayashi,caterham,renault,pirelli,1,23,22.789,22789.0
902,2014,5,23,23,23,19,felipe-massa,williams,mercedes,pirelli,2,28,22.381,22381.0
902,2014,5,24,24,24,4,max-chilton,marussia,ferrari,pirelli,2,31,23.232,23232.0
902,2014,5,25,25,25,1,sebastian-vettel,red-bull,renault,pirelli,2,33,21.599,21599.0
902,2014,5,26,26,26,8,romain-grosjean,lotus-f1,renault,pirelli,2,34,22.078,22078.0
902,2014,5,27,27,27,14,fernando-alonso,ferrari,ferrari,pirelli,2,35,22.014,22014.0
902,2014,5,28,28,28,99,adrian-sutil,sauber,ferrari,pirelli,2,35,23.378,23378.0
902,2014,5,29,29,29,27,nico-hulkenberg,force-india,mercedes,pirelli,2,36,22.724,22724.0
902,2014,5,30,30,30,22,jenson-button,mclaren,mercedes,pirelli,2,36,24.408,24408.0
902,2014,5,31,31,31,26,daniil-kvyat,toro-rosso,renault,pirelli,2,36,22.841,22841.0
902,2014,5,32,32,32,21,esteban-gutierrez,sauber,ferrari,pirelli,2,36,24.780,24780.0
902,2014,5,33,33,33,11,sergio-perez,force-india,mercedes,pirelli,2,37,22.282,22282.0
902,2014,5,34,34,34,13,pastor-maldonado,lotus-f1,renault,pirelli,2,37,22.024,22024.0
902,2014,5,35,35,35,9,marcus-ericsson,caterham,renault,pirelli,2,40,26.671,26671.0
902,2014,5,36,36,36,20,kevin-magnussen,mclaren,mercedes,pirelli,2,41,21.768,21768.0
902,2014,5,37,37,37,17,jules-bianchi,marussia,ferrari,pirelli,2,41,22.568,22568.0
902,2014,5,38,38,38,44,lewis-hamilton,mercedes,mercedes,pirelli,2,43,23.590,23590.0
902,2014,5,39,39,39,7,kimi-raikkonen,ferrari,ferrari,pirelli,2,43,22.727,22727.0
902,2014,5,40,40,40,4,max-chilton,marussia,ferrari,pirelli,3,42,23.586,23586.0
902,2014,5,41,41,41,6,nico-rosberg,mercedes,mercedes,pirelli,2,45,22.309,22309.0
902,2014,5,42,42,42,3,daniel-ricciardo,red-bull,renault,pirelli,2,45,21.830,21830.0
902,2014,5,43,43,43,77,valtteri-bottas,williams,mercedes,pirelli,2,45,22.701,22701.0
902,2014,5,44,44,44,19,felipe-massa,williams,mercedes,pirelli,3,46,22.304,22304.0
902,2014,5,45,45,45,1,sebastian-vettel,red-bull,renault,pirelli,3,52,21.608,21608.0
902,2014,5,46,46,46,21,esteban-gutierrez,sauber,ferrari,pirelli,3,52,23.025,23025.0
902,2014,5,47,47,47,14,fernando-alonso,ferrari,ferrari,pirelli,3,53,21.664,21664.0
902,2014,5,48,48,48,26,daniil-kvyat,toro-rosso,renault,pirelli,3,53,22.984,22984.0
903,2014,6,1,1,1,8,romain-grosjean,lotus-f1,renault,pirelli,1,1,26.312,26312.0
903,2014,6,2,2,2,99,adrian-sutil,sauber,ferrari,pirelli,1,1,33.207,33207.0
903,2014,6,3,3,3,1,sebastian-vettel,red-bull,renault,pirelli,1,4,1:06.065,66065.0
903,2014,6,4,4,4,8,romain-grosjean,lotus-f1,renault,pirelli,2,23,25.029,25029.0
903,2014,6,5,5,5,4,max-chilton,marussia,ferrari,pirelli,1,24,33.074,33074.0
903,2014,6,6,6,6,22,jenson-button,mclaren,mercedes,pirelli,1,25,25.992,25992.0
903,2014,6,7,7,7,21,esteban-gutierrez,sauber,ferrari,pirelli,1,25,25.906,25906.0
903,2014,6,8,8,8,17,jules-bianchi,marussia,ferrari,pirelli,1,25,32.658,32658.0
903,2014,6,9,9,9,10,kamui-kobayashi,caterham,renault,pirelli,1,25,25.421,25421.0
903,2014,6,10,10,10,6,nico-rosberg,mercedes,mercedes,pirelli,1,26,24.672,24672.0
903,2014,6,11,11,11,44,lewis-hamilton,mercedes,mercedes,pirelli,1,26,27.509,27509.0
903,2014,6,12,12,12,9,marcus-ericsson,caterham,renault,pirelli,1,25,28.091,28091.0
903,2014,6,13,13,13,7,kimi-raikkonen,ferrari,ferrari,pirelli,1,26,25.282,25282.0
903,2014,6,14,14,14,3,daniel-ricciardo,red-bull,renault,pirelli,1,26,26.584,26584.0
903,2014,6,15,15,15,14,fernando-alonso,ferrari,ferrari,pirelli,1,26,26.499,26499.0
903,2014,6,16,16,16,20,kevin-magnussen,mclaren,mercedes,pirelli,1,26,28.943,28943.0
903,2014,6,17,17,17,25,jean-eric-vergne,toro-rosso,renault,pirelli,1,26,25.444,25444.0
903,2014,6,18,18,18,27,nico-hulkenberg,force-india,mercedes,pirelli,1,26,25.714,25714.0
903,2014,6,19,19,19,77,valtteri-bottas,williams,mercedes,pirelli,1,26,25.595,25595.0
903,2014,6,20,20,20,7,kimi-raikkonen,ferrari,ferrari,pirelli,2,28,25.684,25684.0
903,2014,6,21,21,21,4,max-chilton,marussia,ferrari,pirelli,2,27,37.352,37352.0
903,2014,6,22,22,22,25,jean-eric-vergne,toro-rosso,renault,pirelli,2,37,19.385,19385.0
903,2014,6,23,23,23,19,felipe-massa,williams,mercedes,pirelli,1,45,24.264,24264.0
903,2014,6,24,24,24,9,marcus-ericsson,caterham,renault,pirelli,2,51,25.585,25585.0
903,2014,6,25,25,25,10,kamui-kobayashi,caterham,renault,pirelli,2,62,25.116,25116.0
903,2014,6,26,26,26,4,max-chilton,marussia,ferrari,pirelli,3,66,26.137,26137.0
903,2014,6,27,27,27,7,kimi-raikkonen,ferrari,ferrari,pirelli,3,73,31.896,31896.0
904,2014,7,1,1,1,21,esteban-gutierrez,sauber,ferrari,pirelli,1,1,24.370,24370.0
904,2014,7,2,2,2,21,esteban-gutierrez,sauber,ferrari,pirelli,2,2,24.768,24768.0
904,2014,7,3,3,3,8,romain-grosjean,lotus-f1,renault,pirelli,1,11,23.943,23943.0
904,2014,7,4,4,4,3,daniel-ricciardo,red-bull,renault,pirelli,1,13,23.606,23606.0
904,2014,7,5,5,5,77,valtteri-bottas,williams,mercedes,pirelli,1,14,23.448,23448.0
904,2014,7,6,6,6,22,jenson-button,mclaren,mercedes,pirelli,1,14,23.493,23493.0
904,2014,7,7,7,7,1,sebastian-vettel,red-bull,renault,pirelli,1,15,23.904,23904.0
904,2014,7,8,8,8,19,felipe-massa,williams,mercedes,pirelli,1,15,27.949,27949.0
904,2014,7,9,9,9,25,jean-eric-vergne,toro-rosso,renault,pirelli,1,15,24.433,24433.0
904,2014,7,10,10,10,20,kevin-magnussen,mclaren,mercedes,pirelli,1,15,23.479,23479.0
904,2014,7,11,11,11,99,adrian-sutil,sauber,ferrari,pirelli,1,15,23.703,23703.0
904,2014,7,12,12,12,14,fernando-alonso,ferrari,ferrari,pirelli,1,16,23.932,23932.0
904,2014,7,13,13,13,7,kimi-raikkonen,ferrari,ferrari,pirelli,1,17,23.925,23925.0
904,2014,7,14,14,14,6,nico-rosberg,mercedes,mercedes,pirelli,1,18,23.882,23882.0
904,2014,7,15,15,15,44,lewis-hamilton,mercedes,mercedes,pirelli,1,19,24.417,24417.0
904,2014,7,16,16,16,26,daniil-kvyat,toro-rosso,renault,pirelli,1,29,25.235,25235.0
904,2014,7,17,17,17,21,esteban-gutierrez,sauber,ferrari,pirelli,3,32,24.403,24403.0
904,2014,7,18,18,18,11,sergio-perez,force-india,mercedes,pirelli,1,34,23.907,23907.0
904,2014,7,19,19,19,77,valtteri-bottas,williams,mercedes,pirelli,2,35,24.491,24491.0
904,2014,7,20,20,20,1,sebastian-vettel,red-bull,renault,pirelli,2,36,23.340,23340.0
904,2014,7,21,21,21,3,daniel-ricciardo,red-bull,renault,pirelli,2,37,23.274,23274.0
904,2014,7,22,22,22,22,jenson-button,mclaren,mercedes,pirelli,2,38,25.050,25050.0
904,2014,7,23,23,23,25,jean-eric-vergne,toro-rosso,renault,pirelli,2,39,23.975,23975.0
904,2014,7,24,24,24,7,kimi-raikkonen,ferrari,ferrari,pirelli,2,39,24.221,24221.0
904,2014,7,25,25,25,99,adrian-sutil,sauber,ferrari,pirelli,2,40,24.068,24068.0
904,2014,7,26,26,26,27,nico-hulkenberg,force-india,mercedes,pirelli,1,41,23.902,23902.0
904,2014,7,27,27,27,6,nico-rosberg,mercedes,mercedes,pirelli,2,44,25.102,25102.0
904,2014,7,28,28,28,14,fernando-alonso,ferrari,ferrari,pirelli,2,44,23.790,23790.0
904,2014,7,29,29,29,44,lewis-hamilton,mercedes,mercedes,pirelli,2,45,23.554,23554.0
904,2014,7,30,30,30,20,kevin-magnussen,mclaren,mercedes,pirelli,2,45,23.907,23907.0
904,2014,7,31,31,31,8,romain-grosjean,lotus-f1,renault,pirelli,2,46,23.856,23856.0
904,2014,7,32,32,32,26,daniil-kvyat,toro-rosso,renault,pirelli,2,46,25.698,25698.0
904,2014,7,33,33,33,19,felipe-massa,williams,mercedes,pirelli,2,48,24.012,24012.0
905,2014,8,1,1,1,8,romain-grosjean,lotus-f1,renault,pirelli,1,3,21.884,21884.0
905,2014,8,2,2,2,25,jean-eric-vergne,toro-rosso,renault,pirelli,1,8,22.232,22232.0
905,2014,8,3,3,3,27,nico-hulkenberg,force-india,mercedes,pirelli,1,9,21.920,21920.0
905,2014,8,4,4,4,20,kevin-magnussen,mclaren,mercedes,pirelli,1,10,21.670,21670.0
905,2014,8,5,5,5,26,daniil-kvyat,toro-rosso,renault,pirelli,1,10,21.906,21906.0
905,2014,8,6,6,6,3,daniel-ricciardo,red-bull,renault,pirelli,1,10,21.467,21467.0
905,2014,8,7,7,7,6,nico-rosberg,mercedes,mercedes,pirelli,1,11,21.474,21474.0
905,2014,8,8,8,8,99,adrian-sutil,sauber,ferrari,pirelli,1,11,22.960,22960.0
905,2014,8,9,9,9,21,esteban-gutierrez,sauber,ferrari,pirelli,1,12,55.222,55222.0
905,2014,8,10,10,10,44,lewis-hamilton,mercedes,mercedes,pirelli,1,13,22.226,22226.0
905,2014,8,11,11,11,19,felipe-massa,williams,mercedes,pirelli,1,14,21.896,21896.0
905,2014,8,12,12,12,14,fernando-alonso,ferrari,ferrari,pirelli,1,14,21.234,21234.0
905,2014,8,13,13,13,10,kamui-kobayashi,caterham,renault,pirelli,1,14,22.480,22480.0
905,2014,8,14,14,14,77,valtteri-bottas,williams,mercedes,pirelli,1,15,21.133,21133.0
905,2014,8,15,15,15,7,kimi-raikkonen,ferrari,ferrari,pirelli,1,15,21.914,21914.0
905,2014,8,16,16,16,1,sebastian-vettel,red-bull,renault,pirelli,1,20,21.381,21381.0
905,2014,8,17,17,17,21,esteban-gutierrez,sauber,ferrari,pirelli,2,21,29.067,29067.0
905,2014,8,18,18,18,13,pastor-maldonado,lotus-f1,renault,pirelli,1,26,23.343,23343.0
905,2014,8,19,19,19,22,jenson-button,mclaren,mercedes,pirelli,1,27,21.505,21505.0
905,2014,8,20,20,20,8,romain-grosjean,lotus-f1,renault,pirelli,2,27,24.212,24212.0
905,2014,8,21,21,21,9,marcus-ericsson,caterham,renault,pirelli,1,28,23.177,23177.0
905,2014,8,22,22,22,11,sergio-perez,force-india,mercedes,pirelli,1,29,23.770,23770.0
905,2014,8,23,23,23,1,sebastian-vettel,red-bull,renault,pirelli,2,28,29.844,29844.0
905,2014,8,24,24,24,4,max-chilton,marussia,ferrari,pirelli,1,37,22.977,22977.0
905,2014,8,25,25,25,44,lewis-hamilton,mercedes,mercedes,pirelli,2,39,22.555,22555.0
905,2014,8,26,26,26,27,nico-hulkenberg,force-india,mercedes,pirelli,2,39,22.246,22246.0
905,2014,8,27,27,27,25,jean-eric-vergne,toro-rosso,renault,pirelli,2,39,22.374,22374.0
905,2014,8,28,28,28,6,nico-rosberg,mercedes,mercedes,pirelli,2,40,21.664,21664.0
905,2014,8,29,29,29,20,kevin-magnussen,mclaren,mercedes,pirelli,2,40,21.882,21882.0
905,2014,8,30,30,30,77,valtteri-bottas,williams,mercedes,pirelli,2,41,22.208,22208.0
905,2014,8,31,31,31,17,jules-bianchi,marussia,ferrari,pirelli,1,40,24.452,24452.0
905,2014,8,32,32,32,19,felipe-massa,williams,mercedes,pirelli,2,43,22.096,22096.0
905,2014,8,33,33,33,3,daniel-ricciardo,red-bull,renault,pirelli,2,43,21.398,21398.0
905,2014,8,34,34,34,99,adrian-sutil,sauber,ferrari,pirelli,2,43,22.449,22449.0
905,2014,8,35,35,35,9,marcus-ericsson,caterham,renault,pirelli,2,43,25.178,25178.0
905,2014,8,36,36,36,7,kimi-raikkonen,ferrari,ferrari,pirelli,2,44,21.618,21618.0
905,2014,8,37,37,37,21,esteban-gutierrez,sauber,ferrari,pirelli,3,45,22.530,22530.0
905,2014,8,38,38,38,14,fernando-alonso,ferrari,ferrari,pirelli,2,47,21.276,21276.0
905,2014,8,39,39,39,11,sergio-perez,force-india,mercedes,pirelli,2,55,21.960,21960.0
905,2014,8,40,40,40,13,pastor-maldonado,lotus-f1,renault,pirelli,2,56,22.612,22612.0
905,2014,8,41,41,41,22,jenson-button,mclaren,mercedes,pirelli,2,58,21.242,21242.0
906,2014,9,1,1,1,4,max-chilton,marussia,ferrari,pirelli,1,1,1:01:47.606,3707606.0
906,2014,9,2,2,2,4,max-chilton,marussia,ferrari,pirelli,2,2,23.154,23154.0
906,2014,9,3,3,3,1,sebastian-vettel,red-bull,renault,pirelli,1,10,28.558,28558.0
906,2014,9,4,4,4,26,daniil-kvyat,toro-rosso,renault,pirelli,1,14,28.700,28700.0
906,2014,9,5,5,5,3,daniel-ricciardo,red-bull,renault,pirelli,1,15,28.483,28483.0
906,2014,9,6,6,6,6,nico-rosberg,mercedes,mercedes,pirelli,1,18,28.329,28329.0
906,2014,9,7,7,7,10,kamui-kobayashi,caterham,renault,pirelli,1,18,29.507,29507.0
906,2014,9,8,8,8,99,adrian-sutil,sauber,ferrari,pirelli,1,23,29.956,29956.0
906,2014,9,9,9,9,44,lewis-hamilton,mercedes,mercedes,pirelli,1,24,29.679,29679.0
906,2014,9,10,10,10,14,fernando-alonso,ferrari,ferrari,pirelli,1,25,34.410,34410.0
906,2014,9,11,11,11,11,sergio-perez,force-india,mercedes,pirelli,1,26,29.599,29599.0
906,2014,9,12,12,12,13,pastor-maldonado,lotus-f1,renault,pirelli,1,26,28.831,28831.0
906,2014,9,13,13,13,20,kevin-magnussen,mclaren,mercedes,pirelli,1,27,28.745,28745.0
906,2014,9,14,14,14,25,jean-eric-vergne,toro-rosso,renault,pirelli,1,27,30.218,30218.0
906,2014,9,15,15,15,22,jenson-button,mclaren,mercedes,pirelli,1,28,28.645,28645.0
906,2014,9,16,16,16,27,nico-hulkenberg,force-india,mercedes,pirelli,1,29,29.579,29579.0
906,2014,9,17,17,17,17,jules-bianchi,marussia,ferrari,pirelli,1,29,30.353,30353.0
906,2014,9,18,18,18,10,kamui-kobayashi,caterham,renault,pirelli,2,29,29.540,29540.0
906,2014,9,19,19,19,8,romain-grosjean,lotus-f1,renault,pirelli,1,30,29.710,29710.0
906,2014,9,20,20,20,77,valtteri-bottas,williams,mercedes,pirelli,1,31,29.104,29104.0
906,2014,9,21,21,21,4,max-chilton,marussia,ferrari,pirelli,3,29,29.737,29737.0
906,2014,9,22,22,22,1,sebastian-vettel,red-bull,renault,pirelli,2,33,28.787,28787.0
906,2014,9,23,23,23,26,daniil-kvyat,toro-rosso,renault,pirelli,2,35,28.575,28575.0
906,2014,9,24,24,24,44,lewis-hamilton,mercedes,mercedes,pirelli,2,41,29.291,29291.0
907,2014,10,1,1,1,20,kevin-magnussen,mclaren,mercedes,pirelli,1,1,25.859,25859.0
907,2014,10,2,2,2,9,marcus-ericsson,caterham,renault,pirelli,1,3,27.495,27495.0
907,2014,10,3,3,3,26,daniil-kvyat,toro-rosso,renault,pirelli,1,9,20.313,20313.0
907,2014,10,4,4,4,14,fernando-alonso,ferrari,ferrari,pirelli,1,12,19.174,19174.0
907,2014,10,5,5,5,22,jenson-button,mclaren,mercedes,pirelli,1,13,22.604,22604.0
907,2014,10,6,6,6,3,daniel-ricciardo,red-bull,renault,pirelli,1,13,19.050,19050.0
907,2014,10,7,7,7,25,jean-eric-vergne,toro-rosso,renault,pirelli,1,13,20.274,20274.0
907,2014,10,8,8,8,1,sebastian-vettel,red-bull,renault,pirelli,1,14,19.607,19607.0
907,2014,10,9,9,9,27,nico-hulkenberg,force-india,mercedes,pirelli,1,14,19.564,19564.0
907,2014,10,10,10,10,11,sergio-perez,force-india,mercedes,pirelli,1,14,21.802,21802.0
907,2014,10,11,11,11,21,esteban-gutierrez,sauber,ferrari,pirelli,1,14,21.002,21002.0
907,2014,10,12,12,12,6,nico-rosberg,mercedes,mercedes,pirelli,1,15,20.055,20055.0
907,2014,10,13,13,13,77,valtteri-bottas,williams,mercedes,pirelli,1,15,20.115,20115.0
907,2014,10,14,14,14,10,kamui-kobayashi,caterham,renault,pirelli,1,15,20.121,20121.0
907,2014,10,15,15,15,99,adrian-sutil,sauber,ferrari,pirelli,1,16,20.031,20031.0
907,2014,10,16,16,16,4,max-chilton,marussia,ferrari,pirelli,1,16,23.883,23883.0
907,2014,10,17,17,17,13,pastor-maldonado,lotus-f1,renault,pirelli,1,18,19.099,19099.0
907,2014,10,18,18,18,9,marcus-ericsson,caterham,renault,pirelli,2,18,19.890,19890.0
907,2014,10,19,19,19,7,kimi-raikkonen,ferrari,ferrari,pirelli,1,20,19.737,19737.0
907,2014,10,20,20,20,17,jules-bianchi,marussia,ferrari,pirelli,1,20,20.031,20031.0
907,2014,10,21,21,21,8,romain-grosjean,lotus-f1,renault,pirelli,1,24,18.928,18928.0
907,2014,10,22,22,22,44,lewis-hamilton,mercedes,mercedes,pirelli,1,26,19.710,19710.0
907,2014,10,23,23,23,20,kevin-magnussen,mclaren,mercedes,pirelli,2,29,19.135,19135.0
907,2014,10,24,24,24,22,jenson-button,mclaren,mercedes,pirelli,2,31,18.916,18916.0
907,2014,10,25,25,25,21,esteban-gutierrez,sauber,ferrari,pirelli,2,31,23.305,23305.0
907,2014,10,26,26,26,99,adrian-sutil,sauber,ferrari,pirelli,2,32,19.638,19638.0
907,2014,10,27,27,27,26,daniil-kvyat,toro-rosso,renault,pirelli,2,32,20.251,20251.0
907,2014,10,28,28,28,10,kamui-kobayashi,caterham,renault,pirelli,2,32,20.092,20092.0
907,2014,10,29,29,29,4,max-chilton,marussia,ferrari,pirelli,2,32,20.920,20920.0
907,2014,10,30,30,30,14,fernando-alonso,ferrari,ferrari,pirelli,2,33,19.032,19032.0
907,2014,10,31,31,31,1,sebastian-vettel,red-bull,renault,pirelli,2,34,19.061,19061.0
907,2014,10,32,32,32,7,kimi-raikkonen,ferrari,ferrari,pirelli,2,34,19.867,19867.0
907,2014,10,33,33,33,11,sergio-perez,force-india,mercedes,pirelli,2,34,19.843,19843.0
907,2014,10,34,34,34,3,daniel-ricciardo,red-bull,renault,pirelli,2,35,19.358,19358.0
907,2014,10,35,35,35,25,jean-eric-vergne,toro-rosso,renault,pirelli,2,37,26.711,26711.0
907,2014,10,36,36,36,13,pastor-maldonado,lotus-f1,renault,pirelli,2,38,19.126,19126.0
907,2014,10,37,37,37,27,nico-hulkenberg,force-india,mercedes,pirelli,2,39,19.514,19514.0
907,2014,10,38,38,38,77,valtteri-bottas,williams,mercedes,pirelli,2,40,20.206,20206.0
907,2014,10,39,39,39,6,nico-rosberg,mercedes,mercedes,pirelli,2,41,20.257,20257.0
907,2014,10,40,40,40,44,lewis-hamilton,mercedes,mercedes,pirelli,2,42,19.918,19918.0
907,2014,10,41,41,41,9,marcus-ericsson,caterham,renault,pirelli,3,41,20.423,20423.0
907,2014,10,42,42,42,1,sebastian-vettel,red-bull,renault,pirelli,3,45,18.879,18879.0
907,2014,10,43,43,43,17,jules-bianchi,marussia,ferrari,pirelli,2,45,20.575,20575.0
907,2014,10,44,44,44,3,daniel-ricciardo,red-bull,renault,pirelli,3,46,18.868,18868.0
907,2014,10,45,45,45,99,adrian-sutil,sauber,ferrari,pirelli,3,47,20.424,20424.0
907,2014,10,46,46,46,4,max-chilton,marussia,ferrari,pirelli,3,47,20.632,20632.0
907,2014,10,47,47,47,10,kamui-kobayashi,caterham,renault,pirelli,3,48,20.358,20358.0
907,2014,10,48,48,48,25,jean-eric-vergne,toro-rosso,renault,pirelli,3,49,20.431,20431.0
907,2014,10,49,49,49,44,lewis-hamilton,mercedes,mercedes,pirelli,3,50,19.868,19868.0
907,2014,10,50,50,50,21,esteban-gutierrez,sauber,ferrari,pirelli,3,50,19.779,19779.0
907,2014,10,51,51,51,11,sergio-perez,force-india,mercedes,pirelli,3,52,19.932,19932.0
907,2014,10,52,52,52,20,kevin-magnussen,mclaren,mercedes,pirelli,3,53,19.427,19427.0
907,2014,10,53,53,53,7,kimi-raikkonen,ferrari,ferrari,pirelli,3,53,19.740,19740.0
907,2014,10,54,54,54,14,fernando-alonso,ferrari,ferrari,pirelli,3,55,19.308,19308.0
907,2014,10,55,55,55,22,jenson-button,mclaren,mercedes,pirelli,3,61,19.221,19221.0
908,2014,11,1,1,1,22,jenson-button,mclaren,mercedes,pirelli,1,8,26.737,26737.0
908,2014,11,2,2,2,3,daniel-ricciardo,red-bull,renault,pirelli,1,8,22.205,22205.0
908,2014,11,3,3,3,27,nico-hulkenberg,force-india,mercedes,pirelli,1,8,24.040,24040.0
908,2014,11,4,4,4,19,felipe-massa,williams,mercedes,pirelli,1,8,22.851,22851.0
908,2014,11,5,5,5,25,jean-eric-vergne,toro-rosso,renault,pirelli,1,8,23.809,23809.0
908,2014,11,6,6,6,11,sergio-perez,force-india,mercedes,pirelli,1,8,25.535,25535.0
908,2014,11,7,7,7,21,esteban-gutierrez,sauber,ferrari,pirelli,1,8,24.050,24050.0
908,2014,11,8,8,8,99,adrian-sutil,sauber,ferrari,pirelli,1,8,31.956,31956.0
908,2014,11,9,9,9,44,lewis-hamilton,mercedes,mercedes,pirelli,1,8,23.800,23800.0
908,2014,11,10,10,10,7,kimi-raikkonen,ferrari,ferrari,pirelli,1,8,23.214,23214.0
908,2014,11,11,11,11,8,romain-grosjean,lotus-f1,renault,pirelli,1,8,23.979,23979.0
908,2014,11,12,12,12,26,daniil-kvyat,toro-rosso,renault,pirelli,1,8,23.423,23423.0
908,2014,11,13,13,13,10,kamui-kobayashi,caterham,renault,pirelli,1,8,34.086,34086.0
908,2014,11,14,14,14,4,max-chilton,marussia,ferrari,pirelli,1,8,24.625,24625.0
908,2014,11,15,15,15,13,pastor-maldonado,lotus-f1,renault,pirelli,1,8,22.376,22376.0
908,2014,11,16,16,16,6,nico-rosberg,mercedes,mercedes,pirelli,1,9,22.827,22827.0
908,2014,11,17,17,17,77,valtteri-bottas,williams,mercedes,pirelli,1,9,25.497,25497.0
908,2014,11,18,18,18,1,sebastian-vettel,red-bull,renault,pirelli,1,9,22.170,22170.0
908,2014,11,19,19,19,14,fernando-alonso,ferrari,ferrari,pirelli,1,9,22.253,22253.0
908,2014,11,20,20,20,17,jules-bianchi,marussia,ferrari,pirelli,1,9,22.892,22892.0
908,2014,11,21,21,21,22,jenson-button,mclaren,mercedes,pirelli,2,15,22.807,22807.0
908,2014,11,22,22,22,20,kevin-magnussen,mclaren,mercedes,pirelli,1,15,23.546,23546.0
908,2014,11,23,23,23,13,pastor-maldonado,lotus-f1,renault,pirelli,2,17,32.608,32608.0
908,2014,11,24,24,24,17,jules-bianchi,marussia,ferrari,pirelli,2,17,25.504,25504.0
908,2014,11,25,25,25,3,daniel-ricciardo,red-bull,renault,pirelli,2,23,23.741,23741.0
908,2014,11,26,26,26,19,felipe-massa,williams,mercedes,pirelli,2,23,22.111,22111.0
908,2014,11,27,27,27,77,valtteri-bottas,williams,mercedes,pirelli,2,23,22.518,22518.0
908,2014,11,28,28,28,26,daniil-kvyat,toro-rosso,renault,pirelli,2,30,22.202,22202.0
908,2014,11,29,29,29,6,nico-rosberg,mercedes,mercedes,pirelli,2,32,23.864,23864.0
908,2014,11,30,30,30,1,sebastian-vettel,red-bull,renault,pirelli,2,33,21.608,21608.0
908,2014,11,31,31,31,25,jean-eric-vergne,toro-rosso,renault,pirelli,2,34,23.123,23123.0
908,2014,11,32,32,32,22,jenson-button,mclaren,mercedes,pirelli,3,37,22.211,22211.0
908,2014,11,33,33,33,14,fernando-alonso,ferrari,ferrari,pirelli,2,38,21.634,21634.0
908,2014,11,34,34,34,44,lewis-hamilton,mercedes,mercedes,pirelli,2,39,23.364,23364.0
908,2014,11,35,35,35,99,adrian-sutil,sauber,ferrari,pirelli,2,39,22.500,22500.0
908,2014,11,36,36,36,20,kevin-magnussen,mclaren,mercedes,pirelli,2,39,21.812,21812.0
908,2014,11,37,37,37,7,kimi-raikkonen,ferrari,ferrari,pirelli,2,41,22.154,22154.0
908,2014,11,38,38,38,17,jules-bianchi,marussia,ferrari,pirelli,3,42,24.226,24226.0
908,2014,11,39,39,39,13,pastor-maldonado,lotus-f1,renault,pirelli,3,43,21.818,21818.0
908,2014,11,40,40,40,19,felipe-massa,williams,mercedes,pirelli,3,45,22.278,22278.0
908,2014,11,41,41,41,4,max-chilton,marussia,ferrari,pirelli,2,45,23.232,23232.0
908,2014,11,42,42,42,3,daniel-ricciardo,red-bull,renault,pirelli,3,54,22.273,22273.0
908,2014,11,43,43,43,6,nico-rosberg,mercedes,mercedes,pirelli,3,56,22.001,22001.0
908,2014,11,44,44,44,77,valtteri-bottas,williams,mercedes,pirelli,3,59,22.589,22589.0
909,2014,12,1,1,1,8,romain-grosjean,lotus-f1,renault,pirelli,1,1,29.256,29256.0
909,2014,12,2,2,2,17,jules-bianchi,marussia,ferrari,pirelli,1,1,25.362,25362.0
909,2014,12,3,3,3,44,lewis-hamilton,mercedes,mercedes,pirelli,1,2,25.580,25580.0
909,2014,12,4,4,4,6,nico-rosberg,mercedes,mercedes,pirelli,1,8,29.997,29997.0
909,2014,12,5,5,5,7,kimi-raikkonen,ferrari,ferrari,pirelli,1,8,22.858,22858.0
909,2014,12,6,6,6,11,sergio-perez,force-india,mercedes,pirelli,1,9,24.104,24104.0
909,2014,12,7,7,7,19,felipe-massa,williams,mercedes,pirelli,1,9,23.945,23945.0
909,2014,12,8,8,8,1,sebastian-vettel,red-bull,renault,pirelli,1,10,22.800,22800.0
909,2014,12,9,9,9,26,daniil-kvyat,toro-rosso,renault,pirelli,1,10,24.082,24082.0
909,2014,12,10,10,10,27,nico-hulkenberg,force-india,mercedes,pirelli,1,10,23.823,23823.0
909,2014,12,11,11,11,3,daniel-ricciardo,red-bull,renault,pirelli,1,11,22.913,22913.0
909,2014,12,12,12,12,20,kevin-magnussen,mclaren,mercedes,pirelli,1,11,23.115,23115.0
909,2014,12,13,13,13,99,adrian-sutil,sauber,ferrari,pirelli,1,11,23.755,23755.0
909,2014,12,14,14,14,9,marcus-ericsson,caterham,renault,pirelli,1,11,24.083,24083.0
909,2014,12,15,15,15,4,max-chilton,marussia,ferrari,pirelli,1,11,23.734,23734.0
909,2014,12,16,16,16,77,valtteri-bottas,williams,mercedes,pirelli,1,12,22.769,22769.0
909,2014,12,17,17,17,14,fernando-alonso,ferrari,ferrari,pirelli,1,12,28.920,28920.0
909,2014,12,18,18,18,22,jenson-button,mclaren,mercedes,pirelli,1,13,22.800,22800.0
909,2014,12,19,19,19,8,romain-grosjean,lotus-f1,renault,pirelli,2,13,22.838,22838.0
909,2014,12,20,20,20,21,esteban-gutierrez,sauber,ferrari,pirelli,1,14,23.259,23259.0
909,2014,12,21,21,21,25,jean-eric-vergne,toro-rosso,renault,pirelli,1,15,23.571,23571.0
909,2014,12,22,22,22,44,lewis-hamilton,mercedes,mercedes,pirelli,2,17,23.066,23066.0
909,2014,12,23,23,23,6,nico-rosberg,mercedes,mercedes,pirelli,2,19,22.936,22936.0
909,2014,12,24,24,24,7,kimi-raikkonen,ferrari,ferrari,pirelli,2,21,22.819,22819.0
909,2014,12,25,25,25,19,felipe-massa,williams,mercedes,pirelli,2,21,24.083,24083.0
909,2014,12,26,26,26,99,adrian-sutil,sauber,ferrari,pirelli,2,21,23.779,23779.0
909,2014,12,27,27,27,1,sebastian-vettel,red-bull,renault,pirelli,2,22,22.731,22731.0
909,2014,12,28,28,28,11,sergio-perez,force-india,mercedes,pirelli,2,22,22.977,22977.0
909,2014,12,29,29,29,20,kevin-magnussen,mclaren,mercedes,pirelli,2,23,22.414,22414.0
909,2014,12,30,30,30,17,jules-bianchi,marussia,ferrari,pirelli,2,23,23.918,23918.0
909,2014,12,31,31,31,26,daniil-kvyat,toro-rosso,renault,pirelli,2,24,24.436,24436.0
909,2014,12,32,32,32,9,marcus-ericsson,caterham,renault,pirelli,2,24,24.213,24213.0
909,2014,12,33,33,33,14,fernando-alonso,ferrari,ferrari,pirelli,2,25,22.974,22974.0
909,2014,12,34,34,34,3,daniel-ricciardo,red-bull,renault,pirelli,2,27,22.675,22675.0
909,2014,12,35,35,35,8,romain-grosjean,lotus-f1,renault,pirelli,3,27,24.569,24569.0
909,2014,12,36,36,36,77,valtteri-bottas,williams,mercedes,pirelli,2,28,23.176,23176.0
909,2014,12,37,37,37,22,jenson-button,mclaren,mercedes,pirelli,2,29,22.588,22588.0
909,2014,12,38,38,38,25,jean-eric-vergne,toro-rosso,renault,pirelli,2,29,23.202,23202.0
909,2014,12,39,39,39,4,max-chilton,marussia,ferrari,pirelli,2,29,24.873,24873.0
909,2014,12,40,40,40,27,nico-hulkenberg,force-india,mercedes,pirelli,2,30,23.841,23841.0
909,2014,12,41,41,41,21,esteban-gutierrez,sauber,ferrari,pirelli,2,30,22.898,22898.0
909,2014,12,42,42,42,44,lewis-hamilton,mercedes,mercedes,pirelli,3,31,24.757,24757.0
909,2014,12,43,43,43,6,nico-rosberg,mercedes,mercedes,pirelli,3,34,23.392,23392.0
909,2014,12,44,44,44,1,sebastian-vettel,red-bull,renault,pirelli,3,34,23.190,23190.0
909,2014,12,45,45,45,99,adrian-sutil,sauber,ferrari,pirelli,3,34,23.732,23732.0
909,2014,12,46,46,46,19,felipe-massa,williams,mercedes,pirelli,3,35,23.224,23224.0
910,2014,13,1,1,1,21,esteban-gutierrez,sauber,ferrari,pirelli,1,9,26.376,26376.0
910,2014,13,2,2,2,1,sebastian-vettel,red-bull,renault,pirelli,1,18,25.176,25176.0
910,2014,13,3,3,3,11,sergio-perez,force-india,mercedes,pirelli,1,19,24.938,24938.0
910,2014,13,4,4,4,27,nico-hulkenberg,force-india,mercedes,pirelli,1,19,25.547,25547.0
910,2014,13,5,5,5,7,kimi-raikkonen,ferrari,ferrari,pirelli,1,20,24.547,24547.0
910,2014,13,6,6,6,8,romain-grosjean,lotus-f1,renault,pirelli,1,20,25.098,25098.0
910,2014,13,7,7,7,20,kevin-magnussen,mclaren,mercedes,pirelli,1,21,24.214,24214.0
910,2014,13,8,8,8,14,fernando-alonso,ferrari,ferrari,pirelli,1,21,24.913,24913.0
910,2014,13,9,9,9,13,pastor-maldonado,lotus-f1,renault,pirelli,1,21,24.223,24223.0
910,2014,13,10,10,10,22,jenson-button,mclaren,mercedes,pirelli,1,22,24.669,24669.0
910,2014,13,11,11,11,10,kamui-kobayashi,caterham,renault,pirelli,1,22,25.277,25277.0
910,2014,13,12,12,12,19,felipe-massa,williams,mercedes,pirelli,1,23,24.323,24323.0
910,2014,13,13,13,13,6,nico-rosberg,mercedes,mercedes,pirelli,1,24,24.583,24583.0
910,2014,13,14,14,14,77,valtteri-bottas,williams,mercedes,pirelli,1,24,24.991,24991.0
910,2014,13,15,15,15,25,jean-eric-vergne,toro-rosso,renault,pirelli,1,24,25.046,25046.0
910,2014,13,16,16,16,99,adrian-sutil,sauber,ferrari,pirelli,1,24,26.864,26864.0
910,2014,13,17,17,17,44,lewis-hamilton,mercedes,mercedes,pirelli,1,25,24.453,24453.0
910,2014,13,18,18,18,3,daniel-ricciardo,red-bull,renault,pirelli,1,26,24.388,24388.0
910,2014,13,19,19,19,17,jules-bianchi,marussia,ferrari,pirelli,1,27,26.641,26641.0
910,2014,13,20,20,20,26,daniil-kvyat,toro-rosso,renault,pirelli,1,30,24.651,24651.0
910,2014,13,21,21,21,9,marcus-ericsson,caterham,renault,pirelli,1,30,28.685,28685.0
910,2014,13,22,22,22,21,esteban-gutierrez,sauber,ferrari,pirelli,2,36,25.693,25693.0
910,2014,13,23,23,23,21,esteban-gutierrez,sauber,ferrari,pirelli,3,49,26.849,26849.0
911,2014,14,1,1,1,99,adrian-sutil,sauber,ferrari,pirelli,1,8,29.887,29887.0
911,2014,14,2,2,2,27,nico-hulkenberg,force-india,mercedes,pirelli,1,9,29.987,29987.0
911,2014,14,3,3,3,19,felipe-massa,williams,mercedes,pirelli,1,10,29.578,29578.0
911,2014,14,4,4,4,26,daniil-kvyat,toro-rosso,renault,pirelli,1,10,30.089,30089.0
911,2014,14,5,5,5,8,romain-grosjean,lotus-f1,renault,pirelli,1,10,29.322,29322.0
911,2014,14,6,6,6,7,kimi-raikkonen,ferrari,ferrari,pirelli,1,11,29.702,29702.0
911,2014,14,7,7,7,77,valtteri-bottas,williams,mercedes,pirelli,1,11,30.340,30340.0
911,2014,14,8,8,8,25,jean-eric-vergne,toro-rosso,renault,pirelli,1,11,29.806,29806.0
911,2014,14,9,9,9,13,pastor-maldonado,lotus-f1,renault,pirelli,1,11,29.960,29960.0
911,2014,14,10,10,10,1,sebastian-vettel,red-bull,renault,pirelli,1,12,30.147,30147.0
911,2014,14,11,11,11,14,fernando-alonso,ferrari,ferrari,pirelli,1,12,28.912,28912.0
911,2014,14,12,12,12,3,daniel-ricciardo,red-bull,renault,pirelli,1,12,29.761,29761.0
911,2014,14,13,13,13,9,marcus-ericsson,caterham,renault,pirelli,1,12,30.144,30144.0
911,2014,14,14,14,14,44,lewis-hamilton,mercedes,mercedes,pirelli,1,13,29.422,29422.0
911,2014,14,15,15,15,20,kevin-magnussen,mclaren,mercedes,pirelli,1,13,28.684,28684.0
911,2014,14,16,16,16,22,jenson-button,mclaren,mercedes,pirelli,1,14,28.641,28641.0
911,2014,14,17,17,17,11,sergio-perez,force-india,mercedes,pirelli,1,15,29.979,29979.0
911,2014,14,18,18,18,21,esteban-gutierrez,sauber,ferrari,pirelli,1,15,33.679,33679.0
911,2014,14,19,19,19,17,jules-bianchi,marussia,ferrari,pirelli,1,15,30.413,30413.0
911,2014,14,20,20,20,4,max-chilton,marussia,ferrari,pirelli,1,16,30.751,30751.0
911,2014,14,21,21,21,4,max-chilton,marussia,ferrari,pirelli,2,18,37.975,37975.0
911,2014,14,22,22,22,19,felipe-massa,williams,mercedes,pirelli,2,22,29.006,29006.0
911,2014,14,23,23,23,8,romain-grosjean,lotus-f1,renault,pirelli,2,22,29.040,29040.0
911,2014,14,24,24,24,77,valtteri-bottas,williams,mercedes,pirelli,2,23,28.880,28880.0
911,2014,14,25,25,25,26,daniil-kvyat,toro-rosso,renault,pirelli,2,23,30.188,30188.0
911,2014,14,26,26,26,13,pastor-maldonado,lotus-f1,renault,pirelli,2,23,29.036,29036.0
911,2014,14,27,27,27,14,fernando-alonso,ferrari,ferrari,pirelli,2,24,28.810,28810.0
911,2014,14,28,28,28,25,jean-eric-vergne,toro-rosso,renault,pirelli,2,24,35.309,35309.0
911,2014,14,29,29,29,99,adrian-sutil,sauber,ferrari,pirelli,2,24,29.748,29748.0
911,2014,14,30,30,30,1,sebastian-vettel,red-bull,renault,pirelli,2,25,28.733,28733.0
911,2014,14,31,31,31,7,kimi-raikkonen,ferrari,ferrari,pirelli,2,25,29.164,29164.0
911,2014,14,32,32,32,27,nico-hulkenberg,force-india,mercedes,pirelli,2,25,29.362,29362.0
911,2014,14,33,33,33,44,lewis-hamilton,mercedes,mercedes,pirelli,2,26,31.040,31040.0
911,2014,14,34,34,34,20,kevin-magnussen,mclaren,mercedes,pirelli,2,26,28.841,28841.0
911,2014,14,35,35,35,3,daniel-ricciardo,red-bull,renault,pirelli,2,27,29.113,29113.0
911,2014,14,36,36,36,11,sergio-perez,force-india,mercedes,pirelli,2,29,29.502,29502.0
911,2014,14,37,37,37,8,romain-grosjean,lotus-f1,renault,pirelli,3,30,29.761,29761.0
911,2014,14,38,38,38,13,pastor-maldonado,lotus-f1,renault,pirelli,3,30,29.363,29363.0
911,2014,14,39,39,39,11,sergio-perez,force-india,mercedes,pirelli,3,30,35.289,35289.0
911,2014,14,40,40,40,17,jules-bianchi,marussia,ferrari,pirelli,2,30,29.885,29885.0
911,2014,14,41,41,41,14,fernando-alonso,ferrari,ferrari,pirelli,3,31,28.991,28991.0
911,2014,14,42,42,42,9,marcus-ericsson,caterham,renault,pirelli,2,30,30.364,30364.0
911,2014,14,43,43,43,22,jenson-button,mclaren,mercedes,pirelli,2,31,28.627,28627.0
911,2014,14,44,44,44,7,kimi-raikkonen,ferrari,ferrari,pirelli,3,31,30.194,30194.0
911,2014,14,45,45,45,27,nico-hulkenberg,force-india,mercedes,pirelli,3,31,30.415,30415.0
911,2014,14,46,46,46,99,adrian-sutil,sauber,ferrari,pirelli,3,31,30.672,30672.0
911,2014,14,47,47,47,13,pastor-maldonado,lotus-f1,renault,pirelli,4,31,29.655,29655.0
911,2014,14,48,48,48,4,max-chilton,marussia,ferrari,pirelli,3,41,29.877,29877.0
911,2014,14,49,49,49,26,daniil-kvyat,toro-rosso,renault,pirelli,3,43,31.092,31092.0
911,2014,14,50,50,50,25,jean-eric-vergne,toro-rosso,renault,pirelli,3,44,30.111,30111.0
911,2014,14,51,51,51,11,sergio-perez,force-india,mercedes,pirelli,4,44,29.339,29339.0
911,2014,14,52,52,52,17,jules-bianchi,marussia,ferrari,pirelli,3,45,29.752,29752.0
911,2014,14,53,53,53,20,kevin-magnussen,mclaren,mercedes,pirelli,3,46,28.706,28706.0
911,2014,14,54,54,54,44,lewis-hamilton,mercedes,mercedes,pirelli,3,52,29.284,29284.0
912,2014,15,1,1,1,6,nico-rosberg,mercedes,mercedes,pirelli,1,2,18:56.516,1136516.0
912,2014,15,2,2,2,44,lewis-hamilton,mercedes,mercedes,pirelli,1,2,18:57.295,1137295.0
912,2014,15,3,3,3,77,valtteri-bottas,williams,mercedes,pirelli,1,2,18:56.994,1136994.0
912,2014,15,4,4,4,19,felipe-massa,williams,mercedes,pirelli,1,2,18:56.594,1136594.0
912,2014,15,5,5,5,14,fernando-alonso,ferrari,ferrari,pirelli,1,2,18:57.051,1137051.0
912,2014,15,6,6,6,3,daniel-ricciardo,red-bull,renault,pirelli,1,2,18:55.520,1135520.0
912,2014,15,7,7,7,20,kevin-magnussen,mclaren,mercedes,pirelli,1,2,18:55.891,1135891.0
912,2014,15,8,8,8,22,jenson-button,mclaren,mercedes,pirelli,1,2,18:56.054,1136054.0
912,2014,15,9,9,9,1,sebastian-vettel,red-bull,renault,pirelli,1,2,18:54.978,1134978.0
912,2014,15,10,10,10,7,kimi-raikkonen,ferrari,ferrari,pirelli,1,2,18:55.276,1135276.0
912,2014,15,11,11,11,11,sergio-perez,force-india,mercedes,pirelli,1,2,18:55.712,1135712.0
912,2014,15,12,12,12,26,daniil-kvyat,toro-rosso,renault,pirelli,1,2,18:54.529,1134529.0
912,2014,15,13,13,13,27,nico-hulkenberg,force-india,mercedes,pirelli,1,2,18:56.562,1136562.0
912,2014,15,14,14,14,99,adrian-sutil,sauber,ferrari,pirelli,1,2,18:55.797,1135797.0
912,2014,15,15,15,15,21,esteban-gutierrez,sauber,ferrari,pirelli,1,2,18:54.553,1134553.0
912,2014,15,16,16,16,8,romain-grosjean,lotus-f1,renault,pirelli,1,2,18:53.680,1133680.0
912,2014,15,17,17,17,17,jules-bianchi,marussia,ferrari,pirelli,1,2,18:53.708,1133708.0
912,2014,15,18,18,18,10,kamui-kobayashi,caterham,renault,pirelli,1,2,18:53.381,1133381.0
912,2014,15,19,19,19,25,jean-eric-vergne,toro-rosso,renault,pirelli,1,2,18:56.557,1136557.0
912,2014,15,20,20,20,4,max-chilton,marussia,ferrari,pirelli,1,2,18:55.937,1135937.0
912,2014,15,21,21,21,13,pastor-maldonado,lotus-f1,renault,pirelli,1,2,18:47.145,1127145.0
912,2014,15,22,22,22,9,marcus-ericsson,caterham,renault,pirelli,1,2,18:33.851,1113851.0
912,2014,15,23,23,23,22,jenson-button,mclaren,mercedes,pirelli,2,9,24.532,24532.0
912,2014,15,24,24,24,13,pastor-maldonado,lotus-f1,renault,pirelli,2,9,25.460,25460.0
912,2014,15,25,25,25,77,valtteri-bottas,williams,mercedes,pirelli,2,11,24.465,24465.0
912,2014,15,26,26,26,3,daniel-ricciardo,red-bull,renault,pirelli,2,11,24.184,24184.0
912,2014,15,27,27,27,20,kevin-magnussen,mclaren,mercedes,pirelli,2,11,24.550,24550.0
912,2014,15,28,28,28,7,kimi-raikkonen,ferrari,ferrari,pirelli,2,11,25.191,25191.0
912,2014,15,29,29,29,11,sergio-perez,force-india,mercedes,pirelli,2,11,24.971,24971.0
912,2014,15,30,30,30,26,daniil-kvyat,toro-rosso,renault,pirelli,2,11,24.567,24567.0
912,2014,15,31,31,31,21,esteban-gutierrez,sauber,ferrari,pirelli,2,11,24.873,24873.0
912,2014,15,32,32,32,8,romain-grosjean,lotus-f1,renault,pirelli,2,11,24.011,24011.0
912,2014,15,33,33,33,10,kamui-kobayashi,caterham,renault,pirelli,2,11,28.656,28656.0
912,2014,15,34,34,34,25,jean-eric-vergne,toro-rosso,renault,pirelli,2,11,25.451,25451.0
912,2014,15,35,35,35,9,marcus-ericsson,caterham,renault,pirelli,2,11,31.187,31187.0
912,2014,15,36,36,36,4,max-chilton,marussia,ferrari,pirelli,2,11,25.879,25879.0
912,2014,15,37,37,37,19,felipe-massa,williams,mercedes,pirelli,2,12,24.374,24374.0
912,2014,15,38,38,38,1,sebastian-vettel,red-bull,renault,pirelli,2,12,23.764,23764.0
912,2014,15,39,39,39,27,nico-hulkenberg,force-india,mercedes,pirelli,2,12,24.696,24696.0
912,2014,15,40,40,40,99,adrian-sutil,sauber,ferrari,pirelli,2,12,25.136,25136.0
912,2014,15,41,41,41,6,nico-rosberg,mercedes,mercedes,pirelli,2,13,23.696,23696.0
912,2014,15,42,42,42,17,jules-bianchi,marussia,ferrari,pirelli,2,13,25.116,25116.0
912,2014,15,43,43,43,44,lewis-hamilton,mercedes,mercedes,pirelli,2,14,23.891,23891.0
912,2014,15,44,44,44,20,kevin-magnussen,mclaren,mercedes,pirelli,3,15,33.215,33215.0
912,2014,15,45,45,45,25,jean-eric-vergne,toro-rosso,renault,pirelli,3,19,24.353,24353.0
912,2014,15,46,46,46,8,romain-grosjean,lotus-f1,renault,pirelli,3,21,23.656,23656.0
912,2014,15,47,47,47,99,adrian-sutil,sauber,ferrari,pirelli,3,22,24.407,24407.0
912,2014,15,48,48,48,13,pastor-maldonado,lotus-f1,renault,pirelli,3,22,24.184,24184.0
912,2014,15,49,49,49,7,kimi-raikkonen,ferrari,ferrari,pirelli,3,23,32.466,32466.0
912,2014,15,50,50,50,26,daniil-kvyat,toro-rosso,renault,pirelli,3,23,24.222,24222.0
912,2014,15,51,51,51,4,max-chilton,marussia,ferrari,pirelli,3,23,25.278,25278.0
912,2014,15,52,52,52,17,jules-bianchi,marussia,ferrari,pirelli,3,24,24.910,24910.0
912,2014,15,53,53,53,11,sergio-perez,force-india,mercedes,pirelli,3,25,24.622,24622.0
912,2014,15,54,54,54,9,marcus-ericsson,caterham,renault,pirelli,3,25,25.977,25977.0
912,2014,15,55,55,55,27,nico-hulkenberg,force-india,mercedes,pirelli,3,26,23.873,23873.0
912,2014,15,56,56,56,10,kamui-kobayashi,caterham,renault,pirelli,3,26,25.635,25635.0
912,2014,15,57,57,57,1,sebastian-vettel,red-bull,renault,pirelli,3,29,23.443,23443.0
912,2014,15,58,58,58,22,jenson-button,mclaren,mercedes,pirelli,3,31,28.547,28547.0
912,2014,15,59,59,59,99,adrian-sutil,sauber,ferrari,pirelli,4,32,24.314,24314.0
912,2014,15,60,60,60,6,nico-rosberg,mercedes,mercedes,pirelli,3,33,24.862,24862.0
912,2014,15,61,61,61,20,kevin-magnussen,mclaren,mercedes,pirelli,4,33,23.701,23701.0
912,2014,15,62,62,62,21,esteban-gutierrez,sauber,ferrari,pirelli,3,34,26.943,26943.0
912,2014,15,63,63,63,7,kimi-raikkonen,ferrari,ferrari,pirelli,4,34,24.173,24173.0
912,2014,15,64,64,64,8,romain-grosjean,lotus-f1,renault,pirelli,4,34,23.745,23745.0
912,2014,15,65,65,65,44,lewis-hamilton,mercedes,mercedes,pirelli,3,35,23.677,23677.0
912,2014,15,66,66,66,3,daniel-ricciardo,red-bull,renault,pirelli,3,36,25.607,25607.0
912,2014,15,67,67,67,19,felipe-massa,williams,mercedes,pirelli,3,37,24.930,24930.0
912,2014,15,68,68,68,77,valtteri-bottas,williams,mercedes,pirelli,3,38,25.052,25052.0
912,2014,15,69,69,69,10,kamui-kobayashi,caterham,renault,pirelli,4,38,25.576,25576.0
912,2014,15,70,70,70,26,daniil-kvyat,toro-rosso,renault,pirelli,4,39,26.554,26554.0
912,2014,15,71,71,71,9,marcus-ericsson,caterham,renault,pirelli,4,39,25.655,25655.0
912,2014,15,72,72,72,10,kamui-kobayashi,caterham,renault,pirelli,5,39,24.907,24907.0
912,2014,15,73,73,73,13,pastor-maldonado,lotus-f1,renault,pirelli,4,40,25.981,25981.0
912,2014,15,74,74,74,20,kevin-magnussen,mclaren,mercedes,pirelli,5,40,24.361,24361.0
912,2014,15,75,75,75,22,jenson-button,mclaren,mercedes,pirelli,4,42,24.757,24757.0
912,2014,15,76,76,76,27,nico-hulkenberg,force-india,mercedes,pirelli,4,43,24.792,24792.0
912,2014,15,77,77,77,11,sergio-perez,force-india,mercedes,pirelli,4,43,25.313,25313.0
912,2014,15,78,78,78,7,kimi-raikkonen,ferrari,ferrari,pirelli,5,43,24.768,24768.0
912,2014,15,79,79,79,8,romain-grosjean,lotus-f1,renault,pirelli,5,43,23.785,23785.0
913,2014,16,1,1,1,6,nico-rosberg,mercedes,mercedes,pirelli,1,1,33.820,33820.0
913,2014,16,2,2,2,19,felipe-massa,williams,mercedes,pirelli,1,1,29.912,29912.0
913,2014,16,3,3,3,4,max-chilton,marussia,ferrari,pirelli,1,4,31.374,31374.0
913,2014,16,4,4,4,3,daniel-ricciardo,red-bull,renault,pirelli,1,11,30.006,30006.0
913,2014,16,5,5,5,99,adrian-sutil,sauber,ferrari,pirelli,1,12,30.733,30733.0
913,2014,16,6,6,6,26,daniil-kvyat,toro-rosso,renault,pirelli,1,20,31.584,31584.0
913,2014,16,7,7,7,8,romain-grosjean,lotus-f1,renault,pirelli,1,20,30.037,30037.0
913,2014,16,8,8,8,13,pastor-maldonado,lotus-f1,renault,pirelli,1,21,30.180,30180.0
913,2014,16,9,9,9,22,jenson-button,mclaren,mercedes,pirelli,1,22,29.994,29994.0
913,2014,16,10,10,10,25,jean-eric-vergne,toro-rosso,renault,pirelli,1,23,30.272,30272.0
913,2014,16,11,11,11,27,nico-hulkenberg,force-india,mercedes,pirelli,1,24,30.096,30096.0
913,2014,16,12,12,12,14,fernando-alonso,ferrari,ferrari,pirelli,1,25,35.112,35112.0
913,2014,16,13,13,13,11,sergio-perez,force-india,mercedes,pirelli,1,25,29.876,29876.0
913,2014,16,14,14,14,77,valtteri-bottas,williams,mercedes,pirelli,1,26,30.363,30363.0
913,2014,16,15,15,15,20,kevin-magnussen,mclaren,mercedes,pirelli,1,26,29.736,29736.0
913,2014,16,16,16,16,7,kimi-raikkonen,ferrari,ferrari,pirelli,1,26,30.097,30097.0
913,2014,16,17,17,17,44,lewis-hamilton,mercedes,mercedes,pirelli,1,27,30.503,30503.0
913,2014,16,18,18,18,19,felipe-massa,williams,mercedes,pirelli,2,27,30.278,30278.0
913,2014,16,19,19,19,9,marcus-ericsson,caterham,renault,pirelli,1,27,31.020,31020.0
913,2014,16,20,20,20,1,sebastian-vettel,red-bull,renault,pirelli,1,30,30.355,30355.0
913,2014,16,21,21,21,26,daniil-kvyat,toro-rosso,renault,pirelli,2,37,30.321,30321.0
913,2014,16,22,22,22,21,esteban-gutierrez,sauber,ferrari,pirelli,1,39,30.303,30303.0
913,2014,16,23,23,23,9,marcus-ericsson,caterham,renault,pirelli,2,43,30.760,30760.0
914,2014,17,1,1,1,20,kevin-magnussen,mclaren,mercedes,pirelli,1,1,26.881,26881.0
914,2014,17,2,2,2,27,nico-hulkenberg,force-india,mercedes,pirelli,1,1,33.427,33427.0
914,2014,17,3,3,3,22,jenson-button,mclaren,mercedes,pirelli,1,1,26.806,26806.0
914,2014,17,4,4,4,21,esteban-gutierrez,sauber,ferrari,pirelli,1,1,25.007,25007.0
914,2014,17,5,5,5,1,sebastian-vettel,red-bull,renault,pirelli,1,1,24.226,24226.0
914,2014,17,6,6,6,1,sebastian-vettel,red-bull,renault,pirelli,2,2,23.909,23909.0
914,2014,17,7,7,7,19,felipe-massa,williams,mercedes,pirelli,1,14,24.488,24488.0
914,2014,17,8,8,8,3,daniel-ricciardo,red-bull,renault,pirelli,1,14,24.040,24040.0
914,2014,17,9,9,9,6,nico-rosberg,mercedes,mercedes,pirelli,1,15,24.433,24433.0
914,2014,17,10,10,10,77,valtteri-bottas,williams,mercedes,pirelli,1,15,24.151,24151.0
914,2014,17,11,11,11,13,pastor-maldonado,lotus-f1,renault,pirelli,1,15,29.734,29734.0
914,2014,17,12,12,12,25,jean-eric-vergne,toro-rosso,renault,pirelli,1,15,30.158,30158.0
914,2014,17,13,13,13,44,lewis-hamilton,mercedes,mercedes,pirelli,1,16,24.368,24368.0
914,2014,17,14,14,14,14,fernando-alonso,ferrari,ferrari,pirelli,1,16,24.601,24601.0
914,2014,17,15,15,15,8,romain-grosjean,lotus-f1,renault,pirelli,1,16,24.688,24688.0
914,2014,17,16,16,16,7,kimi-raikkonen,ferrari,ferrari,pirelli,1,17,24.131,24131.0
914,2014,17,17,17,17,21,esteban-gutierrez,sauber,ferrari,pirelli,2,20,31.198,31198.0
914,2014,17,18,18,18,26,daniil-kvyat,toro-rosso,renault,pirelli,1,21,24.995,24995.0
914,2014,17,19,19,19,1,sebastian-vettel,red-bull,renault,pirelli,3,26,23.799,23799.0
914,2014,17,20,20,20,20,kevin-magnussen,mclaren,mercedes,pirelli,2,27,24.497,24497.0
914,2014,17,21,21,21,22,jenson-button,mclaren,mercedes,pirelli,2,28,23.546,23546.0
914,2014,17,22,22,22,8,romain-grosjean,lotus-f1,renault,pirelli,2,29,23.802,23802.0
914,2014,17,23,23,23,25,jean-eric-vergne,toro-rosso,renault,pirelli,2,29,24.553,24553.0
914,2014,17,24,24,24,77,valtteri-bottas,williams,mercedes,pirelli,2,30,24.283,24283.0
914,2014,17,25,25,25,3,daniel-ricciardo,red-bull,renault,pirelli,2,31,24.356,24356.0
914,2014,17,26,26,26,19,felipe-massa,williams,mercedes,pirelli,2,32,25.456,25456.0
914,2014,17,27,27,27,44,lewis-hamilton,mercedes,mercedes,pirelli,2,33,24.244,24244.0
914,2014,17,28,28,28,6,nico-rosberg,mercedes,mercedes,pirelli,2,34,24.513,24513.0
914,2014,17,29,29,29,13,pastor-maldonado,lotus-f1,renault,pirelli,2,35,24.468,24468.0
914,2014,17,30,30,30,21,esteban-gutierrez,sauber,ferrari,pirelli,3,40,24.726,24726.0
914,2014,17,31,31,31,26,daniil-kvyat,toro-rosso,renault,pirelli,2,41,24.189,24189.0
914,2014,17,32,32,32,7,kimi-raikkonen,ferrari,ferrari,pirelli,2,42,23.872,23872.0
914,2014,17,33,33,33,14,fernando-alonso,ferrari,ferrari,pirelli,2,43,24.133,24133.0
914,2014,17,34,34,34,1,sebastian-vettel,red-bull,renault,pirelli,4,48,23.948,23948.0
914,2014,17,35,35,35,26,daniil-kvyat,toro-rosso,renault,pirelli,3,51,26.541,26541.0
914,2014,17,36,36,36,7,kimi-raikkonen,ferrari,ferrari,pirelli,3,52,24.226,24226.0
915,2014,18,1,1,1,13,pastor-maldonado,lotus-f1,renault,pirelli,1,4,23.753,23753.0
915,2014,18,2,2,2,19,felipe-massa,williams,mercedes,pirelli,1,5,23.220,23220.0
915,2014,18,3,3,3,11,sergio-perez,force-india,mercedes,pirelli,1,5,23.467,23467.0
915,2014,18,4,4,4,22,jenson-button,mclaren,mercedes,pirelli,1,6,23.018,23018.0
915,2014,18,5,5,5,77,valtteri-bottas,williams,mercedes,pirelli,1,6,23.294,23294.0
915,2014,18,6,6,6,1,sebastian-vettel,red-bull,renault,pirelli,1,6,23.808,23808.0
915,2014,18,7,7,7,6,nico-rosberg,mercedes,mercedes,pirelli,1,7,23.730,23730.0
915,2014,18,8,8,8,20,kevin-magnussen,mclaren,mercedes,pirelli,1,7,23.061,23061.0
915,2014,18,9,9,9,14,fernando-alonso,ferrari,ferrari,pirelli,1,7,23.278,23278.0
915,2014,18,10,10,10,3,daniel-ricciardo,red-bull,renault,pirelli,1,7,23.141,23141.0
915,2014,18,11,11,11,44,lewis-hamilton,mercedes,mercedes,pirelli,1,8,23.351,23351.0
915,2014,18,12,12,12,21,esteban-gutierrez,sauber,ferrari,pirelli,1,8,23.661,23661.0
915,2014,18,13,13,13,7,kimi-raikkonen,ferrari,ferrari,pirelli,1,8,23.427,23427.0
915,2014,18,14,14,14,25,jean-eric-vergne,toro-rosso,renault,pirelli,1,9,23.782,23782.0
915,2014,18,15,15,15,27,nico-hulkenberg,force-india,mercedes,pirelli,1,16,23.554,23554.0
915,2014,18,16,16,16,26,daniil-kvyat,toro-rosso,renault,pirelli,1,18,25.001,25001.0
915,2014,18,17,17,17,99,adrian-sutil,sauber,ferrari,pirelli,1,18,29.465,29465.0
915,2014,18,18,18,18,1,sebastian-vettel,red-bull,renault,pirelli,2,24,23.195,23195.0
915,2014,18,19,19,19,8,romain-grosjean,lotus-f1,renault,pirelli,1,24,25.591,25591.0
915,2014,18,20,20,20,19,felipe-massa,williams,mercedes,pirelli,2,25,30.084,30084.0
915,2014,18,21,21,21,11,sergio-perez,force-india,mercedes,pirelli,2,25,22.997,22997.0
915,2014,18,22,22,22,6,nico-rosberg,mercedes,mercedes,pirelli,2,26,23.346,23346.0
915,2014,18,23,23,23,77,valtteri-bottas,williams,mercedes,pirelli,2,26,35.284,35284.0
915,2014,18,24,24,24,20,kevin-magnussen,mclaren,mercedes,pirelli,2,26,24.190,24190.0
915,2014,18,25,25,25,22,jenson-button,mclaren,mercedes,pirelli,2,27,22.620,22620.0
915,2014,18,26,26,26,3,daniel-ricciardo,red-bull,renault,pirelli,2,27,22.871,22871.0
915,2014,18,27,27,27,21,esteban-gutierrez,sauber,ferrari,pirelli,2,27,24.267,24267.0
915,2014,18,28,28,28,25,jean-eric-vergne,toro-rosso,renault,pirelli,2,27,24.408,24408.0
915,2014,18,29,29,29,13,pastor-maldonado,lotus-f1,renault,pirelli,2,27,22.865,22865.0
915,2014,18,30,30,30,44,lewis-hamilton,mercedes,mercedes,pirelli,2,28,24.224,24224.0
915,2014,18,31,31,31,14,fernando-alonso,ferrari,ferrari,pirelli,2,28,23.134,23134.0
915,2014,18,32,32,32,7,kimi-raikkonen,ferrari,ferrari,pirelli,2,35,27.934,27934.0
915,2014,18,33,33,33,27,nico-hulkenberg,force-india,mercedes,pirelli,2,36,23.323,23323.0
915,2014,18,34,34,34,26,daniil-kvyat,toro-rosso,renault,pirelli,2,38,24.385,24385.0
915,2014,18,35,35,35,99,adrian-sutil,sauber,ferrari,pirelli,2,39,24.302,24302.0
915,2014,18,36,36,36,8,romain-grosjean,lotus-f1,renault,pirelli,2,40,23.023,23023.0
915,2014,18,37,37,37,77,valtteri-bottas,williams,mercedes,pirelli,3,42,26.463,26463.0
915,2014,18,38,38,38,13,pastor-maldonado,lotus-f1,renault,pirelli,3,45,23.090,23090.0
915,2014,18,39,39,39,25,jean-eric-vergne,toro-rosso,renault,pirelli,3,46,24.002,24002.0
915,2014,18,40,40,40,20,kevin-magnussen,mclaren,mercedes,pirelli,3,47,24.131,24131.0
915,2014,18,41,41,41,11,sergio-perez,force-india,mercedes,pirelli,3,47,30.067,30067.0
915,2014,18,42,42,42,1,sebastian-vettel,red-bull,renault,pirelli,3,48,22.746,22746.0
915,2014,18,43,43,43,21,esteban-gutierrez,sauber,ferrari,pirelli,3,48,23.418,23418.0
915,2014,18,44,44,44,6,nico-rosberg,mercedes,mercedes,pirelli,3,50,23.240,23240.0
915,2014,18,45,45,45,99,adrian-sutil,sauber,ferrari,pirelli,3,49,24.853,24853.0
915,2014,18,46,46,46,19,felipe-massa,williams,mercedes,pirelli,3,50,26.918,26918.0
915,2014,18,47,47,47,22,jenson-button,mclaren,mercedes,pirelli,3,50,23.383,23383.0
915,2014,18,48,48,48,44,lewis-hamilton,mercedes,mercedes,pirelli,3,51,22.874,22874.0
915,2014,18,49,49,49,14,fernando-alonso,ferrari,ferrari,pirelli,3,52,23.077,23077.0
915,2014,18,50,50,50,26,daniil-kvyat,toro-rosso,renault,pirelli,3,59,24.726,24726.0
915,2014,18,51,51,51,8,romain-grosjean,lotus-f1,renault,pirelli,3,59,23.197,23197.0
915,2014,18,52,52,52,27,nico-hulkenberg,force-india,mercedes,pirelli,3,60,23.411,23411.0
916,2014,19,1,1,1,8,romain-grosjean,lotus-f1,renault,pirelli,1,1,16.120,16120.0
916,2014,19,2,2,2,14,fernando-alonso,ferrari,ferrari,pirelli,1,5,21.619,21619.0
916,2014,19,3,3,3,99,adrian-sutil,sauber,ferrari,pirelli,1,5,22.491,22491.0
916,2014,19,4,4,4,22,jenson-button,mclaren,mercedes,pirelli,1,6,22.627,22627.0
916,2014,19,5,5,5,26,daniil-kvyat,toro-rosso,renault,pirelli,1,6,24.169,24169.0
916,2014,19,6,6,6,7,kimi-raikkonen,ferrari,ferrari,pirelli,1,6,21.546,21546.0
916,2014,19,7,7,7,21,esteban-gutierrez,sauber,ferrari,pirelli,1,7,23.128,23128.0
916,2014,19,8,8,8,13,pastor-maldonado,lotus-f1,renault,pirelli,1,7,21.998,21998.0
916,2014,19,9,9,9,8,romain-grosjean,lotus-f1,renault,pirelli,2,8,21.699,21699.0
916,2014,19,10,10,10,44,lewis-hamilton,mercedes,mercedes,pirelli,1,10,21.885,21885.0
916,2014,19,11,11,11,77,valtteri-bottas,williams,mercedes,pirelli,1,10,21.661,21661.0
916,2014,19,12,12,12,6,nico-rosberg,mercedes,mercedes,pirelli,1,11,21.741,21741.0
916,2014,19,13,13,13,19,felipe-massa,williams,mercedes,pirelli,1,13,22.054,22054.0
916,2014,19,14,14,14,25,jean-eric-vergne,toro-rosso,renault,pirelli,1,13,22.919,22919.0
916,2014,19,15,15,15,11,sergio-perez,force-india,mercedes,pirelli,1,14,22.031,22031.0
916,2014,19,16,16,16,46,will-stevens,caterham,renault,pirelli,1,14,24.144,24144.0
916,2014,19,17,17,17,27,nico-hulkenberg,force-india,mercedes,pirelli,1,15,27.445,27445.0
916,2014,19,18,18,18,10,kamui-kobayashi,caterham,renault,pirelli,1,15,24.421,24421.0
916,2014,19,19,19,19,20,kevin-magnussen,mclaren,mercedes,pirelli,1,21,22.087,22087.0
916,2014,19,20,20,20,1,sebastian-vettel,red-bull,renault,pirelli,1,21,23.094,23094.0
916,2014,19,21,21,21,8,romain-grosjean,lotus-f1,renault,pirelli,3,21,21.574,21574.0
916,2014,19,22,22,22,99,adrian-sutil,sauber,ferrari,pirelli,2,22,22.277,22277.0
916,2014,19,23,23,23,7,kimi-raikkonen,ferrari,ferrari,pirelli,2,26,22.206,22206.0
916,2014,19,24,24,24,3,daniel-ricciardo,red-bull,renault,pirelli,1,27,21.747,21747.0
916,2014,19,25,25,25,14,fernando-alonso,ferrari,ferrari,pirelli,2,27,22.068,22068.0
916,2014,19,26,26,26,22,jenson-button,mclaren,mercedes,pirelli,2,28,22.042,22042.0
916,2014,19,27,27,27,21,esteban-gutierrez,sauber,ferrari,pirelli,2,28,23.270,23270.0
916,2014,19,28,28,28,20,kevin-magnussen,mclaren,mercedes,pirelli,2,29,21.623,21623.0
916,2014,19,29,29,29,25,jean-eric-vergne,toro-rosso,renault,pirelli,2,30,22.761,22761.0
916,2014,19,30,30,30,44,lewis-hamilton,mercedes,mercedes,pirelli,2,31,21.887,21887.0
916,2014,19,31,31,31,6,nico-rosberg,mercedes,mercedes,pirelli,2,34,24.083,24083.0
916,2014,19,32,32,32,77,valtteri-bottas,williams,mercedes,pirelli,2,35,22.015,22015.0
916,2014,19,33,33,33,10,kamui-kobayashi,caterham,renault,pirelli,2,36,22.426,22426.0
916,2014,19,34,34,34,27,nico-hulkenberg,force-india,mercedes,pirelli,2,37,21.642,21642.0
916,2014,19,35,35,35,99,adrian-sutil,sauber,ferrari,pirelli,3,37,22.227,22227.0
916,2014,19,36,36,36,46,will-stevens,caterham,renault,pirelli,2,37,23.545,23545.0
916,2014,19,37,37,37,11,sergio-perez,force-india,mercedes,pirelli,2,41,22.325,22325.0
916,2014,19,38,38,38,19,felipe-massa,williams,mercedes,pirelli,2,43,22.040,22040.0
916,2014,19,39,39,39,25,jean-eric-vergne,toro-rosso,renault,pirelli,3,44,22.348,22348.0
916,2014,19,40,40,40,1,sebastian-vettel,red-bull,renault,pirelli,2,46,21.611,21611.0
916,2014,19,41,41,41,3,daniel-ricciardo,red-bull,renault,pirelli,2,47,21.582,21582.0
917,2015,1,1,1,1,9,marcus-ericsson,sauber,ferrari,pirelli,1,1,22.681,22681.0
917,2015,1,2,2,2,7,kimi-raikkonen,ferrari,ferrari,pirelli,1,16,27.465,27465.0
917,2015,1,3,3,3,19,felipe-massa,williams,mercedes,pirelli,1,21,22.062,22062.0
917,2015,1,4,4,4,27,nico-hulkenberg,force-india,mercedes,pirelli,1,21,22.137,22137.0
917,2015,1,5,5,5,3,daniel-ricciardo,red-bull,renault,pirelli,1,23,22.535,22535.0
917,2015,1,6,6,6,5,sebastian-vettel,ferrari,ferrari,pirelli,1,24,22.694,22694.0
917,2015,1,7,7,7,55,carlos-sainz-jr,toro-rosso,renault,pirelli,1,24,55.789,55789.0
917,2015,1,8,8,8,44,lewis-hamilton,mercedes,mercedes,pirelli,1,25,22.295,22295.0
917,2015,1,9,9,9,12,felipe-nasr,sauber,ferrari,pirelli,1,25,22.933,22933.0
917,2015,1,10,10,10,6,nico-rosberg,mercedes,mercedes,pirelli,1,26,22.105,22105.0
917,2015,1,11,11,11,9,marcus-ericsson,sauber,ferrari,pirelli,2,26,23.254,23254.0
917,2015,1,12,12,12,22,jenson-button,mclaren,honda,pirelli,1,27,23.353,23353.0
917,2015,1,13,13,13,33,max-verstappen,toro-rosso,renault,pirelli,1,32,23.532,23532.0
917,2015,1,14,14,14,11,sergio-perez,force-india,mercedes,pirelli,1,38,26.009,26009.0
917,2015,1,15,15,15,7,kimi-raikkonen,ferrari,ferrari,pirelli,2,40,22.405,22405.0
917,2015,1,16,16,16,9,marcus-ericsson,sauber,ferrari,pirelli,3,43,22.353,22353.0
917,2015,1,17,17,17,27,nico-hulkenberg,force-india,mercedes,pirelli,2,44,21.612,21612.0
918,2015,2,1,1,1,13,pastor-maldonado,lotus-f1,mercedes,pirelli,1,1,37.289,37289.0
918,2015,2,2,2,2,12,felipe-nasr,sauber,ferrari,pirelli,1,2,33.918,33918.0
918,2015,2,3,3,3,7,kimi-raikkonen,ferrari,ferrari,pirelli,1,2,27.285,27285.0
918,2015,2,4,4,4,44,lewis-hamilton,mercedes,mercedes,pirelli,1,4,26.094,26094.0
918,2015,2,5,5,5,6,nico-rosberg,mercedes,mercedes,pirelli,1,4,33.689,33689.0
918,2015,2,6,6,6,3,daniel-ricciardo,red-bull,renault,pirelli,1,4,26.714,26714.0
918,2015,2,7,7,7,19,felipe-massa,williams,mercedes,pirelli,1,4,25.831,25831.0
918,2015,2,8,8,8,26,daniil-kvyat,red-bull,renault,pirelli,1,4,30.463,30463.0
918,2015,2,9,9,9,33,max-verstappen,toro-rosso,renault,pirelli,1,4,29.516,29516.0
918,2015,2,10,10,10,77,valtteri-bottas,williams,mercedes,pirelli,1,4,30.154,30154.0
918,2015,2,11,11,11,14,fernando-alonso,mclaren,honda,pirelli,1,4,25.222,25222.0
918,2015,2,12,12,12,22,jenson-button,mclaren,honda,pirelli,1,4,33.027,33027.0
918,2015,2,13,13,13,98,roberto-merhi,marussia,ferrari,pirelli,1,5,27.540,27540.0
918,2015,2,14,14,14,55,carlos-sainz-jr,toro-rosso,renault,pirelli,1,14,25.126,25126.0
918,2015,2,15,15,15,7,kimi-raikkonen,ferrari,ferrari,pirelli,2,14,24.744,24744.0
918,2015,2,16,16,16,27,nico-hulkenberg,force-india,mercedes,pirelli,1,15,25.826,25826.0
918,2015,2,17,17,17,8,romain-grosjean,lotus-f1,mercedes,pirelli,1,15,24.377,24377.0
918,2015,2,18,18,18,5,sebastian-vettel,ferrari,ferrari,pirelli,1,17,23.996,23996.0
918,2015,2,19,19,19,11,sergio-perez,force-india,mercedes,pirelli,1,17,25.268,25268.0
918,2015,2,20,20,20,3,daniel-ricciardo,red-bull,renault,pirelli,2,18,25.604,25604.0
918,2015,2,21,21,21,13,pastor-maldonado,lotus-f1,mercedes,pirelli,2,18,37.394,37394.0
918,2015,2,22,22,22,33,max-verstappen,toro-rosso,renault,pirelli,2,20,25.655,25655.0
918,2015,2,23,23,23,12,felipe-nasr,sauber,ferrari,pirelli,2,20,25.741,25741.0
918,2015,2,24,24,24,26,daniil-kvyat,red-bull,renault,pirelli,2,21,24.781,24781.0
918,2015,2,25,25,25,22,jenson-button,mclaren,honda,pirelli,2,21,25.581,25581.0
918,2015,2,26,26,26,98,roberto-merhi,marussia,ferrari,pirelli,2,22,27.004,27004.0
918,2015,2,27,27,27,44,lewis-hamilton,mercedes,mercedes,pirelli,2,24,24.595,24595.0
918,2015,2,28,28,28,19,felipe-massa,williams,mercedes,pirelli,2,24,24.788,24788.0
918,2015,2,29,29,29,77,valtteri-bottas,williams,mercedes,pirelli,2,25,24.432,24432.0
918,2015,2,30,30,30,6,nico-rosberg,mercedes,mercedes,pirelli,2,26,24.574,24574.0
918,2015,2,31,31,31,8,romain-grosjean,lotus-f1,mercedes,pirelli,2,26,24.621,24621.0
918,2015,2,32,32,32,12,felipe-nasr,sauber,ferrari,pirelli,3,30,25.331,25331.0
918,2015,2,33,33,33,27,nico-hulkenberg,force-india,mercedes,pirelli,2,31,25.047,25047.0
918,2015,2,34,34,34,55,carlos-sainz-jr,toro-rosso,renault,pirelli,2,32,25.165,25165.0
918,2015,2,35,35,35,13,pastor-maldonado,lotus-f1,mercedes,pirelli,3,33,24.276,24276.0
918,2015,2,36,36,36,7,kimi-raikkonen,ferrari,ferrari,pirelli,3,34,24.653,24653.0
918,2015,2,37,37,37,3,daniel-ricciardo,red-bull,renault,pirelli,3,34,25.393,25393.0
918,2015,2,38,38,38,8,romain-grosjean,lotus-f1,mercedes,pirelli,3,34,26.014,26014.0
918,2015,2,39,39,39,11,sergio-perez,force-india,mercedes,pirelli,2,35,35.776,35776.0
918,2015,2,40,40,40,22,jenson-button,mclaren,honda,pirelli,3,35,25.846,25846.0
918,2015,2,41,41,41,5,sebastian-vettel,ferrari,ferrari,pirelli,2,37,25.092,25092.0
918,2015,2,42,42,42,44,lewis-hamilton,mercedes,mercedes,pirelli,3,38,24.179,24179.0
918,2015,2,43,43,43,19,felipe-massa,williams,mercedes,pirelli,3,38,26.971,26971.0
918,2015,2,44,44,44,26,daniil-kvyat,red-bull,renault,pirelli,3,39,26.149,26149.0
918,2015,2,45,45,45,77,valtteri-bottas,williams,mercedes,pirelli,3,40,25.002,25002.0
918,2015,2,46,46,46,33,max-verstappen,toro-rosso,renault,pirelli,3,40,24.768,24768.0
918,2015,2,47,47,47,6,nico-rosberg,mercedes,mercedes,pirelli,3,41,24.336,24336.0
918,2015,2,48,48,48,12,felipe-nasr,sauber,ferrari,pirelli,4,43,25.204,25204.0
918,2015,2,49,49,49,98,roberto-merhi,marussia,ferrari,pirelli,3,42,29.202,29202.0
918,2015,2,50,50,50,27,nico-hulkenberg,force-india,mercedes,pirelli,3,44,35.351,35351.0
919,2015,3,1,1,1,12,felipe-nasr,sauber,ferrari,pirelli,1,10,23.409,23409.0
919,2015,3,2,2,2,13,pastor-maldonado,lotus-f1,mercedes,pirelli,1,11,22.470,22470.0
919,2015,3,3,3,3,11,sergio-perez,force-india,mercedes,pirelli,1,11,22.829,22829.0
919,2015,3,4,4,4,8,romain-grosjean,lotus-f1,mercedes,pirelli,1,12,23.421,23421.0
919,2015,3,5,5,5,33,max-verstappen,toro-rosso,renault,pirelli,1,12,24.256,24256.0
919,2015,3,6,6,6,14,fernando-alonso,mclaren,honda,pirelli,1,12,23.238,23238.0
919,2015,3,7,7,7,5,sebastian-vettel,ferrari,ferrari,pirelli,1,13,22.488,22488.0
919,2015,3,8,8,8,19,felipe-massa,williams,mercedes,pirelli,1,13,23.145,23145.0
919,2015,3,9,9,9,44,lewis-hamilton,mercedes,mercedes,pirelli,1,14,22.645,22645.0
919,2015,3,10,10,10,77,valtteri-bottas,williams,mercedes,pirelli,1,14,23.084,23084.0
919,2015,3,11,11,11,9,marcus-ericsson,sauber,ferrari,pirelli,1,14,23.846,23846.0
919,2015,3,12,12,12,3,daniel-ricciardo,red-bull,renault,pirelli,1,14,22.635,22635.0
919,2015,3,13,13,13,22,jenson-button,mclaren,honda,pirelli,1,14,23.936,23936.0
919,2015,3,14,14,14,6,nico-rosberg,mercedes,mercedes,pirelli,1,15,22.483,22483.0
919,2015,3,15,15,15,7,kimi-raikkonen,ferrari,ferrari,pirelli,1,15,22.818,22818.0
919,2015,3,16,16,16,28,will-stevens,marussia,ferrari,pirelli,1,16,24.132,24132.0
919,2015,3,17,17,17,98,roberto-merhi,marussia,ferrari,pirelli,1,17,25.938,25938.0
919,2015,3,18,18,18,55,carlos-sainz-jr,toro-rosso,renault,pirelli,1,19,23.795,23795.0
919,2015,3,19,19,19,11,sergio-perez,force-india,mercedes,pirelli,2,26,23.338,23338.0
919,2015,3,20,20,20,5,sebastian-vettel,ferrari,ferrari,pirelli,2,30,22.444,22444.0
919,2015,3,21,21,21,9,marcus-ericsson,sauber,ferrari,pirelli,2,30,24.589,24589.0
919,2015,3,22,22,22,6,nico-rosberg,mercedes,mercedes,pirelli,2,31,22.829,22829.0
919,2015,3,23,23,23,12,felipe-nasr,sauber,ferrari,pirelli,2,31,23.732,23732.0
919,2015,3,24,24,24,8,romain-grosjean,lotus-f1,mercedes,pirelli,2,32,23.605,23605.0
919,2015,3,25,25,25,33,max-verstappen,toro-rosso,renault,pirelli,2,32,23.258,23258.0
919,2015,3,26,26,26,22,jenson-button,mclaren,honda,pirelli,2,32,23.273,23273.0
919,2015,3,27,27,27,44,lewis-hamilton,mercedes,mercedes,pirelli,2,33,22.235,22235.0
919,2015,3,28,28,28,13,pastor-maldonado,lotus-f1,mercedes,pirelli,2,33,22.899,22899.0
919,2015,3,29,29,29,7,kimi-raikkonen,ferrari,ferrari,pirelli,2,34,22.453,22453.0
919,2015,3,30,30,30,19,felipe-massa,williams,mercedes,pirelli,2,34,23.317,23317.0
919,2015,3,31,31,31,77,valtteri-bottas,williams,mercedes,pirelli,2,35,23.582,23582.0
919,2015,3,32,32,32,14,fernando-alonso,mclaren,honda,pirelli,2,35,23.345,23345.0
919,2015,3,33,33,33,3,daniel-ricciardo,red-bull,renault,pirelli,2,36,22.897,22897.0
919,2015,3,34,34,34,28,will-stevens,marussia,ferrari,pirelli,2,38,24.054,24054.0
919,2015,3,35,35,35,55,carlos-sainz-jr,toro-rosso,renault,pirelli,2,39,23.424,23424.0
919,2015,3,36,36,36,11,sergio-perez,force-india,mercedes,pirelli,3,41,23.144,23144.0
919,2015,3,37,37,37,98,roberto-merhi,marussia,ferrari,pirelli,2,40,24.088,24088.0
919,2015,3,38,38,38,13,pastor-maldonado,lotus-f1,mercedes,pirelli,3,48,17.912,17912.0
920,2015,4,1,1,1,33,max-verstappen,toro-rosso,renault,pirelli,1,6,39.338,39338.0
920,2015,4,2,2,2,27,nico-hulkenberg,force-india,mercedes,pirelli,1,10,26.652,26652.0
920,2015,4,3,3,3,12,felipe-nasr,sauber,ferrari,pirelli,1,10,25.459,25459.0
920,2015,4,4,4,4,19,felipe-massa,williams,mercedes,pirelli,1,10,24.894,24894.0
920,2015,4,5,5,5,13,pastor-maldonado,lotus-f1,mercedes,pirelli,1,10,30.426,30426.0
920,2015,4,6,6,6,9,marcus-ericsson,sauber,ferrari,pirelli,1,11,26.045,26045.0
920,2015,4,7,7,7,55,carlos-sainz-jr,toro-rosso,renault,pirelli,1,11,32.647,32647.0
920,2015,4,8,8,8,8,romain-grosjean,lotus-f1,mercedes,pirelli,1,12,24.735,24735.0
920,2015,4,9,9,9,5,sebastian-vettel,ferrari,ferrari,pirelli,1,13,24.509,24509.0
920,2015,4,10,10,10,14,fernando-alonso,mclaren,honda,pirelli,1,13,25.370,25370.0
920,2015,4,11,11,11,6,nico-rosberg,mercedes,mercedes,pirelli,1,14,25.311,25311.0
920,2015,4,12,12,12,77,valtteri-bottas,williams,mercedes,pirelli,1,14,25.293,25293.0
920,2015,4,13,13,13,3,daniel-ricciardo,red-bull,renault,pirelli,1,14,25.723,25723.0
920,2015,4,14,14,14,44,lewis-hamilton,mercedes,mercedes,pirelli,1,15,25.791,25791.0
920,2015,4,15,15,15,26,daniil-kvyat,red-bull,renault,pirelli,1,15,25.421,25421.0
920,2015,4,16,16,16,7,kimi-raikkonen,ferrari,ferrari,pirelli,1,17,24.773,24773.0
920,2015,4,17,17,17,11,sergio-perez,force-india,mercedes,pirelli,1,17,25.573,25573.0
920,2015,4,18,18,18,98,roberto-merhi,marussia,ferrari,pirelli,1,18,25.834,25834.0
920,2015,4,19,19,19,28,will-stevens,marussia,ferrari,pirelli,1,19,26.103,26103.0
920,2015,4,20,20,20,12,felipe-nasr,sauber,ferrari,pirelli,2,24,25.898,25898.0
920,2015,4,21,21,21,19,felipe-massa,williams,mercedes,pirelli,2,24,25.017,25017.0
920,2015,4,22,22,22,13,pastor-maldonado,lotus-f1,mercedes,pirelli,2,24,24.310,24310.0
920,2015,4,23,23,23,9,marcus-ericsson,sauber,ferrari,pirelli,2,25,49.162,49162.0
920,2015,4,24,24,24,27,nico-hulkenberg,force-india,mercedes,pirelli,2,25,24.679,24679.0
920,2015,4,25,25,25,55,carlos-sainz-jr,toro-rosso,renault,pirelli,2,29,26.593,26593.0
920,2015,4,26,26,26,33,max-verstappen,toro-rosso,renault,pirelli,2,30,27.225,27225.0
920,2015,4,27,27,27,8,romain-grosjean,lotus-f1,mercedes,pirelli,2,31,25.259,25259.0
920,2015,4,28,28,28,5,sebastian-vettel,ferrari,ferrari,pirelli,2,32,24.449,24449.0
920,2015,4,29,29,29,44,lewis-hamilton,mercedes,mercedes,pirelli,2,33,24.528,24528.0
920,2015,4,30,30,30,77,valtteri-bottas,williams,mercedes,pirelli,2,33,24.623,24623.0
920,2015,4,31,31,31,6,nico-rosberg,mercedes,mercedes,pirelli,2,34,25.418,25418.0
920,2015,4,32,32,32,28,will-stevens,marussia,ferrari,pirelli,2,33,26.479,26479.0
920,2015,4,33,33,33,26,daniil-kvyat,red-bull,renault,pirelli,2,34,24.692,24692.0
920,2015,4,34,34,34,3,daniel-ricciardo,red-bull,renault,pirelli,2,35,24.943,24943.0
920,2015,4,35,35,35,14,fernando-alonso,mclaren,honda,pirelli,2,35,24.878,24878.0
920,2015,4,36,36,36,98,roberto-merhi,marussia,ferrari,pirelli,2,34,27.573,27573.0
920,2015,4,37,37,37,5,sebastian-vettel,ferrari,ferrari,pirelli,3,36,33.921,33921.0
920,2015,4,38,38,38,11,sergio-perez,force-india,mercedes,pirelli,2,37,25.288,25288.0
920,2015,4,39,39,39,9,marcus-ericsson,sauber,ferrari,pirelli,3,37,26.042,26042.0
920,2015,4,40,40,40,27,nico-hulkenberg,force-india,mercedes,pirelli,3,38,24.979,24979.0
920,2015,4,41,41,41,7,kimi-raikkonen,ferrari,ferrari,pirelli,2,40,24.547,24547.0
920,2015,4,42,42,42,13,pastor-maldonado,lotus-f1,mercedes,pirelli,3,41,1:47.394,107394.0
920,2015,4,43,43,43,12,felipe-nasr,sauber,ferrari,pirelli,3,41,26.210,26210.0
921,2015,5,1,1,1,27,nico-hulkenberg,force-india,mercedes,pirelli,1,10,22.659,22659.0
921,2015,5,2,2,2,26,daniil-kvyat,red-bull,renault,pirelli,1,11,22.667,22667.0
921,2015,5,3,3,3,22,jenson-button,mclaren,honda,pirelli,1,11,22.589,22589.0
921,2015,5,4,4,4,12,felipe-nasr,sauber,ferrari,pirelli,1,12,22.677,22677.0
921,2015,5,5,5,5,44,lewis-hamilton,mercedes,mercedes,pirelli,1,13,24.586,24586.0
921,2015,5,6,6,6,3,daniel-ricciardo,red-bull,renault,pirelli,1,13,22.440,22440.0
921,2015,5,7,7,7,33,max-verstappen,toro-rosso,renault,pirelli,1,13,24.396,24396.0
921,2015,5,8,8,8,5,sebastian-vettel,ferrari,ferrari,pirelli,1,14,21.762,21762.0
921,2015,5,9,9,9,19,felipe-massa,williams,mercedes,pirelli,1,14,22.139,22139.0
921,2015,5,10,10,10,13,pastor-maldonado,lotus-f1,mercedes,pirelli,1,14,24.976,24976.0
921,2015,5,11,11,11,55,carlos-sainz-jr,toro-rosso,renault,pirelli,1,14,22.859,22859.0
921,2015,5,12,12,12,6,nico-rosberg,mercedes,mercedes,pirelli,1,15,21.870,21870.0
921,2015,5,13,13,13,77,valtteri-bottas,williams,mercedes,pirelli,1,15,22.082,22082.0
921,2015,5,14,14,14,8,romain-grosjean,lotus-f1,mercedes,pirelli,1,15,23.309,23309.0
921,2015,5,15,15,15,13,pastor-maldonado,lotus-f1,mercedes,pirelli,2,15,32.459,32459.0
921,2015,5,16,16,16,28,will-stevens,marussia,ferrari,pirelli,1,16,24.687,24687.0
921,2015,5,17,17,17,7,kimi-raikkonen,ferrari,ferrari,pirelli,1,17,22.623,22623.0
921,2015,5,18,18,18,98,roberto-merhi,marussia,ferrari,pirelli,1,17,24.631,24631.0
921,2015,5,19,19,19,9,marcus-ericsson,sauber,ferrari,pirelli,1,18,25.272,25272.0
921,2015,5,20,20,20,11,sergio-perez,force-india,mercedes,pirelli,1,19,22.468,22468.0
921,2015,5,21,21,21,14,fernando-alonso,mclaren,honda,pirelli,1,21,23.728,23728.0
921,2015,5,22,22,22,27,nico-hulkenberg,force-india,mercedes,pirelli,2,26,22.534,22534.0
921,2015,5,23,23,23,22,jenson-button,mclaren,honda,pirelli,2,27,23.327,23327.0
921,2015,5,24,24,24,98,roberto-merhi,marussia,ferrari,pirelli,2,30,23.070,23070.0
921,2015,5,25,25,25,44,lewis-hamilton,mercedes,mercedes,pirelli,2,32,22.727,22727.0
921,2015,5,26,26,26,19,felipe-massa,williams,mercedes,pirelli,2,32,22.629,22629.0
921,2015,5,27,27,27,28,will-stevens,marussia,ferrari,pirelli,2,32,23.043,23043.0
921,2015,5,28,28,28,11,sergio-perez,force-india,mercedes,pirelli,2,36,22.426,22426.0
921,2015,5,29,29,29,33,max-verstappen,toro-rosso,renault,pirelli,2,37,22.607,22607.0
921,2015,5,30,30,30,26,daniil-kvyat,red-bull,renault,pirelli,2,38,22.273,22273.0
921,2015,5,31,31,31,12,felipe-nasr,sauber,ferrari,pirelli,2,39,23.186,23186.0
921,2015,5,32,32,32,5,sebastian-vettel,ferrari,ferrari,pirelli,2,40,21.836,21836.0
921,2015,5,33,33,33,8,romain-grosjean,lotus-f1,mercedes,pirelli,2,40,33.256,33256.0
921,2015,5,34,34,34,7,kimi-raikkonen,ferrari,ferrari,pirelli,2,41,21.789,21789.0
921,2015,5,35,35,35,77,valtteri-bottas,williams,mercedes,pirelli,2,42,21.800,21800.0
921,2015,5,36,36,36,3,daniel-ricciardo,red-bull,renault,pirelli,2,42,24.884,24884.0
921,2015,5,37,37,37,55,carlos-sainz-jr,toro-rosso,renault,pirelli,2,42,22.178,22178.0
921,2015,5,38,38,38,13,pastor-maldonado,lotus-f1,mercedes,pirelli,3,43,22.575,22575.0
921,2015,5,39,39,39,6,nico-rosberg,mercedes,mercedes,pirelli,2,45,22.452,22452.0
921,2015,5,40,40,40,22,jenson-button,mclaren,honda,pirelli,3,44,24.066,24066.0
921,2015,5,41,41,41,9,marcus-ericsson,sauber,ferrari,pirelli,2,45,22.872,22872.0
921,2015,5,42,42,42,19,felipe-massa,williams,mercedes,pirelli,3,47,22.257,22257.0
921,2015,5,43,43,43,28,will-stevens,marussia,ferrari,pirelli,3,47,22.796,22796.0
921,2015,5,44,44,44,27,nico-hulkenberg,force-india,mercedes,pirelli,3,49,22.545,22545.0
921,2015,5,45,45,45,44,lewis-hamilton,mercedes,mercedes,pirelli,3,51,21.965,21965.0
921,2015,5,46,46,46,98,roberto-merhi,marussia,ferrari,pirelli,3,49,24.200,24200.0
922,2015,6,1,1,1,27,nico-hulkenberg,force-india,mercedes,pirelli,1,1,34.773,34773.0
922,2015,6,2,2,2,19,felipe-massa,williams,mercedes,pirelli,1,1,42.934,42934.0
922,2015,6,3,3,3,55,carlos-sainz-jr,toro-rosso,renault,pirelli,1,12,25.306,25306.0
922,2015,6,4,4,4,77,valtteri-bottas,williams,mercedes,pirelli,1,14,24.641,24641.0
922,2015,6,5,5,5,9,marcus-ericsson,sauber,ferrari,pirelli,1,14,25.618,25618.0
922,2015,6,6,6,6,8,romain-grosjean,lotus-f1,mercedes,pirelli,1,17,25.077,25077.0
922,2015,6,7,7,7,12,felipe-nasr,sauber,ferrari,pirelli,1,18,25.732,25732.0
922,2015,6,8,8,8,26,daniil-kvyat,red-bull,renault,pirelli,1,28,25.119,25119.0
922,2015,6,9,9,9,33,max-verstappen,toro-rosso,renault,pirelli,1,29,52.821,52821.0
922,2015,6,10,10,10,27,nico-hulkenberg,force-india,mercedes,pirelli,2,31,24.758,24758.0
922,2015,6,11,11,11,14,fernando-alonso,mclaren,honda,pirelli,1,32,30.345,30345.0
922,2015,6,12,12,12,28,will-stevens,marussia,ferrari,pirelli,1,33,28.606,28606.0
922,2015,6,13,13,13,22,jenson-button,mclaren,honda,pirelli,1,35,25.062,25062.0
922,2015,6,14,14,14,5,sebastian-vettel,ferrari,ferrari,pirelli,1,36,24.851,24851.0
922,2015,6,15,15,15,3,daniel-ricciardo,red-bull,renault,pirelli,1,36,24.501,24501.0
922,2015,6,16,16,16,11,sergio-perez,force-india,mercedes,pirelli,1,36,24.733,24733.0
922,2015,6,17,17,17,6,nico-rosberg,mercedes,mercedes,pirelli,1,37,24.789,24789.0
922,2015,6,18,18,18,98,roberto-merhi,marussia,ferrari,pirelli,1,35,27.554,27554.0
922,2015,6,19,19,19,7,kimi-raikkonen,ferrari,ferrari,pirelli,1,37,24.177,24177.0
922,2015,6,20,20,20,44,lewis-hamilton,mercedes,mercedes,pirelli,1,38,24.181,24181.0
922,2015,6,21,21,21,9,marcus-ericsson,sauber,ferrari,pirelli,2,38,25.398,25398.0
922,2015,6,22,22,22,19,felipe-massa,williams,mercedes,pirelli,2,39,24.970,24970.0
922,2015,6,23,23,23,33,max-verstappen,toro-rosso,renault,pirelli,2,46,25.736,25736.0
922,2015,6,24,24,24,77,valtteri-bottas,williams,mercedes,pirelli,2,56,24.412,24412.0
922,2015,6,25,25,25,19,felipe-massa,williams,mercedes,pirelli,3,62,24.395,24395.0
922,2015,6,26,26,26,11,sergio-perez,force-india,mercedes,pirelli,2,64,25.119,25119.0
922,2015,6,27,27,27,22,jenson-button,mclaren,honda,pirelli,2,64,24.661,24661.0
922,2015,6,28,28,28,44,lewis-hamilton,mercedes,mercedes,pirelli,2,65,25.495,25495.0
922,2015,6,29,29,29,12,felipe-nasr,sauber,ferrari,pirelli,2,64,26.420,26420.0
922,2015,6,30,30,30,3,daniel-ricciardo,red-bull,renault,pirelli,2,65,24.244,24244.0
922,2015,6,31,31,31,9,marcus-ericsson,sauber,ferrari,pirelli,3,69,25.234,25234.0
923,2015,7,1,1,1,22,jenson-button,mclaren,honda,pirelli,1,1,18.057,18057.0
923,2015,7,2,2,2,5,sebastian-vettel,ferrari,ferrari,pirelli,1,7,27.241,27241.0
923,2015,7,3,3,3,13,pastor-maldonado,lotus-f1,mercedes,pirelli,1,17,23.660,23660.0
923,2015,7,4,4,4,3,daniel-ricciardo,red-bull,renault,pirelli,1,23,23.997,23997.0
923,2015,7,5,5,5,11,sergio-perez,force-india,mercedes,pirelli,1,24,23.453,23453.0
923,2015,7,6,6,6,7,kimi-raikkonen,ferrari,ferrari,pirelli,1,26,23.630,23630.0
923,2015,7,7,7,7,12,felipe-nasr,sauber,ferrari,pirelli,1,26,24.795,24795.0
923,2015,7,8,8,8,8,romain-grosjean,lotus-f1,mercedes,pirelli,1,27,24.292,24292.0
923,2015,7,9,9,9,26,daniil-kvyat,red-bull,renault,pirelli,1,27,23.681,23681.0
923,2015,7,10,10,10,55,carlos-sainz-jr,toro-rosso,renault,pirelli,1,27,24.277,24277.0
923,2015,7,11,11,11,77,valtteri-bottas,williams,mercedes,pirelli,1,28,25.541,25541.0
923,2015,7,12,12,12,27,nico-hulkenberg,force-india,mercedes,pirelli,1,28,23.507,23507.0
923,2015,7,13,13,13,9,marcus-ericsson,sauber,ferrari,pirelli,1,28,24.149,24149.0
923,2015,7,14,14,14,44,lewis-hamilton,mercedes,mercedes,pirelli,1,29,23.708,23708.0
923,2015,7,15,15,15,6,nico-rosberg,mercedes,mercedes,pirelli,1,30,23.321,23321.0
923,2015,7,16,16,16,14,fernando-alonso,mclaren,honda,pirelli,1,31,23.553,23553.0
923,2015,7,17,17,17,5,sebastian-vettel,ferrari,ferrari,pirelli,2,35,23.945,23945.0
923,2015,7,18,18,18,28,will-stevens,marussia,ferrari,pirelli,1,34,30.807,30807.0
923,2015,7,19,19,19,98,roberto-merhi,marussia,ferrari,pirelli,1,35,26.986,26986.0
923,2015,7,20,20,20,19,felipe-massa,williams,mercedes,pirelli,1,37,23.912,23912.0
923,2015,7,21,21,21,33,max-verstappen,toro-rosso,renault,pirelli,1,39,36.105,36105.0
923,2015,7,22,22,22,7,kimi-raikkonen,ferrari,ferrari,pirelli,2,40,24.578,24578.0
923,2015,7,23,23,23,22,jenson-button,mclaren,honda,pirelli,2,44,25.374,25374.0
924,2015,8,1,1,1,26,daniil-kvyat,red-bull,renault,pirelli,1,1,28.632,28632.0
924,2015,8,2,2,2,9,marcus-ericsson,sauber,ferrari,pirelli,1,2,30.232,30232.0
924,2015,8,3,3,3,22,jenson-button,mclaren,honda,pirelli,1,3,24.104,24104.0
924,2015,8,4,4,4,22,jenson-button,mclaren,honda,pirelli,2,6,28.727,28727.0
924,2015,8,5,5,5,9,marcus-ericsson,sauber,ferrari,pirelli,2,12,16.211,16211.0
924,2015,8,6,6,6,8,romain-grosjean,lotus-f1,mercedes,pirelli,1,23,22.016,22016.0
924,2015,8,7,7,7,12,felipe-nasr,sauber,ferrari,pirelli,1,24,22.803,22803.0
924,2015,8,8,8,8,27,nico-hulkenberg,force-india,mercedes,pirelli,1,25,21.685,21685.0
924,2015,8,9,9,9,55,carlos-sainz-jr,toro-rosso,renault,pirelli,1,25,27.638,27638.0
924,2015,8,10,10,10,77,valtteri-bottas,williams,mercedes,pirelli,1,26,22.777,22777.0
924,2015,8,11,11,11,33,max-verstappen,toro-rosso,renault,pirelli,1,26,21.984,21984.0
924,2015,8,12,12,12,6,nico-rosberg,mercedes,mercedes,pirelli,1,33,21.768,21768.0
924,2015,8,13,13,13,19,felipe-massa,williams,mercedes,pirelli,1,34,22.447,22447.0
924,2015,8,14,14,14,44,lewis-hamilton,mercedes,mercedes,pirelli,1,35,21.869,21869.0
924,2015,8,15,15,15,98,roberto-merhi,marussia,ferrari,pirelli,1,34,23.926,23926.0
924,2015,8,16,16,16,5,sebastian-vettel,ferrari,ferrari,pirelli,1,36,31.882,31882.0
924,2015,8,17,17,17,13,pastor-maldonado,lotus-f1,mercedes,pirelli,1,37,21.847,21847.0
924,2015,8,18,18,18,11,sergio-perez,force-india,mercedes,pirelli,1,38,26.689,26689.0
924,2015,8,19,19,19,26,daniil-kvyat,red-bull,renault,pirelli,2,45,22.111,22111.0
924,2015,8,20,20,20,9,marcus-ericsson,sauber,ferrari,pirelli,3,45,22.449,22449.0
924,2015,8,21,21,21,3,daniel-ricciardo,red-bull,renault,pirelli,1,50,27.710,27710.0
925,2015,9,1,1,1,14,fernando-alonso,mclaren,honda,pirelli,1,1,1:11.178,71178.0
925,2015,9,2,2,2,3,daniel-ricciardo,red-bull,renault,pirelli,1,11,28.464,28464.0
925,2015,9,3,3,3,55,carlos-sainz-jr,toro-rosso,renault,pirelli,1,12,29.393,29393.0
925,2015,9,4,4,4,7,kimi-raikkonen,ferrari,ferrari,pirelli,1,13,28.974,28974.0
925,2015,9,5,5,5,5,sebastian-vettel,ferrari,ferrari,pirelli,1,14,28.946,28946.0
925,2015,9,6,6,6,14,fernando-alonso,mclaren,honda,pirelli,2,17,28.703,28703.0
925,2015,9,7,7,7,26,daniil-kvyat,red-bull,renault,pirelli,1,18,28.347,28347.0
925,2015,9,8,8,8,44,lewis-hamilton,mercedes,mercedes,pirelli,1,19,28.417,28417.0
925,2015,9,9,9,9,27,nico-hulkenberg,force-india,mercedes,pirelli,1,19,28.558,28558.0
925,2015,9,10,10,10,19,felipe-massa,williams,mercedes,pirelli,1,20,29.369,29369.0
925,2015,9,11,11,11,6,nico-rosberg,mercedes,mercedes,pirelli,1,20,28.393,28393.0
925,2015,9,12,12,12,11,sergio-perez,force-india,mercedes,pirelli,1,20,28.860,28860.0
925,2015,9,13,13,13,3,daniel-ricciardo,red-bull,renault,pirelli,2,20,43.240,43240.0
925,2015,9,14,14,14,77,valtteri-bottas,williams,mercedes,pirelli,1,21,28.781,28781.0
925,2015,9,15,15,15,9,marcus-ericsson,sauber,ferrari,pirelli,1,23,29.598,29598.0
925,2015,9,16,16,16,28,will-stevens,marussia,ferrari,pirelli,1,36,48.861,48861.0
925,2015,9,17,17,17,98,roberto-merhi,marussia,ferrari,pirelli,1,36,34.672,34672.0
925,2015,9,18,18,18,9,marcus-ericsson,sauber,ferrari,pirelli,2,37,30.867,30867.0
925,2015,9,19,19,19,14,fernando-alonso,mclaren,honda,pirelli,3,37,32.593,32593.0
925,2015,9,20,20,20,7,kimi-raikkonen,ferrari,ferrari,pirelli,2,38,30.397,30397.0
925,2015,9,21,21,21,9,marcus-ericsson,sauber,ferrari,pirelli,3,41,29.828,29828.0
925,2015,9,22,22,22,44,lewis-hamilton,mercedes,mercedes,pirelli,2,43,28.979,28979.0
925,2015,9,23,23,23,5,sebastian-vettel,ferrari,ferrari,pirelli,2,43,29.676,29676.0
925,2015,9,24,24,24,9,marcus-ericsson,sauber,ferrari,pirelli,4,42,30.197,30197.0
925,2015,9,25,25,25,6,nico-rosberg,mercedes,mercedes,pirelli,2,44,30.393,30393.0
925,2015,9,26,26,26,19,felipe-massa,williams,mercedes,pirelli,2,44,31.948,31948.0
925,2015,9,27,27,27,77,valtteri-bottas,williams,mercedes,pirelli,2,44,31.937,31937.0
925,2015,9,28,28,28,26,daniil-kvyat,red-bull,renault,pirelli,2,44,33.979,33979.0
925,2015,9,29,29,29,27,nico-hulkenberg,force-india,mercedes,pirelli,2,44,33.891,33891.0
925,2015,9,30,30,30,11,sergio-perez,force-india,mercedes,pirelli,2,44,31.998,31998.0
925,2015,9,31,31,31,98,roberto-merhi,marussia,ferrari,pirelli,2,44,30.686,30686.0
925,2015,9,32,32,32,7,kimi-raikkonen,ferrari,ferrari,pirelli,3,47,30.178,30178.0
925,2015,9,33,33,33,28,will-stevens,marussia,ferrari,pirelli,2,45,43.964,43964.0
926,2015,10,1,1,1,98,roberto-merhi,marussia,ferrari,pirelli,1,6,26.392,26392.0
926,2015,10,2,2,2,77,valtteri-bottas,williams,mercedes,pirelli,1,13,22.974,22974.0
926,2015,10,3,3,3,26,daniil-kvyat,red-bull,renault,pirelli,1,13,22.072,22072.0
926,2015,10,4,4,4,19,felipe-massa,williams,mercedes,pirelli,1,14,27.936,27936.0
926,2015,10,5,5,5,33,max-verstappen,toro-rosso,renault,pirelli,1,14,22.536,22536.0
926,2015,10,6,6,6,22,jenson-button,mclaren,honda,pirelli,1,14,22.231,22231.0
926,2015,10,7,7,7,8,romain-grosjean,lotus-f1,mercedes,pirelli,1,14,22.805,22805.0
926,2015,10,8,8,8,12,felipe-nasr,sauber,ferrari,pirelli,1,14,22.729,22729.0
926,2015,10,9,9,9,27,nico-hulkenberg,force-india,mercedes,pirelli,1,15,22.573,22573.0
926,2015,10,10,10,10,55,carlos-sainz-jr,toro-rosso,renault,pirelli,1,15,25.096,25096.0
926,2015,10,11,11,11,14,fernando-alonso,mclaren,honda,pirelli,1,15,21.567,21567.0
926,2015,10,12,12,12,11,sergio-perez,force-india,mercedes,pirelli,1,16,22.068,22068.0
926,2015,10,13,13,13,9,marcus-ericsson,sauber,ferrari,pirelli,1,16,23.005,23005.0
926,2015,10,14,14,14,44,lewis-hamilton,mercedes,mercedes,pirelli,1,19,23.146,23146.0
926,2015,10,15,15,15,6,nico-rosberg,mercedes,mercedes,pirelli,1,20,21.780,21780.0
926,2015,10,16,16,16,5,sebastian-vettel,ferrari,ferrari,pirelli,1,21,21.900,21900.0
926,2015,10,17,17,17,3,daniel-ricciardo,red-bull,renault,pirelli,1,21,21.824,21824.0
926,2015,10,18,18,18,7,kimi-raikkonen,ferrari,ferrari,pirelli,1,22,22.566,22566.0
926,2015,10,19,19,19,13,pastor-maldonado,lotus-f1,mercedes,pirelli,1,24,16.444,16444.0
926,2015,10,20,20,20,13,pastor-maldonado,lotus-f1,mercedes,pirelli,2,25,22.812,22812.0
926,2015,10,21,21,21,28,will-stevens,marussia,ferrari,pirelli,1,26,23.051,23051.0
926,2015,10,22,22,22,19,felipe-massa,williams,mercedes,pirelli,2,29,21.915,21915.0
926,2015,10,23,23,23,11,sergio-perez,force-india,mercedes,pirelli,2,30,22.409,22409.0
926,2015,10,24,24,24,98,roberto-merhi,marussia,ferrari,pirelli,2,30,23.125,23125.0
926,2015,10,25,25,25,12,felipe-nasr,sauber,ferrari,pirelli,2,32,22.907,22907.0
926,2015,10,26,26,26,26,daniil-kvyat,red-bull,renault,pirelli,2,33,21.574,21574.0
926,2015,10,27,27,27,9,marcus-ericsson,sauber,ferrari,pirelli,2,33,22.199,22199.0
926,2015,10,28,28,28,8,romain-grosjean,lotus-f1,mercedes,pirelli,2,34,28.707,28707.0
926,2015,10,29,29,29,22,jenson-button,mclaren,honda,pirelli,2,35,21.753,21753.0
926,2015,10,30,30,30,27,nico-hulkenberg,force-india,mercedes,pirelli,2,36,22.222,22222.0
926,2015,10,31,31,31,14,fernando-alonso,mclaren,honda,pirelli,2,36,22.300,22300.0
926,2015,10,32,32,32,55,carlos-sainz-jr,toro-rosso,renault,pirelli,2,36,22.930,22930.0
926,2015,10,33,33,33,33,max-verstappen,toro-rosso,renault,pirelli,2,37,23.431,23431.0
926,2015,10,34,34,34,77,valtteri-bottas,williams,mercedes,pirelli,2,38,21.867,21867.0
926,2015,10,35,35,35,6,nico-rosberg,mercedes,mercedes,pirelli,2,42,22.013,22013.0
926,2015,10,36,36,36,11,sergio-perez,force-india,mercedes,pirelli,3,41,22.574,22574.0
926,2015,10,37,37,37,13,pastor-maldonado,lotus-f1,mercedes,pirelli,3,41,24.972,24972.0
926,2015,10,38,38,38,44,lewis-hamilton,mercedes,mercedes,pirelli,2,42,24.272,24272.0
926,2015,10,39,39,39,9,marcus-ericsson,sauber,ferrari,pirelli,3,41,22.747,22747.0
926,2015,10,40,40,40,3,daniel-ricciardo,red-bull,renault,pirelli,2,42,22.008,22008.0
926,2015,10,41,41,41,5,sebastian-vettel,ferrari,ferrari,pirelli,2,43,22.028,22028.0
926,2015,10,42,42,42,7,kimi-raikkonen,ferrari,ferrari,pirelli,2,43,22.270,22270.0
926,2015,10,43,43,43,8,romain-grosjean,lotus-f1,mercedes,pirelli,3,42,23.972,23972.0
926,2015,10,44,44,44,28,will-stevens,marussia,ferrari,pirelli,2,41,23.664,23664.0
926,2015,10,45,45,45,12,felipe-nasr,sauber,ferrari,pirelli,3,42,23.097,23097.0
926,2015,10,46,46,46,98,roberto-merhi,marussia,ferrari,pirelli,3,41,23.207,23207.0
926,2015,10,47,47,47,26,daniil-kvyat,red-bull,renault,pirelli,3,43,21.663,21663.0
926,2015,10,48,48,48,14,fernando-alonso,mclaren,honda,pirelli,3,43,23.162,23162.0
926,2015,10,49,49,49,5,sebastian-vettel,ferrari,ferrari,pirelli,3,45,16.639,16639.0
926,2015,10,50,50,50,55,carlos-sainz-jr,toro-rosso,renault,pirelli,3,44,16.660,16660.0
926,2015,10,51,51,51,22,jenson-button,mclaren,honda,pirelli,3,44,16.488,16488.0
926,2015,10,52,52,52,14,fernando-alonso,mclaren,honda,pirelli,4,44,16.796,16796.0
926,2015,10,53,53,53,7,kimi-raikkonen,ferrari,ferrari,pirelli,3,45,16.979,16979.0
926,2015,10,54,54,54,19,felipe-massa,williams,mercedes,pirelli,3,44,16.823,16823.0
926,2015,10,55,55,55,8,romain-grosjean,lotus-f1,mercedes,pirelli,4,44,17.064,17064.0
926,2015,10,56,56,56,6,nico-rosberg,mercedes,mercedes,pirelli,3,45,16.623,16623.0
926,2015,10,57,57,57,28,will-stevens,marussia,ferrari,pirelli,3,43,17.116,17116.0
926,2015,10,58,58,58,11,sergio-perez,force-india,mercedes,pirelli,4,44,16.958,16958.0
926,2015,10,59,59,59,13,pastor-maldonado,lotus-f1,mercedes,pirelli,4,44,18.782,18782.0
926,2015,10,60,60,60,44,lewis-hamilton,mercedes,mercedes,pirelli,3,45,18.249,18249.0
926,2015,10,61,61,61,9,marcus-ericsson,sauber,ferrari,pirelli,4,44,18.577,18577.0
926,2015,10,62,62,62,12,felipe-nasr,sauber,ferrari,pirelli,4,44,18.246,18246.0
926,2015,10,63,63,63,3,daniel-ricciardo,red-bull,renault,pirelli,3,45,18.270,18270.0
926,2015,10,64,64,64,98,roberto-merhi,marussia,ferrari,pirelli,4,43,18.085,18085.0
926,2015,10,65,65,65,77,valtteri-bottas,williams,mercedes,pirelli,3,45,16.427,16427.0
926,2015,10,66,66,66,33,max-verstappen,toro-rosso,renault,pirelli,3,45,16.485,16485.0
926,2015,10,67,67,67,26,daniil-kvyat,red-bull,renault,pirelli,4,45,16.453,16453.0
926,2015,10,68,68,68,5,sebastian-vettel,ferrari,ferrari,pirelli,4,46,17.121,17121.0
926,2015,10,69,69,69,55,carlos-sainz-jr,toro-rosso,renault,pirelli,4,45,16.786,16786.0
926,2015,10,70,70,70,22,jenson-button,mclaren,honda,pirelli,4,45,16.639,16639.0
926,2015,10,71,71,71,14,fernando-alonso,mclaren,honda,pirelli,5,45,16.879,16879.0
926,2015,10,72,72,72,7,kimi-raikkonen,ferrari,ferrari,pirelli,4,46,16.734,16734.0
926,2015,10,73,73,73,19,felipe-massa,williams,mercedes,pirelli,4,45,16.818,16818.0
926,2015,10,74,74,74,8,romain-grosjean,lotus-f1,mercedes,pirelli,5,45,17.114,17114.0
926,2015,10,75,75,75,6,nico-rosberg,mercedes,mercedes,pirelli,4,46,17.780,17780.0
926,2015,10,76,76,76,28,will-stevens,marussia,ferrari,pirelli,4,44,17.402,17402.0
926,2015,10,77,77,77,11,sergio-perez,force-india,mercedes,pirelli,5,45,32.181,32181.0
926,2015,10,78,78,78,44,lewis-hamilton,mercedes,mercedes,pirelli,4,46,17.726,17726.0
926,2015,10,79,79,79,13,pastor-maldonado,lotus-f1,mercedes,pirelli,5,45,18.186,18186.0
926,2015,10,80,80,80,9,marcus-ericsson,sauber,ferrari,pirelli,5,45,17.472,17472.0
926,2015,10,81,81,81,12,felipe-nasr,sauber,ferrari,pirelli,5,45,17.235,17235.0
926,2015,10,82,82,82,3,daniel-ricciardo,red-bull,renault,pirelli,4,46,18.758,18758.0
926,2015,10,83,83,83,98,roberto-merhi,marussia,ferrari,pirelli,5,44,18.149,18149.0
926,2015,10,84,84,84,33,max-verstappen,toro-rosso,renault,pirelli,4,46,23.043,23043.0
926,2015,10,85,85,85,77,valtteri-bottas,williams,mercedes,pirelli,4,46,17.557,17557.0
926,2015,10,86,86,86,26,daniil-kvyat,red-bull,renault,pirelli,5,46,17.849,17849.0
926,2015,10,87,87,87,77,valtteri-bottas,williams,mercedes,pirelli,5,49,30.031,30031.0
926,2015,10,88,88,88,44,lewis-hamilton,mercedes,mercedes,pirelli,5,51,27.715,27715.0
926,2015,10,89,89,89,7,kimi-raikkonen,ferrari,ferrari,pirelli,5,52,59.555,59555.0
926,2015,10,90,90,90,19,felipe-massa,williams,mercedes,pirelli,5,54,21.502,21502.0
926,2015,10,91,91,91,44,lewis-hamilton,mercedes,mercedes,pirelli,6,54,16.579,16579.0
926,2015,10,92,92,92,28,will-stevens,marussia,ferrari,pirelli,5,54,22.716,22716.0
926,2015,10,93,93,93,33,max-verstappen,toro-rosso,renault,pirelli,5,56,16.415,16415.0
926,2015,10,94,94,94,13,pastor-maldonado,lotus-f1,mercedes,pirelli,6,58,16.446,16446.0
926,2015,10,95,95,95,3,daniel-ricciardo,red-bull,renault,pirelli,5,64,31.037,31037.0
926,2015,10,96,96,96,6,nico-rosberg,mercedes,mercedes,pirelli,5,64,24.575,24575.0
927,2015,11,1,1,1,3,daniel-ricciardo,red-bull,renault,pirelli,1,7,22.637,22637.0
927,2015,11,2,2,2,55,carlos-sainz-jr,toro-rosso,renault,pirelli,1,5,23.732,23732.0
927,2015,11,3,3,3,11,sergio-perez,force-india,mercedes,pirelli,1,8,23.562,23562.0
927,2015,11,4,4,4,77,valtteri-bottas,williams,mercedes,pirelli,1,8,23.319,23319.0
927,2015,11,5,5,5,14,fernando-alonso,mclaren,honda,pirelli,1,8,22.973,22973.0
927,2015,11,6,6,6,8,romain-grosjean,lotus-f1,mercedes,pirelli,1,9,23.717,23717.0
927,2015,11,7,7,7,26,daniil-kvyat,red-bull,renault,pirelli,1,9,22.796,22796.0
927,2015,11,8,8,8,19,felipe-massa,williams,mercedes,pirelli,1,9,23.282,23282.0
927,2015,11,9,9,9,33,max-verstappen,toro-rosso,renault,pirelli,1,9,24.564,24564.0
927,2015,11,10,10,10,9,marcus-ericsson,sauber,ferrari,pirelli,1,9,24.183,24183.0
927,2015,11,11,11,11,12,felipe-nasr,sauber,ferrari,pirelli,1,10,23.439,23439.0
927,2015,11,12,12,12,7,kimi-raikkonen,ferrari,ferrari,pirelli,1,11,22.578,22578.0
927,2015,11,13,13,13,22,jenson-button,mclaren,honda,pirelli,1,11,24.083,24083.0
927,2015,11,14,14,14,6,nico-rosberg,mercedes,mercedes,pirelli,1,12,22.997,22997.0
927,2015,11,15,15,15,44,lewis-hamilton,mercedes,mercedes,pirelli,1,13,22.403,22403.0
927,2015,11,16,16,16,5,sebastian-vettel,ferrari,ferrari,pirelli,1,14,22.681,22681.0
927,2015,11,17,17,17,77,valtteri-bottas,williams,mercedes,pirelli,2,15,17.343,17343.0
927,2015,11,18,18,18,98,roberto-merhi,marussia,ferrari,pirelli,1,15,23.643,23643.0
927,2015,11,19,19,19,28,will-stevens,marussia,ferrari,pirelli,1,16,23.826,23826.0
927,2015,11,20,20,20,11,sergio-perez,force-india,mercedes,pirelli,2,20,22.918,22918.0
927,2015,11,21,21,21,14,fernando-alonso,mclaren,honda,pirelli,2,20,26.103,26103.0
927,2015,11,22,22,22,22,jenson-button,mclaren,honda,pirelli,2,20,24.151,24151.0
927,2015,11,23,23,23,8,romain-grosjean,lotus-f1,mercedes,pirelli,2,21,23.493,23493.0
927,2015,11,24,24,24,19,felipe-massa,williams,mercedes,pirelli,2,21,23.655,23655.0
927,2015,11,25,25,25,7,kimi-raikkonen,ferrari,ferrari,pirelli,2,21,23.143,23143.0
927,2015,11,26,26,26,33,max-verstappen,toro-rosso,renault,pirelli,2,21,23.041,23041.0
927,2015,11,27,27,27,77,valtteri-bottas,williams,mercedes,pirelli,3,21,23.489,23489.0
927,2015,11,28,28,28,55,carlos-sainz-jr,toro-rosso,renault,pirelli,2,23,23.348,23348.0
927,2015,11,29,29,29,26,daniil-kvyat,red-bull,renault,pirelli,2,27,22.563,22563.0
927,2015,11,30,30,30,12,felipe-nasr,sauber,ferrari,pirelli,2,27,23.288,23288.0
927,2015,11,31,31,31,9,marcus-ericsson,sauber,ferrari,pirelli,2,28,23.684,23684.0
927,2015,11,32,32,32,44,lewis-hamilton,mercedes,mercedes,pirelli,2,30,22.955,22955.0
927,2015,11,33,33,33,98,roberto-merhi,marussia,ferrari,pirelli,2,29,23.282,23282.0
927,2015,11,34,34,34,6,nico-rosberg,mercedes,mercedes,pirelli,2,31,22.765,22765.0
927,2015,11,35,35,35,28,will-stevens,marussia,ferrari,pirelli,2,30,24.450,24450.0
927,2015,11,36,36,36,33,max-verstappen,toro-rosso,renault,pirelli,3,32,22.942,22942.0
927,2015,11,37,37,37,14,fernando-alonso,mclaren,honda,pirelli,3,32,23.191,23191.0
927,2015,11,38,38,38,22,jenson-button,mclaren,honda,pirelli,3,35,23.761,23761.0
928,2015,12,1,1,1,12,felipe-nasr,sauber,ferrari,pirelli,1,1,25.761,25761.0
928,2015,12,2,2,2,33,max-verstappen,toro-rosso,renault,pirelli,1,1,18.818,18818.0
928,2015,12,3,3,3,55,carlos-sainz-jr,toro-rosso,renault,pirelli,1,10,30.358,30358.0
928,2015,12,4,4,4,6,nico-rosberg,mercedes,mercedes,pirelli,1,18,24.657,24657.0
928,2015,12,5,5,5,27,nico-hulkenberg,force-india,mercedes,pirelli,1,18,24.286,24286.0
928,2015,12,6,6,6,19,felipe-massa,williams,mercedes,pirelli,1,19,25.207,25207.0
928,2015,12,7,7,7,33,max-verstappen,toro-rosso,renault,pirelli,2,19,25.318,25318.0
928,2015,12,8,8,8,9,marcus-ericsson,sauber,ferrari,pirelli,1,20,24.842,24842.0
928,2015,12,9,9,9,77,valtteri-bottas,williams,mercedes,pirelli,1,22,25.536,25536.0
928,2015,12,10,10,10,11,sergio-perez,force-india,mercedes,pirelli,1,23,24.281,24281.0
928,2015,12,11,11,11,12,felipe-nasr,sauber,ferrari,pirelli,2,24,25.282,25282.0
928,2015,12,12,12,12,5,sebastian-vettel,ferrari,ferrari,pirelli,1,25,24.340,24340.0
928,2015,12,13,13,13,22,jenson-button,mclaren,honda,pirelli,1,25,24.310,24310.0
928,2015,12,14,14,14,44,lewis-hamilton,mercedes,mercedes,pirelli,1,26,24.368,24368.0
928,2015,12,15,15,15,28,will-stevens,marussia,ferrari,pirelli,1,26,29.382,29382.0
928,2015,12,16,16,16,26,daniil-kvyat,red-bull,renault,pirelli,1,27,23.884,23884.0
928,2015,12,17,17,17,7,kimi-raikkonen,ferrari,ferrari,pirelli,1,28,24.442,24442.0
928,2015,12,18,18,18,98,roberto-merhi,marussia,ferrari,pirelli,1,27,26.435,26435.0
928,2015,12,19,19,19,14,fernando-alonso,mclaren,honda,pirelli,1,28,24.330,24330.0
928,2015,12,20,20,20,3,daniel-ricciardo,red-bull,renault,pirelli,1,30,24.259,24259.0
928,2015,12,21,21,21,55,carlos-sainz-jr,toro-rosso,renault,pirelli,2,30,24.736,24736.0
928,2015,12,22,22,22,33,max-verstappen,toro-rosso,renault,pirelli,3,33,24.938,24938.0
928,2015,12,23,23,23,14,fernando-alonso,mclaren,honda,pirelli,2,46,19.374,19374.0
929,2015,13,1,1,1,8,romain-grosjean,lotus-f1,mercedes,pirelli,1,9,30.640,30640.0
929,2015,13,2,2,2,55,carlos-sainz-jr,toro-rosso,renault,pirelli,1,10,34.970,34970.0
929,2015,13,3,3,3,14,fernando-alonso,mclaren,honda,pirelli,1,10,34.237,34237.0
929,2015,13,4,4,4,9,marcus-ericsson,sauber,ferrari,pirelli,1,10,29.589,29589.0
929,2015,13,5,5,5,13,pastor-maldonado,lotus-f1,mercedes,pirelli,1,10,29.762,29762.0
929,2015,13,6,6,6,27,nico-hulkenberg,force-india,mercedes,pirelli,1,11,30.868,30868.0
929,2015,13,7,7,7,26,daniil-kvyat,red-bull,renault,pirelli,1,12,29.159,29159.0
929,2015,13,8,8,8,19,felipe-massa,williams,mercedes,pirelli,1,12,31.380,31380.0
929,2015,13,9,9,9,5,sebastian-vettel,ferrari,ferrari,pirelli,1,13,29.172,29172.0
929,2015,13,10,10,10,3,daniel-ricciardo,red-bull,renault,pirelli,1,13,31.307,31307.0
929,2015,13,11,11,11,7,kimi-raikkonen,ferrari,ferrari,pirelli,1,13,30.031,30031.0
929,2015,13,12,12,12,44,lewis-hamilton,mercedes,mercedes,pirelli,1,13,28.917,28917.0
929,2015,13,13,13,13,6,nico-rosberg,mercedes,mercedes,pirelli,1,13,30.562,30562.0
929,2015,13,14,14,14,77,valtteri-bottas,williams,mercedes,pirelli,1,13,29.260,29260.0
929,2015,13,15,15,15,11,sergio-perez,force-india,mercedes,pirelli,1,13,29.732,29732.0
929,2015,13,16,16,16,12,felipe-nasr,sauber,ferrari,pirelli,1,13,29.679,29679.0
929,2015,13,17,17,17,22,jenson-button,mclaren,honda,pirelli,1,13,1:05.317,65317.0
929,2015,13,18,18,18,33,max-verstappen,toro-rosso,renault,pirelli,1,12,31.207,31207.0
929,2015,13,19,19,19,53,alexander-rossi,marussia,ferrari,pirelli,1,13,31.180,31180.0
929,2015,13,20,20,20,19,felipe-massa,williams,mercedes,pirelli,2,14,29.907,29907.0
929,2015,13,21,21,21,28,will-stevens,marussia,ferrari,pirelli,1,14,30.398,30398.0
929,2015,13,22,22,22,8,romain-grosjean,lotus-f1,mercedes,pirelli,2,26,29.826,29826.0
929,2015,13,23,23,23,13,pastor-maldonado,lotus-f1,mercedes,pirelli,2,27,29.223,29223.0
929,2015,13,24,24,24,9,marcus-ericsson,sauber,ferrari,pirelli,2,28,29.857,29857.0
929,2015,13,25,25,25,55,carlos-sainz-jr,toro-rosso,renault,pirelli,2,28,29.742,29742.0
929,2015,13,26,26,26,19,felipe-massa,williams,mercedes,pirelli,3,29,24.415,24415.0
929,2015,13,27,27,27,26,daniil-kvyat,red-bull,renault,pirelli,2,33,32.924,32924.0
929,2015,13,28,28,28,11,sergio-perez,force-india,mercedes,pirelli,2,34,29.676,29676.0
929,2015,13,29,29,29,12,felipe-nasr,sauber,ferrari,pirelli,2,34,29.917,29917.0
929,2015,13,30,30,30,33,max-verstappen,toro-rosso,renault,pirelli,2,36,30.844,30844.0
929,2015,13,31,31,31,9,marcus-ericsson,sauber,ferrari,pirelli,3,36,29.398,29398.0
929,2015,13,32,32,32,5,sebastian-vettel,ferrari,ferrari,pirelli,2,37,29.273,29273.0
929,2015,13,33,33,33,3,daniel-ricciardo,red-bull,renault,pirelli,2,37,29.419,29419.0
929,2015,13,34,34,34,53,alexander-rossi,marussia,ferrari,pirelli,2,36,32.036,32036.0
929,2015,13,35,35,35,7,kimi-raikkonen,ferrari,ferrari,pirelli,2,37,30.689,30689.0
929,2015,13,36,36,36,6,nico-rosberg,mercedes,mercedes,pirelli,2,37,29.887,29887.0
929,2015,13,37,37,37,77,valtteri-bottas,williams,mercedes,pirelli,2,37,29.239,29239.0
929,2015,13,38,38,38,22,jenson-button,mclaren,honda,pirelli,2,37,30.106,30106.0
929,2015,13,39,39,39,55,carlos-sainz-jr,toro-rosso,renault,pirelli,3,37,29.885,29885.0
929,2015,13,40,40,40,28,will-stevens,marussia,ferrari,pirelli,2,37,37.847,37847.0
929,2015,13,41,41,41,22,jenson-button,mclaren,honda,pirelli,3,41,37.822,37822.0
929,2015,13,42,42,42,13,pastor-maldonado,lotus-f1,mercedes,pirelli,3,54,29.996,29996.0
930,2015,14,1,1,1,11,sergio-perez,force-india,mercedes,pirelli,1,1,25.041,25041.0
930,2015,14,2,2,2,3,daniel-ricciardo,red-bull,renault,pirelli,1,1,26.087,26087.0
930,2015,14,3,3,3,19,felipe-massa,williams,mercedes,pirelli,1,1,34.166,34166.0
930,2015,14,4,4,4,26,daniil-kvyat,red-bull,renault,pirelli,1,8,23.316,23316.0
930,2015,14,5,5,5,14,fernando-alonso,mclaren,honda,pirelli,1,9,23.640,23640.0
930,2015,14,6,6,6,33,max-verstappen,toro-rosso,renault,pirelli,1,9,27.793,27793.0
930,2015,14,7,7,7,27,nico-hulkenberg,force-india,mercedes,pirelli,1,10,23.750,23750.0
930,2015,14,8,8,8,12,felipe-nasr,sauber,ferrari,pirelli,1,10,24.763,24763.0
930,2015,14,9,9,9,22,jenson-button,mclaren,honda,pirelli,1,10,23.343,23343.0
930,2015,14,10,10,10,77,valtteri-bottas,williams,mercedes,pirelli,1,11,23.542,23542.0
930,2015,14,11,11,11,8,romain-grosjean,lotus-f1,mercedes,pirelli,1,11,23.793,23793.0
930,2015,14,12,12,12,13,pastor-maldonado,lotus-f1,mercedes,pirelli,1,12,24.842,24842.0
930,2015,14,13,13,13,5,sebastian-vettel,ferrari,ferrari,pirelli,1,13,23.074,23074.0
930,2015,14,14,14,14,9,marcus-ericsson,sauber,ferrari,pirelli,1,13,23.418,23418.0
930,2015,14,15,15,15,7,kimi-raikkonen,ferrari,ferrari,pirelli,1,14,23.714,23714.0
930,2015,14,16,16,16,55,carlos-sainz-jr,toro-rosso,renault,pirelli,1,14,23.701,23701.0
930,2015,14,17,17,17,6,nico-rosberg,mercedes,mercedes,pirelli,1,15,23.078,23078.0
930,2015,14,18,18,18,44,lewis-hamilton,mercedes,mercedes,pirelli,1,16,22.750,22750.0
930,2015,14,19,19,19,19,felipe-massa,williams,mercedes,pirelli,2,16,26.735,26735.0
930,2015,14,20,20,20,11,sergio-perez,force-india,mercedes,pirelli,2,18,24.303,24303.0
930,2015,14,21,21,21,26,daniil-kvyat,red-bull,renault,pirelli,2,20,23.183,23183.0
930,2015,14,22,22,22,28,will-stevens,marussia,ferrari,pirelli,1,21,25.875,25875.0
930,2015,14,23,23,23,53,alexander-rossi,marussia,ferrari,pirelli,1,22,25.146,25146.0
930,2015,14,24,24,24,3,daniel-ricciardo,red-bull,renault,pirelli,2,24,23.225,23225.0
930,2015,14,25,25,25,9,marcus-ericsson,sauber,ferrari,pirelli,2,26,23.441,23441.0
930,2015,14,26,26,26,55,carlos-sainz-jr,toro-rosso,renault,pirelli,2,27,39.345,39345.0
930,2015,14,27,27,27,22,jenson-button,mclaren,honda,pirelli,2,27,23.801,23801.0
930,2015,14,28,28,28,7,kimi-raikkonen,ferrari,ferrari,pirelli,2,28,22.584,22584.0
930,2015,14,29,29,29,14,fernando-alonso,mclaren,honda,pirelli,2,28,23.767,23767.0
930,2015,14,30,30,30,6,nico-rosberg,mercedes,mercedes,pirelli,2,29,23.241,23241.0
930,2015,14,31,31,31,77,valtteri-bottas,williams,mercedes,pirelli,2,29,23.588,23588.0
930,2015,14,32,32,32,5,sebastian-vettel,ferrari,ferrari,pirelli,2,30,23.130,23130.0
930,2015,14,33,33,33,33,max-verstappen,toro-rosso,renault,pirelli,2,30,23.977,23977.0
930,2015,14,34,34,34,12,felipe-nasr,sauber,ferrari,pirelli,2,30,24.116,24116.0
930,2015,14,35,35,35,44,lewis-hamilton,mercedes,mercedes,pirelli,2,31,23.165,23165.0
930,2015,14,36,36,36,27,nico-hulkenberg,force-india,mercedes,pirelli,2,31,23.491,23491.0
930,2015,14,37,37,37,8,romain-grosjean,lotus-f1,mercedes,pirelli,2,33,24.554,24554.0
930,2015,14,38,38,38,28,will-stevens,marussia,ferrari,pirelli,2,32,23.647,23647.0
930,2015,14,39,39,39,53,alexander-rossi,marussia,ferrari,pirelli,2,33,25.088,25088.0
930,2015,14,40,40,40,26,daniil-kvyat,red-bull,renault,pirelli,3,34,23.381,23381.0
930,2015,14,41,41,41,19,felipe-massa,williams,mercedes,pirelli,3,34,24.670,24670.0
930,2015,14,42,42,42,13,pastor-maldonado,lotus-f1,mercedes,pirelli,2,36,23.249,23249.0
930,2015,14,43,43,43,11,sergio-perez,force-india,mercedes,pirelli,3,36,24.267,24267.0
930,2015,14,44,44,44,28,will-stevens,marussia,ferrari,pirelli,3,42,35.760,35760.0
931,2015,15,1,1,1,8,romain-grosjean,lotus-f1,mercedes,pirelli,1,1,54.445,54445.0
931,2015,15,2,2,2,33,max-verstappen,toro-rosso,renault,pirelli,1,1,37.334,37334.0
931,2015,15,3,3,3,11,sergio-perez,force-india,mercedes,pirelli,1,12,30.545,30545.0
931,2015,15,4,4,4,3,daniel-ricciardo,red-bull,renault,pirelli,1,12,29.732,29732.0
931,2015,15,5,5,5,55,carlos-sainz-jr,toro-rosso,renault,pirelli,1,12,30.288,30288.0
931,2015,15,6,6,6,22,jenson-button,mclaren,honda,pirelli,1,12,29.719,29719.0
931,2015,15,7,7,7,14,fernando-alonso,mclaren,honda,pirelli,1,13,29.539,29539.0
931,2015,15,8,8,8,98,roberto-merhi,marussia,ferrari,pirelli,1,13,35.072,35072.0
931,2015,15,9,9,9,28,will-stevens,marussia,ferrari,pirelli,1,14,32.400,32400.0
931,2015,15,10,10,10,28,will-stevens,marussia,ferrari,pirelli,2,17,30.421,30421.0
931,2015,15,11,11,11,33,max-verstappen,toro-rosso,renault,pirelli,2,24,30.241,30241.0
931,2015,15,12,12,12,77,valtteri-bottas,williams,mercedes,pirelli,1,26,30.316,30316.0
931,2015,15,13,13,13,5,sebastian-vettel,ferrari,ferrari,pirelli,1,30,29.367,29367.0
931,2015,15,14,14,14,19,felipe-massa,williams,mercedes,pirelli,1,30,30.741,30741.0
931,2015,15,15,15,15,13,pastor-maldonado,lotus-f1,mercedes,pirelli,1,30,29.952,29952.0
931,2015,15,16,16,16,7,kimi-raikkonen,ferrari,ferrari,pirelli,1,31,29.386,29386.0
931,2015,15,17,17,17,44,lewis-hamilton,mercedes,mercedes,pirelli,1,32,30.216,30216.0
931,2015,15,18,18,18,26,daniil-kvyat,red-bull,renault,pirelli,1,33,30.418,30418.0
931,2015,15,19,19,19,12,felipe-nasr,sauber,ferrari,pirelli,1,34,30.362,30362.0
932,2015,16,1,1,1,77,valtteri-bottas,williams,mercedes,pirelli,1,1,40.488,40488.0
932,2015,16,2,2,2,8,romain-grosjean,lotus-f1,mercedes,pirelli,1,1,27.621,27621.0
932,2015,16,3,3,3,53,alexander-rossi,marussia,ferrari,pirelli,1,1,37.748,37748.0
932,2015,16,4,4,4,14,fernando-alonso,mclaren,honda,pirelli,1,1,31.987,31987.0
932,2015,16,5,5,5,12,felipe-nasr,sauber,ferrari,pirelli,1,2,31.137,31137.0
932,2015,16,6,6,6,12,felipe-nasr,sauber,ferrari,pirelli,2,3,25.931,25931.0
932,2015,16,7,7,7,77,valtteri-bottas,williams,mercedes,pirelli,2,4,26.384,26384.0
932,2015,16,8,8,8,8,romain-grosjean,lotus-f1,mercedes,pirelli,2,9,27.730,27730.0
932,2015,16,9,9,9,9,marcus-ericsson,sauber,ferrari,pirelli,1,16,29.728,29728.0
932,2015,16,10,10,10,22,jenson-button,mclaren,honda,pirelli,1,17,27.286,27286.0
932,2015,16,11,11,11,44,lewis-hamilton,mercedes,mercedes,pirelli,1,18,24.354,24354.0
932,2015,16,12,12,12,33,max-verstappen,toro-rosso,renault,pirelli,1,18,25.527,25527.0
932,2015,16,13,13,13,5,sebastian-vettel,ferrari,ferrari,pirelli,1,18,25.019,25019.0
932,2015,16,14,14,14,19,felipe-massa,williams,mercedes,pirelli,1,18,24.646,24646.0
932,2015,16,15,15,15,12,felipe-nasr,sauber,ferrari,pirelli,3,17,25.714,25714.0
932,2015,16,16,16,16,53,alexander-rossi,marussia,ferrari,pirelli,2,17,26.520,26520.0
932,2015,16,17,17,17,13,pastor-maldonado,lotus-f1,mercedes,pirelli,1,18,27.851,27851.0
932,2015,16,18,18,18,14,fernando-alonso,mclaren,honda,pirelli,2,18,24.631,24631.0
932,2015,16,19,19,19,3,daniel-ricciardo,red-bull,renault,pirelli,1,19,24.449,24449.0
932,2015,16,20,20,20,6,nico-rosberg,mercedes,mercedes,pirelli,1,19,24.640,24640.0
932,2015,16,21,21,21,26,daniil-kvyat,red-bull,renault,pirelli,1,19,24.638,24638.0
932,2015,16,22,22,22,11,sergio-perez,force-india,mercedes,pirelli,1,19,26.458,26458.0
932,2015,16,23,23,23,7,kimi-raikkonen,ferrari,ferrari,pirelli,1,19,24.733,24733.0
932,2015,16,24,24,24,55,carlos-sainz-jr,toro-rosso,renault,pirelli,1,19,25.259,25259.0
932,2015,16,25,25,25,27,nico-hulkenberg,force-india,mercedes,pirelli,1,19,27.344,27344.0
932,2015,16,26,26,26,9,marcus-ericsson,sauber,ferrari,pirelli,2,19,30.932,30932.0
932,2015,16,27,27,27,7,kimi-raikkonen,ferrari,ferrari,pirelli,2,20,34.548,34548.0
932,2015,16,28,28,28,14,fernando-alonso,mclaren,honda,pirelli,3,26,25.405,25405.0
932,2015,16,29,29,29,5,sebastian-vettel,ferrari,ferrari,pirelli,2,27,25.576,25576.0
932,2015,16,30,30,30,27,nico-hulkenberg,force-india,mercedes,pirelli,2,27,27.360,27360.0
932,2015,16,31,31,31,55,carlos-sainz-jr,toro-rosso,renault,pirelli,2,27,44.582,44582.0
932,2015,16,32,32,32,11,sergio-perez,force-india,mercedes,pirelli,2,27,24.730,24730.0
932,2015,16,33,33,33,22,jenson-button,mclaren,honda,pirelli,2,27,24.689,24689.0
932,2015,16,34,34,34,13,pastor-maldonado,lotus-f1,mercedes,pirelli,2,27,25.446,25446.0
932,2015,16,35,35,35,12,felipe-nasr,sauber,ferrari,pirelli,4,26,24.975,24975.0
932,2015,16,36,36,36,33,max-verstappen,toro-rosso,renault,pirelli,2,28,24.904,24904.0
932,2015,16,37,37,37,53,alexander-rossi,marussia,ferrari,pirelli,3,27,25.812,25812.0
932,2015,16,38,38,38,6,nico-rosberg,mercedes,mercedes,pirelli,2,38,25.242,25242.0
932,2015,16,39,39,39,26,daniil-kvyat,red-bull,renault,pirelli,2,38,25.205,25205.0
932,2015,16,40,40,40,3,daniel-ricciardo,red-bull,renault,pirelli,2,38,27.802,27802.0
932,2015,16,41,41,41,12,felipe-nasr,sauber,ferrari,pirelli,5,42,35.546,35546.0
932,2015,16,42,42,42,44,lewis-hamilton,mercedes,mercedes,pirelli,2,43,24.088,24088.0
932,2015,16,43,43,43,5,sebastian-vettel,ferrari,ferrari,pirelli,3,43,24.158,24158.0
932,2015,16,44,44,44,55,carlos-sainz-jr,toro-rosso,renault,pirelli,3,43,26.840,26840.0
932,2015,16,45,45,45,13,pastor-maldonado,lotus-f1,mercedes,pirelli,3,43,25.054,25054.0
932,2015,16,46,46,46,22,jenson-button,mclaren,honda,pirelli,3,44,24.862,24862.0
932,2015,16,47,47,47,3,daniel-ricciardo,red-bull,renault,pirelli,3,50,24.495,24495.0
933,2015,17,1,1,1,5,sebastian-vettel,ferrari,ferrari,pirelli,1,1,28.070,28070.0
933,2015,17,2,2,2,77,valtteri-bottas,williams,mercedes,pirelli,1,8,22.957,22957.0
933,2015,17,3,3,3,19,felipe-massa,williams,mercedes,pirelli,1,9,22.849,22849.0
933,2015,17,4,4,4,27,nico-hulkenberg,force-india,mercedes,pirelli,1,9,23.277,23277.0
933,2015,17,5,5,5,13,pastor-maldonado,lotus-f1,mercedes,pirelli,1,10,26.647,26647.0
933,2015,17,6,6,6,9,marcus-ericsson,sauber,ferrari,pirelli,1,10,22.956,22956.0
933,2015,17,7,7,7,8,romain-grosjean,lotus-f1,mercedes,pirelli,1,11,22.735,22735.0
933,2015,17,8,8,8,12,felipe-nasr,sauber,ferrari,pirelli,1,12,23.026,23026.0
933,2015,17,9,9,9,55,carlos-sainz-jr,toro-rosso,renault,pirelli,1,13,23.128,23128.0
933,2015,17,10,10,10,11,sergio-perez,force-india,mercedes,pirelli,1,18,23.547,23547.0
933,2015,17,11,11,11,26,daniil-kvyat,red-bull,renault,pirelli,1,21,22.559,22559.0
933,2015,17,12,12,12,3,daniel-ricciardo,red-bull,renault,pirelli,1,24,22.422,22422.0
933,2015,17,13,13,13,33,max-verstappen,toro-rosso,renault,pirelli,1,25,22.985,22985.0
933,2015,17,14,14,14,6,nico-rosberg,mercedes,mercedes,pirelli,1,26,22.391,22391.0
933,2015,17,15,15,15,28,will-stevens,marussia,ferrari,pirelli,1,26,25.087,25087.0
933,2015,17,16,16,16,44,lewis-hamilton,mercedes,mercedes,pirelli,1,28,22.304,22304.0
933,2015,17,17,17,17,53,alexander-rossi,marussia,ferrari,pirelli,1,27,25.367,25367.0
933,2015,17,18,18,18,22,jenson-button,mclaren,honda,pirelli,1,30,23.356,23356.0
933,2015,17,19,19,19,5,sebastian-vettel,ferrari,ferrari,pirelli,2,35,22.156,22156.0
933,2015,17,20,20,20,9,marcus-ericsson,sauber,ferrari,pirelli,2,39,23.461,23461.0
933,2015,17,21,21,21,55,carlos-sainz-jr,toro-rosso,renault,pirelli,2,43,23.776,23776.0
933,2015,17,22,22,22,12,felipe-nasr,sauber,ferrari,pirelli,2,44,23.417,23417.0
933,2015,17,23,23,23,6,nico-rosberg,mercedes,mercedes,pirelli,2,46,22.303,22303.0
933,2015,17,24,24,24,44,lewis-hamilton,mercedes,mercedes,pirelli,2,48,22.328,22328.0
933,2015,17,25,25,25,22,jenson-button,mclaren,honda,pirelli,2,47,23.018,23018.0
933,2015,17,26,26,26,55,carlos-sainz-jr,toro-rosso,renault,pirelli,3,51,23.068,23068.0
933,2015,17,27,27,27,9,marcus-ericsson,sauber,ferrari,pirelli,3,51,23.292,23292.0
933,2015,17,28,28,28,26,daniil-kvyat,red-bull,renault,pirelli,2,52,22.518,22518.0
933,2015,17,29,29,29,3,daniel-ricciardo,red-bull,renault,pirelli,2,52,22.488,22488.0
933,2015,17,30,30,30,19,felipe-massa,williams,mercedes,pirelli,2,52,23.086,23086.0
933,2015,17,31,31,31,27,nico-hulkenberg,force-india,mercedes,pirelli,2,52,24.136,24136.0
933,2015,17,32,32,32,12,felipe-nasr,sauber,ferrari,pirelli,3,51,23.813,23813.0
933,2015,17,33,33,33,33,max-verstappen,toro-rosso,renault,pirelli,2,52,22.589,22589.0
933,2015,17,34,34,34,8,romain-grosjean,lotus-f1,mercedes,pirelli,2,52,23.101,23101.0
933,2015,17,35,35,35,13,pastor-maldonado,lotus-f1,mercedes,pirelli,2,52,23.937,23937.0
933,2015,17,36,36,36,28,will-stevens,marussia,ferrari,pirelli,2,50,24.224,24224.0
933,2015,17,37,37,37,53,alexander-rossi,marussia,ferrari,pirelli,2,50,30.442,30442.0
933,2015,17,38,38,38,77,valtteri-bottas,williams,mercedes,pirelli,2,53,23.160,23160.0
934,2015,18,1,1,1,3,daniel-ricciardo,red-bull,renault,pirelli,1,3,23.937,23937.0
934,2015,18,2,2,2,27,nico-hulkenberg,force-india,mercedes,pirelli,1,9,24.009,24009.0
934,2015,18,3,3,3,26,daniil-kvyat,red-bull,renault,pirelli,1,10,24.155,24155.0
934,2015,18,4,4,4,19,felipe-massa,williams,mercedes,pirelli,1,10,23.887,23887.0
934,2015,18,5,5,5,11,sergio-perez,force-india,mercedes,pirelli,1,10,23.854,23854.0
934,2015,18,6,6,6,8,romain-grosjean,lotus-f1,mercedes,pirelli,1,10,24.475,24475.0
934,2015,18,7,7,7,77,valtteri-bottas,williams,mercedes,pirelli,1,11,23.736,23736.0
934,2015,18,8,8,8,33,max-verstappen,toro-rosso,renault,pirelli,1,11,24.166,24166.0
934,2015,18,9,9,9,7,kimi-raikkonen,ferrari,ferrari,pirelli,1,12,23.293,23293.0
934,2015,18,10,10,10,22,jenson-button,mclaren,honda,pirelli,1,12,23.242,23242.0
934,2015,18,11,11,11,9,marcus-ericsson,sauber,ferrari,pirelli,1,12,24.699,24699.0
934,2015,18,12,12,12,6,nico-rosberg,mercedes,mercedes,pirelli,1,13,25.039,25039.0
934,2015,18,13,13,13,5,sebastian-vettel,ferrari,ferrari,pirelli,1,13,23.801,23801.0
934,2015,18,14,14,14,14,fernando-alonso,mclaren,honda,pirelli,1,13,22.981,22981.0
934,2015,18,15,15,15,44,lewis-hamilton,mercedes,mercedes,pirelli,1,14,24.328,24328.0
934,2015,18,16,16,16,12,felipe-nasr,sauber,ferrari,pirelli,1,14,25.529,25529.0
934,2015,18,17,17,17,53,alexander-rossi,marussia,ferrari,pirelli,1,14,25.492,25492.0
934,2015,18,18,18,18,28,will-stevens,marussia,ferrari,pirelli,1,15,25.547,25547.0
934,2015,18,19,19,19,13,pastor-maldonado,lotus-f1,mercedes,pirelli,1,25,24.115,24115.0
934,2015,18,20,20,20,3,daniel-ricciardo,red-bull,renault,pirelli,2,28,23.979,23979.0
934,2015,18,21,21,21,22,jenson-button,mclaren,honda,pirelli,2,31,24.265,24265.0
934,2015,18,22,22,22,5,sebastian-vettel,ferrari,ferrari,pirelli,2,32,23.474,23474.0
934,2015,18,23,23,23,6,nico-rosberg,mercedes,mercedes,pirelli,2,33,23.321,23321.0
934,2015,18,24,24,24,14,fernando-alonso,mclaren,honda,pirelli,2,32,23.218,23218.0
934,2015,18,25,25,25,9,marcus-ericsson,sauber,ferrari,pirelli,2,32,29.148,29148.0
934,2015,18,26,26,26,11,sergio-perez,force-india,mercedes,pirelli,2,33,23.609,23609.0
934,2015,18,27,27,27,44,lewis-hamilton,mercedes,mercedes,pirelli,2,34,23.148,23148.0
934,2015,18,28,28,28,33,max-verstappen,toro-rosso,renault,pirelli,2,34,24.153,24153.0
934,2015,18,29,29,29,27,nico-hulkenberg,force-india,mercedes,pirelli,2,35,24.199,24199.0
934,2015,18,30,30,30,8,romain-grosjean,lotus-f1,mercedes,pirelli,2,35,23.787,23787.0
934,2015,18,31,31,31,19,felipe-massa,williams,mercedes,pirelli,2,38,23.927,23927.0
934,2015,18,32,32,32,26,daniil-kvyat,red-bull,renault,pirelli,2,39,23.630,23630.0
934,2015,18,33,33,33,12,felipe-nasr,sauber,ferrari,pirelli,2,39,24.491,24491.0
934,2015,18,34,34,34,77,valtteri-bottas,williams,mercedes,pirelli,2,41,24.913,24913.0
934,2015,18,35,35,35,28,will-stevens,marussia,ferrari,pirelli,2,40,27.095,27095.0
934,2015,18,36,36,36,53,alexander-rossi,marussia,ferrari,pirelli,2,41,26.706,26706.0
934,2015,18,37,37,37,13,pastor-maldonado,lotus-f1,mercedes,pirelli,2,44,30.082,30082.0
934,2015,18,38,38,38,7,kimi-raikkonen,ferrari,ferrari,pirelli,2,46,25.308,25308.0
934,2015,18,39,39,39,5,sebastian-vettel,ferrari,ferrari,pirelli,3,47,23.861,23861.0
934,2015,18,40,40,40,6,nico-rosberg,mercedes,mercedes,pirelli,3,48,23.046,23046.0
934,2015,18,41,41,41,44,lewis-hamilton,mercedes,mercedes,pirelli,3,49,22.936,22936.0
934,2015,18,42,42,42,11,sergio-perez,force-india,mercedes,pirelli,3,51,23.732,23732.0
934,2015,18,43,43,43,22,jenson-button,mclaren,honda,pirelli,3,51,23.402,23402.0
934,2015,18,44,44,44,3,daniel-ricciardo,red-bull,renault,pirelli,3,52,24.775,24775.0
934,2015,18,45,45,45,14,fernando-alonso,mclaren,honda,pirelli,3,52,23.810,23810.0
934,2015,18,46,46,46,33,max-verstappen,toro-rosso,renault,pirelli,3,53,24.078,24078.0
934,2015,18,47,47,47,9,marcus-ericsson,sauber,ferrari,pirelli,3,53,25.102,25102.0
934,2015,18,48,48,48,8,romain-grosjean,lotus-f1,mercedes,pirelli,3,54,23.958,23958.0
934,2015,18,49,49,49,19,felipe-massa,williams,mercedes,pirelli,3,55,23.401,23401.0
935,2015,19,1,1,1,14,fernando-alonso,mclaren,honda,pirelli,1,1,44.990,44990.0
935,2015,19,2,2,2,12,felipe-nasr,sauber,ferrari,pirelli,1,4,28.407,28407.0
935,2015,19,3,3,3,26,daniil-kvyat,red-bull,renault,pirelli,1,5,21.868,21868.0
935,2015,19,4,4,4,11,sergio-perez,force-india,mercedes,pirelli,1,6,21.922,21922.0
935,2015,19,5,5,5,3,daniel-ricciardo,red-bull,renault,pirelli,1,6,21.949,21949.0
935,2015,19,6,6,6,19,felipe-massa,williams,mercedes,pirelli,1,6,22.851,22851.0
935,2015,19,7,7,7,27,nico-hulkenberg,force-india,mercedes,pirelli,1,7,22.045,22045.0
935,2015,19,8,8,8,55,carlos-sainz-jr,toro-rosso,renault,pirelli,1,7,25.307,25307.0
935,2015,19,9,9,9,77,valtteri-bottas,williams,mercedes,pirelli,1,8,24.485,24485.0
935,2015,19,10,10,10,33,max-verstappen,toro-rosso,renault,pirelli,1,8,22.309,22309.0
935,2015,19,11,11,11,22,jenson-button,mclaren,honda,pirelli,1,8,23.722,23722.0
935,2015,19,12,12,12,14,fernando-alonso,mclaren,honda,pirelli,2,8,16.128,16128.0
935,2015,19,13,13,13,77,valtteri-bottas,williams,mercedes,pirelli,2,9,28.622,28622.0
935,2015,19,14,14,14,6,nico-rosberg,mercedes,mercedes,pirelli,1,10,21.637,21637.0
935,2015,19,15,15,15,7,kimi-raikkonen,ferrari,ferrari,pirelli,1,10,22.162,22162.0
935,2015,19,16,16,16,44,lewis-hamilton,mercedes,mercedes,pirelli,1,11,21.346,21346.0
935,2015,19,17,17,17,9,marcus-ericsson,sauber,ferrari,pirelli,1,15,22.838,22838.0
935,2015,19,18,18,18,14,fernando-alonso,mclaren,honda,pirelli,3,17,22.246,22246.0
935,2015,19,19,19,19,33,max-verstappen,toro-rosso,renault,pirelli,2,20,22.457,22457.0
935,2015,19,20,20,20,5,sebastian-vettel,ferrari,ferrari,pirelli,1,23,21.795,21795.0
935,2015,19,21,21,21,8,romain-grosjean,lotus-f1,mercedes,pirelli,1,23,22.203,22203.0
935,2015,19,22,22,22,28,will-stevens,marussia,ferrari,pirelli,1,23,22.913,22913.0
935,2015,19,23,23,23,27,nico-hulkenberg,force-india,mercedes,pirelli,2,24,22.174,22174.0
935,2015,19,24,24,24,98,roberto-merhi,marussia,ferrari,pirelli,1,24,24.314,24314.0
935,2015,19,25,25,25,26,daniil-kvyat,red-bull,renault,pirelli,2,25,21.634,21634.0
935,2015,19,26,26,26,3,daniel-ricciardo,red-bull,renault,pirelli,2,26,22.118,22118.0
935,2015,19,27,27,27,19,felipe-massa,williams,mercedes,pirelli,2,26,22.710,22710.0
935,2015,19,28,28,28,12,felipe-nasr,sauber,ferrari,pirelli,2,26,22.806,22806.0
935,2015,19,29,29,29,11,sergio-perez,force-india,mercedes,pirelli,2,27,22.116,22116.0
935,2015,19,30,30,30,22,jenson-button,mclaren,honda,pirelli,2,27,22.310,22310.0
935,2015,19,31,31,31,55,carlos-sainz-jr,toro-rosso,renault,pirelli,2,28,22.063,22063.0
935,2015,19,32,32,32,77,valtteri-bottas,williams,mercedes,pirelli,3,29,29.592,29592.0
935,2015,19,33,33,33,6,nico-rosberg,mercedes,mercedes,pirelli,2,31,21.580,21580.0
935,2015,19,34,34,34,7,kimi-raikkonen,ferrari,ferrari,pirelli,2,32,25.613,25613.0
935,2015,19,35,35,35,28,will-stevens,marussia,ferrari,pirelli,2,33,22.854,22854.0
935,2015,19,36,36,36,33,max-verstappen,toro-rosso,renault,pirelli,3,38,22.355,22355.0
935,2015,19,37,37,37,5,sebastian-vettel,ferrari,ferrari,pirelli,2,39,21.628,21628.0
935,2015,19,38,38,38,44,lewis-hamilton,mercedes,mercedes,pirelli,2,41,21.392,21392.0
935,2015,19,39,39,39,9,marcus-ericsson,sauber,ferrari,pirelli,2,41,22.200,22200.0
935,2015,19,40,40,40,8,romain-grosjean,lotus-f1,mercedes,pirelli,2,43,22.234,22234.0
935,2015,19,41,41,41,12,felipe-nasr,sauber,ferrari,pirelli,3,44,22.086,22086.0
935,2015,19,42,42,42,14,fernando-alonso,mclaren,honda,pirelli,4,47,22.377,22377.0
936,2016,1,1,1,1,20,kevin-magnussen,renault,renault,pirelli,1,1,27.831,27831.0
936,2016,1,2,2,2,55,carlos-sainz-jr,toro-rosso,ferrari,pirelli,1,8,22.414,22414.0
936,2016,1,3,3,3,12,felipe-nasr,sauber,ferrari,pirelli,1,10,22.701,22701.0
936,2016,1,4,4,4,19,felipe-massa,williams,mercedes,pirelli,1,11,21.550,21550.0
936,2016,1,5,5,5,94,pascal-wehrlein,manor,mercedes,pirelli,1,11,26.206,26206.0
936,2016,1,6,6,6,9,marcus-ericsson,sauber,ferrari,pirelli,1,11,22.357,22357.0
936,2016,1,7,7,7,6,nico-rosberg,mercedes,mercedes,pirelli,1,12,21.531,21531.0
936,2016,1,8,8,8,3,daniel-ricciardo,red-bull,tag-heuer,pirelli,1,12,22.245,22245.0
936,2016,1,9,9,9,14,fernando-alonso,mclaren,honda,pirelli,1,12,21.796,21796.0
936,2016,1,10,10,10,30,jolyon-palmer,renault,renault,pirelli,1,12,23.286,23286.0
936,2016,1,11,11,11,88,rio-haryanto,manor,mercedes,pirelli,1,12,23.224,23224.0
936,2016,1,12,12,12,5,sebastian-vettel,ferrari,ferrari,pirelli,1,13,21.339,21339.0
936,2016,1,13,13,13,33,max-verstappen,toro-rosso,ferrari,pirelli,1,13,22.303,22303.0
936,2016,1,14,14,14,22,jenson-button,mclaren,honda,pirelli,1,15,22.616,22616.0
936,2016,1,15,15,15,7,kimi-raikkonen,ferrari,ferrari,pirelli,1,16,22.508,22508.0
936,2016,1,16,16,16,44,lewis-hamilton,mercedes,mercedes,pirelli,1,16,21.940,21940.0
936,2016,1,17,17,17,27,nico-hulkenberg,force-india,mercedes,pirelli,1,16,22.167,22167.0
936,2016,1,18,18,18,11,sergio-perez,force-india,mercedes,pirelli,1,16,24.719,24719.0
936,2016,1,19,19,19,77,valtteri-bottas,williams,mercedes,pirelli,1,17,21.376,21376.0
936,2016,1,20,20,20,20,kevin-magnussen,renault,renault,pirelli,2,16,22.079,22079.0
936,2016,1,21,21,21,5,sebastian-vettel,ferrari,ferrari,pirelli,2,18,18:09.312,1089312.0
936,2016,1,22,22,22,6,nico-rosberg,mercedes,mercedes,pirelli,2,18,18:09.303,1089303.0
936,2016,1,23,23,23,7,kimi-raikkonen,ferrari,ferrari,pirelli,2,18,18:09.365,1089365.0
936,2016,1,24,24,24,3,daniel-ricciardo,red-bull,tag-heuer,pirelli,2,18,18:09.822,1089822.0
936,2016,1,25,25,25,33,max-verstappen,toro-rosso,ferrari,pirelli,2,18,18:09.372,1089372.0
936,2016,1,26,26,26,55,carlos-sainz-jr,toro-rosso,ferrari,pirelli,2,18,18:09.971,1089971.0
936,2016,1,27,27,27,44,lewis-hamilton,mercedes,mercedes,pirelli,2,18,18:10.087,1090087.0
936,2016,1,28,28,28,19,felipe-massa,williams,mercedes,pirelli,2,18,18:09.805,1089805.0
936,2016,1,29,29,29,8,romain-grosjean,haas,ferrari,pirelli,1,18,18:09.417,1089417.0
936,2016,1,30,30,30,27,nico-hulkenberg,force-india,mercedes,pirelli,2,18,18:09.155,1089155.0
936,2016,1,31,31,31,77,valtteri-bottas,williams,mercedes,pirelli,2,18,18:08.989,1088989.0
936,2016,1,32,32,32,30,jolyon-palmer,renault,renault,pirelli,2,18,18:08.294,1088294.0
936,2016,1,33,33,33,11,sergio-perez,force-india,mercedes,pirelli,2,18,18:07.311,1087311.0
936,2016,1,34,34,34,9,marcus-ericsson,sauber,ferrari,pirelli,2,18,18:06.875,1086875.0
936,2016,1,35,35,35,22,jenson-button,mclaren,honda,pirelli,2,18,18:04.466,1084466.0
936,2016,1,36,36,36,12,felipe-nasr,sauber,ferrari,pirelli,2,18,18:02.337,1082337.0
936,2016,1,37,37,37,94,pascal-wehrlein,manor,mercedes,pirelli,2,18,18:02.140,1082140.0
936,2016,1,38,38,38,20,kevin-magnussen,renault,renault,pirelli,3,17,15:46.318,946318.0
936,2016,1,39,39,39,9,marcus-ericsson,sauber,ferrari,pirelli,3,27,16.936,16936.0
936,2016,1,40,40,40,22,jenson-button,mclaren,honda,pirelli,3,30,21.837,21837.0
936,2016,1,41,41,41,55,carlos-sainz-jr,toro-rosso,ferrari,pirelli,3,31,22.392,22392.0
936,2016,1,42,42,42,33,max-verstappen,toro-rosso,ferrari,pirelli,3,32,29.066,29066.0
936,2016,1,43,43,43,94,pascal-wehrlein,manor,mercedes,pirelli,3,32,23.895,23895.0
936,2016,1,44,44,44,5,sebastian-vettel,ferrari,ferrari,pirelli,3,35,24.548,24548.0
936,2016,1,45,45,45,3,daniel-ricciardo,red-bull,tag-heuer,pirelli,3,42,21.981,21981.0
937,2016,2,1,1,1,27,nico-hulkenberg,force-india,mercedes,pirelli,1,1,31.931,31931.0
937,2016,2,2,2,2,11,sergio-perez,force-india,mercedes,pirelli,1,2,30.326,30326.0
937,2016,2,3,3,3,55,carlos-sainz-jr,toro-rosso,ferrari,pirelli,1,2,28.401,28401.0
937,2016,2,4,4,4,3,daniel-ricciardo,red-bull,tag-heuer,pirelli,1,6,24.541,24541.0
937,2016,2,5,5,5,19,felipe-massa,williams,mercedes,pirelli,1,7,24.093,24093.0
937,2016,2,6,6,6,77,valtteri-bottas,williams,mercedes,pirelli,1,8,24.944,24944.0
937,2016,2,7,7,7,21,esteban-gutierrez,haas,ferrari,pirelli,1,8,32.793,32793.0
937,2016,2,8,8,8,47,stoffel-vandoorne,mclaren,honda,pirelli,1,9,24.604,24604.0
937,2016,2,9,9,9,77,valtteri-bottas,williams,mercedes,pirelli,2,9,19.369,19369.0
937,2016,2,10,10,10,33,max-verstappen,toro-rosso,ferrari,pirelli,1,10,25.810,25810.0
937,2016,2,11,11,11,12,felipe-nasr,sauber,ferrari,pirelli,1,10,26.246,26246.0
937,2016,2,12,12,12,8,romain-grosjean,haas,ferrari,pirelli,1,11,25.739,25739.0
937,2016,2,13,13,13,94,pascal-wehrlein,manor,mercedes,pirelli,1,11,26.236,26236.0
937,2016,2,14,14,14,7,kimi-raikkonen,ferrari,ferrari,pirelli,1,12,24.720,24720.0
937,2016,2,15,15,15,20,kevin-magnussen,renault,renault,pirelli,1,12,26.876,26876.0
937,2016,2,16,16,16,88,rio-haryanto,manor,mercedes,pirelli,1,12,26.382,26382.0
937,2016,2,17,17,17,6,nico-rosberg,mercedes,mercedes,pirelli,1,13,24.934,24934.0
937,2016,2,18,18,18,44,lewis-hamilton,mercedes,mercedes,pirelli,1,13,24.512,24512.0
937,2016,2,19,19,19,9,marcus-ericsson,sauber,ferrari,pirelli,1,13,24.775,24775.0
937,2016,2,20,20,20,11,sergio-perez,force-india,mercedes,pirelli,2,14,25.068,25068.0
937,2016,2,21,21,21,26,daniil-kvyat,red-bull,tag-heuer,pirelli,1,16,24.419,24419.0
937,2016,2,22,22,22,27,nico-hulkenberg,force-india,mercedes,pirelli,2,16,24.930,24930.0
937,2016,2,23,23,23,55,carlos-sainz-jr,toro-rosso,ferrari,pirelli,2,20,34.978,34978.0
937,2016,2,24,24,24,3,daniel-ricciardo,red-bull,tag-heuer,pirelli,2,24,26.631,26631.0
937,2016,2,25,25,25,20,kevin-magnussen,renault,renault,pirelli,2,24,24.383,24383.0
937,2016,2,26,26,26,47,stoffel-vandoorne,mclaren,honda,pirelli,2,25,24.682,24682.0
937,2016,2,27,27,27,33,max-verstappen,toro-rosso,ferrari,pirelli,2,26,25.594,25594.0
937,2016,2,28,28,28,8,romain-grosjean,haas,ferrari,pirelli,2,27,26.151,26151.0
937,2016,2,29,29,29,44,lewis-hamilton,mercedes,mercedes,pirelli,2,28,25.030,25030.0
937,2016,2,30,30,30,7,kimi-raikkonen,ferrari,ferrari,pirelli,2,29,25.222,25222.0
937,2016,2,31,31,31,19,felipe-massa,williams,mercedes,pirelli,2,29,24.236,24236.0
937,2016,2,32,32,32,9,marcus-ericsson,sauber,ferrari,pirelli,2,29,25.363,25363.0
937,2016,2,33,33,33,94,pascal-wehrlein,manor,mercedes,pirelli,2,29,25.547,25547.0
937,2016,2,34,34,34,6,nico-rosberg,mercedes,mercedes,pirelli,2,30,27.226,27226.0
937,2016,2,35,35,35,12,felipe-nasr,sauber,ferrari,pirelli,2,30,25.491,25491.0
937,2016,2,36,36,36,88,rio-haryanto,manor,mercedes,pirelli,2,31,28.120,28120.0
937,2016,2,37,37,37,26,daniil-kvyat,red-bull,tag-heuer,pirelli,2,34,24.661,24661.0
937,2016,2,38,38,38,77,valtteri-bottas,williams,mercedes,pirelli,3,34,26.110,26110.0
937,2016,2,39,39,39,27,nico-hulkenberg,force-india,mercedes,pirelli,3,35,24.734,24734.0
937,2016,2,40,40,40,7,kimi-raikkonen,ferrari,ferrari,pirelli,3,37,25.257,25257.0
937,2016,2,41,41,41,11,sergio-perez,force-india,mercedes,pirelli,3,37,24.517,24517.0
937,2016,2,42,42,42,20,kevin-magnussen,renault,renault,pirelli,3,38,24.341,24341.0
937,2016,2,43,43,43,6,nico-rosberg,mercedes,mercedes,pirelli,3,39,25.761,25761.0
937,2016,2,44,44,44,8,romain-grosjean,haas,ferrari,pirelli,3,40,30.063,30063.0
937,2016,2,45,45,45,44,lewis-hamilton,mercedes,mercedes,pirelli,3,41,24.524,24524.0
937,2016,2,46,46,46,47,stoffel-vandoorne,mclaren,honda,pirelli,3,41,25.316,25316.0
937,2016,2,47,47,47,94,pascal-wehrlein,manor,mercedes,pirelli,3,41,25.419,25419.0
937,2016,2,48,48,48,3,daniel-ricciardo,red-bull,tag-heuer,pirelli,3,42,24.879,24879.0
937,2016,2,49,49,49,26,daniil-kvyat,red-bull,tag-heuer,pirelli,3,44,24.224,24224.0
937,2016,2,50,50,50,88,rio-haryanto,manor,mercedes,pirelli,3,44,25.517,25517.0
937,2016,2,51,51,51,33,max-verstappen,toro-rosso,ferrari,pirelli,3,46,25.129,25129.0
937,2016,2,52,52,52,12,felipe-nasr,sauber,ferrari,pirelli,3,47,25.660,25660.0
937,2016,2,53,53,53,27,nico-hulkenberg,force-india,mercedes,pirelli,4,51,26.595,26595.0
938,2016,3,1,1,1,8,romain-grosjean,haas,ferrari,pirelli,1,1,58.563,58563.0
938,2016,3,2,2,2,7,kimi-raikkonen,ferrari,ferrari,pirelli,1,1,31.134,31134.0
938,2016,3,3,3,3,44,lewis-hamilton,mercedes,mercedes,pirelli,1,1,29.322,29322.0
938,2016,3,4,4,4,12,felipe-nasr,sauber,ferrari,pirelli,1,1,36.854,36854.0
938,2016,3,5,5,5,3,daniel-ricciardo,red-bull,tag-heuer,pirelli,1,3,24.392,24392.0
938,2016,3,6,6,6,26,daniil-kvyat,red-bull,tag-heuer,pirelli,1,4,24.084,24084.0
938,2016,3,7,7,7,11,sergio-perez,force-india,mercedes,pirelli,1,4,23.215,23215.0
938,2016,3,8,8,8,27,nico-hulkenberg,force-india,mercedes,pirelli,1,4,27.683,27683.0
938,2016,3,9,9,9,5,sebastian-vettel,ferrari,ferrari,pirelli,1,4,30.115,30115.0
938,2016,3,10,10,10,22,jenson-button,mclaren,honda,pirelli,1,4,24.072,24072.0
938,2016,3,11,11,11,55,carlos-sainz-jr,toro-rosso,ferrari,pirelli,1,4,25.754,25754.0
938,2016,3,12,12,12,77,valtteri-bottas,williams,mercedes,pirelli,1,4,22.682,22682.0
938,2016,3,13,13,13,33,max-verstappen,toro-rosso,ferrari,pirelli,1,4,30.034,30034.0
938,2016,3,14,14,14,9,marcus-ericsson,sauber,ferrari,pirelli,1,4,23.955,23955.0
938,2016,3,15,15,15,20,kevin-magnussen,renault,renault,pirelli,1,4,23.158,23158.0
938,2016,3,16,16,16,44,lewis-hamilton,mercedes,mercedes,pirelli,2,5,25.179,25179.0
938,2016,3,17,17,17,44,lewis-hamilton,mercedes,mercedes,pirelli,3,6,22.301,22301.0
938,2016,3,18,18,18,7,kimi-raikkonen,ferrari,ferrari,pirelli,2,14,23.296,23296.0
938,2016,3,19,19,19,94,pascal-wehrlein,manor,mercedes,pirelli,1,15,26.969,26969.0
938,2016,3,20,20,20,30,jolyon-palmer,renault,renault,pirelli,1,15,22.799,22799.0
938,2016,3,21,21,21,14,fernando-alonso,mclaren,honda,pirelli,1,16,22.874,22874.0
938,2016,3,22,22,22,5,sebastian-vettel,ferrari,ferrari,pirelli,2,17,22.276,22276.0
938,2016,3,23,23,23,27,nico-hulkenberg,force-india,mercedes,pirelli,2,17,23.867,23867.0
938,2016,3,24,24,24,11,sergio-perez,force-india,mercedes,pirelli,2,18,22.485,22485.0
938,2016,3,25,25,25,88,rio-haryanto,manor,mercedes,pirelli,1,18,23.183,23183.0
938,2016,3,26,26,26,26,daniil-kvyat,red-bull,tag-heuer,pirelli,2,19,22.607,22607.0
938,2016,3,27,27,27,19,felipe-massa,williams,mercedes,pirelli,1,19,22.124,22124.0
938,2016,3,28,28,28,55,carlos-sainz-jr,toro-rosso,ferrari,pirelli,2,19,22.832,22832.0
938,2016,3,29,29,29,3,daniel-ricciardo,red-bull,tag-heuer,pirelli,2,19,22.461,22461.0
938,2016,3,30,30,30,21,esteban-gutierrez,haas,ferrari,pirelli,1,19,23.878,23878.0
938,2016,3,31,31,31,6,nico-rosberg,mercedes,mercedes,pirelli,1,20,22.831,22831.0
938,2016,3,32,32,32,33,max-verstappen,toro-rosso,ferrari,pirelli,2,20,23.744,23744.0
938,2016,3,33,33,33,20,kevin-magnussen,renault,renault,pirelli,2,20,23.257,23257.0
938,2016,3,34,34,34,8,romain-grosjean,haas,ferrari,pirelli,2,20,24.615,24615.0
938,2016,3,35,35,35,12,felipe-nasr,sauber,ferrari,pirelli,2,20,23.735,23735.0
938,2016,3,36,36,36,77,valtteri-bottas,williams,mercedes,pirelli,2,21,22.630,22630.0
938,2016,3,37,37,37,44,lewis-hamilton,mercedes,mercedes,pirelli,4,21,22.626,22626.0
938,2016,3,38,38,38,30,jolyon-palmer,renault,renault,pirelli,2,24,23.280,23280.0
938,2016,3,39,39,39,27,nico-hulkenberg,force-india,mercedes,pirelli,3,26,29.570,29570.0
938,2016,3,40,40,40,22,jenson-button,mclaren,honda,pirelli,2,27,23.029,23029.0
938,2016,3,41,41,41,94,pascal-wehrlein,manor,mercedes,pirelli,2,27,24.104,24104.0
938,2016,3,42,42,42,11,sergio-perez,force-india,mercedes,pirelli,3,28,22.351,22351.0
938,2016,3,43,43,43,9,marcus-ericsson,sauber,ferrari,pirelli,2,28,23.563,23563.0
938,2016,3,44,44,44,88,rio-haryanto,manor,mercedes,pirelli,2,28,24.635,24635.0
938,2016,3,45,45,45,77,valtteri-bottas,williams,mercedes,pirelli,3,30,22.747,22747.0
938,2016,3,46,46,46,44,lewis-hamilton,mercedes,mercedes,pirelli,5,30,22.698,22698.0
938,2016,3,47,47,47,19,felipe-massa,williams,mercedes,pirelli,2,31,23.349,23349.0
938,2016,3,48,48,48,14,fernando-alonso,mclaren,honda,pirelli,2,32,22.927,22927.0
938,2016,3,49,49,49,55,carlos-sainz-jr,toro-rosso,ferrari,pirelli,3,33,24.269,24269.0
938,2016,3,50,50,50,8,romain-grosjean,haas,ferrari,pirelli,3,33,23.342,23342.0
938,2016,3,51,51,51,21,esteban-gutierrez,haas,ferrari,pirelli,2,34,22.963,22963.0
938,2016,3,52,52,52,26,daniil-kvyat,red-bull,tag-heuer,pirelli,3,35,22.684,22684.0
938,2016,3,53,53,53,5,sebastian-vettel,ferrari,ferrari,pirelli,3,35,22.350,22350.0
938,2016,3,54,54,54,20,kevin-magnussen,renault,renault,pirelli,3,35,22.677,22677.0
938,2016,3,55,55,55,6,nico-rosberg,mercedes,mercedes,pirelli,2,36,23.559,23559.0
938,2016,3,56,56,56,3,daniel-ricciardo,red-bull,tag-heuer,pirelli,3,37,22.426,22426.0
938,2016,3,57,57,57,7,kimi-raikkonen,ferrari,ferrari,pirelli,3,37,22.832,22832.0
938,2016,3,58,58,58,30,jolyon-palmer,renault,renault,pirelli,3,38,24.099,24099.0
938,2016,3,59,59,59,33,max-verstappen,toro-rosso,ferrari,pirelli,3,39,23.130,23130.0
938,2016,3,60,60,60,12,felipe-nasr,sauber,ferrari,pirelli,3,40,25.357,25357.0
938,2016,3,61,61,61,88,rio-haryanto,manor,mercedes,pirelli,3,40,24.369,24369.0
938,2016,3,62,62,62,21,esteban-gutierrez,haas,ferrari,pirelli,3,43,23.070,23070.0
938,2016,3,63,63,63,94,pascal-wehrlein,manor,mercedes,pirelli,3,43,24.274,24274.0
938,2016,3,64,64,64,22,jenson-button,mclaren,honda,pirelli,3,44,22.510,22510.0
938,2016,3,65,65,65,8,romain-grosjean,haas,ferrari,pirelli,4,44,23.284,23284.0
938,2016,3,66,66,66,27,nico-hulkenberg,force-india,mercedes,pirelli,4,46,22.790,22790.0
939,2016,4,1,1,1,26,daniil-kvyat,red-bull,tag-heuer,pirelli,1,1,41.282,41282.0
939,2016,4,2,2,2,3,daniel-ricciardo,red-bull,tag-heuer,pirelli,1,1,47.763,47763.0
939,2016,4,3,3,3,9,marcus-ericsson,sauber,ferrari,pirelli,1,1,30.529,30529.0
939,2016,4,4,4,4,11,sergio-perez,force-india,mercedes,pirelli,1,1,32.800,32800.0
939,2016,4,5,5,5,21,esteban-gutierrez,haas,ferrari,pirelli,1,1,40.169,40169.0
939,2016,4,6,6,6,26,daniil-kvyat,red-bull,tag-heuer,pirelli,2,8,38.906,38906.0
939,2016,4,7,7,7,21,esteban-gutierrez,haas,ferrari,pirelli,2,9,25.037,25037.0
939,2016,4,8,8,8,55,carlos-sainz-jr,toro-rosso,ferrari,pirelli,1,11,30.805,30805.0
939,2016,4,9,9,9,12,felipe-nasr,sauber,ferrari,pirelli,1,12,30.259,30259.0
939,2016,4,10,10,10,94,pascal-wehrlein,manor,mercedes,pirelli,1,13,31.433,31433.0
939,2016,4,11,11,11,30,jolyon-palmer,renault,renault,pirelli,1,14,30.805,30805.0
939,2016,4,12,12,12,77,valtteri-bottas,williams,mercedes,pirelli,1,16,29.841,29841.0
939,2016,4,13,13,13,20,kevin-magnussen,renault,renault,pirelli,1,16,30.585,30585.0
939,2016,4,14,14,14,44,lewis-hamilton,mercedes,mercedes,pirelli,1,17,30.001,30001.0
939,2016,4,15,15,15,8,romain-grosjean,haas,ferrari,pirelli,1,17,31.420,31420.0
939,2016,4,16,16,16,19,felipe-massa,williams,mercedes,pirelli,1,18,29.551,29551.0
939,2016,4,17,17,17,7,kimi-raikkonen,ferrari,ferrari,pirelli,1,20,30.498,30498.0
939,2016,4,18,18,18,22,jenson-button,mclaren,honda,pirelli,1,20,30.580,30580.0
939,2016,4,19,19,19,6,nico-rosberg,mercedes,mercedes,pirelli,1,21,29.709,29709.0
939,2016,4,20,20,20,14,fernando-alonso,mclaren,honda,pirelli,1,21,29.751,29751.0
939,2016,4,21,21,21,33,max-verstappen,toro-rosso,ferrari,pirelli,1,22,30.553,30553.0
939,2016,4,22,22,22,11,sergio-perez,force-india,mercedes,pirelli,2,27,30.400,30400.0
939,2016,4,23,23,23,9,marcus-ericsson,sauber,ferrari,pirelli,2,28,30.433,30433.0
939,2016,4,24,24,24,3,daniel-ricciardo,red-bull,tag-heuer,pirelli,2,29,31.205,31205.0
939,2016,4,25,25,25,94,pascal-wehrlein,manor,mercedes,pirelli,2,39,57.151,57151.0
939,2016,4,26,26,26,19,felipe-massa,williams,mercedes,pirelli,2,46,30.065,30065.0
940,2016,5,1,1,1,19,felipe-massa,williams,mercedes,pirelli,1,8,21.384,21384.0
940,2016,5,2,2,2,11,sergio-perez,force-india,mercedes,pirelli,1,9,22.679,22679.0
940,2016,5,3,3,3,26,daniil-kvyat,toro-rosso,ferrari,pirelli,1,9,23.277,23277.0
940,2016,5,4,4,4,9,marcus-ericsson,sauber,ferrari,pirelli,1,9,22.840,22840.0
940,2016,5,5,5,5,55,carlos-sainz-jr,toro-rosso,ferrari,pirelli,1,10,22.874,22874.0
940,2016,5,6,6,6,22,jenson-button,mclaren,honda,pirelli,1,10,22.280,22280.0
940,2016,5,7,7,7,27,nico-hulkenberg,force-india,mercedes,pirelli,1,10,22.176,22176.0
940,2016,5,8,8,8,20,kevin-magnussen,renault,renault,pirelli,1,10,22.843,22843.0
940,2016,5,9,9,9,3,daniel-ricciardo,red-bull,tag-heuer,pirelli,1,11,21.738,21738.0
940,2016,5,10,10,10,14,fernando-alonso,mclaren,honda,pirelli,1,11,21.795,21795.0
940,2016,5,11,11,11,30,jolyon-palmer,renault,renault,pirelli,1,11,23.283,23283.0
940,2016,5,12,12,12,94,pascal-wehrlein,manor,mercedes,pirelli,1,11,24.554,24554.0
940,2016,5,13,13,13,33,max-verstappen,red-bull,tag-heuer,pirelli,1,12,22.369,22369.0
940,2016,5,14,14,14,7,kimi-raikkonen,ferrari,ferrari,pirelli,1,12,22.107,22107.0
940,2016,5,15,15,15,77,valtteri-bottas,williams,mercedes,pirelli,1,12,21.856,21856.0
940,2016,5,16,16,16,12,felipe-nasr,sauber,ferrari,pirelli,1,12,22.976,22976.0
940,2016,5,17,17,17,5,sebastian-vettel,ferrari,ferrari,pirelli,1,15,21.643,21643.0
940,2016,5,18,18,18,8,romain-grosjean,haas,ferrari,pirelli,1,15,23.187,23187.0
940,2016,5,19,19,19,21,esteban-gutierrez,haas,ferrari,pirelli,1,16,23.206,23206.0
940,2016,5,20,20,20,88,rio-haryanto,manor,mercedes,pirelli,1,22,28.753,28753.0
940,2016,5,21,21,21,9,marcus-ericsson,sauber,ferrari,pirelli,2,24,23.122,23122.0
940,2016,5,22,22,22,19,felipe-massa,williams,mercedes,pirelli,2,25,22.568,22568.0
940,2016,5,23,23,23,26,daniil-kvyat,toro-rosso,ferrari,pirelli,2,25,22.234,22234.0
940,2016,5,24,24,24,3,daniel-ricciardo,red-bull,tag-heuer,pirelli,2,28,22.104,22104.0
940,2016,5,25,25,25,5,sebastian-vettel,ferrari,ferrari,pirelli,2,29,22.617,22617.0
940,2016,5,26,26,26,8,romain-grosjean,haas,ferrari,pirelli,2,29,22.844,22844.0
940,2016,5,27,27,27,21,esteban-gutierrez,haas,ferrari,pirelli,2,30,22.430,22430.0
940,2016,5,28,28,28,20,kevin-magnussen,renault,renault,pirelli,2,30,23.165,23165.0
940,2016,5,29,29,29,30,jolyon-palmer,renault,renault,pirelli,2,33,22.397,22397.0
940,2016,5,30,30,30,94,pascal-wehrlein,manor,mercedes,pirelli,2,33,24.387,24387.0
940,2016,5,31,31,31,33,max-verstappen,red-bull,tag-heuer,pirelli,2,34,22.348,22348.0
940,2016,5,32,32,32,7,kimi-raikkonen,ferrari,ferrari,pirelli,2,35,22.169,22169.0
940,2016,5,33,33,33,11,sergio-perez,force-india,mercedes,pirelli,2,35,21.918,21918.0
940,2016,5,34,34,34,22,jenson-button,mclaren,honda,pirelli,2,36,22.590,22590.0
940,2016,5,35,35,35,12,felipe-nasr,sauber,ferrari,pirelli,2,36,23.090,23090.0
940,2016,5,36,36,36,5,sebastian-vettel,ferrari,ferrari,pirelli,3,37,21.603,21603.0
940,2016,5,37,37,37,8,romain-grosjean,haas,ferrari,pirelli,3,37,34.832,34832.0
940,2016,5,38,38,38,55,carlos-sainz-jr,toro-rosso,ferrari,pirelli,2,38,22.937,22937.0
940,2016,5,39,39,39,77,valtteri-bottas,williams,mercedes,pirelli,2,39,22.443,22443.0
940,2016,5,40,40,40,14,fernando-alonso,mclaren,honda,pirelli,2,39,22.987,22987.0
940,2016,5,41,41,41,9,marcus-ericsson,sauber,ferrari,pirelli,3,40,22.897,22897.0
940,2016,5,42,42,42,19,felipe-massa,williams,mercedes,pirelli,3,41,21.831,21831.0
940,2016,5,43,43,43,3,daniel-ricciardo,red-bull,tag-heuer,pirelli,3,43,21.683,21683.0
940,2016,5,44,44,44,88,rio-haryanto,manor,mercedes,pirelli,2,48,26.186,26186.0
940,2016,5,45,45,45,26,daniil-kvyat,toro-rosso,ferrari,pirelli,3,51,22.769,22769.0
940,2016,5,46,46,46,20,kevin-magnussen,renault,renault,pirelli,3,55,22.122,22122.0
940,2016,5,47,47,47,3,daniel-ricciardo,red-bull,tag-heuer,pirelli,4,65,23.133,23133.0
941,2016,6,1,1,1,26,daniil-kvyat,toro-rosso,ferrari,pirelli,1,1,1:32.609,92609.0
941,2016,6,2,2,2,26,daniil-kvyat,toro-rosso,ferrari,pirelli,2,2,19.918,19918.0
941,2016,6,3,3,3,20,kevin-magnussen,renault,renault,pirelli,1,7,25.583,25583.0
941,2016,6,4,4,4,22,jenson-button,mclaren,honda,pirelli,1,8,25.766,25766.0
941,2016,6,5,5,5,12,felipe-nasr,sauber,ferrari,pirelli,1,8,28.242,28242.0
941,2016,6,6,6,6,26,daniil-kvyat,toro-rosso,ferrari,pirelli,3,7,27.698,27698.0
941,2016,6,7,7,7,9,marcus-ericsson,sauber,ferrari,pirelli,1,11,27.176,27176.0
941,2016,6,8,8,8,88,rio-haryanto,manor,mercedes,pirelli,1,11,29.117,29117.0
941,2016,6,9,9,9,33,max-verstappen,red-bull,tag-heuer,pirelli,1,12,25.604,25604.0
941,2016,6,10,10,10,5,sebastian-vettel,ferrari,ferrari,pirelli,1,13,25.114,25114.0
941,2016,6,11,11,11,14,fernando-alonso,mclaren,honda,pirelli,1,14,25.512,25512.0
941,2016,6,12,12,12,27,nico-hulkenberg,force-india,mercedes,pirelli,1,15,25.215,25215.0
941,2016,6,13,13,13,77,valtteri-bottas,williams,mercedes,pirelli,1,15,27.364,27364.0
941,2016,6,14,14,14,8,romain-grosjean,haas,ferrari,pirelli,1,15,33.490,33490.0
941,2016,6,15,15,15,21,esteban-gutierrez,haas,ferrari,pirelli,1,16,26.044,26044.0
941,2016,6,16,16,16,6,nico-rosberg,mercedes,mercedes,pirelli,1,20,26.698,26698.0
941,2016,6,17,17,17,19,felipe-massa,williams,mercedes,pirelli,1,20,24.934,24934.0
941,2016,6,18,18,18,55,carlos-sainz-jr,toro-rosso,ferrari,pirelli,1,21,27.738,27738.0
941,2016,6,19,19,19,11,sergio-perez,force-india,mercedes,pirelli,1,21,25.714,25714.0
941,2016,6,20,20,20,20,kevin-magnussen,renault,renault,pirelli,2,21,38.811,38811.0
941,2016,6,21,21,21,3,daniel-ricciardo,red-bull,tag-heuer,pirelli,1,23,25.054,25054.0
941,2016,6,22,22,22,9,marcus-ericsson,sauber,ferrari,pirelli,2,29,26.435,26435.0
941,2016,6,23,23,23,11,sergio-perez,force-india,mercedes,pirelli,2,30,25.608,25608.0
941,2016,6,24,24,24,22,jenson-button,mclaren,honda,pirelli,2,30,25.450,25450.0
941,2016,6,25,25,25,20,kevin-magnussen,renault,renault,pirelli,3,29,25.879,25879.0
941,2016,6,26,26,26,77,valtteri-bottas,williams,mercedes,pirelli,2,30,25.478,25478.0
941,2016,6,27,27,27,8,romain-grosjean,haas,ferrari,pirelli,2,30,25.111,25111.0
941,2016,6,28,28,28,44,lewis-hamilton,mercedes,mercedes,pirelli,1,31,26.315,26315.0
941,2016,6,29,29,29,6,nico-rosberg,mercedes,mercedes,pirelli,2,31,27.680,27680.0
941,2016,6,30,30,30,5,sebastian-vettel,ferrari,ferrari,pirelli,2,31,25.561,25561.0
941,2016,6,31,31,31,27,nico-hulkenberg,force-india,mercedes,pirelli,2,31,27.064,27064.0
941,2016,6,32,32,32,55,carlos-sainz-jr,toro-rosso,ferrari,pirelli,2,31,28.112,28112.0
941,2016,6,33,33,33,33,max-verstappen,red-bull,tag-heuer,pirelli,2,31,25.459,25459.0
941,2016,6,34,34,34,94,pascal-wehrlein,manor,mercedes,pirelli,1,31,26.517,26517.0
941,2016,6,35,35,35,3,daniel-ricciardo,red-bull,tag-heuer,pirelli,2,32,35.327,35327.0
941,2016,6,36,36,36,14,fernando-alonso,mclaren,honda,pirelli,2,32,26.836,26836.0
941,2016,6,37,37,37,21,esteban-gutierrez,haas,ferrari,pirelli,2,32,27.407,27407.0
941,2016,6,38,38,38,19,felipe-massa,williams,mercedes,pirelli,2,32,25.182,25182.0
941,2016,6,39,39,39,12,felipe-nasr,sauber,ferrari,pirelli,2,32,27.166,27166.0
941,2016,6,40,40,40,20,kevin-magnussen,renault,renault,pirelli,4,32,31.241,31241.0
941,2016,6,41,41,41,88,rio-haryanto,manor,mercedes,pirelli,2,34,27.380,27380.0
941,2016,6,42,42,42,88,rio-haryanto,manor,mercedes,pirelli,3,47,26.292,26292.0
941,2016,6,43,43,43,12,felipe-nasr,sauber,ferrari,pirelli,3,48,45.700,45700.0
941,2016,6,44,44,44,77,valtteri-bottas,williams,mercedes,pirelli,3,49,24.673,24673.0
941,2016,6,45,45,45,9,marcus-ericsson,sauber,ferrari,pirelli,3,49,33.342,33342.0
942,2016,7,1,1,1,12,felipe-nasr,sauber,ferrari,pirelli,1,9,23.987,23987.0
942,2016,7,2,2,2,5,sebastian-vettel,ferrari,ferrari,pirelli,1,11,22.597,22597.0
942,2016,7,3,3,3,7,kimi-raikkonen,ferrari,ferrari,pirelli,1,11,22.820,22820.0
942,2016,7,4,4,4,94,pascal-wehrlein,manor,mercedes,pirelli,1,11,24.784,24784.0
942,2016,7,5,5,5,55,carlos-sainz-jr,toro-rosso,ferrari,pirelli,1,13,23.517,23517.0
942,2016,7,6,6,6,21,esteban-gutierrez,haas,ferrari,pirelli,1,13,23.412,23412.0
942,2016,7,7,7,7,9,marcus-ericsson,sauber,ferrari,pirelli,1,14,22.957,22957.0
942,2016,7,8,8,8,88,rio-haryanto,manor,mercedes,pirelli,1,15,29.732,29732.0
942,2016,7,9,9,9,14,fernando-alonso,mclaren,honda,pirelli,1,17,27.952,27952.0
942,2016,7,10,10,10,8,romain-grosjean,haas,ferrari,pirelli,1,17,23.680,23680.0
942,2016,7,11,11,11,26,daniil-kvyat,toro-rosso,ferrari,pirelli,1,17,23.000,23000.0
942,2016,7,12,12,12,33,max-verstappen,red-bull,tag-heuer,pirelli,1,20,23.586,23586.0
942,2016,7,13,13,13,3,daniel-ricciardo,red-bull,tag-heuer,pirelli,1,21,22.872,22872.0
942,2016,7,14,14,14,6,nico-rosberg,mercedes,mercedes,pirelli,1,21,22.466,22466.0
942,2016,7,15,15,15,27,nico-hulkenberg,force-india,mercedes,pirelli,1,21,22.876,22876.0
942,2016,7,16,16,16,19,felipe-massa,williams,mercedes,pirelli,1,22,22.925,22925.0
942,2016,7,17,17,17,77,valtteri-bottas,williams,mercedes,pirelli,1,23,22.184,22184.0
942,2016,7,18,18,18,44,lewis-hamilton,mercedes,mercedes,pirelli,1,24,22.243,22243.0
942,2016,7,19,19,19,11,sergio-perez,force-india,mercedes,pirelli,1,30,22.556,22556.0
942,2016,7,20,20,20,7,kimi-raikkonen,ferrari,ferrari,pirelli,2,33,23.263,23263.0
942,2016,7,21,21,21,12,felipe-nasr,sauber,ferrari,pirelli,2,35,23.608,23608.0
942,2016,7,22,22,22,5,sebastian-vettel,ferrari,ferrari,pirelli,2,37,22.361,22361.0
942,2016,7,23,23,23,3,daniel-ricciardo,red-bull,tag-heuer,pirelli,2,38,24.018,24018.0
942,2016,7,24,24,24,94,pascal-wehrlein,manor,mercedes,pirelli,2,38,24.516,24516.0
942,2016,7,25,25,25,8,romain-grosjean,haas,ferrari,pirelli,2,39,23.055,23055.0
942,2016,7,26,26,26,9,marcus-ericsson,sauber,ferrari,pirelli,2,39,23.299,23299.0
942,2016,7,27,27,27,20,kevin-magnussen,renault,renault,pirelli,1,39,23.162,23162.0
942,2016,7,28,28,28,21,esteban-gutierrez,haas,ferrari,pirelli,2,41,23.928,23928.0
942,2016,7,29,29,29,26,daniil-kvyat,toro-rosso,ferrari,pirelli,2,44,22.627,22627.0
942,2016,7,30,30,30,88,rio-haryanto,manor,mercedes,pirelli,2,44,25.069,25069.0
942,2016,7,31,31,31,33,max-verstappen,red-bull,tag-heuer,pirelli,2,46,22.909,22909.0
942,2016,7,32,32,32,11,sergio-perez,force-india,mercedes,pirelli,2,46,24.757,24757.0
942,2016,7,33,33,33,8,romain-grosjean,haas,ferrari,pirelli,3,46,32.114,32114.0
942,2016,7,34,34,34,55,carlos-sainz-jr,toro-rosso,ferrari,pirelli,2,48,24.445,24445.0
942,2016,7,35,35,35,6,nico-rosberg,mercedes,mercedes,pirelli,2,51,22.728,22728.0
942,2016,7,36,36,36,27,nico-hulkenberg,force-india,mercedes,pirelli,2,51,23.111,23111.0
943,2016,8,1,1,1,88,rio-haryanto,manor,mercedes,pirelli,1,1,33.405,33405.0
943,2016,8,2,2,2,55,carlos-sainz-jr,toro-rosso,ferrari,pirelli,1,4,22.028,22028.0
943,2016,8,3,3,3,33,max-verstappen,red-bull,tag-heuer,pirelli,1,5,20.069,20069.0
943,2016,8,4,4,4,14,fernando-alonso,mclaren,honda,pirelli,1,5,20.282,20282.0
943,2016,8,5,5,5,26,daniil-kvyat,toro-rosso,ferrari,pirelli,1,5,24.802,24802.0
943,2016,8,6,6,6,3,daniel-ricciardo,red-bull,tag-heuer,pirelli,1,6,19.840,19840.0
943,2016,8,7,7,7,22,jenson-button,mclaren,honda,pirelli,1,6,20.185,20185.0
943,2016,8,8,8,8,20,kevin-magnussen,renault,renault,pirelli,1,6,20.772,20772.0
943,2016,8,9,9,9,19,felipe-massa,williams,mercedes,pirelli,1,7,19.445,19445.0
943,2016,8,10,10,10,12,felipe-nasr,sauber,ferrari,pirelli,1,7,20.670,20670.0
943,2016,8,11,11,11,7,kimi-raikkonen,ferrari,ferrari,pirelli,1,8,20.593,20593.0
943,2016,8,12,12,12,21,esteban-gutierrez,haas,ferrari,pirelli,1,8,29.227,29227.0
943,2016,8,13,13,13,8,romain-grosjean,haas,ferrari,pirelli,1,10,21.132,21132.0
943,2016,8,14,14,14,30,jolyon-palmer,renault,renault,pirelli,1,11,20.965,20965.0
943,2016,8,15,15,15,44,lewis-hamilton,mercedes,mercedes,pirelli,1,15,20.108,20108.0
943,2016,8,16,16,16,11,sergio-perez,force-india,mercedes,pirelli,1,16,20.614,20614.0
943,2016,8,17,17,17,9,marcus-ericsson,sauber,ferrari,pirelli,1,16,21.083,21083.0
943,2016,8,18,18,18,77,valtteri-bottas,williams,mercedes,pirelli,1,19,19.732,19732.0
943,2016,8,19,19,19,5,sebastian-vettel,ferrari,ferrari,pirelli,1,20,20.422,20422.0
943,2016,8,20,20,20,27,nico-hulkenberg,force-india,mercedes,pirelli,1,20,20.347,20347.0
943,2016,8,21,21,21,33,max-verstappen,red-bull,tag-heuer,pirelli,2,20,22.497,22497.0
943,2016,8,22,22,22,6,nico-rosberg,mercedes,mercedes,pirelli,1,21,20.058,20058.0
943,2016,8,23,23,23,3,daniel-ricciardo,red-bull,tag-heuer,pirelli,2,22,20.155,20155.0
943,2016,8,24,24,24,14,fernando-alonso,mclaren,honda,pirelli,2,24,20.654,20654.0
943,2016,8,25,25,25,12,felipe-nasr,sauber,ferrari,pirelli,2,24,20.713,20713.0
943,2016,8,26,26,26,22,jenson-button,mclaren,honda,pirelli,2,25,20.640,20640.0
943,2016,8,27,27,27,9,marcus-ericsson,sauber,ferrari,pirelli,2,25,20.559,20559.0
943,2016,8,28,28,28,8,romain-grosjean,haas,ferrari,pirelli,2,26,23.588,23588.0
943,2016,8,29,29,29,55,carlos-sainz-jr,toro-rosso,ferrari,pirelli,2,27,21.030,21030.0
943,2016,8,30,30,30,19,felipe-massa,williams,mercedes,pirelli,2,28,19.858,19858.0
943,2016,8,31,31,31,94,pascal-wehrlein,manor,mercedes,pirelli,1,29,26.187,26187.0
943,2016,8,32,32,32,21,esteban-gutierrez,haas,ferrari,pirelli,2,29,21.533,21533.0
943,2016,8,33,33,33,30,jolyon-palmer,renault,renault,pirelli,2,31,20.561,20561.0
944,2016,9,1,1,1,27,nico-hulkenberg,force-india,mercedes,pirelli,1,8,22.601,22601.0
944,2016,9,2,2,2,14,fernando-alonso,mclaren,honda,pirelli,1,8,21.924,21924.0
944,2016,9,3,3,3,22,jenson-button,mclaren,honda,pirelli,1,9,22.859,22859.0
944,2016,9,4,4,4,77,valtteri-bottas,williams,mercedes,pirelli,1,9,21.047,21047.0
944,2016,9,5,5,5,55,carlos-sainz-jr,toro-rosso,ferrari,pirelli,1,9,22.605,22605.0
944,2016,9,6,6,6,11,sergio-perez,force-india,mercedes,pirelli,1,9,21.883,21883.0
944,2016,9,7,7,7,6,nico-rosberg,mercedes,mercedes,pirelli,1,10,21.890,21890.0
944,2016,9,8,8,8,20,kevin-magnussen,renault,renault,pirelli,1,11,22.033,22033.0
944,2016,9,9,9,9,30,jolyon-palmer,renault,renault,pirelli,1,12,21.745,21745.0
944,2016,9,10,10,10,19,felipe-massa,williams,mercedes,pirelli,1,12,21.097,21097.0
944,2016,9,11,11,11,9,marcus-ericsson,sauber,ferrari,pirelli,1,12,22.980,22980.0
944,2016,9,12,12,12,94,pascal-wehrlein,manor,mercedes,pirelli,1,13,22.613,22613.0
944,2016,9,13,13,13,3,daniel-ricciardo,red-bull,tag-heuer,pirelli,1,14,21.183,21183.0
944,2016,9,14,14,14,33,max-verstappen,red-bull,tag-heuer,pirelli,1,15,21.945,21945.0
944,2016,9,15,15,15,44,lewis-hamilton,mercedes,mercedes,pirelli,1,21,22.918,22918.0
944,2016,9,16,16,16,21,esteban-gutierrez,haas,ferrari,pirelli,1,21,22.053,22053.0
944,2016,9,17,17,17,7,kimi-raikkonen,ferrari,ferrari,pirelli,1,22,21.916,21916.0
944,2016,9,18,18,18,94,pascal-wehrlein,manor,mercedes,pirelli,2,23,23.738,23738.0
944,2016,9,19,19,19,27,nico-hulkenberg,force-india,mercedes,pirelli,2,24,21.580,21580.0
944,2016,9,20,20,20,22,jenson-button,mclaren,honda,pirelli,2,26,22.035,22035.0
944,2016,9,21,21,21,8,romain-grosjean,haas,ferrari,pirelli,1,26,22.662,22662.0
944,2016,9,22,22,22,14,fernando-alonso,mclaren,honda,pirelli,2,26,22.879,22879.0
944,2016,9,23,23,23,11,sergio-perez,force-india,mercedes,pirelli,2,26,21.412,21412.0
944,2016,9,24,24,24,88,rio-haryanto,manor,mercedes,pirelli,1,27,23.326,23326.0
944,2016,9,25,25,25,6,nico-rosberg,mercedes,mercedes,pirelli,2,28,17.959,17959.0
944,2016,9,26,26,26,94,pascal-wehrlein,manor,mercedes,pirelli,3,27,18.064,18064.0
944,2016,9,27,27,27,44,lewis-hamilton,mercedes,mercedes,pirelli,2,28,16.983,16983.0
944,2016,9,28,28,28,33,max-verstappen,red-bull,tag-heuer,pirelli,2,28,17.165,17165.0
944,2016,9,29,29,29,3,daniel-ricciardo,red-bull,tag-heuer,pirelli,2,28,19.408,19408.0
944,2016,9,30,30,30,7,kimi-raikkonen,ferrari,ferrari,pirelli,2,28,21.206,21206.0
944,2016,9,31,31,31,77,valtteri-bottas,williams,mercedes,pirelli,2,28,20.876,20876.0
944,2016,9,32,32,32,12,felipe-nasr,sauber,ferrari,pirelli,1,28,20.929,20929.0
944,2016,9,33,33,33,55,carlos-sainz-jr,toro-rosso,ferrari,pirelli,2,28,33.462,33462.0
944,2016,9,34,34,34,22,jenson-button,mclaren,honda,pirelli,3,28,18.307,18307.0
944,2016,9,35,35,35,8,romain-grosjean,haas,ferrari,pirelli,2,28,18.860,18860.0
944,2016,9,36,36,36,20,kevin-magnussen,renault,renault,pirelli,2,28,17.721,17721.0
944,2016,9,37,37,37,19,felipe-massa,williams,mercedes,pirelli,2,28,17.388,17388.0
944,2016,9,38,38,38,30,jolyon-palmer,renault,renault,pirelli,2,28,16.851,16851.0
944,2016,9,39,39,39,14,fernando-alonso,mclaren,honda,pirelli,3,28,16.764,16764.0
944,2016,9,40,40,40,11,sergio-perez,force-india,mercedes,pirelli,3,28,16.544,16544.0
944,2016,9,41,41,41,9,marcus-ericsson,sauber,ferrari,pirelli,2,28,16.419,16419.0
944,2016,9,42,42,42,27,nico-hulkenberg,force-india,mercedes,pirelli,3,28,16.227,16227.0
944,2016,9,43,43,43,21,esteban-gutierrez,haas,ferrari,pirelli,2,28,16.475,16475.0
944,2016,9,44,44,44,88,rio-haryanto,manor,mercedes,pirelli,2,28,16.218,16218.0
944,2016,9,45,45,45,6,nico-rosberg,mercedes,mercedes,pirelli,3,29,18.220,18220.0
944,2016,9,46,46,46,94,pascal-wehrlein,manor,mercedes,pirelli,4,28,18.342,18342.0
944,2016,9,47,47,47,44,lewis-hamilton,mercedes,mercedes,pirelli,3,29,18.716,18716.0
944,2016,9,48,48,48,33,max-verstappen,red-bull,tag-heuer,pirelli,3,29,18.455,18455.0
944,2016,9,49,49,49,3,daniel-ricciardo,red-bull,tag-heuer,pirelli,3,29,18.347,18347.0
944,2016,9,50,50,50,7,kimi-raikkonen,ferrari,ferrari,pirelli,3,29,18.455,18455.0
944,2016,9,51,51,51,77,valtteri-bottas,williams,mercedes,pirelli,3,29,17.800,17800.0
944,2016,9,52,52,52,12,felipe-nasr,sauber,ferrari,pirelli,2,29,17.739,17739.0
944,2016,9,53,53,53,22,jenson-button,mclaren,honda,pirelli,4,29,18.964,18964.0
944,2016,9,54,54,54,8,romain-grosjean,haas,ferrari,pirelli,3,29,19.554,19554.0
944,2016,9,55,55,55,20,kevin-magnussen,renault,renault,pirelli,3,29,19.611,19611.0
944,2016,9,56,56,56,19,felipe-massa,williams,mercedes,pirelli,3,29,19.015,19015.0
944,2016,9,57,57,57,30,jolyon-palmer,renault,renault,pirelli,3,29,18.382,18382.0
944,2016,9,58,58,58,14,fernando-alonso,mclaren,honda,pirelli,4,29,18.194,18194.0
944,2016,9,59,59,59,11,sergio-perez,force-india,mercedes,pirelli,4,29,17.970,17970.0
944,2016,9,60,60,60,9,marcus-ericsson,sauber,ferrari,pirelli,3,29,19.041,19041.0
944,2016,9,61,61,61,27,nico-hulkenberg,force-india,mercedes,pirelli,4,29,19.028,19028.0
944,2016,9,62,62,62,55,carlos-sainz-jr,toro-rosso,ferrari,pirelli,3,29,18.636,18636.0
944,2016,9,63,63,63,21,esteban-gutierrez,haas,ferrari,pirelli,3,29,18.308,18308.0
944,2016,9,64,64,64,88,rio-haryanto,manor,mercedes,pirelli,3,29,17.828,17828.0
944,2016,9,65,65,65,21,esteban-gutierrez,haas,ferrari,pirelli,4,41,21.921,21921.0
944,2016,9,66,66,66,12,felipe-nasr,sauber,ferrari,pirelli,3,43,22.707,22707.0
944,2016,9,67,67,67,20,kevin-magnussen,renault,renault,pirelli,4,49,27.119,27119.0
944,2016,9,68,68,68,27,nico-hulkenberg,force-india,mercedes,pirelli,5,50,27.834,27834.0
944,2016,9,69,69,69,30,jolyon-palmer,renault,renault,pirelli,4,50,22.728,22728.0
944,2016,9,70,70,70,9,marcus-ericsson,sauber,ferrari,pirelli,4,50,24.326,24326.0
944,2016,9,71,71,71,88,rio-haryanto,manor,mercedes,pirelli,4,50,25.234,25234.0
944,2016,9,72,72,72,77,valtteri-bottas,williams,mercedes,pirelli,4,51,21.639,21639.0
944,2016,9,73,73,73,44,lewis-hamilton,mercedes,mercedes,pirelli,4,54,22.109,22109.0
944,2016,9,74,74,74,6,nico-rosberg,mercedes,mercedes,pirelli,4,55,21.035,21035.0
944,2016,9,75,75,75,19,felipe-massa,williams,mercedes,pirelli,4,56,21.231,21231.0
944,2016,9,76,76,76,3,daniel-ricciardo,red-bull,tag-heuer,pirelli,4,60,22.284,22284.0
945,2016,10,1,1,1,7,kimi-raikkonen,ferrari,ferrari,pirelli,1,5,29.578,29578.0
945,2016,10,2,2,2,77,valtteri-bottas,williams,mercedes,pirelli,1,5,29.808,29808.0
945,2016,10,3,3,3,27,nico-hulkenberg,force-india,mercedes,pirelli,1,5,30.747,30747.0
945,2016,10,4,4,4,55,carlos-sainz-jr,toro-rosso,ferrari,pirelli,1,5,30.786,30786.0
945,2016,10,5,5,5,14,fernando-alonso,mclaren,honda,pirelli,1,5,32.374,32374.0
945,2016,10,6,6,6,5,sebastian-vettel,ferrari,ferrari,pirelli,1,5,31.381,31381.0
945,2016,10,7,7,7,8,romain-grosjean,haas,ferrari,pirelli,1,5,31.632,31632.0
945,2016,10,8,8,8,21,esteban-gutierrez,haas,ferrari,pirelli,1,5,41.508,41508.0
945,2016,10,9,9,9,20,kevin-magnussen,renault,renault,pirelli,1,5,30.804,30804.0
945,2016,10,10,10,10,94,pascal-wehrlein,manor,mercedes,pirelli,1,5,31.812,31812.0
945,2016,10,11,11,11,3,daniel-ricciardo,red-bull,tag-heuer,pirelli,1,6,30.198,30198.0
945,2016,10,12,12,12,19,felipe-massa,williams,mercedes,pirelli,1,6,29.243,29243.0
945,2016,10,13,13,13,26,daniil-kvyat,toro-rosso,ferrari,pirelli,1,6,30.315,30315.0
945,2016,10,14,14,14,22,jenson-button,mclaren,honda,pirelli,1,6,30.093,30093.0
945,2016,10,15,15,15,30,jolyon-palmer,renault,renault,pirelli,1,6,29.784,29784.0
945,2016,10,16,16,16,88,rio-haryanto,manor,mercedes,pirelli,1,6,29.998,29998.0
945,2016,10,17,17,17,44,lewis-hamilton,mercedes,mercedes,pirelli,1,7,30.343,30343.0
945,2016,10,18,18,18,6,nico-rosberg,mercedes,mercedes,pirelli,1,7,29.395,29395.0
945,2016,10,19,19,19,33,max-verstappen,red-bull,tag-heuer,pirelli,1,7,31.995,31995.0
945,2016,10,20,20,20,11,sergio-perez,force-india,mercedes,pirelli,1,7,29.475,29475.0
945,2016,10,21,21,21,12,felipe-nasr,sauber,ferrari,pirelli,1,7,30.981,30981.0
945,2016,10,22,22,22,9,marcus-ericsson,sauber,ferrari,pirelli,1,7,35.393,35393.0
945,2016,10,23,23,23,9,marcus-ericsson,sauber,ferrari,pirelli,2,10,1:44.980,104980.0
945,2016,10,24,24,24,5,sebastian-vettel,ferrari,ferrari,pirelli,2,15,29.163,29163.0
945,2016,10,25,25,25,7,kimi-raikkonen,ferrari,ferrari,pirelli,2,16,30.462,30462.0
945,2016,10,26,26,26,19,felipe-massa,williams,mercedes,pirelli,2,16,29.403,29403.0
945,2016,10,27,27,27,26,daniil-kvyat,toro-rosso,ferrari,pirelli,2,16,30.327,30327.0
945,2016,10,28,28,28,77,valtteri-bottas,williams,mercedes,pirelli,2,16,29.282,29282.0
945,2016,10,29,29,29,12,felipe-nasr,sauber,ferrari,pirelli,2,16,30.143,30143.0
945,2016,10,30,30,30,8,romain-grosjean,haas,ferrari,pirelli,2,16,30.882,30882.0
945,2016,10,31,31,31,30,jolyon-palmer,renault,renault,pirelli,2,16,55.697,55697.0
945,2016,10,32,32,32,44,lewis-hamilton,mercedes,mercedes,pirelli,2,17,28.728,28728.0
945,2016,10,33,33,33,6,nico-rosberg,mercedes,mercedes,pirelli,2,17,29.715,29715.0
945,2016,10,34,34,34,11,sergio-perez,force-india,mercedes,pirelli,2,17,28.915,28915.0
945,2016,10,35,35,35,3,daniel-ricciardo,red-bull,tag-heuer,pirelli,2,17,29.813,29813.0
945,2016,10,36,36,36,55,carlos-sainz-jr,toro-rosso,ferrari,pirelli,2,17,29.895,29895.0
945,2016,10,37,37,37,27,nico-hulkenberg,force-india,mercedes,pirelli,2,17,29.867,29867.0
945,2016,10,38,38,38,14,fernando-alonso,mclaren,honda,pirelli,2,17,28.799,28799.0
945,2016,10,39,39,39,22,jenson-button,mclaren,honda,pirelli,2,17,29.588,29588.0
945,2016,10,40,40,40,20,kevin-magnussen,renault,renault,pirelli,2,17,29.201,29201.0
945,2016,10,41,41,41,21,esteban-gutierrez,haas,ferrari,pirelli,2,17,29.884,29884.0
945,2016,10,42,42,42,88,rio-haryanto,manor,mercedes,pirelli,2,17,30.135,30135.0
945,2016,10,43,43,43,33,max-verstappen,red-bull,tag-heuer,pirelli,2,18,29.429,29429.0
945,2016,10,44,44,44,30,jolyon-palmer,renault,renault,pirelli,3,19,41.486,41486.0
945,2016,10,45,45,45,19,felipe-massa,williams,mercedes,pirelli,3,38,29.346,29346.0
945,2016,10,46,46,46,14,fernando-alonso,mclaren,honda,pirelli,3,39,28.936,28936.0
945,2016,10,47,47,47,20,kevin-magnussen,renault,renault,pirelli,3,40,28.450,28450.0
946,2016,11,1,1,1,22,jenson-button,mclaren,honda,pirelli,1,7,22.229,22229.0
946,2016,11,2,2,2,94,pascal-wehrlein,manor,mercedes,pirelli,1,9,23.486,23486.0
946,2016,11,3,3,3,22,jenson-button,mclaren,honda,pirelli,2,10,16.486,16486.0
946,2016,11,4,4,4,12,felipe-nasr,sauber,ferrari,pirelli,1,11,22.778,22778.0
946,2016,11,5,5,5,5,sebastian-vettel,ferrari,ferrari,pirelli,1,14,21.640,21640.0
946,2016,11,6,6,6,8,romain-grosjean,haas,ferrari,pirelli,1,14,22.427,22427.0
946,2016,11,7,7,7,27,nico-hulkenberg,force-india,mercedes,pirelli,1,14,22.014,22014.0
946,2016,11,8,8,8,3,daniel-ricciardo,red-bull,tag-heuer,pirelli,1,15,22.241,22241.0
946,2016,11,9,9,9,14,fernando-alonso,mclaren,honda,pirelli,1,15,22.099,22099.0
946,2016,11,10,10,10,21,esteban-gutierrez,haas,ferrari,pirelli,1,15,22.828,22828.0
946,2016,11,11,11,11,44,lewis-hamilton,mercedes,mercedes,pirelli,1,16,21.441,21441.0
946,2016,11,12,12,12,33,max-verstappen,red-bull,tag-heuer,pirelli,1,16,22.389,22389.0
946,2016,11,13,13,13,55,carlos-sainz-jr,toro-rosso,ferrari,pirelli,1,16,22.960,22960.0
946,2016,11,14,14,14,77,valtteri-bottas,williams,mercedes,pirelli,1,16,21.704,21704.0
946,2016,11,15,15,15,6,nico-rosberg,mercedes,mercedes,pirelli,1,17,21.233,21233.0
946,2016,11,16,16,16,9,marcus-ericsson,sauber,ferrari,pirelli,1,17,23.873,23873.0
946,2016,11,17,17,17,20,kevin-magnussen,renault,renault,pirelli,1,24,21.990,21990.0
946,2016,11,18,18,18,26,daniil-kvyat,toro-rosso,ferrari,pirelli,1,24,22.105,22105.0
946,2016,11,19,19,19,19,felipe-massa,williams,mercedes,pirelli,1,25,21.793,21793.0
946,2016,11,20,20,20,30,jolyon-palmer,renault,renault,pirelli,1,26,21.892,21892.0
946,2016,11,21,21,21,11,sergio-perez,force-india,mercedes,pirelli,1,27,22.689,22689.0
946,2016,11,22,22,22,22,jenson-button,mclaren,honda,pirelli,3,28,22.718,22718.0
946,2016,11,23,23,23,7,kimi-raikkonen,ferrari,ferrari,pirelli,1,29,21.951,21951.0
946,2016,11,24,24,24,88,rio-haryanto,manor,mercedes,pirelli,1,29,24.254,24254.0
946,2016,11,25,25,25,3,daniel-ricciardo,red-bull,tag-heuer,pirelli,2,33,22.006,22006.0
946,2016,11,26,26,26,94,pascal-wehrlein,manor,mercedes,pirelli,2,35,22.765,22765.0
946,2016,11,27,27,27,8,romain-grosjean,haas,ferrari,pirelli,2,36,22.303,22303.0
946,2016,11,28,28,28,20,kevin-magnussen,renault,renault,pirelli,2,36,22.051,22051.0
946,2016,11,29,29,29,21,esteban-gutierrez,haas,ferrari,pirelli,2,37,22.520,22520.0
946,2016,11,30,30,30,33,max-verstappen,red-bull,tag-heuer,pirelli,2,38,21.687,21687.0
946,2016,11,31,31,31,27,nico-hulkenberg,force-india,mercedes,pirelli,2,39,23.350,23350.0
946,2016,11,32,32,32,30,jolyon-palmer,renault,renault,pirelli,2,39,21.665,21665.0
946,2016,11,33,33,33,12,felipe-nasr,sauber,ferrari,pirelli,2,39,22.965,22965.0
946,2016,11,34,34,34,11,sergio-perez,force-india,mercedes,pirelli,2,40,29.941,29941.0
946,2016,11,35,35,35,44,lewis-hamilton,mercedes,mercedes,pirelli,2,41,21.773,21773.0
946,2016,11,36,36,36,5,sebastian-vettel,ferrari,ferrari,pirelli,2,41,21.535,21535.0
946,2016,11,37,37,37,6,nico-rosberg,mercedes,mercedes,pirelli,2,42,22.351,22351.0
946,2016,11,38,38,38,55,carlos-sainz-jr,toro-rosso,ferrari,pirelli,2,42,22.417,22417.0
946,2016,11,39,39,39,77,valtteri-bottas,williams,mercedes,pirelli,2,43,21.405,21405.0
946,2016,11,40,40,40,14,fernando-alonso,mclaren,honda,pirelli,2,44,21.897,21897.0
946,2016,11,41,41,41,9,marcus-ericsson,sauber,ferrari,pirelli,2,45,23.198,23198.0
946,2016,11,42,42,42,26,daniil-kvyat,toro-rosso,ferrari,pirelli,2,46,27.951,27951.0
946,2016,11,43,43,43,7,kimi-raikkonen,ferrari,ferrari,pirelli,2,50,21.857,21857.0
946,2016,11,44,44,44,9,marcus-ericsson,sauber,ferrari,pirelli,3,62,23.308,23308.0
946,2016,11,45,45,45,19,felipe-massa,williams,mercedes,pirelli,2,65,22.366,22366.0
947,2016,12,1,1,1,30,jolyon-palmer,renault,renault,pirelli,1,2,19.298,19298.0
947,2016,12,2,2,2,26,daniil-kvyat,toro-rosso,ferrari,pirelli,1,7,23.243,23243.0
947,2016,12,3,3,3,12,felipe-nasr,sauber,ferrari,pirelli,1,7,29.865,29865.0
947,2016,12,4,4,4,11,sergio-perez,force-india,mercedes,pirelli,1,8,19.233,19233.0
947,2016,12,5,5,5,55,carlos-sainz-jr,toro-rosso,ferrari,pirelli,1,9,22.751,22751.0
947,2016,12,6,6,6,19,felipe-massa,williams,mercedes,pirelli,1,9,18.590,18590.0
947,2016,12,7,7,7,33,max-verstappen,red-bull,tag-heuer,pirelli,1,11,19.017,19017.0
947,2016,12,8,8,8,6,nico-rosberg,mercedes,mercedes,pirelli,1,11,19.693,19693.0
947,2016,12,9,9,9,20,kevin-magnussen,renault,renault,pirelli,1,11,19.034,19034.0
947,2016,12,10,10,10,3,daniel-ricciardo,red-bull,tag-heuer,pirelli,1,12,18.964,18964.0
947,2016,12,11,11,11,77,valtteri-bottas,williams,mercedes,pirelli,1,12,18.796,18796.0
947,2016,12,12,12,12,27,nico-hulkenberg,force-india,mercedes,pirelli,1,12,19.608,19608.0
947,2016,12,13,13,13,94,pascal-wehrlein,manor,mercedes,pirelli,1,12,19.813,19813.0
947,2016,12,14,14,14,5,sebastian-vettel,ferrari,ferrari,pirelli,1,13,19.230,19230.0
947,2016,12,15,15,15,22,jenson-button,mclaren,honda,pirelli,1,13,19.427,19427.0
947,2016,12,16,16,16,88,rio-haryanto,manor,mercedes,pirelli,1,13,31.317,31317.0
947,2016,12,17,17,17,44,lewis-hamilton,mercedes,mercedes,pirelli,1,14,18.650,18650.0
947,2016,12,18,18,18,7,kimi-raikkonen,ferrari,ferrari,pirelli,1,14,22.393,22393.0
947,2016,12,19,19,19,14,fernando-alonso,mclaren,honda,pirelli,1,14,19.258,19258.0
947,2016,12,20,20,20,9,marcus-ericsson,sauber,ferrari,pirelli,1,16,20.148,20148.0
947,2016,12,21,21,21,8,romain-grosjean,haas,ferrari,pirelli,1,17,20.301,20301.0
947,2016,12,22,22,22,12,felipe-nasr,sauber,ferrari,pirelli,2,19,19.944,19944.0
947,2016,12,23,23,23,21,esteban-gutierrez,haas,ferrari,pirelli,1,25,20.099,20099.0
947,2016,12,24,24,24,30,jolyon-palmer,renault,renault,pirelli,2,25,26.688,26688.0
947,2016,12,25,25,25,19,felipe-massa,williams,mercedes,pirelli,2,26,36.395,36395.0
947,2016,12,26,26,26,94,pascal-wehrlein,manor,mercedes,pirelli,2,26,19.626,19626.0
947,2016,12,27,27,27,6,nico-rosberg,mercedes,mercedes,pirelli,2,27,18.936,18936.0
947,2016,12,28,28,28,11,sergio-perez,force-india,mercedes,pirelli,2,27,19.223,19223.0
947,2016,12,29,29,29,33,max-verstappen,red-bull,tag-heuer,pirelli,2,28,19.137,19137.0
947,2016,12,30,30,30,14,fernando-alonso,mclaren,honda,pirelli,2,28,19.440,19440.0
947,2016,12,31,31,31,26,daniil-kvyat,toro-rosso,ferrari,pirelli,2,28,20.227,20227.0
947,2016,12,32,32,32,55,carlos-sainz-jr,toro-rosso,ferrari,pirelli,2,29,19.747,19747.0
947,2016,12,33,33,33,5,sebastian-vettel,ferrari,ferrari,pirelli,2,31,19.472,19472.0
947,2016,12,34,34,34,22,jenson-button,mclaren,honda,pirelli,2,31,19.124,19124.0
947,2016,12,35,35,35,7,kimi-raikkonen,ferrari,ferrari,pirelli,2,32,19.142,19142.0
947,2016,12,36,36,36,27,nico-hulkenberg,force-india,mercedes,pirelli,2,32,19.144,19144.0
947,2016,12,37,37,37,20,kevin-magnussen,renault,renault,pirelli,2,32,19.159,19159.0
947,2016,12,38,38,38,3,daniel-ricciardo,red-bull,tag-heuer,pirelli,2,33,18.738,18738.0
947,2016,12,39,39,39,88,rio-haryanto,manor,mercedes,pirelli,2,32,20.919,20919.0
947,2016,12,40,40,40,77,valtteri-bottas,williams,mercedes,pirelli,2,33,19.183,19183.0
947,2016,12,41,41,41,44,lewis-hamilton,mercedes,mercedes,pirelli,2,34,18.504,18504.0
947,2016,12,42,42,42,9,marcus-ericsson,sauber,ferrari,pirelli,2,33,19.318,19318.0
947,2016,12,43,43,43,12,felipe-nasr,sauber,ferrari,pirelli,3,42,19.755,19755.0
947,2016,12,44,44,44,11,sergio-perez,force-india,mercedes,pirelli,3,43,19.379,19379.0
947,2016,12,45,45,45,8,romain-grosjean,haas,ferrari,pirelli,2,43,19.863,19863.0
947,2016,12,46,46,46,6,nico-rosberg,mercedes,mercedes,pirelli,3,44,28.364,28364.0
947,2016,12,47,47,47,27,nico-hulkenberg,force-india,mercedes,pirelli,3,44,19.907,19907.0
947,2016,12,48,48,48,33,max-verstappen,red-bull,tag-heuer,pirelli,3,45,18.967,18967.0
947,2016,12,49,49,49,3,daniel-ricciardo,red-bull,tag-heuer,pirelli,3,46,18.979,18979.0
947,2016,12,50,50,50,5,sebastian-vettel,ferrari,ferrari,pirelli,3,46,19.000,19000.0
947,2016,12,51,51,51,30,jolyon-palmer,renault,renault,pirelli,3,45,19.725,19725.0
947,2016,12,52,52,52,22,jenson-button,mclaren,honda,pirelli,3,46,19.268,19268.0
947,2016,12,53,53,53,44,lewis-hamilton,mercedes,mercedes,pirelli,3,47,18.475,18475.0
947,2016,12,54,54,54,7,kimi-raikkonen,ferrari,ferrari,pirelli,3,47,19.525,19525.0
947,2016,12,55,55,55,94,pascal-wehrlein,manor,mercedes,pirelli,3,46,19.658,19658.0
947,2016,12,56,56,56,14,fernando-alonso,mclaren,honda,pirelli,3,47,19.127,19127.0
947,2016,12,57,57,57,21,esteban-gutierrez,haas,ferrari,pirelli,2,47,19.326,19326.0
947,2016,12,58,58,58,26,daniil-kvyat,toro-rosso,ferrari,pirelli,3,49,19.264,19264.0
947,2016,12,59,59,59,88,rio-haryanto,manor,mercedes,pirelli,3,49,21.186,21186.0
947,2016,12,60,60,60,55,carlos-sainz-jr,toro-rosso,ferrari,pirelli,3,51,19.547,19547.0
948,2016,13,1,1,1,33,max-verstappen,red-bull,tag-heuer,pirelli,1,1,31.235,31235.0
948,2016,13,2,2,2,12,felipe-nasr,sauber,ferrari,pirelli,1,1,26.390,26390.0
948,2016,13,3,3,3,5,sebastian-vettel,ferrari,ferrari,pirelli,1,1,22.403,22403.0
948,2016,13,4,4,4,7,kimi-raikkonen,ferrari,ferrari,pirelli,1,1,1:27.084,87084.0
948,2016,13,5,5,5,19,felipe-massa,williams,mercedes,pirelli,1,2,22.484,22484.0
948,2016,13,6,6,6,27,nico-hulkenberg,force-india,mercedes,pirelli,1,6,23.564,23564.0
948,2016,13,7,7,7,7,kimi-raikkonen,ferrari,ferrari,pirelli,2,5,23.061,23061.0
948,2016,13,8,8,8,11,sergio-perez,force-india,mercedes,pirelli,1,6,23.783,23783.0
948,2016,13,9,9,9,8,romain-grosjean,haas,ferrari,pirelli,1,6,23.705,23705.0
948,2016,13,10,10,10,30,jolyon-palmer,renault,renault,pirelli,1,6,22.698,22698.0
948,2016,13,11,11,11,31,esteban-ocon,manor,mercedes,pirelli,1,6,28.718,28718.0
948,2016,13,12,12,12,77,valtteri-bottas,williams,mercedes,pirelli,1,7,22.190,22190.0
948,2016,13,13,13,13,21,esteban-gutierrez,haas,ferrari,pirelli,1,7,23.486,23486.0
948,2016,13,14,14,14,6,nico-rosberg,mercedes,mercedes,pirelli,1,9,16:36.150,996150.0
948,2016,13,15,15,15,3,daniel-ricciardo,red-bull,tag-heuer,pirelli,1,9,16:38.401,998401.0
948,2016,13,16,16,16,27,nico-hulkenberg,force-india,mercedes,pirelli,2,9,16:38.468,998468.0
948,2016,13,17,17,17,14,fernando-alonso,mclaren,honda,pirelli,1,9,16:38.234,998234.0
948,2016,13,18,18,18,44,lewis-hamilton,mercedes,mercedes,pirelli,1,9,16:40.478,1000478.0
948,2016,13,19,19,19,19,felipe-massa,williams,mercedes,pirelli,2,9,16:40.664,1000664.0
948,2016,13,20,20,20,11,sergio-perez,force-india,mercedes,pirelli,2,9,16:40.284,1000284.0
948,2016,13,21,21,21,26,daniil-kvyat,toro-rosso,ferrari,pirelli,1,9,16:40.466,1000466.0
948,2016,13,22,22,22,30,jolyon-palmer,renault,renault,pirelli,2,9,16:40.234,1000234.0
948,2016,13,23,23,23,8,romain-grosjean,haas,ferrari,pirelli,2,9,16:39.366,999366.0
948,2016,13,24,24,24,5,sebastian-vettel,ferrari,ferrari,pirelli,2,9,16:38.511,998511.0
948,2016,13,25,25,25,77,valtteri-bottas,williams,mercedes,pirelli,2,9,16:38.328,998328.0
948,2016,13,26,26,26,21,esteban-gutierrez,haas,ferrari,pirelli,2,9,16:38.622,998622.0
948,2016,13,27,27,27,33,max-verstappen,red-bull,tag-heuer,pirelli,2,9,16:38.546,998546.0
948,2016,13,28,28,28,31,esteban-ocon,manor,mercedes,pirelli,2,9,16:40.980,1000980.0
948,2016,13,29,29,29,12,felipe-nasr,sauber,ferrari,pirelli,2,9,16:41.198,1001198.0
948,2016,13,30,30,30,7,kimi-raikkonen,ferrari,ferrari,pirelli,3,9,15:43.158,943158.0
948,2016,13,31,31,31,33,max-verstappen,red-bull,tag-heuer,pirelli,3,16,23.231,23231.0
948,2016,13,32,32,32,44,lewis-hamilton,mercedes,mercedes,pirelli,2,21,24.343,24343.0
948,2016,13,33,33,33,26,daniil-kvyat,toro-rosso,ferrari,pirelli,2,21,23.359,23359.0
948,2016,13,34,34,34,19,felipe-massa,williams,mercedes,pirelli,3,22,22.515,22515.0
948,2016,13,35,35,35,21,esteban-gutierrez,haas,ferrari,pirelli,3,22,23.561,23561.0
948,2016,13,36,36,36,30,jolyon-palmer,renault,renault,pirelli,3,22,23.333,23333.0
948,2016,13,37,37,37,27,nico-hulkenberg,force-india,mercedes,pirelli,3,23,24.015,24015.0
948,2016,13,38,38,38,14,fernando-alonso,mclaren,honda,pirelli,2,23,22.451,22451.0
948,2016,13,39,39,39,5,sebastian-vettel,ferrari,ferrari,pirelli,3,23,22.762,22762.0
948,2016,13,40,40,40,77,valtteri-bottas,williams,mercedes,pirelli,3,23,22.318,22318.0
948,2016,13,41,41,41,8,romain-grosjean,haas,ferrari,pirelli,3,23,23.107,23107.0
948,2016,13,42,42,42,12,felipe-nasr,sauber,ferrari,pirelli,3,23,30.238,30238.0
948,2016,13,43,43,43,11,sergio-perez,force-india,mercedes,pirelli,3,24,22.652,22652.0
948,2016,13,44,44,44,7,kimi-raikkonen,ferrari,ferrari,pirelli,4,24,23.056,23056.0
948,2016,13,45,45,45,31,esteban-ocon,manor,mercedes,pirelli,3,24,24.208,24208.0
948,2016,13,46,46,46,3,daniel-ricciardo,red-bull,tag-heuer,pirelli,2,25,22.531,22531.0
948,2016,13,47,47,47,6,nico-rosberg,mercedes,mercedes,pirelli,2,26,22.596,22596.0
948,2016,13,48,48,48,33,max-verstappen,red-bull,tag-heuer,pirelli,4,27,22.727,22727.0
948,2016,13,49,49,49,44,lewis-hamilton,mercedes,mercedes,pirelli,3,32,22.432,22432.0
948,2016,13,50,50,50,30,jolyon-palmer,renault,renault,pirelli,4,34,22.578,22578.0
948,2016,13,51,51,51,26,daniil-kvyat,toro-rosso,ferrari,pirelli,3,35,23.363,23363.0
949,2016,14,1,1,1,30,jolyon-palmer,renault,renault,pirelli,1,2,33.275,33275.0
949,2016,14,2,2,2,12,felipe-nasr,sauber,ferrari,pirelli,1,2,27.786,27786.0
949,2016,14,3,3,3,12,felipe-nasr,sauber,ferrari,pirelli,2,4,13:30.454,810454.0
949,2016,14,4,4,4,77,valtteri-bottas,williams,mercedes,pirelli,1,13,24.161,24161.0
949,2016,14,5,5,5,33,max-verstappen,red-bull,tag-heuer,pirelli,1,13,24.610,24610.0
949,2016,14,6,6,6,14,fernando-alonso,mclaren,honda,pirelli,1,13,26.843,26843.0
949,2016,14,7,7,7,26,daniil-kvyat,toro-rosso,ferrari,pirelli,1,13,25.183,25183.0
949,2016,14,8,8,8,27,nico-hulkenberg,force-india,mercedes,pirelli,1,14,24.043,24043.0
949,2016,14,9,9,9,20,kevin-magnussen,renault,renault,pirelli,1,14,24.505,24505.0
949,2016,14,10,10,10,7,kimi-raikkonen,ferrari,ferrari,pirelli,1,15,24.116,24116.0
949,2016,14,11,11,11,11,sergio-perez,force-india,mercedes,pirelli,1,15,24.537,24537.0
949,2016,14,12,12,12,22,jenson-button,mclaren,honda,pirelli,1,15,26.427,26427.0
949,2016,14,13,13,13,12,felipe-nasr,sauber,ferrari,pirelli,3,5,36.594,36594.0
949,2016,14,14,14,14,5,sebastian-vettel,ferrari,ferrari,pirelli,1,16,25.472,25472.0
949,2016,14,15,15,15,3,daniel-ricciardo,red-bull,tag-heuer,pirelli,1,16,23.745,23745.0
949,2016,14,16,16,16,19,felipe-massa,williams,mercedes,pirelli,1,16,23.940,23940.0
949,2016,14,17,17,17,94,pascal-wehrlein,manor,mercedes,pirelli,1,16,25.962,25962.0
949,2016,14,18,18,18,21,esteban-gutierrez,haas,ferrari,pirelli,1,16,25.150,25150.0
949,2016,14,19,19,19,55,carlos-sainz-jr,toro-rosso,ferrari,pirelli,1,23,25.301,25301.0
949,2016,14,20,20,20,9,marcus-ericsson,sauber,ferrari,pirelli,1,23,25.145,25145.0
949,2016,14,21,21,21,6,nico-rosberg,mercedes,mercedes,pirelli,1,24,25.550,25550.0
949,2016,14,22,22,22,44,lewis-hamilton,mercedes,mercedes,pirelli,1,25,23.633,23633.0
949,2016,14,23,23,23,11,sergio-perez,force-india,mercedes,pirelli,2,28,24.033,24033.0
949,2016,14,24,24,24,8,romain-grosjean,haas,ferrari,pirelli,1,28,25.340,25340.0
949,2016,14,25,25,25,77,valtteri-bottas,williams,mercedes,pirelli,2,30,23.899,23899.0
949,2016,14,26,26,26,20,kevin-magnussen,renault,renault,pirelli,2,30,23.757,23757.0
949,2016,14,27,27,27,5,sebastian-vettel,ferrari,ferrari,pirelli,2,33,25.033,25033.0
949,2016,14,28,28,28,31,esteban-ocon,manor,mercedes,pirelli,1,32,25.539,25539.0
949,2016,14,29,29,29,27,nico-hulkenberg,force-india,mercedes,pirelli,2,33,24.553,24553.0
949,2016,14,30,30,30,14,fernando-alonso,mclaren,honda,pirelli,2,33,23.694,23694.0
949,2016,14,31,31,31,26,daniil-kvyat,toro-rosso,ferrari,pirelli,2,33,24.363,24363.0
949,2016,14,32,32,32,7,kimi-raikkonen,ferrari,ferrari,pirelli,2,34,24.279,24279.0
949,2016,14,33,33,33,21,esteban-gutierrez,haas,ferrari,pirelli,2,34,25.515,25515.0
949,2016,14,34,34,34,33,max-verstappen,red-bull,tag-heuer,pirelli,2,35,23.827,23827.0
949,2016,14,35,35,35,19,felipe-massa,williams,mercedes,pirelli,2,36,23.822,23822.0
949,2016,14,36,36,36,3,daniel-ricciardo,red-bull,tag-heuer,pirelli,2,37,23.633,23633.0
949,2016,14,37,37,37,22,jenson-button,mclaren,honda,pirelli,2,38,24.418,24418.0
949,2016,14,38,38,38,55,carlos-sainz-jr,toro-rosso,ferrari,pirelli,2,39,24.341,24341.0
949,2016,14,39,39,39,14,fernando-alonso,mclaren,honda,pirelli,3,49,24.082,24082.0
950,2016,15,1,1,1,6,nico-rosberg,mercedes,mercedes,pirelli,1,1,26.350,26350.0
950,2016,15,2,2,2,3,daniel-ricciardo,red-bull,tag-heuer,pirelli,1,1,25.925,25925.0
950,2016,15,3,3,3,44,lewis-hamilton,mercedes,mercedes,pirelli,1,1,24.453,24453.0
950,2016,15,4,4,4,7,kimi-raikkonen,ferrari,ferrari,pirelli,1,1,24.874,24874.0
950,2016,15,5,5,5,14,fernando-alonso,mclaren,honda,pirelli,1,1,24.649,24649.0
950,2016,15,6,6,6,26,daniil-kvyat,toro-rosso,ferrari,pirelli,1,1,24.584,24584.0
950,2016,15,7,7,7,55,carlos-sainz-jr,toro-rosso,ferrari,pirelli,1,1,25.973,25973.0
950,2016,15,8,8,8,33,max-verstappen,red-bull,tag-heuer,pirelli,1,1,25.740,25740.0
950,2016,15,9,9,9,19,felipe-massa,williams,mercedes,pirelli,1,1,25.929,25929.0
950,2016,15,10,10,10,20,kevin-magnussen,renault,renault,pirelli,1,1,25.816,25816.0
950,2016,15,11,11,11,9,marcus-ericsson,sauber,ferrari,pirelli,1,1,26.135,26135.0
950,2016,15,12,12,12,11,sergio-perez,force-india,mercedes,pirelli,1,1,32.821,32821.0
950,2016,15,13,13,13,21,esteban-gutierrez,haas,ferrari,pirelli,1,1,26.519,26519.0
950,2016,15,14,14,14,22,jenson-button,mclaren,honda,pirelli,1,1,42.815,42815.0
950,2016,15,15,15,15,77,valtteri-bottas,williams,mercedes,pirelli,1,1,32.709,32709.0
950,2016,15,16,16,16,94,pascal-wehrlein,manor,mercedes,pirelli,1,1,24.308,24308.0
950,2016,15,17,17,17,31,esteban-ocon,manor,mercedes,pirelli,1,1,24.343,24343.0
950,2016,15,18,18,18,12,felipe-nasr,sauber,ferrari,pirelli,1,1,25.057,25057.0
950,2016,15,19,19,19,30,jolyon-palmer,renault,renault,pirelli,1,1,25.211,25211.0
950,2016,15,20,20,20,5,sebastian-vettel,ferrari,ferrari,pirelli,1,1,24.342,24342.0
950,2016,15,21,21,21,55,carlos-sainz-jr,toro-rosso,ferrari,pirelli,2,7,29.846,29846.0
950,2016,15,22,22,22,9,marcus-ericsson,sauber,ferrari,pirelli,2,8,29.706,29706.0
950,2016,15,23,23,23,30,jolyon-palmer,renault,renault,pirelli,2,11,28.847,28847.0
950,2016,15,24,24,24,33,max-verstappen,red-bull,tag-heuer,pirelli,2,13,28.815,28815.0
950,2016,15,25,25,25,14,fernando-alonso,mclaren,honda,pirelli,2,14,29.401,29401.0
950,2016,15,26,26,26,3,daniel-ricciardo,red-bull,tag-heuer,pirelli,2,15,28.890,28890.0
950,2016,15,27,27,27,44,lewis-hamilton,mercedes,mercedes,pirelli,2,15,29.150,29150.0
950,2016,15,28,28,28,26,daniil-kvyat,toro-rosso,ferrari,pirelli,2,15,30.301,30301.0
950,2016,15,29,29,29,77,valtteri-bottas,williams,mercedes,pirelli,2,15,28.780,28780.0
950,2016,15,30,30,30,22,jenson-button,mclaren,honda,pirelli,2,15,28.998,28998.0
950,2016,15,31,31,31,6,nico-rosberg,mercedes,mercedes,pirelli,2,16,30.546,30546.0
950,2016,15,32,32,32,19,felipe-massa,williams,mercedes,pirelli,2,16,28.682,28682.0
950,2016,15,33,33,33,7,kimi-raikkonen,ferrari,ferrari,pirelli,2,17,29.041,29041.0
950,2016,15,34,34,34,20,kevin-magnussen,renault,renault,pirelli,2,17,28.759,28759.0
950,2016,15,35,35,35,12,felipe-nasr,sauber,ferrari,pirelli,2,17,30.297,30297.0
950,2016,15,36,36,36,21,esteban-gutierrez,haas,ferrari,pirelli,2,18,30.307,30307.0
950,2016,15,37,37,37,94,pascal-wehrlein,manor,mercedes,pirelli,2,18,30.532,30532.0
950,2016,15,38,38,38,31,esteban-ocon,manor,mercedes,pirelli,2,19,1:44.383,104383.0
950,2016,15,39,39,39,5,sebastian-vettel,ferrari,ferrari,pirelli,2,24,28.924,28924.0
950,2016,15,40,40,40,11,sergio-perez,force-india,mercedes,pirelli,2,25,28.742,28742.0
950,2016,15,41,41,41,9,marcus-ericsson,sauber,ferrari,pirelli,3,25,29.468,29468.0
950,2016,15,42,42,42,33,max-verstappen,red-bull,tag-heuer,pirelli,3,27,28.948,28948.0
950,2016,15,43,43,43,55,carlos-sainz-jr,toro-rosso,ferrari,pirelli,3,27,29.320,29320.0
950,2016,15,44,44,44,22,jenson-button,mclaren,honda,pirelli,3,27,29.025,29025.0
950,2016,15,45,45,45,19,felipe-massa,williams,mercedes,pirelli,3,28,29.578,29578.0
950,2016,15,46,46,46,77,valtteri-bottas,williams,mercedes,pirelli,3,30,28.545,28545.0
950,2016,15,47,47,47,3,daniel-ricciardo,red-bull,tag-heuer,pirelli,3,32,28.921,28921.0
950,2016,15,48,48,48,6,nico-rosberg,mercedes,mercedes,pirelli,3,33,28.970,28970.0
950,2016,15,49,49,49,77,valtteri-bottas,williams,mercedes,pirelli,4,32,1:03.680,63680.0
950,2016,15,50,50,50,7,kimi-raikkonen,ferrari,ferrari,pirelli,3,33,29.135,29135.0
950,2016,15,51,51,51,44,lewis-hamilton,mercedes,mercedes,pirelli,3,34,28.421,28421.0
950,2016,15,52,52,52,14,fernando-alonso,mclaren,honda,pirelli,3,34,30.381,30381.0
950,2016,15,53,53,53,30,jolyon-palmer,renault,renault,pirelli,3,34,28.804,28804.0
950,2016,15,54,54,54,12,felipe-nasr,sauber,ferrari,pirelli,3,35,29.537,29537.0
950,2016,15,55,55,55,31,esteban-ocon,manor,mercedes,pirelli,3,34,30.614,30614.0
950,2016,15,56,56,56,21,esteban-gutierrez,haas,ferrari,pirelli,3,36,30.160,30160.0
950,2016,15,57,57,57,94,pascal-wehrlein,manor,mercedes,pirelli,3,36,30.471,30471.0
950,2016,15,58,58,58,9,marcus-ericsson,sauber,ferrari,pirelli,4,36,29.680,29680.0
950,2016,15,59,59,59,26,daniil-kvyat,toro-rosso,ferrari,pirelli,3,37,29.205,29205.0
950,2016,15,60,60,60,20,kevin-magnussen,renault,renault,pirelli,3,38,29.754,29754.0
950,2016,15,61,61,61,5,sebastian-vettel,ferrari,ferrari,pirelli,3,42,29.391,29391.0
950,2016,15,62,62,62,19,felipe-massa,williams,mercedes,pirelli,4,43,29.903,29903.0
950,2016,15,63,63,63,33,max-verstappen,red-bull,tag-heuer,pirelli,4,44,28.854,28854.0
950,2016,15,64,64,64,44,lewis-hamilton,mercedes,mercedes,pirelli,4,45,28.315,28315.0
950,2016,15,65,65,65,7,kimi-raikkonen,ferrari,ferrari,pirelli,4,46,28.954,28954.0
950,2016,15,66,66,66,3,daniel-ricciardo,red-bull,tag-heuer,pirelli,4,47,28.662,28662.0
950,2016,15,67,67,67,31,esteban-ocon,manor,mercedes,pirelli,4,45,42.368,42368.0
950,2016,15,68,68,68,55,carlos-sainz-jr,toro-rosso,ferrari,pirelli,4,48,29.377,29377.0
951,2016,16,1,1,1,26,daniil-kvyat,toro-rosso,ferrari,pirelli,1,1,32.413,32413.0
951,2016,16,2,2,2,19,felipe-massa,williams,mercedes,pirelli,1,1,23.528,23528.0
951,2016,16,3,3,3,20,kevin-magnussen,renault,renault,pirelli,1,1,30.679,30679.0
951,2016,16,4,4,4,21,esteban-gutierrez,haas,ferrari,pirelli,1,1,30.782,30782.0
951,2016,16,5,5,5,19,felipe-massa,williams,mercedes,pirelli,2,6,24.425,24425.0
951,2016,16,6,6,6,33,max-verstappen,red-bull,tag-heuer,pirelli,1,9,23.935,23935.0
951,2016,16,7,7,7,11,sergio-perez,force-india,mercedes,pirelli,1,9,27.024,27024.0
951,2016,16,8,8,8,22,jenson-button,mclaren,honda,pirelli,1,9,24.738,24738.0
951,2016,16,9,9,9,27,nico-hulkenberg,force-india,mercedes,pirelli,1,9,26.609,26609.0
951,2016,16,10,10,10,6,nico-rosberg,mercedes,mercedes,pirelli,1,9,23.750,23750.0
951,2016,16,11,11,11,14,fernando-alonso,mclaren,honda,pirelli,1,9,25.195,25195.0
951,2016,16,12,12,12,94,pascal-wehrlein,manor,mercedes,pirelli,1,9,25.820,25820.0
951,2016,16,13,13,13,31,esteban-ocon,manor,mercedes,pirelli,1,12,25.368,25368.0
951,2016,16,14,14,14,44,lewis-hamilton,mercedes,mercedes,pirelli,1,20,23.689,23689.0
951,2016,16,15,15,15,7,kimi-raikkonen,ferrari,ferrari,pirelli,1,20,24.584,24584.0
951,2016,16,16,16,16,55,carlos-sainz-jr,toro-rosso,ferrari,pirelli,1,20,24.400,24400.0
951,2016,16,17,17,17,3,daniel-ricciardo,red-bull,tag-heuer,pirelli,1,21,24.197,24197.0
951,2016,16,18,18,18,9,marcus-ericsson,sauber,ferrari,pirelli,1,21,25.272,25272.0
951,2016,16,19,19,19,21,esteban-gutierrez,haas,ferrari,pirelli,2,22,24.814,24814.0
951,2016,16,20,20,20,33,max-verstappen,red-bull,tag-heuer,pirelli,2,27,23.856,23856.0
951,2016,16,21,21,21,14,fernando-alonso,mclaren,honda,pirelli,2,27,24.061,24061.0
951,2016,16,22,22,22,27,nico-hulkenberg,force-india,mercedes,pirelli,2,28,24.012,24012.0
951,2016,16,23,23,23,77,valtteri-bottas,williams,mercedes,pirelli,1,29,23.828,23828.0
951,2016,16,24,24,24,26,daniil-kvyat,toro-rosso,ferrari,pirelli,2,29,24.338,24338.0
951,2016,16,25,25,25,94,pascal-wehrlein,manor,mercedes,pirelli,2,30,26.156,26156.0
951,2016,16,26,26,26,6,nico-rosberg,mercedes,mercedes,pirelli,2,31,24.661,24661.0
951,2016,16,27,27,27,30,jolyon-palmer,renault,renault,pirelli,1,31,23.928,23928.0
951,2016,16,28,28,28,31,esteban-ocon,manor,mercedes,pirelli,2,31,33.338,33338.0
951,2016,16,29,29,29,19,felipe-massa,williams,mercedes,pirelli,3,31,23.778,23778.0
951,2016,16,30,30,30,7,kimi-raikkonen,ferrari,ferrari,pirelli,2,32,24.412,24412.0
951,2016,16,31,31,31,11,sergio-perez,force-india,mercedes,pirelli,2,32,23.947,23947.0
951,2016,16,32,32,32,12,felipe-nasr,sauber,ferrari,pirelli,1,32,24.697,24697.0
951,2016,16,33,33,33,22,jenson-button,mclaren,honda,pirelli,2,37,24.645,24645.0
951,2016,16,34,34,34,55,carlos-sainz-jr,toro-rosso,ferrari,pirelli,2,37,24.473,24473.0
951,2016,16,35,35,35,9,marcus-ericsson,sauber,ferrari,pirelli,2,37,24.706,24706.0
951,2016,16,36,36,36,21,esteban-gutierrez,haas,ferrari,pirelli,3,39,25.006,25006.0
951,2016,16,37,37,37,7,kimi-raikkonen,ferrari,ferrari,pirelli,3,40,24.809,24809.0
951,2016,16,38,38,38,14,fernando-alonso,mclaren,honda,pirelli,3,40,23.920,23920.0
951,2016,16,39,39,39,27,nico-hulkenberg,force-india,mercedes,pirelli,3,40,25.192,25192.0
951,2016,16,40,40,40,3,daniel-ricciardo,red-bull,tag-heuer,pirelli,2,41,24.408,24408.0
951,2016,16,41,41,41,33,max-verstappen,red-bull,tag-heuer,pirelli,3,41,28.274,28274.0
951,2016,16,42,42,42,26,daniil-kvyat,toro-rosso,ferrari,pirelli,3,40,24.718,24718.0
951,2016,16,43,43,43,6,nico-rosberg,mercedes,mercedes,pirelli,3,41,23.476,23476.0
951,2016,16,44,44,44,94,pascal-wehrlein,manor,mercedes,pirelli,3,41,25.201,25201.0
952,2016,17,1,1,1,14,fernando-alonso,mclaren,honda,pirelli,1,9,22.786,22786.0
952,2016,17,2,2,2,33,max-verstappen,red-bull,tag-heuer,pirelli,1,10,22.855,22855.0
952,2016,17,3,3,3,3,daniel-ricciardo,red-bull,tag-heuer,pirelli,1,10,22.996,22996.0
952,2016,17,4,4,4,8,romain-grosjean,haas,ferrari,pirelli,1,10,23.741,23741.0
952,2016,17,5,5,5,26,daniil-kvyat,toro-rosso,ferrari,pirelli,1,10,22.990,22990.0
952,2016,17,6,6,6,27,nico-hulkenberg,force-india,mercedes,pirelli,1,11,22.832,22832.0
952,2016,17,7,7,7,21,esteban-gutierrez,haas,ferrari,pirelli,1,11,24.110,24110.0
952,2016,17,8,8,8,6,nico-rosberg,mercedes,mercedes,pirelli,1,12,22.673,22673.0
952,2016,17,9,9,9,5,sebastian-vettel,ferrari,ferrari,pirelli,1,12,23.226,23226.0
952,2016,17,10,10,10,11,sergio-perez,force-india,mercedes,pirelli,1,12,23.605,23605.0
952,2016,17,11,11,11,7,kimi-raikkonen,ferrari,ferrari,pirelli,1,12,23.244,23244.0
952,2016,17,12,12,12,31,esteban-ocon,manor,mercedes,pirelli,1,12,24.973,24973.0
952,2016,17,13,13,13,44,lewis-hamilton,mercedes,mercedes,pirelli,1,13,22.989,22989.0
952,2016,17,14,14,14,55,carlos-sainz-jr,toro-rosso,ferrari,pirelli,1,13,22.986,22986.0
952,2016,17,15,15,15,94,pascal-wehrlein,manor,mercedes,pirelli,1,13,24.630,24630.0
952,2016,17,16,16,16,22,jenson-button,mclaren,honda,pirelli,1,19,24.375,24375.0
952,2016,17,17,17,17,26,daniil-kvyat,toro-rosso,ferrari,pirelli,2,23,22.943,22943.0
952,2016,17,18,18,18,19,felipe-massa,williams,mercedes,pirelli,1,24,22.463,22463.0
952,2016,17,19,19,19,30,jolyon-palmer,renault,renault,pirelli,1,25,23.452,23452.0
952,2016,17,20,20,20,20,kevin-magnussen,renault,renault,pirelli,1,25,23.072,23072.0
952,2016,17,21,21,21,12,felipe-nasr,sauber,ferrari,pirelli,1,25,25.131,25131.0
952,2016,17,22,22,22,7,kimi-raikkonen,ferrari,ferrari,pirelli,2,26,22.762,22762.0
952,2016,17,23,23,23,77,valtteri-bottas,williams,mercedes,pirelli,1,26,25.007,25007.0
952,2016,17,24,24,24,9,marcus-ericsson,sauber,ferrari,pirelli,1,26,24.011,24011.0
952,2016,17,25,25,25,14,fernando-alonso,mclaren,honda,pirelli,2,27,23.032,23032.0
952,2016,17,26,26,26,33,max-verstappen,red-bull,tag-heuer,pirelli,2,28,22.788,22788.0
952,2016,17,27,27,27,27,nico-hulkenberg,force-india,mercedes,pirelli,2,28,22.952,22952.0
952,2016,17,28,28,28,21,esteban-gutierrez,haas,ferrari,pirelli,2,28,23.792,23792.0
952,2016,17,29,29,29,6,nico-rosberg,mercedes,mercedes,pirelli,2,29,23.150,23150.0
952,2016,17,30,30,30,11,sergio-perez,force-india,mercedes,pirelli,2,29,22.721,22721.0
952,2016,17,31,31,31,8,romain-grosjean,haas,ferrari,pirelli,2,30,25.429,25429.0
952,2016,17,32,32,32,31,esteban-ocon,manor,mercedes,pirelli,2,31,24.256,24256.0
952,2016,17,33,33,33,3,daniel-ricciardo,red-bull,tag-heuer,pirelli,2,32,25.861,25861.0
952,2016,17,34,34,34,44,lewis-hamilton,mercedes,mercedes,pirelli,2,33,22.732,22732.0
952,2016,17,35,35,35,94,pascal-wehrlein,manor,mercedes,pirelli,2,32,25.461,25461.0
952,2016,17,36,36,36,5,sebastian-vettel,ferrari,ferrari,pirelli,2,34,22.887,22887.0
952,2016,17,37,37,37,22,jenson-button,mclaren,honda,pirelli,2,36,23.342,23342.0
952,2016,17,38,38,38,55,carlos-sainz-jr,toro-rosso,ferrari,pirelli,2,37,22.938,22938.0
953,2016,18,1,1,1,77,valtteri-bottas,williams,mercedes,pirelli,1,1,27.098,27098.0
953,2016,18,2,2,2,3,daniel-ricciardo,red-bull,tag-heuer,pirelli,1,8,23.956,23956.0
953,2016,18,3,3,3,7,kimi-raikkonen,ferrari,ferrari,pirelli,1,8,23.989,23989.0
953,2016,18,4,4,4,33,max-verstappen,red-bull,tag-heuer,pirelli,1,9,23.489,23489.0
953,2016,18,5,5,5,6,nico-rosberg,mercedes,mercedes,pirelli,1,10,23.526,23526.0
953,2016,18,6,6,6,22,jenson-button,mclaren,honda,pirelli,1,10,23.613,23613.0
953,2016,18,7,7,7,8,romain-grosjean,haas,ferrari,pirelli,1,10,24.523,24523.0
953,2016,18,8,8,8,11,sergio-perez,force-india,mercedes,pirelli,1,10,23.350,23350.0
953,2016,18,9,9,9,44,lewis-hamilton,mercedes,mercedes,pirelli,1,11,23.601,23601.0
953,2016,18,10,10,10,19,felipe-massa,williams,mercedes,pirelli,1,11,24.093,24093.0
953,2016,18,11,11,11,55,carlos-sainz-jr,toro-rosso,ferrari,pirelli,1,11,24.778,24778.0
953,2016,18,12,12,12,14,fernando-alonso,mclaren,honda,pirelli,1,11,23.683,23683.0
953,2016,18,13,13,13,21,esteban-gutierrez,haas,ferrari,pirelli,1,13,24.470,24470.0
953,2016,18,14,14,14,20,kevin-magnussen,renault,renault,pirelli,1,13,24.310,24310.0
953,2016,18,15,15,15,94,pascal-wehrlein,manor,mercedes,pirelli,1,13,26.059,26059.0
953,2016,18,16,16,16,5,sebastian-vettel,ferrari,ferrari,pirelli,1,14,24.433,24433.0
953,2016,18,17,17,17,30,jolyon-palmer,renault,renault,pirelli,1,15,24.071,24071.0
953,2016,18,18,18,18,9,marcus-ericsson,sauber,ferrari,pirelli,1,17,25.229,25229.0
953,2016,18,19,19,19,31,esteban-ocon,manor,mercedes,pirelli,1,17,25.216,25216.0
953,2016,18,20,20,20,77,valtteri-bottas,williams,mercedes,pirelli,2,20,25.222,25222.0
953,2016,18,21,21,21,26,daniil-kvyat,toro-rosso,ferrari,pirelli,1,21,37.837,37837.0
953,2016,18,22,22,22,7,kimi-raikkonen,ferrari,ferrari,pirelli,2,24,23.845,23845.0
953,2016,18,23,23,23,3,daniel-ricciardo,red-bull,tag-heuer,pirelli,2,25,23.534,23534.0
953,2016,18,24,24,24,33,max-verstappen,red-bull,tag-heuer,pirelli,2,26,36.112,36112.0
953,2016,18,25,25,25,30,jolyon-palmer,renault,renault,pirelli,2,26,24.766,24766.0
953,2016,18,26,26,26,31,esteban-ocon,manor,mercedes,pirelli,2,26,27.532,27532.0
953,2016,18,27,27,27,11,sergio-perez,force-india,mercedes,pirelli,2,27,24.467,24467.0
953,2016,18,28,28,28,8,romain-grosjean,haas,ferrari,pirelli,2,27,26.056,26056.0
953,2016,18,29,29,29,20,kevin-magnussen,renault,renault,pirelli,2,27,24.103,24103.0
953,2016,18,30,30,30,22,jenson-button,mclaren,honda,pirelli,2,28,25.635,25635.0
953,2016,18,31,31,31,5,sebastian-vettel,ferrari,ferrari,pirelli,2,29,23.812,23812.0
953,2016,18,32,32,32,19,felipe-massa,williams,mercedes,pirelli,2,29,23.903,23903.0
953,2016,18,33,33,33,12,felipe-nasr,sauber,ferrari,pirelli,1,29,24.244,24244.0
953,2016,18,34,34,34,55,carlos-sainz-jr,toro-rosso,ferrari,pirelli,2,30,24.281,24281.0
953,2016,18,35,35,35,14,fernando-alonso,mclaren,honda,pirelli,2,30,25.300,25300.0
953,2016,18,36,36,36,44,lewis-hamilton,mercedes,mercedes,pirelli,2,31,23.575,23575.0
953,2016,18,37,37,37,94,pascal-wehrlein,manor,mercedes,pirelli,2,30,25.182,25182.0
953,2016,18,38,38,38,6,nico-rosberg,mercedes,mercedes,pirelli,2,31,24.149,24149.0
953,2016,18,39,39,39,7,kimi-raikkonen,ferrari,ferrari,pirelli,3,38,25.384,25384.0
953,2016,18,40,40,40,20,kevin-magnussen,renault,renault,pirelli,3,43,23.898,23898.0
953,2016,18,41,41,41,31,esteban-ocon,manor,mercedes,pirelli,3,44,24.665,24665.0
953,2016,18,42,42,42,5,sebastian-vettel,ferrari,ferrari,pirelli,3,53,24.156,24156.0
953,2016,18,43,43,43,19,felipe-massa,williams,mercedes,pirelli,3,54,23.464,23464.0
954,2016,19,1,1,1,3,daniel-ricciardo,red-bull,tag-heuer,pirelli,1,1,22.087,22087.0
954,2016,19,2,2,2,30,jolyon-palmer,renault,renault,pirelli,1,1,23.897,23897.0
954,2016,19,3,3,3,9,marcus-ericsson,sauber,ferrari,pirelli,1,1,32.608,32608.0
954,2016,19,4,4,4,8,romain-grosjean,haas,ferrari,pirelli,1,11,22.957,22957.0
954,2016,19,5,5,5,33,max-verstappen,red-bull,tag-heuer,pirelli,1,12,21.775,21775.0
954,2016,19,6,6,6,55,carlos-sainz-jr,toro-rosso,ferrari,pirelli,1,12,22.747,22747.0
954,2016,19,7,7,7,20,kevin-magnussen,renault,renault,pirelli,1,12,22.271,22271.0
954,2016,19,8,8,8,21,esteban-gutierrez,haas,ferrari,pirelli,1,12,25.198,25198.0
954,2016,19,9,9,9,26,daniil-kvyat,toro-rosso,ferrari,pirelli,1,13,22.665,22665.0
954,2016,19,10,10,10,27,nico-hulkenberg,force-india,mercedes,pirelli,1,14,22.134,22134.0
954,2016,19,11,11,11,19,felipe-massa,williams,mercedes,pirelli,1,14,21.863,21863.0
954,2016,19,12,12,12,31,esteban-ocon,manor,mercedes,pirelli,1,15,23.866,23866.0
954,2016,19,13,13,13,14,fernando-alonso,mclaren,honda,pirelli,1,16,22.461,22461.0
954,2016,19,14,14,14,44,lewis-hamilton,mercedes,mercedes,pirelli,1,17,21.709,21709.0
954,2016,19,15,15,15,22,jenson-button,mclaren,honda,pirelli,1,17,22.438,22438.0
954,2016,19,16,16,16,77,valtteri-bottas,williams,mercedes,pirelli,1,19,22.396,22396.0
954,2016,19,17,17,17,6,nico-rosberg,mercedes,mercedes,pirelli,1,20,21.997,21997.0
954,2016,19,18,18,18,7,kimi-raikkonen,ferrari,ferrari,pirelli,1,20,22.398,22398.0
954,2016,19,19,19,19,11,sergio-perez,force-india,mercedes,pirelli,1,20,22.213,22213.0
954,2016,19,20,20,20,5,sebastian-vettel,ferrari,ferrari,pirelli,1,32,22.035,22035.0
954,2016,19,21,21,21,7,kimi-raikkonen,ferrari,ferrari,pirelli,2,45,22.974,22974.0
954,2016,19,22,22,22,14,fernando-alonso,mclaren,honda,pirelli,2,45,25.171,25171.0
954,2016,19,23,23,23,26,daniil-kvyat,toro-rosso,ferrari,pirelli,2,47,22.865,22865.0
954,2016,19,24,24,24,21,esteban-gutierrez,haas,ferrari,pirelli,2,48,23.110,23110.0
954,2016,19,25,25,25,12,felipe-nasr,sauber,ferrari,pirelli,1,49,23.540,23540.0
954,2016,19,26,26,26,3,daniel-ricciardo,red-bull,tag-heuer,pirelli,2,50,22.443,22443.0
954,2016,19,27,27,27,8,romain-grosjean,haas,ferrari,pirelli,2,50,23.678,23678.0
954,2016,19,28,28,28,20,kevin-magnussen,renault,renault,pirelli,2,51,22.384,22384.0
955,2016,20,1,1,1,20,kevin-magnussen,renault,renault,pirelli,1,7,24.986,24986.0
955,2016,20,2,2,2,22,jenson-button,mclaren,honda,pirelli,1,8,24.192,24192.0
955,2016,20,3,3,3,14,fernando-alonso,mclaren,honda,pirelli,1,9,24.821,24821.0
955,2016,20,4,4,4,77,valtteri-bottas,williams,mercedes,pirelli,1,9,24.724,24724.0
955,2016,20,5,5,5,19,felipe-massa,williams,mercedes,pirelli,1,9,29.421,29421.0
955,2016,20,6,6,6,26,daniil-kvyat,toro-rosso,ferrari,pirelli,1,9,25.758,25758.0
955,2016,20,7,7,7,30,jolyon-palmer,renault,renault,pirelli,1,9,24.745,24745.0
955,2016,20,8,8,8,9,marcus-ericsson,sauber,ferrari,pirelli,1,9,25.395,25395.0
955,2016,20,9,9,9,5,sebastian-vettel,ferrari,ferrari,pirelli,1,10,29.981,29981.0
955,2016,20,10,10,10,21,esteban-gutierrez,haas,ferrari,pirelli,1,12,25.147,25147.0
955,2016,20,11,11,11,33,max-verstappen,red-bull,tag-heuer,pirelli,1,13,24.186,24186.0
955,2016,20,12,12,12,3,daniel-ricciardo,red-bull,tag-heuer,pirelli,1,13,24.623,24623.0
955,2016,20,13,13,13,26,daniil-kvyat,toro-rosso,ferrari,pirelli,2,17,25.355,25355.0
955,2016,20,14,14,14,30,jolyon-palmer,renault,renault,pirelli,2,17,24.656,24656.0
955,2016,20,15,15,15,44,lewis-hamilton,mercedes,mercedes,pirelli,1,20,33:30.361,2010361.0
955,2016,20,16,16,16,6,nico-rosberg,mercedes,mercedes,pirelli,1,20,33:29.747,2009747.0
955,2016,20,17,17,17,33,max-verstappen,red-bull,tag-heuer,pirelli,2,20,33:29.643,2009643.0
955,2016,20,18,18,18,27,nico-hulkenberg,force-india,mercedes,pirelli,1,20,33:28.504,2008504.0
955,2016,20,19,19,19,11,sergio-perez,force-india,mercedes,pirelli,1,20,33:28.398,2008398.0
955,2016,20,20,20,20,55,carlos-sainz-jr,toro-rosso,ferrari,pirelli,1,20,33:28.828,2008828.0
955,2016,20,21,21,21,12,felipe-nasr,sauber,ferrari,pirelli,1,20,33:28.206,2008206.0
955,2016,20,22,22,22,3,daniel-ricciardo,red-bull,tag-heuer,pirelli,2,20,33:28.600,2008600.0
955,2016,20,23,23,23,31,esteban-ocon,manor,mercedes,pirelli,1,20,33:29.052,2009052.0
955,2016,20,24,24,24,94,pascal-wehrlein,manor,mercedes,pirelli,1,20,33:28.464,2008464.0
955,2016,20,25,25,25,14,fernando-alonso,mclaren,honda,pirelli,2,20,33:28.789,2008789.0
955,2016,20,26,26,26,77,valtteri-bottas,williams,mercedes,pirelli,2,20,33:28.595,2008595.0
955,2016,20,27,27,27,20,kevin-magnussen,renault,renault,pirelli,2,20,33:28.979,2008979.0
955,2016,20,28,28,28,22,jenson-button,mclaren,honda,pirelli,2,20,33:30.062,2010062.0
955,2016,20,29,29,29,5,sebastian-vettel,ferrari,ferrari,pirelli,2,20,33:30.637,2010637.0
955,2016,20,30,30,30,19,felipe-massa,williams,mercedes,pirelli,2,20,33:29.630,2009630.0
955,2016,20,31,31,31,21,esteban-gutierrez,haas,ferrari,pirelli,2,20,33:31.147,2011147.0
955,2016,20,32,32,32,26,daniil-kvyat,toro-rosso,ferrari,pirelli,3,20,33:31.266,2011266.0
955,2016,20,33,33,33,27,nico-hulkenberg,force-india,mercedes,pirelli,2,22,24.282,24282.0
955,2016,20,34,34,34,44,lewis-hamilton,mercedes,mercedes,pirelli,2,28,24:42.048,1482048.0
955,2016,20,35,35,35,6,nico-rosberg,mercedes,mercedes,pirelli,2,28,24:41.624,1481624.0
955,2016,20,36,36,36,33,max-verstappen,red-bull,tag-heuer,pirelli,3,28,24:41.433,1481433.0
955,2016,20,37,37,37,11,sergio-perez,force-india,mercedes,pirelli,2,28,24:42.290,1482290.0
955,2016,20,38,38,38,55,carlos-sainz-jr,toro-rosso,ferrari,pirelli,2,28,24:43.053,1483053.0
955,2016,20,39,39,39,12,felipe-nasr,sauber,ferrari,pirelli,2,28,24:43.214,1483214.0
955,2016,20,40,40,40,3,daniel-ricciardo,red-bull,tag-heuer,pirelli,3,28,24:44.725,1484725.0
955,2016,20,41,41,41,31,esteban-ocon,manor,mercedes,pirelli,2,28,24:45.092,1485092.0
955,2016,20,42,42,42,94,pascal-wehrlein,manor,mercedes,pirelli,2,28,24:44.979,1484979.0
955,2016,20,43,43,43,14,fernando-alonso,mclaren,honda,pirelli,3,28,24:43.818,1483818.0
955,2016,20,44,44,44,77,valtteri-bottas,williams,mercedes,pirelli,3,28,24:43.957,1483957.0
955,2016,20,45,45,45,20,kevin-magnussen,renault,renault,pirelli,3,28,24:44.474,1484474.0
955,2016,20,46,46,46,22,jenson-button,mclaren,honda,pirelli,3,28,24:44.987,1484987.0
955,2016,20,47,47,47,5,sebastian-vettel,ferrari,ferrari,pirelli,3,28,24:43.923,1483923.0
955,2016,20,48,48,48,27,nico-hulkenberg,force-india,mercedes,pirelli,3,28,24:45.304,1485304.0
955,2016,20,49,49,49,19,felipe-massa,williams,mercedes,pirelli,3,28,24:45.969,1485969.0
955,2016,20,50,50,50,21,esteban-gutierrez,haas,ferrari,pirelli,3,28,24:44.444,1484444.0
955,2016,20,51,51,51,26,daniil-kvyat,toro-rosso,ferrari,pirelli,4,28,24:44.388,1484388.0
955,2016,20,52,52,52,19,felipe-massa,williams,mercedes,pirelli,4,31,29.754,29754.0
955,2016,20,53,53,53,22,jenson-button,mclaren,honda,pirelli,4,34,25.006,25006.0
955,2016,20,54,54,54,77,valtteri-bottas,williams,mercedes,pirelli,4,38,24.994,24994.0
955,2016,20,55,55,55,3,daniel-ricciardo,red-bull,tag-heuer,pirelli,4,40,29.621,29621.0
955,2016,20,56,56,56,20,kevin-magnussen,renault,renault,pirelli,4,41,24.265,24265.0
955,2016,20,57,57,57,33,max-verstappen,red-bull,tag-heuer,pirelli,4,43,24.435,24435.0
955,2016,20,58,58,58,22,jenson-button,mclaren,honda,pirelli,5,44,24.754,24754.0
955,2016,20,59,59,59,21,esteban-gutierrez,haas,ferrari,pirelli,4,47,17.835,17835.0
955,2016,20,60,60,60,3,daniel-ricciardo,red-bull,tag-heuer,pirelli,5,52,24.521,24521.0
955,2016,20,61,61,61,94,pascal-wehrlein,manor,mercedes,pirelli,3,52,25.509,25509.0
955,2016,20,62,62,62,33,max-verstappen,red-bull,tag-heuer,pirelli,5,54,24.041,24041.0
956,2016,21,1,1,1,20,kevin-magnussen,renault,renault,pirelli,1,1,27.068,27068.0
956,2016,21,2,2,2,55,carlos-sainz-jr,toro-rosso,ferrari,pirelli,1,6,21.761,21761.0
956,2016,21,3,3,3,94,pascal-wehrlein,manor,mercedes,pirelli,1,6,33.395,33395.0
956,2016,21,4,4,4,44,lewis-hamilton,mercedes,mercedes,pirelli,1,7,22.600,22600.0
956,2016,21,5,5,5,7,kimi-raikkonen,ferrari,ferrari,pirelli,1,7,21.959,21959.0
956,2016,21,6,6,6,14,fernando-alonso,mclaren,honda,pirelli,1,7,22.428,22428.0
956,2016,21,7,7,7,30,jolyon-palmer,renault,renault,pirelli,1,7,24.781,24781.0
956,2016,21,8,8,8,12,felipe-nasr,sauber,ferrari,pirelli,1,7,23.272,23272.0
956,2016,21,9,9,9,6,nico-rosberg,mercedes,mercedes,pirelli,1,8,23.753,23753.0
956,2016,21,10,10,10,5,sebastian-vettel,ferrari,ferrari,pirelli,1,8,21.711,21711.0
956,2016,21,11,11,11,27,nico-hulkenberg,force-india,mercedes,pirelli,1,8,21.834,21834.0
956,2016,21,12,12,12,19,felipe-massa,williams,mercedes,pirelli,1,8,21.775,21775.0
956,2016,21,13,13,13,26,daniil-kvyat,toro-rosso,ferrari,pirelli,1,8,21.896,21896.0
956,2016,21,14,14,14,21,esteban-gutierrez,haas,ferrari,pirelli,1,8,22.032,22032.0
956,2016,21,15,15,15,3,daniel-ricciardo,red-bull,tag-heuer,pirelli,1,9,22.084,22084.0
956,2016,21,16,16,16,11,sergio-perez,force-india,mercedes,pirelli,1,9,21.308,21308.0
956,2016,21,17,17,17,8,romain-grosjean,haas,ferrari,pirelli,1,20,22.838,22838.0
956,2016,21,18,18,18,33,max-verstappen,red-bull,tag-heuer,pirelli,1,21,21.221,21221.0
956,2016,21,19,19,19,30,jolyon-palmer,renault,renault,pirelli,2,21,22.145,22145.0
956,2016,21,20,20,20,31,esteban-ocon,manor,mercedes,pirelli,1,22,24.035,24035.0
956,2016,21,21,21,21,3,daniel-ricciardo,red-bull,tag-heuer,pirelli,2,24,21.768,21768.0
956,2016,21,22,22,22,94,pascal-wehrlein,manor,mercedes,pirelli,2,24,22.949,22949.0
956,2016,21,23,23,23,7,kimi-raikkonen,ferrari,ferrari,pirelli,2,25,22.087,22087.0
956,2016,21,24,24,24,27,nico-hulkenberg,force-india,mercedes,pirelli,2,26,21.482,21482.0
956,2016,21,25,25,25,11,sergio-perez,force-india,mercedes,pirelli,2,27,22.012,22012.0
956,2016,21,26,26,26,44,lewis-hamilton,mercedes,mercedes,pirelli,2,28,21.355,21355.0
956,2016,21,27,27,27,21,esteban-gutierrez,haas,ferrari,pirelli,2,28,22.102,22102.0
956,2016,21,28,28,28,55,carlos-sainz-jr,toro-rosso,ferrari,pirelli,2,28,21.935,21935.0
956,2016,21,29,29,29,6,nico-rosberg,mercedes,mercedes,pirelli,2,29,21.218,21218.0
956,2016,21,30,30,30,19,felipe-massa,williams,mercedes,pirelli,2,30,21.539,21539.0
956,2016,21,31,31,31,31,esteban-ocon,manor,mercedes,pirelli,2,36,23.026,23026.0
956,2016,21,32,32,32,12,felipe-nasr,sauber,ferrari,pirelli,2,36,29.933,29933.0
956,2016,21,33,33,33,5,sebastian-vettel,ferrari,ferrari,pirelli,2,37,21.872,21872.0
956,2016,21,34,34,34,14,fernando-alonso,mclaren,honda,pirelli,2,38,22.248,22248.0
956,2016,21,35,35,35,8,romain-grosjean,haas,ferrari,pirelli,2,38,22.527,22527.0
956,2016,21,36,36,36,9,marcus-ericsson,sauber,ferrari,pirelli,1,38,22.991,22991.0
956,2016,21,37,37,37,30,jolyon-palmer,renault,renault,pirelli,3,41,22.588,22588.0
957,2017,1,1,1,1,20,kevin-magnussen,haas,ferrari,pirelli,1,1,31.336,31336.0
957,2017,1,2,2,2,18,lance-stroll,williams,mercedes,pirelli,1,5,22.293,22293.0
957,2017,1,3,3,3,2,stoffel-vandoorne,mclaren,honda,pirelli,1,9,39.562,39562.0
957,2017,1,4,4,4,31,esteban-ocon,force-india,mercedes,pirelli,1,15,22.154,22154.0
957,2017,1,5,5,5,36,antonio-giovinazzi,sauber,ferrari,pirelli,1,15,28.591,28591.0
957,2017,1,6,6,6,14,fernando-alonso,mclaren,honda,pirelli,1,16,22.484,22484.0
957,2017,1,7,7,7,27,nico-hulkenberg,renault,renault,pirelli,1,16,23.130,23130.0
957,2017,1,8,8,8,44,lewis-hamilton,mercedes,mercedes,pirelli,1,17,21.709,21709.0
957,2017,1,9,9,9,11,sergio-perez,force-india,mercedes,pirelli,1,17,22.045,22045.0
957,2017,1,10,10,10,55,carlos-sainz-jr,toro-rosso,toro-rosso,pirelli,1,18,21.762,21762.0
957,2017,1,11,11,11,19,felipe-massa,williams,mercedes,pirelli,1,20,21.568,21568.0
957,2017,1,12,12,12,5,sebastian-vettel,ferrari,ferrari,pirelli,1,23,21.988,21988.0
957,2017,1,13,13,13,77,valtteri-bottas,mercedes,mercedes,pirelli,1,25,21.440,21440.0
957,2017,1,14,14,14,33,max-verstappen,red-bull,tag-heuer,pirelli,1,25,22.208,22208.0
957,2017,1,15,15,15,7,kimi-raikkonen,ferrari,ferrari,pirelli,1,26,22.033,22033.0
957,2017,1,16,16,16,18,lance-stroll,williams,mercedes,pirelli,2,29,22.380,22380.0
957,2017,1,17,17,17,27,nico-hulkenberg,renault,renault,pirelli,2,30,23.159,23159.0
957,2017,1,18,18,18,26,daniil-kvyat,toro-rosso,toro-rosso,pirelli,1,34,25.559,25559.0
957,2017,1,19,19,19,20,kevin-magnussen,haas,ferrari,pirelli,2,44,22.189,22189.0
957,2017,1,20,20,20,26,daniil-kvyat,toro-rosso,toro-rosso,pirelli,2,49,24.026,24026.0
958,2017,2,1,1,1,27,nico-hulkenberg,renault,renault,pirelli,1,1,23.550,23550.0
958,2017,2,2,2,2,5,sebastian-vettel,ferrari,ferrari,pirelli,1,2,22.906,22906.0
958,2017,2,3,3,3,26,daniil-kvyat,toro-rosso,toro-rosso,pirelli,1,2,24.016,24016.0
958,2017,2,4,4,4,14,fernando-alonso,mclaren,honda,pirelli,1,2,24.250,24250.0
958,2017,2,5,5,5,19,felipe-massa,williams,mercedes,pirelli,1,2,23.123,23123.0
958,2017,2,6,6,6,11,sergio-perez,force-india,mercedes,pirelli,1,2,24.030,24030.0
958,2017,2,7,7,7,20,kevin-magnussen,haas,ferrari,pirelli,1,2,23.809,23809.0
958,2017,2,8,8,8,9,marcus-ericsson,sauber,ferrari,pirelli,1,2,27.934,27934.0
958,2017,2,9,9,9,31,esteban-ocon,force-india,mercedes,pirelli,1,2,17.673,17673.0
958,2017,2,10,10,10,8,romain-grosjean,haas,ferrari,pirelli,1,2,30.654,30654.0
958,2017,2,11,11,11,2,stoffel-vandoorne,mclaren,honda,pirelli,1,2,25.146,25146.0
958,2017,2,12,12,12,36,antonio-giovinazzi,sauber,ferrari,pirelli,1,2,29.443,29443.0
958,2017,2,13,13,13,44,lewis-hamilton,mercedes,mercedes,pirelli,1,4,22.999,22999.0
958,2017,2,14,14,14,77,valtteri-bottas,mercedes,mercedes,pirelli,1,4,32.287,32287.0
958,2017,2,15,15,15,3,daniel-ricciardo,red-bull,tag-heuer,pirelli,1,4,17.340,17340.0
958,2017,2,16,16,16,7,kimi-raikkonen,ferrari,ferrari,pirelli,1,4,23.847,23847.0
958,2017,2,17,17,17,33,max-verstappen,red-bull,tag-heuer,pirelli,1,4,23.071,23071.0
958,2017,2,18,18,18,5,sebastian-vettel,ferrari,ferrari,pirelli,2,4,17.354,17354.0
958,2017,2,19,19,19,55,carlos-sainz-jr,toro-rosso,toro-rosso,pirelli,1,4,17.337,17337.0
958,2017,2,20,20,20,31,esteban-ocon,force-india,mercedes,pirelli,2,4,33.491,33491.0
958,2017,2,21,21,21,14,fernando-alonso,mclaren,honda,pirelli,2,4,17.304,17304.0
958,2017,2,22,22,22,26,daniil-kvyat,toro-rosso,toro-rosso,pirelli,2,4,17.320,17320.0
958,2017,2,23,23,23,11,sergio-perez,force-india,mercedes,pirelli,2,4,17.416,17416.0
958,2017,2,24,24,24,19,felipe-massa,williams,mercedes,pirelli,2,4,17.324,17324.0
958,2017,2,25,25,25,20,kevin-magnussen,haas,ferrari,pirelli,2,4,17.296,17296.0
958,2017,2,26,26,26,30,jolyon-palmer,renault,renault,pirelli,1,4,17.291,17291.0
958,2017,2,27,27,27,2,stoffel-vandoorne,mclaren,honda,pirelli,2,4,17.325,17325.0
958,2017,2,28,28,28,27,nico-hulkenberg,renault,renault,pirelli,2,4,17.336,17336.0
958,2017,2,29,29,29,9,marcus-ericsson,sauber,ferrari,pirelli,2,4,17.341,17341.0
958,2017,2,30,30,30,8,romain-grosjean,haas,ferrari,pirelli,2,4,17.303,17303.0
958,2017,2,31,31,31,44,lewis-hamilton,mercedes,mercedes,pirelli,2,5,17.616,17616.0
958,2017,2,32,32,32,3,daniel-ricciardo,red-bull,tag-heuer,pirelli,2,5,23.613,23613.0
958,2017,2,33,33,33,7,kimi-raikkonen,ferrari,ferrari,pirelli,2,5,17.877,17877.0
958,2017,2,34,34,34,33,max-verstappen,red-bull,tag-heuer,pirelli,2,5,17.651,17651.0
958,2017,2,35,35,35,77,valtteri-bottas,mercedes,mercedes,pirelli,2,5,17.343,17343.0
958,2017,2,36,36,36,5,sebastian-vettel,ferrari,ferrari,pirelli,3,5,17.362,17362.0
958,2017,2,37,37,37,55,carlos-sainz-jr,toro-rosso,toro-rosso,pirelli,2,5,17.340,17340.0
958,2017,2,38,38,38,14,fernando-alonso,mclaren,honda,pirelli,3,5,17.302,17302.0
958,2017,2,39,39,39,26,daniil-kvyat,toro-rosso,toro-rosso,pirelli,3,5,17.324,17324.0
958,2017,2,40,40,40,19,felipe-massa,williams,mercedes,pirelli,3,5,17.321,17321.0
958,2017,2,41,41,41,11,sergio-perez,force-india,mercedes,pirelli,3,5,17.312,17312.0
958,2017,2,42,42,42,20,kevin-magnussen,haas,ferrari,pirelli,3,5,17.298,17298.0
958,2017,2,43,43,43,31,esteban-ocon,force-india,mercedes,pirelli,3,5,17.356,17356.0
958,2017,2,44,44,44,30,jolyon-palmer,renault,renault,pirelli,2,5,17.291,17291.0
958,2017,2,45,45,45,2,stoffel-vandoorne,mclaren,honda,pirelli,3,5,17.295,17295.0
958,2017,2,46,46,46,27,nico-hulkenberg,renault,renault,pirelli,3,5,17.362,17362.0
958,2017,2,47,47,47,9,marcus-ericsson,sauber,ferrari,pirelli,3,5,17.344,17344.0
958,2017,2,48,48,48,8,romain-grosjean,haas,ferrari,pirelli,3,5,24.114,24114.0
958,2017,2,49,49,49,44,lewis-hamilton,mercedes,mercedes,pirelli,3,6,17.737,17737.0
958,2017,2,50,50,50,3,daniel-ricciardo,red-bull,tag-heuer,pirelli,3,6,17.480,17480.0
958,2017,2,51,51,51,7,kimi-raikkonen,ferrari,ferrari,pirelli,3,6,17.435,17435.0
958,2017,2,52,52,52,33,max-verstappen,red-bull,tag-heuer,pirelli,3,6,17.421,17421.0
958,2017,2,53,53,53,77,valtteri-bottas,mercedes,mercedes,pirelli,3,6,17.323,17323.0
958,2017,2,54,54,54,5,sebastian-vettel,ferrari,ferrari,pirelli,4,6,17.370,17370.0
958,2017,2,55,55,55,14,fernando-alonso,mclaren,honda,pirelli,4,6,17.302,17302.0
958,2017,2,56,56,56,55,carlos-sainz-jr,toro-rosso,toro-rosso,pirelli,3,6,17.374,17374.0
958,2017,2,57,57,57,26,daniil-kvyat,toro-rosso,toro-rosso,pirelli,4,6,17.322,17322.0
958,2017,2,58,58,58,19,felipe-massa,williams,mercedes,pirelli,4,6,17.377,17377.0
958,2017,2,59,59,59,11,sergio-perez,force-india,mercedes,pirelli,4,6,18.225,18225.0
958,2017,2,60,60,60,20,kevin-magnussen,haas,ferrari,pirelli,4,6,17.299,17299.0
958,2017,2,61,61,61,31,esteban-ocon,force-india,mercedes,pirelli,4,6,17.366,17366.0
958,2017,2,62,62,62,30,jolyon-palmer,renault,renault,pirelli,3,6,17.301,17301.0
958,2017,2,63,63,63,2,stoffel-vandoorne,mclaren,honda,pirelli,4,6,17.292,17292.0
958,2017,2,64,64,64,27,nico-hulkenberg,renault,renault,pirelli,4,6,17.359,17359.0
958,2017,2,65,65,65,9,marcus-ericsson,sauber,ferrari,pirelli,4,6,17.344,17344.0
958,2017,2,66,66,66,8,romain-grosjean,haas,ferrari,pirelli,4,6,17.314,17314.0
958,2017,2,67,67,67,11,sergio-perez,force-india,mercedes,pirelli,5,20,23.057,23057.0
958,2017,2,68,68,68,19,felipe-massa,williams,mercedes,pirelli,5,24,23.451,23451.0
958,2017,2,69,69,69,55,carlos-sainz-jr,toro-rosso,toro-rosso,pirelli,4,28,22.840,22840.0
958,2017,2,70,70,70,33,max-verstappen,red-bull,tag-heuer,pirelli,4,29,22.505,22505.0
958,2017,2,71,71,71,30,jolyon-palmer,renault,renault,pirelli,4,30,23.993,23993.0
958,2017,2,72,72,72,20,kevin-magnussen,haas,ferrari,pirelli,5,32,23.463,23463.0
958,2017,2,73,73,73,3,daniel-ricciardo,red-bull,tag-heuer,pirelli,4,33,22.505,22505.0
958,2017,2,74,74,74,27,nico-hulkenberg,renault,renault,pirelli,5,33,40.144,40144.0
958,2017,2,75,75,75,5,sebastian-vettel,ferrari,ferrari,pirelli,5,34,22.443,22443.0
958,2017,2,76,76,76,77,valtteri-bottas,mercedes,mercedes,pirelli,4,35,24.317,24317.0
958,2017,2,77,77,77,44,lewis-hamilton,mercedes,mercedes,pirelli,4,36,22.668,22668.0
958,2017,2,78,78,78,8,romain-grosjean,haas,ferrari,pirelli,5,35,23.211,23211.0
958,2017,2,79,79,79,7,kimi-raikkonen,ferrari,ferrari,pirelli,4,39,23.119,23119.0
958,2017,2,80,80,80,31,esteban-ocon,force-india,mercedes,pirelli,5,42,22.926,22926.0
958,2017,2,81,81,81,19,felipe-massa,williams,mercedes,pirelli,6,48,22.517,22517.0
958,2017,2,82,82,82,11,sergio-perez,force-india,mercedes,pirelli,6,49,22.979,22979.0
959,2017,3,1,1,1,18,lance-stroll,williams,mercedes,pirelli,1,8,24.915,24915.0
959,2017,3,2,2,2,5,sebastian-vettel,ferrari,ferrari,pirelli,1,10,24.702,24702.0
959,2017,3,3,3,3,33,max-verstappen,red-bull,tag-heuer,pirelli,1,11,25.174,25174.0
959,2017,3,4,4,4,31,esteban-ocon,force-india,mercedes,pirelli,1,11,24.664,24664.0
959,2017,3,5,5,5,94,pascal-wehrlein,sauber,ferrari,pirelli,1,11,26.542,26542.0
959,2017,3,6,6,6,7,kimi-raikkonen,ferrari,ferrari,pirelli,1,12,26.430,26430.0
959,2017,3,7,7,7,8,romain-grosjean,haas,ferrari,pirelli,1,12,25.075,25075.0
959,2017,3,8,8,8,55,carlos-sainz-jr,toro-rosso,toro-rosso,pirelli,1,12,25.001,25001.0
959,2017,3,9,9,9,77,valtteri-bottas,mercedes,mercedes,pirelli,1,13,28.368,28368.0
959,2017,3,10,10,10,3,daniel-ricciardo,red-bull,tag-heuer,pirelli,1,13,25.312,25312.0
959,2017,3,11,11,11,44,lewis-hamilton,mercedes,mercedes,pirelli,1,13,30.687,30687.0
959,2017,3,12,12,12,19,felipe-massa,williams,mercedes,pirelli,1,13,25.704,25704.0
959,2017,3,13,13,13,27,nico-hulkenberg,renault,renault,pirelli,1,13,26.634,26634.0
959,2017,3,14,14,14,11,sergio-perez,force-india,mercedes,pirelli,1,13,24.332,24332.0
959,2017,3,15,15,15,14,fernando-alonso,mclaren,honda,pirelli,1,13,24.922,24922.0
959,2017,3,16,16,16,30,jolyon-palmer,renault,renault,pirelli,1,13,27.466,27466.0
959,2017,3,17,17,17,26,daniil-kvyat,toro-rosso,toro-rosso,pirelli,1,13,25.204,25204.0
959,2017,3,18,18,18,77,valtteri-bottas,mercedes,mercedes,pirelli,2,30,24.540,24540.0
959,2017,3,19,19,19,8,romain-grosjean,haas,ferrari,pirelli,2,31,24.965,24965.0
959,2017,3,20,20,20,5,sebastian-vettel,ferrari,ferrari,pirelli,2,33,24.314,24314.0
959,2017,3,21,21,21,9,marcus-ericsson,sauber,ferrari,pirelli,1,33,25.576,25576.0
959,2017,3,22,22,22,11,sergio-perez,force-india,mercedes,pirelli,2,36,24.630,24630.0
959,2017,3,23,23,23,27,nico-hulkenberg,renault,renault,pirelli,2,36,25.135,25135.0
959,2017,3,24,24,24,14,fernando-alonso,mclaren,honda,pirelli,2,36,24.723,24723.0
959,2017,3,25,25,25,7,kimi-raikkonen,ferrari,ferrari,pirelli,2,37,25.856,25856.0
959,2017,3,26,26,26,19,felipe-massa,williams,mercedes,pirelli,2,37,24.240,24240.0
959,2017,3,27,27,27,31,esteban-ocon,force-india,mercedes,pirelli,2,37,24.505,24505.0
959,2017,3,28,28,28,30,jolyon-palmer,renault,renault,pirelli,2,37,26.420,26420.0
959,2017,3,29,29,29,3,daniel-ricciardo,red-bull,tag-heuer,pirelli,2,39,25.200,25200.0
959,2017,3,30,30,30,44,lewis-hamilton,mercedes,mercedes,pirelli,2,41,30.682,30682.0
959,2017,3,31,31,31,26,daniil-kvyat,toro-rosso,toro-rosso,pirelli,2,41,25.246,25246.0
960,2017,4,1,1,1,2,stoffel-vandoorne,mclaren,honda,pirelli,1,1,30.006,30006.0
960,2017,4,2,2,2,9,marcus-ericsson,sauber,ferrari,pirelli,1,1,32.235,32235.0
960,2017,4,3,3,3,94,pascal-wehrlein,sauber,ferrari,pirelli,1,2,31.266,31266.0
960,2017,4,4,4,4,94,pascal-wehrlein,sauber,ferrari,pirelli,2,20,30.799,30799.0
960,2017,4,5,5,5,19,felipe-massa,williams,mercedes,pirelli,1,21,29.923,29923.0
960,2017,4,6,6,6,20,kevin-magnussen,haas,ferrari,pirelli,1,21,36.559,36559.0
960,2017,4,7,7,7,26,daniil-kvyat,toro-rosso,toro-rosso,pirelli,1,21,29.991,29991.0
960,2017,4,8,8,8,9,marcus-ericsson,sauber,ferrari,pirelli,2,21,30.655,30655.0
960,2017,4,9,9,9,55,carlos-sainz-jr,toro-rosso,toro-rosso,pirelli,1,24,29.973,29973.0
960,2017,4,10,10,10,2,stoffel-vandoorne,mclaren,honda,pirelli,2,24,35.998,35998.0
960,2017,4,11,11,11,31,esteban-ocon,force-india,mercedes,pirelli,1,26,30.253,30253.0
960,2017,4,12,12,12,18,lance-stroll,williams,mercedes,pirelli,1,26,29.791,29791.0
960,2017,4,13,13,13,77,valtteri-bottas,mercedes,mercedes,pirelli,1,27,29.356,29356.0
960,2017,4,14,14,14,11,sergio-perez,force-india,mercedes,pirelli,1,27,29.868,29868.0
960,2017,4,15,15,15,7,kimi-raikkonen,ferrari,ferrari,pirelli,1,29,30.152,30152.0
960,2017,4,16,16,16,33,max-verstappen,red-bull,tag-heuer,pirelli,1,29,29.567,29567.0
960,2017,4,17,17,17,44,lewis-hamilton,mercedes,mercedes,pirelli,1,30,29.739,29739.0
960,2017,4,18,18,18,5,sebastian-vettel,ferrari,ferrari,pirelli,1,34,30.097,30097.0
960,2017,4,19,19,19,27,nico-hulkenberg,renault,renault,pirelli,1,40,30.280,30280.0
960,2017,4,20,20,20,19,felipe-massa,williams,mercedes,pirelli,2,41,29.920,29920.0
961,2017,5,1,1,1,26,daniil-kvyat,toro-rosso,toro-rosso,pirelli,1,1,22.235,22235.0
961,2017,5,2,2,2,19,felipe-massa,williams,mercedes,pirelli,1,1,40.612,40612.0
961,2017,5,3,3,3,30,jolyon-palmer,renault,renault,pirelli,1,2,23.159,23159.0
961,2017,5,4,4,4,14,fernando-alonso,mclaren,honda,pirelli,1,12,22.690,22690.0
961,2017,5,5,5,5,18,lance-stroll,williams,mercedes,pirelli,1,12,22.100,22100.0
961,2017,5,6,6,6,2,stoffel-vandoorne,mclaren,honda,pirelli,1,12,22.547,22547.0
961,2017,5,7,7,7,20,kevin-magnussen,haas,ferrari,pirelli,1,13,22.703,22703.0
961,2017,5,8,8,8,55,carlos-sainz-jr,toro-rosso,toro-rosso,pirelli,1,13,22.432,22432.0
961,2017,5,9,9,9,19,felipe-massa,williams,mercedes,pirelli,2,13,22.292,22292.0
961,2017,5,10,10,10,5,sebastian-vettel,ferrari,ferrari,pirelli,1,14,22.499,22499.0
961,2017,5,11,11,11,27,nico-hulkenberg,renault,renault,pirelli,1,15,22.490,22490.0
961,2017,5,12,12,12,31,esteban-ocon,force-india,mercedes,pirelli,1,16,22.616,22616.0
961,2017,5,13,13,13,11,sergio-perez,force-india,mercedes,pirelli,1,18,25.082,25082.0
961,2017,5,14,14,14,9,marcus-ericsson,sauber,ferrari,pirelli,1,18,22.995,22995.0
961,2017,5,15,15,15,8,romain-grosjean,haas,ferrari,pirelli,1,19,22.866,22866.0
961,2017,5,16,16,16,44,lewis-hamilton,mercedes,mercedes,pirelli,1,21,21.544,21544.0
961,2017,5,17,17,17,3,daniel-ricciardo,red-bull,tag-heuer,pirelli,1,21,21.811,21811.0
961,2017,5,18,18,18,30,jolyon-palmer,renault,renault,pirelli,2,21,22.762,22762.0
961,2017,5,19,19,19,77,valtteri-bottas,mercedes,mercedes,pirelli,1,26,21.689,21689.0
961,2017,5,20,20,20,14,fernando-alonso,mclaren,honda,pirelli,2,31,23.354,23354.0
961,2017,5,21,21,21,9,marcus-ericsson,sauber,ferrari,pirelli,2,32,22.775,22775.0
961,2017,5,22,22,22,94,pascal-wehrlein,sauber,ferrari,pirelli,1,33,23.445,23445.0
961,2017,5,23,23,23,20,kevin-magnussen,haas,ferrari,pirelli,2,33,23.814,23814.0
961,2017,5,24,24,24,27,nico-hulkenberg,renault,renault,pirelli,2,33,22.362,22362.0
961,2017,5,25,25,25,26,daniil-kvyat,toro-rosso,toro-rosso,pirelli,2,33,22.117,22117.0
961,2017,5,26,26,26,18,lance-stroll,williams,mercedes,pirelli,2,33,22.071,22071.0
961,2017,5,27,27,27,19,felipe-massa,williams,mercedes,pirelli,3,33,23.066,23066.0
961,2017,5,28,28,28,11,sergio-perez,force-india,mercedes,pirelli,2,34,23.107,23107.0
961,2017,5,29,29,29,31,esteban-ocon,force-india,mercedes,pirelli,2,34,22.643,22643.0
961,2017,5,30,30,30,55,carlos-sainz-jr,toro-rosso,toro-rosso,pirelli,2,34,21.934,21934.0
961,2017,5,31,31,31,8,romain-grosjean,haas,ferrari,pirelli,2,34,22.641,22641.0
961,2017,5,32,32,32,44,lewis-hamilton,mercedes,mercedes,pirelli,2,36,21.722,21722.0
961,2017,5,33,33,33,5,sebastian-vettel,ferrari,ferrari,pirelli,2,37,22.307,22307.0
961,2017,5,34,34,34,3,daniel-ricciardo,red-bull,tag-heuer,pirelli,2,38,21.918,21918.0
961,2017,5,35,35,35,30,jolyon-palmer,renault,renault,pirelli,3,42,24.750,24750.0
961,2017,5,36,36,36,14,fernando-alonso,mclaren,honda,pirelli,3,51,22.923,22923.0
961,2017,5,37,37,37,20,kevin-magnussen,haas,ferrari,pirelli,3,63,25.052,25052.0
962,2017,6,1,1,1,94,pascal-wehrlein,sauber,ferrari,pirelli,1,1,25.813,25813.0
962,2017,6,2,2,2,22,jenson-button,mclaren,honda,pirelli,1,1,24.465,24465.0
962,2017,6,3,3,3,11,sergio-perez,force-india,mercedes,pirelli,1,16,31.313,31313.0
962,2017,6,4,4,4,33,max-verstappen,red-bull,tag-heuer,pirelli,1,32,25.343,25343.0
962,2017,6,5,5,5,77,valtteri-bottas,mercedes,mercedes,pirelli,1,33,24.308,24308.0
962,2017,6,6,6,6,7,kimi-raikkonen,ferrari,ferrari,pirelli,1,34,24.833,24833.0
962,2017,6,7,7,7,9,marcus-ericsson,sauber,ferrari,pirelli,1,35,24.949,24949.0
962,2017,6,8,8,8,26,daniil-kvyat,toro-rosso,toro-rosso,pirelli,1,36,24.406,24406.0
962,2017,6,9,9,9,31,esteban-ocon,force-india,mercedes,pirelli,1,36,24.299,24299.0
962,2017,6,10,10,10,55,carlos-sainz-jr,toro-rosso,toro-rosso,pirelli,1,37,24.427,24427.0
962,2017,6,11,11,11,20,kevin-magnussen,haas,ferrari,pirelli,1,37,24.979,24979.0
962,2017,6,12,12,12,3,daniel-ricciardo,red-bull,tag-heuer,pirelli,1,38,24.183,24183.0
962,2017,6,13,13,13,19,felipe-massa,williams,mercedes,pirelli,1,38,24.353,24353.0
962,2017,6,14,14,14,5,sebastian-vettel,ferrari,ferrari,pirelli,1,39,24.306,24306.0
962,2017,6,15,15,15,31,esteban-ocon,force-india,mercedes,pirelli,2,39,24.496,24496.0
962,2017,6,16,16,16,22,jenson-button,mclaren,honda,pirelli,2,39,26.057,26057.0
962,2017,6,17,17,17,8,romain-grosjean,haas,ferrari,pirelli,1,40,24.660,24660.0
962,2017,6,18,18,18,18,lance-stroll,williams,mercedes,pirelli,1,41,26.690,26690.0
962,2017,6,19,19,19,20,kevin-magnussen,haas,ferrari,pirelli,2,42,26.040,26040.0
962,2017,6,20,20,20,30,jolyon-palmer,renault,renault,pirelli,1,42,25.472,25472.0
962,2017,6,21,21,21,2,stoffel-vandoorne,mclaren,honda,pirelli,1,43,24.768,24768.0
962,2017,6,22,22,22,44,lewis-hamilton,mercedes,mercedes,pirelli,1,46,24.155,24155.0
962,2017,6,23,23,23,33,max-verstappen,red-bull,tag-heuer,pirelli,2,60,25.678,25678.0
962,2017,6,24,24,24,31,esteban-ocon,force-india,mercedes,pirelli,3,60,24.642,24642.0
962,2017,6,25,25,25,19,felipe-massa,williams,mercedes,pirelli,2,62,25.123,25123.0
962,2017,6,26,26,26,11,sergio-perez,force-india,mercedes,pirelli,2,63,25.026,25026.0
962,2017,6,27,27,27,18,lance-stroll,williams,mercedes,pirelli,2,67,25.248,25248.0
962,2017,6,28,28,28,11,sergio-perez,force-india,mercedes,pirelli,3,72,35.485,35485.0
963,2017,7,1,1,1,8,romain-grosjean,haas,ferrari,pirelli,1,1,31.256,31256.0
963,2017,7,2,2,2,94,pascal-wehrlein,sauber,ferrari,pirelli,1,1,51.757,51757.0
963,2017,7,3,3,3,5,sebastian-vettel,ferrari,ferrari,pirelli,1,5,31.596,31596.0
963,2017,7,4,4,4,27,nico-hulkenberg,renault,renault,pirelli,1,11,26.764,26764.0
963,2017,7,5,5,5,30,jolyon-palmer,renault,renault,pirelli,1,11,24.423,24423.0
963,2017,7,6,6,6,9,marcus-ericsson,sauber,ferrari,pirelli,1,11,24.047,24047.0
963,2017,7,7,7,7,26,daniil-kvyat,toro-rosso,toro-rosso,pirelli,1,15,18.088,18088.0
963,2017,7,8,8,8,7,kimi-raikkonen,ferrari,ferrari,pirelli,1,17,23.500,23500.0
963,2017,7,9,9,9,3,daniel-ricciardo,red-bull,tag-heuer,pirelli,1,18,23.309,23309.0
963,2017,7,10,10,10,11,sergio-perez,force-india,mercedes,pirelli,1,19,23.229,23229.0
963,2017,7,11,11,11,77,valtteri-bottas,mercedes,mercedes,pirelli,1,23,22.946,22946.0
963,2017,7,12,12,12,18,lance-stroll,williams,mercedes,pirelli,1,25,22.790,22790.0
963,2017,7,13,13,13,44,lewis-hamilton,mercedes,mercedes,pirelli,1,32,23.061,23061.0
963,2017,7,14,14,14,31,esteban-ocon,force-india,mercedes,pirelli,1,32,23.409,23409.0
963,2017,7,15,15,15,94,pascal-wehrlein,sauber,ferrari,pirelli,2,40,24.202,24202.0
963,2017,7,16,16,16,7,kimi-raikkonen,ferrari,ferrari,pirelli,2,41,23.760,23760.0
963,2017,7,17,17,17,14,fernando-alonso,mclaren,honda,pirelli,1,42,23.526,23526.0
963,2017,7,18,18,18,2,stoffel-vandoorne,mclaren,honda,pirelli,1,45,23.267,23267.0
963,2017,7,19,19,19,20,kevin-magnussen,haas,ferrari,pirelli,1,46,28.869,28869.0
963,2017,7,20,20,20,5,sebastian-vettel,ferrari,ferrari,pirelli,2,49,23.345,23345.0
963,2017,7,21,21,21,26,daniil-kvyat,toro-rosso,toro-rosso,pirelli,2,53,1:46.374,106374.0
964,2017,8,1,1,1,77,valtteri-bottas,mercedes,mercedes,pirelli,1,1,36.262,36262.0
964,2017,8,2,2,2,8,romain-grosjean,haas,ferrari,pirelli,1,3,20.776,20776.0
964,2017,8,3,3,3,3,daniel-ricciardo,red-bull,tag-heuer,pirelli,1,5,23.361,23361.0
964,2017,8,4,4,4,2,stoffel-vandoorne,mclaren,honda,pirelli,1,5,21.423,21423.0
964,2017,8,5,5,5,44,lewis-hamilton,mercedes,mercedes,pirelli,1,12,20.418,20418.0
964,2017,8,6,6,6,5,sebastian-vettel,ferrari,ferrari,pirelli,1,12,20.059,20059.0
964,2017,8,7,7,7,11,sergio-perez,force-india,mercedes,pirelli,1,12,20.598,20598.0
964,2017,8,8,8,8,7,kimi-raikkonen,ferrari,ferrari,pirelli,1,12,23.237,23237.0
964,2017,8,9,9,9,19,felipe-massa,williams,mercedes,pirelli,1,12,21.453,21453.0
964,2017,8,10,10,10,31,esteban-ocon,force-india,mercedes,pirelli,1,12,20.493,20493.0
964,2017,8,11,11,11,77,valtteri-bottas,mercedes,mercedes,pirelli,2,11,20.407,20407.0
964,2017,8,12,12,12,20,kevin-magnussen,haas,ferrari,pirelli,1,12,20.391,20391.0
964,2017,8,13,13,13,14,fernando-alonso,mclaren,honda,pirelli,1,12,21.217,21217.0
964,2017,8,14,14,14,55,carlos-sainz-jr,toro-rosso,toro-rosso,pirelli,1,12,21.040,21040.0
964,2017,8,15,15,15,9,marcus-ericsson,sauber,ferrari,pirelli,1,12,23.906,23906.0
964,2017,8,16,16,16,94,pascal-wehrlein,sauber,ferrari,pirelli,1,12,31.122,31122.0
964,2017,8,17,17,17,18,lance-stroll,williams,mercedes,pirelli,1,13,22.625,22625.0
964,2017,8,18,18,18,27,nico-hulkenberg,renault,renault,pirelli,1,13,21.263,21263.0
964,2017,8,19,19,19,3,daniel-ricciardo,red-bull,tag-heuer,pirelli,2,13,20.198,20198.0
964,2017,8,20,20,20,94,pascal-wehrlein,sauber,ferrari,pirelli,2,13,22.356,22356.0
964,2017,8,21,21,21,8,romain-grosjean,haas,ferrari,pirelli,2,14,21.069,21069.0
964,2017,8,22,22,22,44,lewis-hamilton,mercedes,mercedes,pirelli,2,17,15.234,15234.0
964,2017,8,23,23,23,5,sebastian-vettel,ferrari,ferrari,pirelli,2,17,15.174,15174.0
964,2017,8,24,24,24,11,sergio-perez,force-india,mercedes,pirelli,2,17,15.278,15278.0
964,2017,8,25,25,25,19,felipe-massa,williams,mercedes,pirelli,2,17,15.033,15033.0
964,2017,8,26,26,26,31,esteban-ocon,force-india,mercedes,pirelli,2,17,15.061,15061.0
964,2017,8,27,27,27,7,kimi-raikkonen,ferrari,ferrari,pirelli,2,17,15.049,15049.0
964,2017,8,28,28,28,18,lance-stroll,williams,mercedes,pirelli,2,17,15.327,15327.0
964,2017,8,29,29,29,27,nico-hulkenberg,renault,renault,pirelli,2,17,15.638,15638.0
964,2017,8,30,30,30,3,daniel-ricciardo,red-bull,tag-heuer,pirelli,3,17,15.135,15135.0
964,2017,8,31,31,31,20,kevin-magnussen,haas,ferrari,pirelli,2,17,15.128,15128.0
964,2017,8,32,32,32,14,fernando-alonso,mclaren,honda,pirelli,2,17,15.104,15104.0
964,2017,8,33,33,33,55,carlos-sainz-jr,toro-rosso,toro-rosso,pirelli,2,17,14.966,14966.0
964,2017,8,34,34,34,2,stoffel-vandoorne,mclaren,honda,pirelli,2,17,15.097,15097.0
964,2017,8,35,35,35,8,romain-grosjean,haas,ferrari,pirelli,3,17,15.073,15073.0
964,2017,8,36,36,36,9,marcus-ericsson,sauber,ferrari,pirelli,2,17,26.051,26051.0
964,2017,8,37,37,37,94,pascal-wehrlein,sauber,ferrari,pirelli,3,17,34.847,34847.0
964,2017,8,38,38,38,77,valtteri-bottas,mercedes,mercedes,pirelli,3,17,14.978,14978.0
964,2017,8,39,39,39,11,sergio-perez,force-india,mercedes,pirelli,3,20,26:34.609,1594609.0
964,2017,8,40,40,40,31,esteban-ocon,force-india,mercedes,pirelli,3,20,31.657,31657.0
964,2017,8,41,41,41,7,kimi-raikkonen,ferrari,ferrari,pirelli,3,20,26:23.848,1583848.0
964,2017,8,42,42,42,94,pascal-wehrlein,sauber,ferrari,pirelli,4,21,22.390,22390.0
964,2017,8,43,43,43,44,lewis-hamilton,mercedes,mercedes,pirelli,3,22,21:50.768,1310768.0
964,2017,8,44,44,44,5,sebastian-vettel,ferrari,ferrari,pirelli,3,22,21:50.808,1310808.0
964,2017,8,45,45,45,19,felipe-massa,williams,mercedes,pirelli,3,22,21:50.671,1310671.0
964,2017,8,46,46,46,18,lance-stroll,williams,mercedes,pirelli,3,22,21:52.728,1312728.0
964,2017,8,47,47,47,3,daniel-ricciardo,red-bull,tag-heuer,pirelli,4,22,21:53.343,1313343.0
964,2017,8,48,48,48,27,nico-hulkenberg,renault,renault,pirelli,3,22,21:53.641,1313641.0
964,2017,8,49,49,49,20,kevin-magnussen,haas,ferrari,pirelli,3,22,21:52.704,1312704.0
964,2017,8,50,50,50,14,fernando-alonso,mclaren,honda,pirelli,3,22,21:53.187,1313187.0
964,2017,8,51,51,51,55,carlos-sainz-jr,toro-rosso,toro-rosso,pirelli,3,22,21:53.693,1313693.0
964,2017,8,52,52,52,8,romain-grosjean,haas,ferrari,pirelli,4,22,21:53.665,1313665.0
964,2017,8,53,53,53,9,marcus-ericsson,sauber,ferrari,pirelli,3,22,21:54.950,1314950.0
964,2017,8,54,54,54,2,stoffel-vandoorne,mclaren,honda,pirelli,3,22,21:54.189,1314189.0
964,2017,8,55,55,55,77,valtteri-bottas,mercedes,mercedes,pirelli,4,22,21:53.511,1313511.0
964,2017,8,56,56,56,31,esteban-ocon,force-india,mercedes,pirelli,4,22,21:53.873,1313873.0
964,2017,8,57,57,57,94,pascal-wehrlein,sauber,ferrari,pirelli,5,22,21:55.645,1315645.0
964,2017,8,58,58,58,44,lewis-hamilton,mercedes,mercedes,pirelli,4,31,27.025,27025.0
964,2017,8,59,59,59,5,sebastian-vettel,ferrari,ferrari,pirelli,4,33,29.317,29317.0
964,2017,8,60,60,60,2,stoffel-vandoorne,mclaren,honda,pirelli,4,33,20.446,20446.0
964,2017,8,61,61,61,11,sergio-perez,force-india,mercedes,pirelli,4,33,14.951,14951.0
964,2017,8,62,62,62,7,kimi-raikkonen,ferrari,ferrari,pirelli,4,33,14.943,14943.0
964,2017,8,63,63,63,8,romain-grosjean,haas,ferrari,pirelli,5,36,24.486,24486.0
965,2017,9,1,1,1,26,daniil-kvyat,toro-rosso,toro-rosso,pirelli,1,1,33.607,33607.0
965,2017,9,2,2,2,26,daniil-kvyat,toro-rosso,toro-rosso,pirelli,2,9,16.139,16139.0
965,2017,9,3,3,3,27,nico-hulkenberg,renault,renault,pirelli,1,14,21.977,21977.0
965,2017,9,4,4,4,44,lewis-hamilton,mercedes,mercedes,pirelli,1,31,20.761,20761.0
965,2017,9,5,5,5,2,stoffel-vandoorne,mclaren,honda,pirelli,1,31,21.714,21714.0
965,2017,9,6,6,6,3,daniel-ricciardo,red-bull,tag-heuer,pirelli,1,33,21.713,21713.0
965,2017,9,7,7,7,5,sebastian-vettel,ferrari,ferrari,pirelli,1,34,21.750,21750.0
965,2017,9,8,8,8,30,jolyon-palmer,renault,renault,pirelli,1,34,22.233,22233.0
965,2017,9,9,9,9,9,marcus-ericsson,sauber,ferrari,pirelli,1,34,22.339,22339.0
965,2017,9,10,10,10,11,sergio-perez,force-india,mercedes,pirelli,1,35,22.030,22030.0
965,2017,9,11,11,11,18,lance-stroll,williams,mercedes,pirelli,1,35,21.332,21332.0
965,2017,9,12,12,12,94,pascal-wehrlein,sauber,ferrari,pirelli,1,35,22.414,22414.0
965,2017,9,13,13,13,8,romain-grosjean,haas,ferrari,pirelli,1,36,22.026,22026.0
965,2017,9,14,14,14,77,valtteri-bottas,mercedes,mercedes,pirelli,1,41,22.387,22387.0
965,2017,9,15,15,15,55,carlos-sainz-jr,toro-rosso,toro-rosso,pirelli,1,40,21.659,21659.0
965,2017,9,16,16,16,31,esteban-ocon,force-india,mercedes,pirelli,1,42,22.176,22176.0
965,2017,9,17,17,17,7,kimi-raikkonen,ferrari,ferrari,pirelli,1,44,21.662,21662.0
965,2017,9,18,18,18,2,stoffel-vandoorne,mclaren,honda,pirelli,2,44,16.206,16206.0
965,2017,9,19,19,19,19,felipe-massa,williams,mercedes,pirelli,1,47,20.977,20977.0
965,2017,9,20,20,20,26,daniil-kvyat,toro-rosso,toro-rosso,pirelli,3,55,22.274,22274.0
966,2017,10,1,1,1,26,daniil-kvyat,toro-rosso,toro-rosso,pirelli,1,1,45.538,45538.0
966,2017,10,2,2,2,94,pascal-wehrlein,sauber,ferrari,pirelli,1,2,29.861,29861.0
966,2017,10,3,3,3,94,pascal-wehrlein,sauber,ferrari,pirelli,2,3,29.941,29941.0
966,2017,10,4,4,4,26,daniil-kvyat,toro-rosso,toro-rosso,pirelli,2,9,22.895,22895.0
966,2017,10,5,5,5,5,sebastian-vettel,ferrari,ferrari,pirelli,1,18,28.363,28363.0
966,2017,10,6,6,6,33,max-verstappen,red-bull,tag-heuer,pirelli,1,19,29.147,29147.0
966,2017,10,7,7,7,31,esteban-ocon,force-india,mercedes,pirelli,1,20,29.194,29194.0
966,2017,10,8,8,8,14,fernando-alonso,mclaren,honda,pirelli,1,20,28.269,28269.0
966,2017,10,9,9,9,18,lance-stroll,williams,mercedes,pirelli,1,22,29.849,29849.0
966,2017,10,10,10,10,11,sergio-perez,force-india,mercedes,pirelli,1,23,28.942,28942.0
966,2017,10,11,11,11,8,romain-grosjean,haas,ferrari,pirelli,1,23,28.361,28361.0
966,2017,10,12,12,12,7,kimi-raikkonen,ferrari,ferrari,pirelli,1,24,28.476,28476.0
966,2017,10,13,13,13,27,nico-hulkenberg,renault,renault,pirelli,1,24,30.841,30841.0
966,2017,10,14,14,14,44,lewis-hamilton,mercedes,mercedes,pirelli,1,25,27.733,27733.0
966,2017,10,15,15,15,19,felipe-massa,williams,mercedes,pirelli,1,25,27.583,27583.0
966,2017,10,16,16,16,2,stoffel-vandoorne,mclaren,honda,pirelli,1,26,29.337,29337.0
966,2017,10,17,17,17,26,daniil-kvyat,toro-rosso,toro-rosso,pirelli,3,27,28.630,28630.0
966,2017,10,18,18,18,9,marcus-ericsson,sauber,ferrari,pirelli,1,28,28.825,28825.0
966,2017,10,19,19,19,94,pascal-wehrlein,sauber,ferrari,pirelli,3,31,31.250,31250.0
966,2017,10,20,20,20,77,valtteri-bottas,mercedes,mercedes,pirelli,1,32,27.858,27858.0
966,2017,10,21,21,21,3,daniel-ricciardo,red-bull,tag-heuer,pirelli,1,32,27.910,27910.0
966,2017,10,22,22,22,20,kevin-magnussen,haas,ferrari,pirelli,1,37,28.099,28099.0
966,2017,10,23,23,23,18,lance-stroll,williams,mercedes,pirelli,2,42,28.335,28335.0
966,2017,10,24,24,24,8,romain-grosjean,haas,ferrari,pirelli,2,43,28.998,28998.0
966,2017,10,25,25,25,7,kimi-raikkonen,ferrari,ferrari,pirelli,2,49,29.057,29057.0
966,2017,10,26,26,26,33,max-verstappen,red-bull,tag-heuer,pirelli,2,49,28.056,28056.0
966,2017,10,27,27,27,5,sebastian-vettel,ferrari,ferrari,pirelli,2,50,35.204,35204.0
967,2017,11,1,1,1,9,marcus-ericsson,sauber,ferrari,pirelli,1,1,25.179,25179.0
967,2017,11,2,2,2,94,pascal-wehrlein,sauber,ferrari,pirelli,1,3,24.213,24213.0
967,2017,11,3,3,3,8,romain-grosjean,haas,ferrari,pirelli,1,20,22.638,22638.0
967,2017,11,4,4,4,94,pascal-wehrlein,sauber,ferrari,pirelli,2,28,22.998,22998.0
967,2017,11,5,5,5,18,lance-stroll,williams,mercedes,pirelli,1,29,21.804,21804.0
967,2017,11,6,6,6,77,valtteri-bottas,mercedes,mercedes,pirelli,1,30,22.681,22681.0
967,2017,11,7,7,7,44,lewis-hamilton,mercedes,mercedes,pirelli,1,31,21.338,21338.0
967,2017,11,8,8,8,20,kevin-magnussen,haas,ferrari,pirelli,1,31,22.684,22684.0
967,2017,11,9,9,9,5,sebastian-vettel,ferrari,ferrari,pirelli,1,32,22.317,22317.0
967,2017,11,10,10,10,7,kimi-raikkonen,ferrari,ferrari,pirelli,1,33,21.919,21919.0
967,2017,11,11,11,11,11,sergio-perez,force-india,mercedes,pirelli,1,34,24.017,24017.0
967,2017,11,12,12,12,40,paul-di-resta,williams,mercedes,pirelli,1,34,22.399,22399.0
967,2017,11,13,13,13,14,fernando-alonso,mclaren,honda,pirelli,1,35,22.399,22399.0
967,2017,11,14,14,14,55,carlos-sainz-jr,toro-rosso,toro-rosso,pirelli,1,35,22.745,22745.0
967,2017,11,15,15,15,31,esteban-ocon,force-india,mercedes,pirelli,1,35,22.441,22441.0
967,2017,11,16,16,16,26,daniil-kvyat,toro-rosso,toro-rosso,pirelli,1,40,22.273,22273.0
967,2017,11,17,17,17,33,max-verstappen,red-bull,tag-heuer,pirelli,1,42,33.605,33605.0
967,2017,11,18,18,18,2,stoffel-vandoorne,mclaren,honda,pirelli,1,42,28.616,28616.0
967,2017,11,19,19,19,27,nico-hulkenberg,renault,renault,pirelli,1,45,31.860,31860.0
967,2017,11,20,20,20,30,jolyon-palmer,renault,renault,pirelli,1,46,22.684,22684.0
967,2017,11,21,21,21,9,marcus-ericsson,sauber,ferrari,pirelli,2,63,24.097,24097.0
968,2017,12,1,1,1,30,jolyon-palmer,renault,renault,pirelli,1,8,26.202,26202.0
968,2017,12,2,2,2,9,marcus-ericsson,sauber,ferrari,pirelli,1,8,23.999,23999.0
968,2017,12,3,3,3,20,kevin-magnussen,haas,ferrari,pirelli,1,9,22.828,22828.0
968,2017,12,4,4,4,18,lance-stroll,williams,mercedes,pirelli,1,9,24.697,24697.0
968,2017,12,5,5,5,31,esteban-ocon,force-india,mercedes,pirelli,1,10,23.364,23364.0
968,2017,12,6,6,6,8,romain-grosjean,haas,ferrari,pirelli,1,10,22.925,22925.0
968,2017,12,7,7,7,14,fernando-alonso,mclaren,honda,pirelli,1,10,24.158,24158.0
968,2017,12,8,8,8,27,nico-hulkenberg,renault,renault,pirelli,1,11,23.507,23507.0
968,2017,12,9,9,9,19,felipe-massa,williams,mercedes,pirelli,1,11,22.667,22667.0
968,2017,12,10,10,10,44,lewis-hamilton,mercedes,mercedes,pirelli,1,12,22.037,22037.0
968,2017,12,11,11,11,11,sergio-perez,force-india,mercedes,pirelli,1,12,23.289,23289.0
968,2017,12,12,12,12,77,valtteri-bottas,mercedes,mercedes,pirelli,1,13,22.963,22963.0
968,2017,12,13,13,13,5,sebastian-vettel,ferrari,ferrari,pirelli,1,14,22.443,22443.0
968,2017,12,14,14,14,3,daniel-ricciardo,red-bull,tag-heuer,pirelli,1,14,22.900,22900.0
968,2017,12,15,15,15,7,kimi-raikkonen,ferrari,ferrari,pirelli,1,15,22.533,22533.0
968,2017,12,16,16,16,7,kimi-raikkonen,ferrari,ferrari,pirelli,2,17,30.373,30373.0
968,2017,12,17,17,17,26,daniil-kvyat,toro-rosso,toro-rosso,pirelli,1,18,22.444,22444.0
968,2017,12,18,18,18,2,stoffel-vandoorne,mclaren,honda,pirelli,1,18,26.894,26894.0
968,2017,12,19,19,19,55,carlos-sainz-jr,toro-rosso,toro-rosso,pirelli,1,19,24.095,24095.0
968,2017,12,20,20,20,9,marcus-ericsson,sauber,ferrari,pirelli,2,23,23.221,23221.0
968,2017,12,21,21,21,11,sergio-perez,force-india,mercedes,pirelli,2,25,28.594,28594.0
968,2017,12,22,22,22,31,esteban-ocon,force-india,mercedes,pirelli,2,27,23.200,23200.0
968,2017,12,23,23,23,7,kimi-raikkonen,ferrari,ferrari,pirelli,3,29,22.963,22963.0
968,2017,12,24,24,24,27,nico-hulkenberg,renault,renault,pirelli,2,29,23.539,23539.0
968,2017,12,25,25,25,8,romain-grosjean,haas,ferrari,pirelli,2,29,22.756,22756.0
968,2017,12,26,26,26,19,felipe-massa,williams,mercedes,pirelli,2,29,23.092,23092.0
968,2017,12,27,27,27,31,esteban-ocon,force-india,mercedes,pirelli,3,29,29.646,29646.0
968,2017,12,28,28,28,55,carlos-sainz-jr,toro-rosso,toro-rosso,pirelli,2,29,24.370,24370.0
968,2017,12,29,29,29,18,lance-stroll,williams,mercedes,pirelli,2,29,23.109,23109.0
968,2017,12,30,30,30,11,sergio-perez,force-india,mercedes,pirelli,3,29,26.574,26574.0
968,2017,12,31,31,31,5,sebastian-vettel,ferrari,ferrari,pirelli,2,30,25.650,25650.0
968,2017,12,32,32,32,44,lewis-hamilton,mercedes,mercedes,pirelli,2,30,22.357,22357.0
968,2017,12,33,33,33,77,valtteri-bottas,mercedes,mercedes,pirelli,2,30,22.919,22919.0
968,2017,12,34,34,34,3,daniel-ricciardo,red-bull,tag-heuer,pirelli,2,30,23.180,23180.0
968,2017,12,35,35,35,9,marcus-ericsson,sauber,ferrari,pirelli,3,29,23.792,23792.0
968,2017,12,36,36,36,20,kevin-magnussen,haas,ferrari,pirelli,2,30,22.908,22908.0
968,2017,12,37,37,37,26,daniil-kvyat,toro-rosso,toro-rosso,pirelli,2,30,23.341,23341.0
968,2017,12,38,38,38,30,jolyon-palmer,renault,renault,pirelli,2,30,24.674,24674.0
968,2017,12,39,39,39,2,stoffel-vandoorne,mclaren,honda,pirelli,2,30,26.187,26187.0
968,2017,12,40,40,40,20,kevin-magnussen,haas,ferrari,pirelli,3,34,23.737,23737.0
969,2017,13,1,1,1,8,romain-grosjean,haas,ferrari,pirelli,1,3,33.433,33433.0
969,2017,13,2,2,2,33,max-verstappen,red-bull,tag-heuer,pirelli,1,3,39.888,39888.0
969,2017,13,3,3,3,27,nico-hulkenberg,renault,renault,pirelli,1,9,24.418,24418.0
969,2017,13,4,4,4,20,kevin-magnussen,haas,ferrari,pirelli,1,11,24.384,24384.0
969,2017,13,5,5,5,55,carlos-sainz-jr,toro-rosso,toro-rosso,pirelli,1,13,24.865,24865.0
969,2017,13,6,6,6,7,kimi-raikkonen,ferrari,ferrari,pirelli,1,15,25.367,25367.0
969,2017,13,7,7,7,31,esteban-ocon,force-india,mercedes,pirelli,1,16,24.432,24432.0
969,2017,13,8,8,8,18,lance-stroll,williams,mercedes,pirelli,1,17,26.131,26131.0
969,2017,13,9,9,9,9,marcus-ericsson,sauber,ferrari,pirelli,1,18,25.310,25310.0
969,2017,13,10,10,10,26,daniil-kvyat,toro-rosso,toro-rosso,pirelli,1,19,25.826,25826.0
969,2017,13,11,11,11,94,pascal-wehrlein,sauber,ferrari,pirelli,1,20,25.212,25212.0
969,2017,13,12,12,12,19,felipe-massa,williams,mercedes,pirelli,1,21,25.078,25078.0
969,2017,13,13,13,13,30,jolyon-palmer,renault,renault,pirelli,1,25,31.008,31008.0
969,2017,13,14,14,14,33,max-verstappen,red-bull,tag-heuer,pirelli,2,27,24.173,24173.0
969,2017,13,15,15,15,14,fernando-alonso,mclaren,honda,pirelli,1,30,24.442,24442.0
969,2017,13,16,16,16,5,sebastian-vettel,ferrari,ferrari,pirelli,1,31,24.307,24307.0
969,2017,13,17,17,17,44,lewis-hamilton,mercedes,mercedes,pirelli,1,32,23.725,23725.0
969,2017,13,18,18,18,11,sergio-perez,force-india,mercedes,pirelli,1,32,25.377,25377.0
969,2017,13,19,19,19,77,valtteri-bottas,mercedes,mercedes,pirelli,1,33,23.728,23728.0
969,2017,13,20,20,20,8,romain-grosjean,haas,ferrari,pirelli,2,34,24.307,24307.0
969,2017,13,21,21,21,3,daniel-ricciardo,red-bull,tag-heuer,pirelli,1,37,23.951,23951.0
970,2017,14,1,1,1,44,lewis-hamilton,mercedes,mercedes,pirelli,1,1,30.442,30442.0
970,2017,14,2,2,2,3,daniel-ricciardo,red-bull,tag-heuer,pirelli,1,1,30.737,30737.0
970,2017,14,3,3,3,27,nico-hulkenberg,renault,renault,pirelli,1,1,31.032,31032.0
970,2017,14,4,4,4,11,sergio-perez,force-india,mercedes,pirelli,1,1,30.709,30709.0
970,2017,14,5,5,5,30,jolyon-palmer,renault,renault,pirelli,1,1,30.785,30785.0
970,2017,14,6,6,6,77,valtteri-bottas,mercedes,mercedes,pirelli,1,1,30.444,30444.0
970,2017,14,7,7,7,2,stoffel-vandoorne,mclaren,honda,pirelli,1,1,31.550,31550.0
970,2017,14,8,8,8,31,esteban-ocon,force-india,mercedes,pirelli,1,1,31.793,31793.0
970,2017,14,9,9,9,55,carlos-sainz-jr,toro-rosso,toro-rosso,pirelli,1,1,32.689,32689.0
970,2017,14,10,10,10,20,kevin-magnussen,haas,ferrari,pirelli,1,1,32.701,32701.0
970,2017,14,11,11,11,26,daniil-kvyat,toro-rosso,toro-rosso,pirelli,1,1,33.077,33077.0
970,2017,14,12,12,12,14,fernando-alonso,mclaren,honda,pirelli,1,1,36.900,36900.0
970,2017,14,13,13,13,18,lance-stroll,williams,mercedes,pirelli,1,1,37.403,37403.0
970,2017,14,14,14,14,19,felipe-massa,williams,mercedes,pirelli,1,1,38.464,38464.0
970,2017,14,15,15,15,8,romain-grosjean,haas,ferrari,pirelli,1,1,39.455,39455.0
970,2017,14,16,16,16,9,marcus-ericsson,sauber,ferrari,pirelli,1,1,40.125,40125.0
970,2017,14,17,17,17,94,pascal-wehrlein,sauber,ferrari,pirelli,1,1,40.506,40506.0
970,2017,14,18,18,18,44,lewis-hamilton,mercedes,mercedes,pirelli,2,2,24.368,24368.0
970,2017,14,19,19,19,3,daniel-ricciardo,red-bull,tag-heuer,pirelli,2,2,24.402,24402.0
970,2017,14,20,20,20,27,nico-hulkenberg,renault,renault,pirelli,2,2,25.093,25093.0
970,2017,14,21,21,21,11,sergio-perez,force-india,mercedes,pirelli,2,2,25.315,25315.0
970,2017,14,22,22,22,77,valtteri-bottas,mercedes,mercedes,pirelli,2,2,25.367,25367.0
970,2017,14,23,23,23,30,jolyon-palmer,renault,renault,pirelli,2,2,26.206,26206.0
970,2017,14,24,24,24,2,stoffel-vandoorne,mclaren,honda,pirelli,2,2,26.553,26553.0
970,2017,14,25,25,25,31,esteban-ocon,force-india,mercedes,pirelli,2,2,26.532,26532.0
970,2017,14,26,26,26,55,carlos-sainz-jr,toro-rosso,toro-rosso,pirelli,2,2,27.452,27452.0
970,2017,14,27,27,27,20,kevin-magnussen,haas,ferrari,pirelli,2,2,26.903,26903.0
970,2017,14,28,28,28,26,daniil-kvyat,toro-rosso,toro-rosso,pirelli,2,2,27.015,27015.0
970,2017,14,29,29,29,14,fernando-alonso,mclaren,honda,pirelli,2,2,29.306,29306.0
970,2017,14,30,30,30,18,lance-stroll,williams,mercedes,pirelli,2,2,29.294,29294.0
970,2017,14,31,31,31,19,felipe-massa,williams,mercedes,pirelli,2,2,30.790,30790.0
970,2017,14,32,32,32,8,romain-grosjean,haas,ferrari,pirelli,2,2,31.320,31320.0
970,2017,14,33,33,33,9,marcus-ericsson,sauber,ferrari,pirelli,2,2,38.886,38886.0
970,2017,14,34,34,34,94,pascal-wehrlein,sauber,ferrari,pirelli,2,2,45.875,45875.0
970,2017,14,35,35,35,44,lewis-hamilton,mercedes,mercedes,pirelli,3,3,24.337,24337.0
970,2017,14,36,36,36,3,daniel-ricciardo,red-bull,tag-heuer,pirelli,3,3,24.362,24362.0
970,2017,14,37,37,37,27,nico-hulkenberg,renault,renault,pirelli,3,3,24.964,24964.0
970,2017,14,38,38,38,11,sergio-perez,force-india,mercedes,pirelli,3,3,25.288,25288.0
970,2017,14,39,39,39,77,valtteri-bottas,mercedes,mercedes,pirelli,3,3,25.432,25432.0
970,2017,14,40,40,40,30,jolyon-palmer,renault,renault,pirelli,3,3,25.113,25113.0
970,2017,14,41,41,41,2,stoffel-vandoorne,mclaren,honda,pirelli,3,3,24.543,24543.0
970,2017,14,42,42,42,31,esteban-ocon,force-india,mercedes,pirelli,3,3,24.664,24664.0
970,2017,14,43,43,43,55,carlos-sainz-jr,toro-rosso,toro-rosso,pirelli,3,3,25.356,25356.0
970,2017,14,44,44,44,20,kevin-magnussen,haas,ferrari,pirelli,3,3,25.509,25509.0
970,2017,14,45,45,45,26,daniil-kvyat,toro-rosso,toro-rosso,pirelli,3,3,25.003,25003.0
970,2017,14,46,46,46,14,fernando-alonso,mclaren,honda,pirelli,3,3,25.626,25626.0
970,2017,14,47,47,47,18,lance-stroll,williams,mercedes,pirelli,3,3,25.584,25584.0
970,2017,14,48,48,48,19,felipe-massa,williams,mercedes,pirelli,3,3,25.731,25731.0
970,2017,14,49,49,49,8,romain-grosjean,haas,ferrari,pirelli,3,3,26.228,26228.0
970,2017,14,50,50,50,9,marcus-ericsson,sauber,ferrari,pirelli,3,3,27.591,27591.0
970,2017,14,51,51,51,94,pascal-wehrlein,sauber,ferrari,pirelli,3,3,27.865,27865.0
970,2017,14,52,52,52,3,daniel-ricciardo,red-bull,tag-heuer,pirelli,4,11,29.658,29658.0
970,2017,14,53,53,53,11,sergio-perez,force-india,mercedes,pirelli,4,11,30.128,30128.0
970,2017,14,54,54,54,31,esteban-ocon,force-india,mercedes,pirelli,4,11,31.336,31336.0
970,2017,14,55,55,55,20,kevin-magnussen,haas,ferrari,pirelli,4,11,30.132,30132.0
970,2017,14,56,56,56,27,nico-hulkenberg,renault,renault,pirelli,4,12,30.725,30725.0
970,2017,14,57,57,57,30,jolyon-palmer,renault,renault,pirelli,4,12,30.015,30015.0
970,2017,14,58,58,58,2,stoffel-vandoorne,mclaren,honda,pirelli,4,12,30.390,30390.0
970,2017,14,59,59,59,9,marcus-ericsson,sauber,ferrari,pirelli,4,13,31.714,31714.0
970,2017,14,60,60,60,19,felipe-massa,williams,mercedes,pirelli,4,17,29.685,29685.0
970,2017,14,61,61,61,94,pascal-wehrlein,sauber,ferrari,pirelli,4,21,32.249,32249.0
970,2017,14,62,62,62,20,kevin-magnussen,haas,ferrari,pirelli,5,24,30.504,30504.0
970,2017,14,63,63,63,19,felipe-massa,williams,mercedes,pirelli,5,24,30.048,30048.0
970,2017,14,64,64,64,18,lance-stroll,williams,mercedes,pirelli,4,26,29.412,29412.0
970,2017,14,65,65,65,55,carlos-sainz-jr,toro-rosso,toro-rosso,pirelli,4,27,30.093,30093.0
970,2017,14,66,66,66,2,stoffel-vandoorne,mclaren,honda,pirelli,5,27,36.138,36138.0
970,2017,14,67,67,67,8,romain-grosjean,haas,ferrari,pirelli,4,27,29.049,29049.0
970,2017,14,68,68,68,31,esteban-ocon,force-india,mercedes,pirelli,5,27,29.173,29173.0
970,2017,14,69,69,69,9,marcus-ericsson,sauber,ferrari,pirelli,5,27,50.617,50617.0
970,2017,14,70,70,70,3,daniel-ricciardo,red-bull,tag-heuer,pirelli,5,28,29.118,29118.0
970,2017,14,71,71,71,77,valtteri-bottas,mercedes,mercedes,pirelli,4,28,29.089,29089.0
970,2017,14,72,72,72,27,nico-hulkenberg,renault,renault,pirelli,5,28,30.005,30005.0
970,2017,14,73,73,73,11,sergio-perez,force-india,mercedes,pirelli,5,28,29.186,29186.0
970,2017,14,74,74,74,44,lewis-hamilton,mercedes,mercedes,pirelli,4,29,28.466,28466.0
970,2017,14,75,75,75,94,pascal-wehrlein,sauber,ferrari,pirelli,5,28,31.094,31094.0
970,2017,14,76,76,76,30,jolyon-palmer,renault,renault,pirelli,5,29,30.038,30038.0
970,2017,14,77,77,77,9,marcus-ericsson,sauber,ferrari,pirelli,6,31,30.067,30067.0
970,2017,14,78,78,78,19,felipe-massa,williams,mercedes,pirelli,6,37,29.671,29671.0
970,2017,14,79,79,79,27,nico-hulkenberg,renault,renault,pirelli,6,38,1:08.357,68357.0
970,2017,14,80,80,80,31,esteban-ocon,force-india,mercedes,pirelli,6,38,29.134,29134.0
970,2017,14,81,81,81,20,kevin-magnussen,haas,ferrari,pirelli,6,38,29.379,29379.0
970,2017,14,82,82,82,94,pascal-wehrlein,sauber,ferrari,pirelli,6,37,32.183,32183.0
971,2017,15,1,1,1,31,esteban-ocon,force-india,mercedes,pirelli,1,2,24.456,24456.0
971,2017,15,2,2,2,27,nico-hulkenberg,renault,renault,pirelli,1,9,24.872,24872.0
971,2017,15,3,3,3,20,kevin-magnussen,haas,ferrari,pirelli,1,10,23.766,23766.0
971,2017,15,4,4,4,19,felipe-massa,williams,mercedes,pirelli,1,11,23.791,23791.0
971,2017,15,5,5,5,8,romain-grosjean,haas,ferrari,pirelli,1,11,24.912,24912.0
971,2017,15,6,6,6,18,lance-stroll,williams,mercedes,pirelli,1,12,24.109,24109.0
971,2017,15,7,7,7,10,pierre-gasly,toro-rosso,toro-rosso,pirelli,1,12,25.044,25044.0
971,2017,15,8,8,8,2,stoffel-vandoorne,mclaren,honda,pirelli,1,13,24.580,24580.0
971,2017,15,9,9,9,30,jolyon-palmer,renault,renault,pirelli,1,13,25.558,25558.0
971,2017,15,10,10,10,44,lewis-hamilton,mercedes,mercedes,pirelli,1,26,23.489,23489.0
971,2017,15,11,11,11,14,fernando-alonso,mclaren,honda,pirelli,1,26,25.798,25798.0
971,2017,15,12,12,12,33,max-verstappen,red-bull,tag-heuer,pirelli,1,27,23.652,23652.0
971,2017,15,13,13,13,5,sebastian-vettel,ferrari,ferrari,pirelli,1,27,23.695,23695.0
971,2017,15,14,14,14,77,valtteri-bottas,mercedes,mercedes,pirelli,1,28,23.676,23676.0
971,2017,15,15,15,15,3,daniel-ricciardo,red-bull,tag-heuer,pirelli,1,29,24.199,24199.0
971,2017,15,16,16,16,11,sergio-perez,force-india,mercedes,pirelli,1,30,24.314,24314.0
971,2017,15,17,17,17,8,romain-grosjean,haas,ferrari,pirelli,2,33,24.419,24419.0
971,2017,15,18,18,18,94,pascal-wehrlein,sauber,ferrari,pirelli,1,37,25.060,25060.0
971,2017,15,19,19,19,9,marcus-ericsson,sauber,ferrari,pirelli,1,38,24.719,24719.0
971,2017,15,20,20,20,27,nico-hulkenberg,renault,renault,pirelli,2,50,25.714,25714.0
972,2017,16,1,1,1,94,pascal-wehrlein,sauber,ferrari,pirelli,1,2,24.424,24424.0
972,2017,16,2,2,2,94,pascal-wehrlein,sauber,ferrari,pirelli,2,3,24.918,24918.0
972,2017,16,3,3,3,18,lance-stroll,williams,mercedes,pirelli,1,4,23.475,23475.0
972,2017,16,4,4,4,2,stoffel-vandoorne,mclaren,honda,pirelli,1,9,23.430,23430.0
972,2017,16,5,5,5,19,felipe-massa,williams,mercedes,pirelli,1,17,22.956,22956.0
972,2017,16,6,6,6,20,kevin-magnussen,haas,ferrari,pirelli,1,19,23.065,23065.0
972,2017,16,7,7,7,31,esteban-ocon,force-india,mercedes,pirelli,1,20,24.078,24078.0
972,2017,16,8,8,8,33,max-verstappen,red-bull,tag-heuer,pirelli,1,21,22.620,22620.0
972,2017,16,9,9,9,11,sergio-perez,force-india,mercedes,pirelli,1,21,23.634,23634.0
972,2017,16,10,10,10,44,lewis-hamilton,mercedes,mercedes,pirelli,1,22,22.724,22724.0
972,2017,16,11,11,11,10,pierre-gasly,toro-rosso,toro-rosso,pirelli,1,22,23.344,23344.0
972,2017,16,12,12,12,8,romain-grosjean,haas,ferrari,pirelli,1,23,22.781,22781.0
972,2017,16,13,13,13,3,daniel-ricciardo,red-bull,tag-heuer,pirelli,1,25,23.796,23796.0
972,2017,16,14,14,14,14,fernando-alonso,mclaren,honda,pirelli,1,25,24.636,24636.0
972,2017,16,15,15,15,94,pascal-wehrlein,sauber,ferrari,pirelli,3,25,24.952,24952.0
972,2017,16,16,16,16,7,kimi-raikkonen,ferrari,ferrari,pirelli,1,28,23.699,23699.0
972,2017,16,17,17,17,77,valtteri-bottas,mercedes,mercedes,pirelli,1,30,22.876,22876.0
972,2017,16,18,18,18,2,stoffel-vandoorne,mclaren,honda,pirelli,2,34,23.399,23399.0
972,2017,16,19,19,19,18,lance-stroll,williams,mercedes,pirelli,2,35,22.736,22736.0
972,2017,16,20,20,20,27,nico-hulkenberg,renault,renault,pirelli,1,38,23.199,23199.0
972,2017,16,21,21,21,30,jolyon-palmer,renault,renault,pirelli,1,39,25.618,25618.0
972,2017,16,22,22,22,10,pierre-gasly,toro-rosso,toro-rosso,pirelli,2,39,24.413,24413.0
973,2017,17,1,1,1,20,kevin-magnussen,haas,ferrari,pirelli,1,1,25.112,25112.0
973,2017,17,2,2,2,94,pascal-wehrlein,sauber,ferrari,pirelli,1,3,31.334,31334.0
973,2017,17,3,3,3,39,brendon-hartley,toro-rosso,toro-rosso,pirelli,1,8,24.400,24400.0
973,2017,17,4,4,4,18,lance-stroll,williams,mercedes,pirelli,1,10,24.949,24949.0
973,2017,17,5,5,5,3,daniel-ricciardo,red-bull,tag-heuer,pirelli,1,12,23.604,23604.0
973,2017,17,6,6,6,11,sergio-perez,force-india,mercedes,pirelli,1,12,24.326,24326.0
973,2017,17,7,7,7,31,esteban-ocon,force-india,mercedes,pirelli,1,14,24.502,24502.0
973,2017,17,8,8,8,14,fernando-alonso,mclaren,honda,pirelli,1,14,23.796,23796.0
973,2017,17,9,9,9,5,sebastian-vettel,ferrari,ferrari,pirelli,1,16,24.300,24300.0
973,2017,17,10,10,10,8,romain-grosjean,haas,ferrari,pirelli,1,16,24.897,24897.0
973,2017,17,11,11,11,26,daniil-kvyat,toro-rosso,toro-rosso,pirelli,1,17,24.883,24883.0
973,2017,17,12,12,12,77,valtteri-bottas,mercedes,mercedes,pirelli,1,18,23.459,23459.0
973,2017,17,13,13,13,44,lewis-hamilton,mercedes,mercedes,pirelli,1,19,23.402,23402.0
973,2017,17,14,14,14,55,carlos-sainz-jr,renault,renault,pirelli,1,19,24.525,24525.0
973,2017,17,15,15,15,7,kimi-raikkonen,ferrari,ferrari,pirelli,1,20,23.575,23575.0
973,2017,17,16,16,16,9,marcus-ericsson,sauber,ferrari,pirelli,1,21,25.841,25841.0
973,2017,17,17,17,17,33,max-verstappen,red-bull,tag-heuer,pirelli,1,24,24.325,24325.0
973,2017,17,18,18,18,2,stoffel-vandoorne,mclaren,honda,pirelli,1,25,23.578,23578.0
973,2017,17,19,19,19,19,felipe-massa,williams,mercedes,pirelli,1,29,23.772,23772.0
973,2017,17,20,20,20,39,brendon-hartley,toro-rosso,toro-rosso,pirelli,2,35,24.229,24229.0
973,2017,17,21,21,21,18,lance-stroll,williams,mercedes,pirelli,2,36,24.497,24497.0
973,2017,17,22,22,22,33,max-verstappen,red-bull,tag-heuer,pirelli,2,37,23.423,23423.0
973,2017,17,23,23,23,5,sebastian-vettel,ferrari,ferrari,pirelli,2,38,23.620,23620.0
973,2017,17,24,24,24,20,kevin-magnussen,haas,ferrari,pirelli,2,49,25.268,25268.0
973,2017,17,25,25,25,77,valtteri-bottas,mercedes,mercedes,pirelli,2,52,23.254,23254.0
974,2017,18,1,1,1,5,sebastian-vettel,ferrari,ferrari,pirelli,1,1,32.037,32037.0
974,2017,18,2,2,2,44,lewis-hamilton,mercedes,mercedes,pirelli,1,1,29.283,29283.0
974,2017,18,3,3,3,55,carlos-sainz-jr,renault,renault,pirelli,1,2,22.852,22852.0
974,2017,18,4,4,4,19,felipe-massa,williams,mercedes,pirelli,1,3,22.055,22055.0
974,2017,18,5,5,5,94,pascal-wehrlein,sauber,ferrari,pirelli,1,4,23.358,23358.0
974,2017,18,6,6,6,11,sergio-perez,force-india,mercedes,pirelli,1,18,22.903,22903.0
974,2017,18,7,7,7,27,nico-hulkenberg,renault,renault,pirelli,1,19,22.587,22587.0
974,2017,18,8,8,8,31,esteban-ocon,force-india,mercedes,pirelli,1,20,22.665,22665.0
974,2017,18,9,9,9,9,marcus-ericsson,sauber,ferrari,pirelli,1,28,22.736,22736.0
974,2017,18,10,10,10,20,kevin-magnussen,haas,ferrari,pirelli,1,31,22.507,22507.0
974,2017,18,11,11,11,2,stoffel-vandoorne,mclaren,honda,pirelli,1,31,28.044,28044.0
974,2017,18,12,12,12,33,max-verstappen,red-bull,tag-heuer,pirelli,1,32,22.570,22570.0
974,2017,18,13,13,13,10,pierre-gasly,toro-rosso,toro-rosso,pirelli,1,31,22.709,22709.0
974,2017,18,14,14,14,8,romain-grosjean,haas,ferrari,pirelli,1,31,28.761,28761.0
974,2017,18,15,15,15,77,valtteri-bottas,mercedes,mercedes,pirelli,1,32,21.758,21758.0
974,2017,18,16,16,16,44,lewis-hamilton,mercedes,mercedes,pirelli,2,31,23.315,23315.0
974,2017,18,17,17,17,55,carlos-sainz-jr,renault,renault,pirelli,2,31,23.035,23035.0
974,2017,18,18,18,18,7,kimi-raikkonen,ferrari,ferrari,pirelli,1,32,22.540,22540.0
974,2017,18,19,19,19,18,lance-stroll,williams,mercedes,pirelli,1,32,21.825,21825.0
974,2017,18,20,20,20,5,sebastian-vettel,ferrari,ferrari,pirelli,2,32,22.379,22379.0
974,2017,18,21,21,21,14,fernando-alonso,mclaren,honda,pirelli,1,32,22.655,22655.0
974,2017,18,22,22,22,11,sergio-perez,force-india,mercedes,pirelli,2,50,22.528,22528.0
974,2017,18,23,23,23,8,romain-grosjean,haas,ferrari,pirelli,2,62,23.035,23035.0
975,2017,19,1,1,1,5,sebastian-vettel,ferrari,ferrari,pirelli,1,1,19.097,19097.0
975,2017,19,2,2,2,77,valtteri-bottas,mercedes,mercedes,pirelli,1,1,18.717,18717.0
975,2017,19,3,3,3,7,kimi-raikkonen,ferrari,ferrari,pirelli,1,1,19.433,19433.0
975,2017,19,4,4,4,33,max-verstappen,red-bull,tag-heuer,pirelli,1,1,18.827,18827.0
975,2017,19,5,5,5,14,fernando-alonso,mclaren,honda,pirelli,1,1,18.487,18487.0
975,2017,19,6,6,6,19,felipe-massa,williams,mercedes,pirelli,1,1,18.238,18238.0
975,2017,19,7,7,7,11,sergio-perez,force-india,mercedes,pirelli,1,1,18.417,18417.0
975,2017,19,8,8,8,27,nico-hulkenberg,renault,renault,pirelli,1,1,18.927,18927.0
975,2017,19,9,9,9,55,carlos-sainz-jr,renault,renault,pirelli,1,1,19.208,19208.0
975,2017,19,10,10,10,10,pierre-gasly,toro-rosso,toro-rosso,pirelli,1,1,19.430,19430.0
975,2017,19,11,11,11,9,marcus-ericsson,sauber,ferrari,pirelli,1,1,19.603,19603.0
975,2017,19,12,12,12,28,brendon-hartley,toro-rosso,toro-rosso,pirelli,1,1,19.936,19936.0
975,2017,19,13,13,13,18,lance-stroll,williams,mercedes,pirelli,1,1,20.146,20146.0
975,2017,19,14,14,14,94,pascal-wehrlein,sauber,ferrari,pirelli,1,1,26.439,26439.0
975,2017,19,15,15,15,8,romain-grosjean,haas,ferrari,pirelli,1,1,25.845,25845.0
975,2017,19,16,16,16,44,lewis-hamilton,mercedes,mercedes,pirelli,1,1,19.377,19377.0
975,2017,19,17,17,17,3,daniel-ricciardo,red-bull,tag-heuer,pirelli,1,1,25.946,25946.0
975,2017,19,18,18,18,5,sebastian-vettel,ferrari,ferrari,pirelli,2,2,17.817,17817.0
975,2017,19,19,19,19,77,valtteri-bottas,mercedes,mercedes,pirelli,2,2,17.827,17827.0
975,2017,19,20,20,20,7,kimi-raikkonen,ferrari,ferrari,pirelli,2,2,18.027,18027.0
975,2017,19,21,21,21,33,max-verstappen,red-bull,tag-heuer,pirelli,2,2,17.913,17913.0
975,2017,19,22,22,22,14,fernando-alonso,mclaren,honda,pirelli,2,2,17.770,17770.0
975,2017,19,23,23,23,19,felipe-massa,williams,mercedes,pirelli,2,2,17.736,17736.0
975,2017,19,24,24,24,11,sergio-perez,force-india,mercedes,pirelli,2,2,17.959,17959.0
975,2017,19,25,25,25,27,nico-hulkenberg,renault,renault,pirelli,2,2,18.549,18549.0
975,2017,19,26,26,26,55,carlos-sainz-jr,renault,renault,pirelli,2,2,18.604,18604.0
975,2017,19,27,27,27,10,pierre-gasly,toro-rosso,toro-rosso,pirelli,2,2,18.855,18855.0
975,2017,19,28,28,28,9,marcus-ericsson,sauber,ferrari,pirelli,2,2,19.250,19250.0
975,2017,19,29,29,29,28,brendon-hartley,toro-rosso,toro-rosso,pirelli,2,2,19.439,19439.0
975,2017,19,30,30,30,18,lance-stroll,williams,mercedes,pirelli,2,2,19.270,19270.0
975,2017,19,31,31,31,44,lewis-hamilton,mercedes,mercedes,pirelli,2,2,19.237,19237.0
975,2017,19,32,32,32,94,pascal-wehrlein,sauber,ferrari,pirelli,2,2,19.160,19160.0
975,2017,19,33,33,33,8,romain-grosjean,haas,ferrari,pirelli,2,2,18.860,18860.0
975,2017,19,34,34,34,3,daniel-ricciardo,red-bull,tag-heuer,pirelli,2,2,17.929,17929.0
975,2017,19,35,35,35,5,sebastian-vettel,ferrari,ferrari,pirelli,3,3,17.842,17842.0
975,2017,19,36,36,36,77,valtteri-bottas,mercedes,mercedes,pirelli,3,3,17.784,17784.0
975,2017,19,37,37,37,7,kimi-raikkonen,ferrari,ferrari,pirelli,3,3,18.290,18290.0
975,2017,19,38,38,38,33,max-verstappen,red-bull,tag-heuer,pirelli,3,3,18.017,18017.0
975,2017,19,39,39,39,14,fernando-alonso,mclaren,honda,pirelli,3,3,17.716,17716.0
975,2017,19,40,40,40,19,felipe-massa,williams,mercedes,pirelli,3,3,17.745,17745.0
975,2017,19,41,41,41,11,sergio-perez,force-india,mercedes,pirelli,3,3,17.822,17822.0
975,2017,19,42,42,42,27,nico-hulkenberg,renault,renault,pirelli,3,3,18.052,18052.0
975,2017,19,43,43,43,55,carlos-sainz-jr,renault,renault,pirelli,3,3,18.347,18347.0
975,2017,19,44,44,44,10,pierre-gasly,toro-rosso,toro-rosso,pirelli,3,3,18.207,18207.0
975,2017,19,45,45,45,9,marcus-ericsson,sauber,ferrari,pirelli,3,3,17.802,17802.0
975,2017,19,46,46,46,28,brendon-hartley,toro-rosso,toro-rosso,pirelli,3,3,17.738,17738.0
975,2017,19,47,47,47,18,lance-stroll,williams,mercedes,pirelli,3,3,17.925,17925.0
975,2017,19,48,48,48,44,lewis-hamilton,mercedes,mercedes,pirelli,3,3,18.725,18725.0
975,2017,19,49,49,49,94,pascal-wehrlein,sauber,ferrari,pirelli,3,3,18.764,18764.0
975,2017,19,50,50,50,8,romain-grosjean,haas,ferrari,pirelli,3,3,18.456,18456.0
975,2017,19,51,51,51,3,daniel-ricciardo,red-bull,tag-heuer,pirelli,3,3,18.129,18129.0
975,2017,19,52,52,52,77,valtteri-bottas,mercedes,mercedes,pirelli,4,27,23.064,23064.0
975,2017,19,53,53,53,19,felipe-massa,williams,mercedes,pirelli,4,27,23.275,23275.0
975,2017,19,54,54,54,28,brendon-hartley,toro-rosso,toro-rosso,pirelli,4,27,23.830,23830.0
975,2017,19,55,55,55,5,sebastian-vettel,ferrari,ferrari,pirelli,4,28,22.736,22736.0
975,2017,19,56,56,56,33,max-verstappen,red-bull,tag-heuer,pirelli,4,28,23.180,23180.0
975,2017,19,57,57,57,14,fernando-alonso,mclaren,honda,pirelli,4,28,23.342,23342.0
975,2017,19,58,58,58,18,lance-stroll,williams,mercedes,pirelli,4,28,22.486,22486.0
975,2017,19,59,59,59,7,kimi-raikkonen,ferrari,ferrari,pirelli,4,29,23.170,23170.0
975,2017,19,60,60,60,27,nico-hulkenberg,renault,renault,pirelli,4,30,24.054,24054.0
975,2017,19,61,61,61,55,carlos-sainz-jr,renault,renault,pirelli,4,31,23.550,23550.0
975,2017,19,62,62,62,11,sergio-perez,force-india,mercedes,pirelli,4,35,23.275,23275.0
975,2017,19,63,63,63,44,lewis-hamilton,mercedes,mercedes,pirelli,4,43,23.121,23121.0
975,2017,19,64,64,64,3,daniel-ricciardo,red-bull,tag-heuer,pirelli,4,43,23.484,23484.0
975,2017,19,65,65,65,10,pierre-gasly,toro-rosso,toro-rosso,pirelli,4,44,23.748,23748.0
975,2017,19,66,66,66,9,marcus-ericsson,sauber,ferrari,pirelli,4,44,24.164,24164.0
975,2017,19,67,67,67,8,romain-grosjean,haas,ferrari,pirelli,4,48,34.438,34438.0
975,2017,19,68,68,68,33,max-verstappen,red-bull,tag-heuer,pirelli,5,62,22.644,22644.0
975,2017,19,69,69,69,18,lance-stroll,williams,mercedes,pirelli,5,67,24.756,24756.0
976,2017,20,1,1,1,18,lance-stroll,williams,mercedes,pirelli,1,11,21.613,21613.0
976,2017,20,2,2,2,2,stoffel-vandoorne,mclaren,honda,pirelli,1,12,22.125,22125.0
976,2017,20,3,3,3,33,max-verstappen,red-bull,tag-heuer,pirelli,1,14,21.269,21269.0
976,2017,20,4,4,4,7,kimi-raikkonen,ferrari,ferrari,pirelli,1,15,21.609,21609.0
976,2017,20,5,5,5,11,sergio-perez,force-india,mercedes,pirelli,1,16,21.869,21869.0
976,2017,20,6,6,6,27,nico-hulkenberg,renault,renault,pirelli,1,17,29.724,29724.0
976,2017,20,7,7,7,3,daniel-ricciardo,red-bull,tag-heuer,pirelli,1,19,23.477,23477.0
976,2017,20,8,8,8,5,sebastian-vettel,ferrari,ferrari,pirelli,1,20,21.221,21221.0
976,2017,20,9,9,9,77,valtteri-bottas,mercedes,mercedes,pirelli,1,21,21.478,21478.0
976,2017,20,10,10,10,14,fernando-alonso,mclaren,honda,pirelli,1,21,22.541,22541.0
976,2017,20,11,11,11,19,felipe-massa,williams,mercedes,pirelli,1,22,21.449,21449.0
976,2017,20,12,12,12,20,kevin-magnussen,haas,ferrari,pirelli,1,22,21.875,21875.0
976,2017,20,13,13,13,44,lewis-hamilton,mercedes,mercedes,pirelli,1,24,21.274,21274.0
976,2017,20,14,14,14,28,brendon-hartley,toro-rosso,toro-rosso,pirelli,1,26,21.598,21598.0
976,2017,20,15,15,15,94,pascal-wehrlein,sauber,ferrari,pirelli,1,28,22.959,22959.0
976,2017,20,16,16,16,18,lance-stroll,williams,mercedes,pirelli,2,29,21.543,21543.0
976,2017,20,17,17,17,10,pierre-gasly,toro-rosso,toro-rosso,pirelli,1,30,21.519,21519.0
976,2017,20,18,18,18,9,marcus-ericsson,sauber,ferrari,pirelli,1,30,22.176,22176.0
976,2017,20,19,19,19,31,esteban-ocon,force-india,mercedes,pirelli,1,31,21.865,21865.0
976,2017,20,20,20,20,55,carlos-sainz-jr,renault,renault,pirelli,1,31,21.956,21956.0
976,2017,20,21,21,21,8,romain-grosjean,haas,ferrari,pirelli,1,32,21.850,21850.0
976,2017,20,22,22,22,18,lance-stroll,williams,mercedes,pirelli,3,35,21.908,21908.0
977,2018,1,1,1,1,28,brendon-hartley,toro-rosso,honda,pirelli,1,1,22.213,22213.0
977,2018,1,2,2,2,7,kimi-raikkonen,ferrari,ferrari,pirelli,1,18,21.421,21421.0
977,2018,1,3,3,3,44,lewis-hamilton,mercedes,mercedes,pirelli,1,19,21.821,21821.0
977,2018,1,4,4,4,16,charles-leclerc,sauber,ferrari,pirelli,1,20,22.242,22242.0
977,2018,1,5,5,5,33,max-verstappen,red-bull,tag-heuer,pirelli,1,21,20.953,20953.0
977,2018,1,6,6,6,20,kevin-magnussen,haas,ferrari,pirelli,1,22,21.983,21983.0
977,2018,1,7,7,7,55,carlos-sainz-jr,renault,renault,pirelli,1,22,23.868,23868.0
977,2018,1,8,8,8,28,brendon-hartley,toro-rosso,honda,pirelli,2,22,22.296,22296.0
977,2018,1,9,9,9,31,esteban-ocon,force-india,mercedes,pirelli,1,23,21.854,21854.0
977,2018,1,10,10,10,8,romain-grosjean,haas,ferrari,pirelli,1,24,23.054,23054.0
977,2018,1,11,11,11,27,nico-hulkenberg,renault,renault,pirelli,1,24,22.628,22628.0
977,2018,1,12,12,12,11,sergio-perez,force-india,mercedes,pirelli,1,24,22.327,22327.0
977,2018,1,13,13,13,2,stoffel-vandoorne,mclaren,renault,pirelli,1,25,22.474,22474.0
977,2018,1,14,14,14,77,valtteri-bottas,mercedes,mercedes,pirelli,1,25,21.664,21664.0
977,2018,1,15,15,15,18,lance-stroll,williams,mercedes,pirelli,1,25,25.504,25504.0
977,2018,1,16,16,16,5,sebastian-vettel,ferrari,ferrari,pirelli,1,26,21.787,21787.0
977,2018,1,17,17,17,3,daniel-ricciardo,red-bull,tag-heuer,pirelli,1,26,21.440,21440.0
977,2018,1,18,18,18,14,fernando-alonso,mclaren,renault,pirelli,1,26,22.573,22573.0
977,2018,1,19,19,19,16,charles-leclerc,sauber,ferrari,pirelli,2,27,22.836,22836.0
977,2018,1,20,20,20,18,lance-stroll,williams,mercedes,pirelli,2,29,21.397,21397.0
978,2018,2,1,1,1,33,max-verstappen,red-bull,tag-heuer,pirelli,1,2,30.381,30381.0
978,2018,2,2,2,2,16,charles-leclerc,sauber,ferrari,pirelli,1,3,25.563,25563.0
978,2018,2,3,3,3,11,sergio-perez,force-india,mercedes,pirelli,1,9,24.992,24992.0
978,2018,2,4,4,4,2,stoffel-vandoorne,mclaren,renault,pirelli,1,10,25.081,25081.0
978,2018,2,5,5,5,18,lance-stroll,williams,mercedes,pirelli,1,10,33.612,33612.0
978,2018,2,6,6,6,20,kevin-magnussen,haas,ferrari,pirelli,1,13,25.106,25106.0
978,2018,2,7,7,7,14,fernando-alonso,mclaren,renault,pirelli,1,14,24.993,24993.0
978,2018,2,8,8,8,10,pierre-gasly,toro-rosso,honda,pirelli,1,15,24.835,24835.0
978,2018,2,9,9,9,27,nico-hulkenberg,renault,renault,pirelli,1,15,24.454,24454.0
978,2018,2,10,10,10,31,esteban-ocon,force-india,mercedes,pirelli,1,15,24.719,24719.0
978,2018,2,11,11,11,55,carlos-sainz-jr,renault,renault,pirelli,1,16,25.768,25768.0
978,2018,2,12,12,12,5,sebastian-vettel,ferrari,ferrari,pirelli,1,18,24.524,24524.0
978,2018,2,13,13,13,8,romain-grosjean,haas,ferrari,pirelli,1,18,25.011,25011.0
978,2018,2,14,14,14,7,kimi-raikkonen,ferrari,ferrari,pirelli,1,19,25.018,25018.0
978,2018,2,15,15,15,77,valtteri-bottas,mercedes,mercedes,pirelli,1,20,26.105,26105.0
978,2018,2,16,16,16,28,brendon-hartley,toro-rosso,honda,pirelli,1,20,36.646,36646.0
978,2018,2,17,17,17,35,sergey-sirotkin,williams,mercedes,pirelli,1,22,24.672,24672.0
978,2018,2,18,18,18,9,marcus-ericsson,sauber,ferrari,pirelli,1,23,25.194,25194.0
978,2018,2,19,19,19,44,lewis-hamilton,mercedes,mercedes,pirelli,1,26,24.302,24302.0
978,2018,2,20,20,20,55,carlos-sainz-jr,renault,renault,pirelli,2,26,25.307,25307.0
978,2018,2,21,21,21,20,kevin-magnussen,haas,ferrari,pirelli,2,27,24.629,24629.0
978,2018,2,22,22,22,2,stoffel-vandoorne,mclaren,renault,pirelli,2,28,25.131,25131.0
978,2018,2,23,23,23,8,romain-grosjean,haas,ferrari,pirelli,2,30,25.527,25527.0
978,2018,2,24,24,24,18,lance-stroll,williams,mercedes,pirelli,2,30,24.638,24638.0
978,2018,2,25,25,25,11,sergio-perez,force-india,mercedes,pirelli,2,32,24.677,24677.0
978,2018,2,26,26,26,10,pierre-gasly,toro-rosso,honda,pirelli,2,34,24.957,24957.0
978,2018,2,27,27,27,16,charles-leclerc,sauber,ferrari,pirelli,2,34,25.139,25139.0
978,2018,2,28,28,28,31,esteban-ocon,force-india,mercedes,pirelli,2,35,24.596,24596.0
978,2018,2,29,29,29,27,nico-hulkenberg,renault,renault,pirelli,2,39,24.382,24382.0
978,2018,2,30,30,30,14,fernando-alonso,mclaren,renault,pirelli,2,39,24.581,24581.0
978,2018,2,31,31,31,35,sergey-sirotkin,williams,mercedes,pirelli,2,40,25.693,25693.0
978,2018,2,32,32,32,28,brendon-hartley,toro-rosso,honda,pirelli,2,42,24.953,24953.0
978,2018,2,33,33,33,8,romain-grosjean,haas,ferrari,pirelli,3,45,26.263,26263.0
979,2018,3,1,1,1,28,brendon-hartley,toro-rosso,honda,pirelli,1,10,23.172,23172.0
979,2018,3,2,2,2,31,esteban-ocon,force-india,mercedes,pirelli,1,11,23.281,23281.0
979,2018,3,3,3,3,55,carlos-sainz-jr,renault,renault,pirelli,1,12,23.935,23935.0
979,2018,3,4,4,4,11,sergio-perez,force-india,mercedes,pirelli,1,12,22.856,22856.0
979,2018,3,5,5,5,27,nico-hulkenberg,renault,renault,pirelli,1,13,23.654,23654.0
979,2018,3,6,6,6,8,romain-grosjean,haas,ferrari,pirelli,1,16,22.981,22981.0
979,2018,3,7,7,7,33,max-verstappen,red-bull,tag-heuer,pirelli,1,17,22.715,22715.0
979,2018,3,8,8,8,3,daniel-ricciardo,red-bull,tag-heuer,pirelli,1,17,23.042,23042.0
979,2018,3,9,9,9,44,lewis-hamilton,mercedes,mercedes,pirelli,1,18,22.464,22464.0
979,2018,3,10,10,10,77,valtteri-bottas,mercedes,mercedes,pirelli,1,19,22.097,22097.0
979,2018,3,11,11,11,5,sebastian-vettel,ferrari,ferrari,pirelli,1,20,23.009,23009.0
979,2018,3,12,12,12,10,pierre-gasly,toro-rosso,honda,pirelli,1,20,23.950,23950.0
979,2018,3,13,13,13,16,charles-leclerc,sauber,ferrari,pirelli,1,21,23.392,23392.0
979,2018,3,14,14,14,2,stoffel-vandoorne,mclaren,renault,pirelli,1,22,23.730,23730.0
979,2018,3,15,15,15,18,lance-stroll,williams,mercedes,pirelli,1,23,22.661,22661.0
979,2018,3,16,16,16,20,kevin-magnussen,haas,ferrari,pirelli,1,24,22.973,22973.0
979,2018,3,17,17,17,7,kimi-raikkonen,ferrari,ferrari,pirelli,1,27,22.913,22913.0
979,2018,3,18,18,18,35,sergey-sirotkin,williams,mercedes,pirelli,1,28,23.716,23716.0
979,2018,3,19,19,19,14,fernando-alonso,mclaren,renault,pirelli,1,29,24.110,24110.0
979,2018,3,20,20,20,9,marcus-ericsson,sauber,ferrari,pirelli,1,29,22.785,22785.0
979,2018,3,21,21,21,33,max-verstappen,red-bull,tag-heuer,pirelli,2,31,22.596,22596.0
979,2018,3,22,22,22,28,brendon-hartley,toro-rosso,honda,pirelli,2,30,24.070,24070.0
979,2018,3,23,23,23,3,daniel-ricciardo,red-bull,tag-heuer,pirelli,2,31,22.691,22691.0
979,2018,3,24,24,24,27,nico-hulkenberg,renault,renault,pirelli,2,31,23.297,23297.0
979,2018,3,25,25,25,55,carlos-sainz-jr,renault,renault,pirelli,2,31,23.117,23117.0
979,2018,3,26,26,26,31,esteban-ocon,force-india,mercedes,pirelli,2,31,22.637,22637.0
979,2018,3,27,27,27,10,pierre-gasly,toro-rosso,honda,pirelli,2,31,34.650,34650.0
979,2018,3,28,28,28,11,sergio-perez,force-india,mercedes,pirelli,2,32,22.334,22334.0
979,2018,3,29,29,29,35,sergey-sirotkin,williams,mercedes,pirelli,2,33,22.723,22723.0
979,2018,3,30,30,30,8,romain-grosjean,haas,ferrari,pirelli,2,46,23.735,23735.0
980,2018,4,1,1,1,7,kimi-raikkonen,ferrari,ferrari,pirelli,1,1,30.012,30012.0
980,2018,4,2,2,2,28,brendon-hartley,toro-rosso,honda,pirelli,1,1,21.376,21376.0
980,2018,4,3,3,3,14,fernando-alonso,mclaren,renault,pirelli,1,1,56.710,56710.0
980,2018,4,4,4,4,20,kevin-magnussen,haas,ferrari,pirelli,1,1,35.608,35608.0
980,2018,4,5,5,5,9,marcus-ericsson,sauber,ferrari,pirelli,1,1,44.107,44107.0
980,2018,4,6,6,6,11,sergio-perez,force-india,mercedes,pirelli,1,2,28.109,28109.0
980,2018,4,7,7,7,8,romain-grosjean,haas,ferrari,pirelli,1,2,21.725,21725.0
980,2018,4,8,8,8,10,pierre-gasly,toro-rosso,honda,pirelli,1,12,20.782,20782.0
980,2018,4,9,9,9,55,carlos-sainz-jr,renault,renault,pirelli,1,15,21.516,21516.0
980,2018,4,10,10,10,2,stoffel-vandoorne,mclaren,renault,pirelli,1,17,21.103,21103.0
980,2018,4,11,11,11,9,marcus-ericsson,sauber,ferrari,pirelli,2,18,25.378,25378.0
980,2018,4,12,12,12,44,lewis-hamilton,mercedes,mercedes,pirelli,1,22,20.377,20377.0
980,2018,4,13,13,13,28,brendon-hartley,toro-rosso,honda,pirelli,2,22,20.809,20809.0
980,2018,4,14,14,14,18,lance-stroll,williams,mercedes,pirelli,1,23,19.737,19737.0
980,2018,4,15,15,15,16,charles-leclerc,sauber,ferrari,pirelli,1,24,21.058,21058.0
980,2018,4,16,16,16,2,stoffel-vandoorne,mclaren,renault,pirelli,2,25,20.887,20887.0
980,2018,4,17,17,17,5,sebastian-vettel,ferrari,ferrari,pirelli,1,30,20.037,20037.0
980,2018,4,18,18,18,3,daniel-ricciardo,red-bull,tag-heuer,pirelli,1,37,19.925,19925.0
980,2018,4,19,19,19,9,marcus-ericsson,sauber,ferrari,pirelli,3,36,32.629,32629.0
980,2018,4,20,20,20,33,max-verstappen,red-bull,tag-heuer,pirelli,1,38,19.765,19765.0
980,2018,4,21,21,21,77,valtteri-bottas,mercedes,mercedes,pirelli,1,40,20.192,20192.0
980,2018,4,22,22,22,5,sebastian-vettel,ferrari,ferrari,pirelli,2,40,20.823,20823.0
980,2018,4,23,23,23,20,kevin-magnussen,haas,ferrari,pirelli,2,39,21.778,21778.0
980,2018,4,24,24,24,44,lewis-hamilton,mercedes,mercedes,pirelli,2,40,21.329,21329.0
980,2018,4,25,25,25,10,pierre-gasly,toro-rosso,honda,pirelli,2,39,21.287,21287.0
980,2018,4,26,26,26,28,brendon-hartley,toro-rosso,honda,pirelli,3,39,21.072,21072.0
980,2018,4,27,27,27,7,kimi-raikkonen,ferrari,ferrari,pirelli,2,40,21.149,21149.0
980,2018,4,28,28,28,2,stoffel-vandoorne,mclaren,renault,pirelli,3,39,20.760,20760.0
980,2018,4,29,29,29,11,sergio-perez,force-india,mercedes,pirelli,2,40,26.174,26174.0
980,2018,4,30,30,30,8,romain-grosjean,haas,ferrari,pirelli,2,40,22.757,22757.0
980,2018,4,31,31,31,55,carlos-sainz-jr,renault,renault,pirelli,2,40,20.967,20967.0
980,2018,4,32,32,32,16,charles-leclerc,sauber,ferrari,pirelli,2,40,22.030,22030.0
980,2018,4,33,33,33,18,lance-stroll,williams,mercedes,pirelli,2,40,21.236,21236.0
980,2018,4,34,34,34,14,fernando-alonso,mclaren,renault,pirelli,2,40,21.371,21371.0
980,2018,4,35,35,35,9,marcus-ericsson,sauber,ferrari,pirelli,4,39,14.998,14998.0
980,2018,4,36,36,36,2,stoffel-vandoorne,mclaren,renault,pirelli,4,46,20.978,20978.0
981,2018,5,1,1,1,28,brendon-hartley,toro-rosso,honda,pirelli,1,1,22.631,22631.0
981,2018,5,2,2,2,35,sergey-sirotkin,williams,mercedes,pirelli,1,1,22.049,22049.0
981,2018,5,3,3,3,5,sebastian-vettel,ferrari,ferrari,pirelli,1,17,22.054,22054.0
981,2018,5,4,4,4,77,valtteri-bottas,mercedes,mercedes,pirelli,1,19,23.213,23213.0
981,2018,5,5,5,5,16,charles-leclerc,sauber,ferrari,pirelli,1,20,21.995,21995.0
981,2018,5,6,6,6,18,lance-stroll,williams,mercedes,pirelli,1,20,21.351,21351.0
981,2018,5,7,7,7,14,fernando-alonso,mclaren,renault,pirelli,1,21,21.721,21721.0
981,2018,5,8,8,8,35,sergey-sirotkin,williams,mercedes,pirelli,2,24,22.034,22034.0
981,2018,5,9,9,9,44,lewis-hamilton,mercedes,mercedes,pirelli,1,25,22.085,22085.0
981,2018,5,10,10,10,55,carlos-sainz-jr,renault,renault,pirelli,1,25,22.409,22409.0
981,2018,5,11,11,11,11,sergio-perez,force-india,mercedes,pirelli,1,26,22.438,22438.0
981,2018,5,12,12,12,31,esteban-ocon,force-india,mercedes,pirelli,1,29,47.910,47910.0
981,2018,5,13,13,13,20,kevin-magnussen,haas,ferrari,pirelli,1,32,22.917,22917.0
981,2018,5,14,14,14,3,daniel-ricciardo,red-bull,tag-heuer,pirelli,1,33,21.618,21618.0
981,2018,5,15,15,15,28,brendon-hartley,toro-rosso,honda,pirelli,2,33,22.472,22472.0
981,2018,5,16,16,16,33,max-verstappen,red-bull,tag-heuer,pirelli,1,34,21.740,21740.0
981,2018,5,17,17,17,2,stoffel-vandoorne,mclaren,renault,pirelli,1,34,27.416,27416.0
981,2018,5,18,18,18,9,marcus-ericsson,sauber,ferrari,pirelli,1,35,22.100,22100.0
981,2018,5,19,19,19,5,sebastian-vettel,ferrari,ferrari,pirelli,2,41,24.273,24273.0
981,2018,5,20,20,20,11,sergio-perez,force-india,mercedes,pirelli,2,40,22.242,22242.0
981,2018,5,21,21,21,35,sergey-sirotkin,williams,mercedes,pirelli,3,41,23.865,23865.0
982,2018,6,1,1,1,35,sergey-sirotkin,williams,mercedes,pirelli,1,7,31.810,31810.0
982,2018,6,2,2,2,18,lance-stroll,williams,mercedes,pirelli,1,9,33.887,33887.0
982,2018,6,3,3,3,44,lewis-hamilton,mercedes,mercedes,pirelli,1,12,23.739,23739.0
982,2018,6,4,4,4,28,brendon-hartley,toro-rosso,honda,pirelli,1,13,24.326,24326.0
982,2018,6,5,5,5,16,charles-leclerc,sauber,ferrari,pirelli,1,14,23.870,23870.0
982,2018,6,6,6,6,8,romain-grosjean,haas,ferrari,pirelli,1,15,24.741,24741.0
982,2018,6,7,7,7,5,sebastian-vettel,ferrari,ferrari,pirelli,1,16,23.964,23964.0
982,2018,6,8,8,8,55,carlos-sainz-jr,renault,renault,pirelli,1,16,24.874,24874.0
982,2018,6,9,9,9,3,daniel-ricciardo,red-bull,tag-heuer,pirelli,1,17,24.542,24542.0
982,2018,6,10,10,10,7,kimi-raikkonen,ferrari,ferrari,pirelli,1,17,24.263,24263.0
982,2018,6,11,11,11,77,valtteri-bottas,mercedes,mercedes,pirelli,1,17,24.020,24020.0
982,2018,6,12,12,12,20,kevin-magnussen,haas,ferrari,pirelli,1,17,24.237,24237.0
982,2018,6,13,13,13,9,marcus-ericsson,sauber,ferrari,pirelli,1,17,24.291,24291.0
982,2018,6,14,14,14,14,fernando-alonso,mclaren,renault,pirelli,1,19,24.241,24241.0
982,2018,6,15,15,15,35,sergey-sirotkin,williams,mercedes,pirelli,2,19,25.170,25170.0
982,2018,6,16,16,16,2,stoffel-vandoorne,mclaren,renault,pirelli,1,20,26.817,26817.0
982,2018,6,17,17,17,11,sergio-perez,force-india,mercedes,pirelli,1,21,29.379,29379.0
982,2018,6,18,18,18,31,esteban-ocon,force-india,mercedes,pirelli,1,23,24.663,24663.0
982,2018,6,19,19,19,18,lance-stroll,williams,mercedes,pirelli,2,34,31.104,31104.0
982,2018,6,20,20,20,10,pierre-gasly,toro-rosso,honda,pirelli,1,37,24.296,24296.0
982,2018,6,21,21,21,33,max-verstappen,red-bull,tag-heuer,pirelli,1,47,24.111,24111.0
982,2018,6,22,22,22,35,sergey-sirotkin,williams,mercedes,pirelli,3,49,25.563,25563.0
982,2018,6,23,23,23,27,nico-hulkenberg,renault,renault,pirelli,1,50,25.213,25213.0
982,2018,6,24,24,24,18,lance-stroll,williams,mercedes,pirelli,3,59,24.852,24852.0
982,2018,6,25,25,25,8,romain-grosjean,haas,ferrari,pirelli,2,68,24.568,24568.0
982,2018,6,26,26,26,2,stoffel-vandoorne,mclaren,renault,pirelli,2,72,25.438,25438.0
983,2018,7,1,1,1,2,stoffel-vandoorne,mclaren,renault,pirelli,1,1,41.008,41008.0
983,2018,7,2,2,2,9,marcus-ericsson,sauber,ferrari,pirelli,1,1,23.529,23529.0
983,2018,7,3,3,3,11,sergio-perez,force-india,mercedes,pirelli,1,9,24.086,24086.0
983,2018,7,4,4,4,31,esteban-ocon,force-india,mercedes,pirelli,1,11,25.353,25353.0
983,2018,7,5,5,5,27,nico-hulkenberg,renault,renault,pirelli,1,13,24.521,24521.0
983,2018,7,6,6,6,55,carlos-sainz-jr,renault,renault,pirelli,1,14,24.416,24416.0
983,2018,7,7,7,7,33,max-verstappen,red-bull,tag-heuer,pirelli,1,16,23.137,23137.0
983,2018,7,8,8,8,44,lewis-hamilton,mercedes,mercedes,pirelli,1,16,23.335,23335.0
983,2018,7,9,9,9,3,daniel-ricciardo,red-bull,tag-heuer,pirelli,1,17,23.279,23279.0
983,2018,7,10,10,10,14,fernando-alonso,mclaren,renault,pirelli,1,18,23.099,23099.0
983,2018,7,11,11,11,16,charles-leclerc,sauber,ferrari,pirelli,1,19,23.666,23666.0
983,2018,7,12,12,12,20,kevin-magnussen,haas,ferrari,pirelli,1,22,24.008,24008.0
983,2018,7,13,13,13,10,pierre-gasly,toro-rosso,honda,pirelli,1,23,24.107,24107.0
983,2018,7,14,14,14,35,sergey-sirotkin,williams,mercedes,pirelli,1,26,23.531,23531.0
983,2018,7,15,15,15,7,kimi-raikkonen,ferrari,ferrari,pirelli,1,32,23.645,23645.0
983,2018,7,16,16,16,77,valtteri-bottas,mercedes,mercedes,pirelli,1,36,23.775,23775.0
983,2018,7,17,17,17,5,sebastian-vettel,ferrari,ferrari,pirelli,1,37,23.529,23529.0
983,2018,7,18,18,18,11,sergio-perez,force-india,mercedes,pirelli,2,44,23.718,23718.0
983,2018,7,19,19,19,8,romain-grosjean,haas,ferrari,pirelli,1,48,24.400,24400.0
983,2018,7,20,20,20,2,stoffel-vandoorne,mclaren,renault,pirelli,2,48,23.537,23537.0
984,2018,8,1,1,1,18,lance-stroll,williams,mercedes,pirelli,1,1,26.576,26576.0
984,2018,8,2,2,2,35,sergey-sirotkin,williams,mercedes,pirelli,1,1,26.273,26273.0
984,2018,8,3,3,3,5,sebastian-vettel,ferrari,ferrari,pirelli,1,1,32.612,32612.0
984,2018,8,4,4,4,14,fernando-alonso,mclaren,renault,pirelli,1,1,25.789,25789.0
984,2018,8,5,5,5,77,valtteri-bottas,mercedes,mercedes,pirelli,1,1,27.955,27955.0
984,2018,8,6,6,6,33,max-verstappen,red-bull,tag-heuer,pirelli,1,25,24.395,24395.0
984,2018,8,7,7,7,55,carlos-sainz-jr,renault,renault,pirelli,1,26,25.423,25423.0
984,2018,8,8,8,8,3,daniel-ricciardo,red-bull,tag-heuer,pirelli,1,28,24.309,24309.0
984,2018,8,9,9,9,20,kevin-magnussen,haas,ferrari,pirelli,1,28,25.419,25419.0
984,2018,8,10,10,10,16,charles-leclerc,sauber,ferrari,pirelli,1,31,25.026,25026.0
984,2018,8,11,11,11,44,lewis-hamilton,mercedes,mercedes,pirelli,1,33,24.310,24310.0
984,2018,8,12,12,12,7,kimi-raikkonen,ferrari,ferrari,pirelli,1,34,24.289,24289.0
984,2018,8,13,13,13,8,romain-grosjean,haas,ferrari,pirelli,1,34,29.996,29996.0
984,2018,8,14,14,14,9,marcus-ericsson,sauber,ferrari,pirelli,1,35,24.295,24295.0
984,2018,8,15,15,15,27,nico-hulkenberg,renault,renault,pirelli,1,37,25.016,25016.0
984,2018,8,16,16,16,28,brendon-hartley,toro-rosso,honda,pirelli,1,38,24.297,24297.0
984,2018,8,17,17,17,77,valtteri-bottas,mercedes,mercedes,pirelli,2,39,30.666,30666.0
984,2018,8,18,18,18,5,sebastian-vettel,ferrari,ferrari,pirelli,2,40,31.029,31029.0
984,2018,8,19,19,19,2,stoffel-vandoorne,mclaren,renault,pirelli,1,40,24.399,24399.0
984,2018,8,20,20,20,14,fernando-alonso,mclaren,renault,pirelli,2,46,24.788,24788.0
985,2018,9,1,1,1,2,stoffel-vandoorne,mclaren,renault,pirelli,1,1,46.557,46557.0
985,2018,9,2,2,2,33,max-verstappen,red-bull,tag-heuer,pirelli,1,15,21.214,21214.0
985,2018,9,3,3,3,7,kimi-raikkonen,ferrari,ferrari,pirelli,1,15,21.552,21552.0
985,2018,9,4,4,4,3,daniel-ricciardo,red-bull,tag-heuer,pirelli,1,15,21.950,21950.0
985,2018,9,5,5,5,5,sebastian-vettel,ferrari,ferrari,pirelli,1,15,23.912,23912.0
985,2018,9,6,6,6,8,romain-grosjean,haas,ferrari,pirelli,1,15,22.121,22121.0
985,2018,9,7,7,7,31,esteban-ocon,force-india,mercedes,pirelli,1,15,22.527,22527.0
985,2018,9,8,8,8,55,carlos-sainz-jr,renault,renault,pirelli,1,15,23.257,23257.0
985,2018,9,9,9,9,18,lance-stroll,williams,mercedes,pirelli,1,15,22.181,22181.0
985,2018,9,10,10,10,10,pierre-gasly,toro-rosso,honda,pirelli,1,15,22.011,22011.0
985,2018,9,11,11,11,16,charles-leclerc,sauber,ferrari,pirelli,1,15,21.364,21364.0
985,2018,9,12,12,12,14,fernando-alonso,mclaren,renault,pirelli,1,15,21.588,21588.0
985,2018,9,13,13,13,35,sergey-sirotkin,williams,mercedes,pirelli,1,24,23.048,23048.0
985,2018,9,14,14,14,44,lewis-hamilton,mercedes,mercedes,pirelli,1,25,21.245,21245.0
985,2018,9,15,15,15,11,sergio-perez,force-india,mercedes,pirelli,1,27,22.863,22863.0
985,2018,9,16,16,16,20,kevin-magnussen,haas,ferrari,pirelli,1,28,22.138,22138.0
985,2018,9,17,17,17,55,carlos-sainz-jr,renault,renault,pirelli,2,34,26.335,26335.0
985,2018,9,18,18,18,3,daniel-ricciardo,red-bull,tag-heuer,pirelli,2,38,21.259,21259.0
985,2018,9,19,19,19,2,stoffel-vandoorne,mclaren,renault,pirelli,2,40,22.526,22526.0
985,2018,9,20,20,20,9,marcus-ericsson,sauber,ferrari,pirelli,1,45,21.519,21519.0
985,2018,9,21,21,21,44,lewis-hamilton,mercedes,mercedes,pirelli,2,52,20.980,20980.0
985,2018,9,22,22,22,35,sergey-sirotkin,williams,mercedes,pirelli,2,60,24.884,24884.0
985,2018,9,23,23,23,18,lance-stroll,williams,mercedes,pirelli,2,65,22.299,22299.0
986,2018,10,1,1,1,7,kimi-raikkonen,ferrari,ferrari,pirelli,1,13,38.573,38573.0
986,2018,10,2,2,2,14,fernando-alonso,mclaren,renault,pirelli,1,13,28.669,28669.0
986,2018,10,3,3,3,11,sergio-perez,force-india,mercedes,pirelli,1,13,28.651,28651.0
986,2018,10,4,4,4,33,max-verstappen,red-bull,tag-heuer,pirelli,1,17,28.458,28458.0
986,2018,10,5,5,5,55,carlos-sainz-jr,renault,renault,pirelli,1,17,29.074,29074.0
986,2018,10,6,6,6,3,daniel-ricciardo,red-bull,tag-heuer,pirelli,1,18,28.194,28194.0
986,2018,10,7,7,7,16,charles-leclerc,sauber,ferrari,pirelli,1,18,27.865,27865.0
986,2018,10,8,8,8,31,esteban-ocon,force-india,mercedes,pirelli,1,19,29.410,29410.0
986,2018,10,9,9,9,5,sebastian-vettel,ferrari,ferrari,pirelli,1,20,28.677,28677.0
986,2018,10,10,10,10,27,nico-hulkenberg,renault,renault,pirelli,1,20,28.719,28719.0
986,2018,10,11,11,11,10,pierre-gasly,toro-rosso,honda,pirelli,1,20,28.676,28676.0
986,2018,10,12,12,12,77,valtteri-bottas,mercedes,mercedes,pirelli,1,21,27.894,27894.0
986,2018,10,13,13,13,2,stoffel-vandoorne,mclaren,renault,pirelli,1,21,28.284,28284.0
986,2018,10,14,14,14,35,sergey-sirotkin,williams,mercedes,pirelli,1,21,28.224,28224.0
986,2018,10,15,15,15,9,marcus-ericsson,sauber,ferrari,pirelli,1,24,28.207,28207.0
986,2018,10,16,16,16,44,lewis-hamilton,mercedes,mercedes,pirelli,1,25,28.982,28982.0
986,2018,10,17,17,17,20,kevin-magnussen,haas,ferrari,pirelli,1,25,28.450,28450.0
986,2018,10,18,18,18,8,romain-grosjean,haas,ferrari,pirelli,1,26,29.254,29254.0
986,2018,10,19,19,19,3,daniel-ricciardo,red-bull,tag-heuer,pirelli,2,30,28.001,28001.0
986,2018,10,20,20,20,18,lance-stroll,williams,mercedes,pirelli,1,30,27.774,27774.0
986,2018,10,21,21,21,14,fernando-alonso,mclaren,renault,pirelli,2,32,28.085,28085.0
986,2018,10,22,22,22,55,carlos-sainz-jr,renault,renault,pirelli,2,32,28.078,28078.0
986,2018,10,23,23,23,10,pierre-gasly,toro-rosso,honda,pirelli,2,32,29.766,29766.0
986,2018,10,24,24,24,11,sergio-perez,force-india,mercedes,pirelli,2,32,28.836,28836.0
986,2018,10,25,25,25,5,sebastian-vettel,ferrari,ferrari,pirelli,2,33,28.174,28174.0
986,2018,10,26,26,26,33,max-verstappen,red-bull,tag-heuer,pirelli,2,33,28.000,28000.0
986,2018,10,27,27,27,7,kimi-raikkonen,ferrari,ferrari,pirelli,2,33,28.985,28985.0
986,2018,10,28,28,28,2,stoffel-vandoorne,mclaren,renault,pirelli,2,33,28.658,28658.0
987,2018,11,1,1,1,7,kimi-raikkonen,ferrari,ferrari,pirelli,1,14,19.647,19647.0
987,2018,11,2,2,2,27,nico-hulkenberg,renault,renault,pirelli,1,18,19.584,19584.0
987,2018,11,3,3,3,20,kevin-magnussen,haas,ferrari,pirelli,1,20,19.818,19818.0
987,2018,11,4,4,4,55,carlos-sainz-jr,renault,renault,pirelli,1,20,20.160,20160.0
987,2018,11,5,5,5,16,charles-leclerc,sauber,ferrari,pirelli,1,20,19.267,19267.0
987,2018,11,6,6,6,8,romain-grosjean,haas,ferrari,pirelli,1,21,20.198,20198.0
987,2018,11,7,7,7,11,sergio-perez,force-india,mercedes,pirelli,1,22,25.130,25130.0
987,2018,11,8,8,8,5,sebastian-vettel,ferrari,ferrari,pirelli,1,25,18.657,18657.0
987,2018,11,9,9,9,31,esteban-ocon,force-india,mercedes,pirelli,1,25,19.570,19570.0
987,2018,11,10,10,10,18,lance-stroll,williams,mercedes,pirelli,1,27,19.476,19476.0
987,2018,11,11,11,11,77,valtteri-bottas,mercedes,mercedes,pirelli,1,28,19.188,19188.0
987,2018,11,12,12,12,28,brendon-hartley,toro-rosso,honda,pirelli,1,28,19.309,19309.0
987,2018,11,13,13,13,35,sergey-sirotkin,williams,mercedes,pirelli,1,28,24.173,24173.0
987,2018,11,14,14,14,33,max-verstappen,red-bull,tag-heuer,pirelli,1,29,19.742,19742.0
987,2018,11,15,15,15,2,stoffel-vandoorne,mclaren,renault,pirelli,1,29,19.778,19778.0
987,2018,11,16,16,16,14,fernando-alonso,mclaren,renault,pirelli,1,31,18.956,18956.0
987,2018,11,17,17,17,9,marcus-ericsson,sauber,ferrari,pirelli,1,38,18.840,18840.0
987,2018,11,18,18,18,44,lewis-hamilton,mercedes,mercedes,pirelli,1,42,18.978,18978.0
987,2018,11,19,19,19,16,charles-leclerc,sauber,ferrari,pirelli,2,43,21.200,21200.0
987,2018,11,20,20,20,14,fernando-alonso,mclaren,renault,pirelli,2,43,21.119,21119.0
987,2018,11,21,21,21,10,pierre-gasly,toro-rosso,honda,pirelli,1,43,19.806,19806.0
987,2018,11,22,22,22,33,max-verstappen,red-bull,tag-heuer,pirelli,2,46,19.297,19297.0
987,2018,11,23,23,23,16,charles-leclerc,sauber,ferrari,pirelli,3,46,20.653,20653.0
987,2018,11,24,24,24,10,pierre-gasly,toro-rosso,honda,pirelli,2,46,19.512,19512.0
987,2018,11,25,25,25,33,max-verstappen,red-bull,tag-heuer,pirelli,3,48,19.087,19087.0
987,2018,11,26,26,26,14,fernando-alonso,mclaren,renault,pirelli,3,47,20.927,20927.0
987,2018,11,27,27,27,55,carlos-sainz-jr,renault,renault,pirelli,2,50,19.637,19637.0
987,2018,11,28,28,28,18,lance-stroll,williams,mercedes,pirelli,2,50,19.526,19526.0
987,2018,11,29,29,29,27,nico-hulkenberg,renault,renault,pirelli,2,51,20.752,20752.0
987,2018,11,30,30,30,77,valtteri-bottas,mercedes,mercedes,pirelli,2,52,33.279,33279.0
987,2018,11,31,31,31,8,romain-grosjean,haas,ferrari,pirelli,2,51,22.738,22738.0
987,2018,11,32,32,32,20,kevin-magnussen,haas,ferrari,pirelli,2,51,34.742,34742.0
987,2018,11,33,33,33,35,sergey-sirotkin,williams,mercedes,pirelli,2,51,21.711,21711.0
987,2018,11,34,34,34,7,kimi-raikkonen,ferrari,ferrari,pirelli,2,53,19.988,19988.0
987,2018,11,35,35,35,28,brendon-hartley,toro-rosso,honda,pirelli,2,52,19.985,19985.0
987,2018,11,36,36,36,2,stoffel-vandoorne,mclaren,renault,pirelli,2,52,19.621,19621.0
987,2018,11,37,37,37,27,nico-hulkenberg,renault,renault,pirelli,3,55,20.812,20812.0
987,2018,11,38,38,38,8,romain-grosjean,haas,ferrari,pirelli,3,55,19.752,19752.0
987,2018,11,39,39,39,20,kevin-magnussen,haas,ferrari,pirelli,3,55,27.736,27736.0
987,2018,11,40,40,40,55,carlos-sainz-jr,renault,renault,pirelli,3,56,20.530,20530.0
988,2018,12,1,1,1,9,marcus-ericsson,sauber,ferrari,pirelli,1,6,22.640,22640.0
988,2018,12,2,2,2,7,kimi-raikkonen,ferrari,ferrari,pirelli,1,14,24.471,24471.0
988,2018,12,3,3,3,77,valtteri-bottas,mercedes,mercedes,pirelli,1,15,21.337,21337.0
988,2018,12,4,4,4,11,sergio-perez,force-india,mercedes,pirelli,1,22,22.561,22561.0
988,2018,12,5,5,5,27,nico-hulkenberg,renault,renault,pirelli,1,23,21.966,21966.0
988,2018,12,6,6,6,28,brendon-hartley,toro-rosso,honda,pirelli,1,24,21.831,21831.0
988,2018,12,7,7,7,44,lewis-hamilton,mercedes,mercedes,pirelli,1,25,21.480,21480.0
988,2018,12,8,8,8,55,carlos-sainz-jr,renault,renault,pirelli,1,25,21.914,21914.0
988,2018,12,9,9,9,8,romain-grosjean,haas,ferrari,pirelli,1,29,21.733,21733.0
988,2018,12,10,10,10,20,kevin-magnussen,haas,ferrari,pirelli,1,31,25.126,25126.0
988,2018,12,11,11,11,35,sergey-sirotkin,williams,mercedes,pirelli,1,31,21.509,21509.0
988,2018,12,12,12,12,10,pierre-gasly,toro-rosso,honda,pirelli,1,32,21.684,21684.0
988,2018,12,13,13,13,7,kimi-raikkonen,ferrari,ferrari,pirelli,2,38,21.829,21829.0
988,2018,12,14,14,14,5,sebastian-vettel,ferrari,ferrari,pirelli,1,39,23.111,23111.0
988,2018,12,15,15,15,14,fernando-alonso,mclaren,renault,pirelli,1,39,21.795,21795.0
988,2018,12,16,16,16,31,esteban-ocon,force-india,mercedes,pirelli,1,39,22.258,22258.0
988,2018,12,17,17,17,2,stoffel-vandoorne,mclaren,renault,pirelli,1,40,21.732,21732.0
988,2018,12,18,18,18,3,daniel-ricciardo,red-bull,tag-heuer,pirelli,1,44,21.364,21364.0
988,2018,12,19,19,19,18,lance-stroll,williams,mercedes,pirelli,1,47,21.291,21291.0
988,2018,12,20,20,20,27,nico-hulkenberg,renault,renault,pirelli,2,50,22.650,22650.0
989,2018,13,1,1,1,5,sebastian-vettel,ferrari,ferrari,pirelli,1,1,19.582,19582.0
989,2018,13,2,2,2,44,lewis-hamilton,mercedes,mercedes,pirelli,1,1,19.372,19372.0
989,2018,13,3,3,3,11,sergio-perez,force-india,mercedes,pirelli,1,1,19.667,19667.0
989,2018,13,4,4,4,31,esteban-ocon,force-india,mercedes,pirelli,1,1,19.582,19582.0
989,2018,13,5,5,5,33,max-verstappen,red-bull,tag-heuer,pirelli,1,1,19.942,19942.0
989,2018,13,6,6,6,8,romain-grosjean,haas,ferrari,pirelli,1,1,20.280,20280.0
989,2018,13,7,7,7,20,kevin-magnussen,haas,ferrari,pirelli,1,1,20.021,20021.0
989,2018,13,8,8,8,10,pierre-gasly,toro-rosso,honda,pirelli,1,1,20.136,20136.0
989,2018,13,9,9,9,9,marcus-ericsson,sauber,ferrari,pirelli,1,1,19.711,19711.0
989,2018,13,10,10,10,35,sergey-sirotkin,williams,mercedes,pirelli,1,1,19.791,19791.0
989,2018,13,11,11,11,18,lance-stroll,williams,mercedes,pirelli,1,1,19.732,19732.0
989,2018,13,12,12,12,3,daniel-ricciardo,red-bull,tag-heuer,pirelli,1,1,6:35.824,395824.0
989,2018,13,13,13,13,28,brendon-hartley,toro-rosso,honda,pirelli,1,1,18.084,18084.0
989,2018,13,14,14,14,55,carlos-sainz-jr,renault,renault,pirelli,1,1,18.509,18509.0
989,2018,13,15,15,15,77,valtteri-bottas,mercedes,mercedes,pirelli,1,1,20.349,20349.0
989,2018,13,16,16,16,2,stoffel-vandoorne,mclaren,renault,pirelli,1,1,19.847,19847.0
989,2018,13,17,17,17,7,kimi-raikkonen,ferrari,ferrari,pirelli,1,1,26.367,26367.0
989,2018,13,18,18,18,77,valtteri-bottas,mercedes,mercedes,pirelli,2,2,30.519,30519.0
989,2018,13,19,19,19,2,stoffel-vandoorne,mclaren,renault,pirelli,2,2,22.706,22706.0
989,2018,13,20,20,20,7,kimi-raikkonen,ferrari,ferrari,pirelli,2,7,35.451,35451.0
989,2018,13,21,21,21,44,lewis-hamilton,mercedes,mercedes,pirelli,2,21,22.375,22375.0
989,2018,13,22,22,22,5,sebastian-vettel,ferrari,ferrari,pirelli,2,22,22.253,22253.0
989,2018,13,23,23,23,55,carlos-sainz-jr,renault,renault,pirelli,2,22,23.857,23857.0
989,2018,13,24,24,24,8,romain-grosjean,haas,ferrari,pirelli,2,23,23.248,23248.0
989,2018,13,25,25,25,18,lance-stroll,williams,mercedes,pirelli,2,23,22.901,22901.0
989,2018,13,26,26,26,31,esteban-ocon,force-india,mercedes,pirelli,2,24,23.225,23225.0
989,2018,13,27,27,27,35,sergey-sirotkin,williams,mercedes,pirelli,2,24,22.339,22339.0
989,2018,13,28,28,28,11,sergio-perez,force-india,mercedes,pirelli,2,25,23.157,23157.0
989,2018,13,29,29,29,10,pierre-gasly,toro-rosso,honda,pirelli,2,25,22.953,22953.0
989,2018,13,30,30,30,33,max-verstappen,red-bull,tag-heuer,pirelli,2,26,22.341,22341.0
989,2018,13,31,31,31,20,kevin-magnussen,haas,ferrari,pirelli,2,26,24.304,24304.0
989,2018,13,32,32,32,9,marcus-ericsson,sauber,ferrari,pirelli,2,26,22.558,22558.0
989,2018,13,33,33,33,2,stoffel-vandoorne,mclaren,renault,pirelli,3,28,23.389,23389.0
989,2018,13,34,34,34,77,valtteri-bottas,mercedes,mercedes,pirelli,3,29,22.399,22399.0
989,2018,13,35,35,35,28,brendon-hartley,toro-rosso,honda,pirelli,2,31,29.316,29316.0
990,2018,14,1,1,1,27,nico-hulkenberg,renault,renault,pirelli,1,1,25.234,25234.0
990,2018,14,2,2,2,3,daniel-ricciardo,red-bull,tag-heuer,pirelli,1,1,24.805,24805.0
990,2018,14,3,3,3,5,sebastian-vettel,ferrari,ferrari,pirelli,1,1,32.219,32219.0
990,2018,14,4,4,4,9,marcus-ericsson,sauber,ferrari,pirelli,1,1,29.992,29992.0
990,2018,14,5,5,5,20,kevin-magnussen,haas,ferrari,pirelli,1,4,38.563,38563.0
990,2018,14,6,6,6,7,kimi-raikkonen,ferrari,ferrari,pirelli,1,20,23.862,23862.0
990,2018,14,7,7,7,8,romain-grosjean,haas,ferrari,pirelli,1,23,24.779,24779.0
990,2018,14,8,8,8,2,stoffel-vandoorne,mclaren,renault,pirelli,1,24,24.094,24094.0
990,2018,14,9,9,9,33,max-verstappen,red-bull,tag-heuer,pirelli,1,26,24.003,24003.0
990,2018,14,10,10,10,44,lewis-hamilton,mercedes,mercedes,pirelli,1,28,23.728,23728.0
990,2018,14,11,11,11,5,sebastian-vettel,ferrari,ferrari,pirelli,2,29,24.301,24301.0
990,2018,14,12,12,12,10,pierre-gasly,toro-rosso,honda,pirelli,1,34,27.792,27792.0
990,2018,14,13,13,13,16,charles-leclerc,sauber,ferrari,pirelli,1,34,24.084,24084.0
990,2018,14,14,14,14,18,lance-stroll,williams,mercedes,pirelli,1,35,26.440,26440.0
990,2018,14,15,15,15,77,valtteri-bottas,mercedes,mercedes,pirelli,1,36,23.763,23763.0
990,2018,14,16,16,16,35,sergey-sirotkin,williams,mercedes,pirelli,1,37,25.245,25245.0
990,2018,14,17,17,17,31,esteban-ocon,force-india,mercedes,pirelli,1,38,24.827,24827.0
990,2018,14,18,18,18,11,sergio-perez,force-india,mercedes,pirelli,1,39,25.655,25655.0
990,2018,14,19,19,19,55,carlos-sainz-jr,renault,renault,pirelli,1,39,25.774,25774.0
990,2018,14,20,20,20,27,nico-hulkenberg,renault,renault,pirelli,2,41,24.456,24456.0
990,2018,14,21,21,21,9,marcus-ericsson,sauber,ferrari,pirelli,2,42,25.575,25575.0
991,2018,15,1,1,1,35,sergey-sirotkin,williams,mercedes,pirelli,1,3,30.477,30477.0
991,2018,15,2,2,2,5,sebastian-vettel,ferrari,ferrari,pirelli,1,14,28.722,28722.0
991,2018,15,3,3,3,28,brendon-hartley,toro-rosso,honda,pirelli,1,14,29.912,29912.0
991,2018,15,4,4,4,44,lewis-hamilton,mercedes,mercedes,pirelli,1,15,28.946,28946.0
991,2018,15,5,5,5,27,nico-hulkenberg,renault,renault,pirelli,1,15,31.183,31183.0
991,2018,15,6,6,6,77,valtteri-bottas,mercedes,mercedes,pirelli,1,16,28.542,28542.0
991,2018,15,7,7,7,8,romain-grosjean,haas,ferrari,pirelli,1,16,29.517,29517.0
991,2018,15,8,8,8,33,max-verstappen,red-bull,tag-heuer,pirelli,1,17,29.681,29681.0
991,2018,15,9,9,9,11,sergio-perez,force-india,mercedes,pirelli,1,17,29.978,29978.0
991,2018,15,10,10,10,7,kimi-raikkonen,ferrari,ferrari,pirelli,1,22,29.513,29513.0
991,2018,15,11,11,11,10,pierre-gasly,toro-rosso,honda,pirelli,1,26,28.931,28931.0
991,2018,15,12,12,12,20,kevin-magnussen,haas,ferrari,pirelli,1,26,29.408,29408.0
991,2018,15,13,13,13,3,daniel-ricciardo,red-bull,tag-heuer,pirelli,1,27,28.779,28779.0
991,2018,15,14,14,14,11,sergio-perez,force-india,mercedes,pirelli,2,33,30.561,30561.0
991,2018,15,15,15,15,28,brendon-hartley,toro-rosso,honda,pirelli,2,36,29.464,29464.0
991,2018,15,16,16,16,20,kevin-magnussen,haas,ferrari,pirelli,2,36,30.711,30711.0
991,2018,15,17,17,17,55,carlos-sainz-jr,renault,renault,pirelli,1,37,30.242,30242.0
991,2018,15,18,18,18,14,fernando-alonso,mclaren,renault,pirelli,1,38,29.922,29922.0
991,2018,15,19,19,19,16,charles-leclerc,sauber,ferrari,pirelli,1,38,29.310,29310.0
991,2018,15,20,20,20,11,sergio-perez,force-india,mercedes,pirelli,3,39,24.340,24340.0
991,2018,15,21,21,21,18,lance-stroll,williams,mercedes,pirelli,1,40,28.767,28767.0
991,2018,15,22,22,22,2,stoffel-vandoorne,mclaren,renault,pirelli,1,43,30.234,30234.0
991,2018,15,23,23,23,9,marcus-ericsson,sauber,ferrari,pirelli,1,44,28.860,28860.0
991,2018,15,24,24,24,35,sergey-sirotkin,williams,mercedes,pirelli,2,45,34.022,34022.0
991,2018,15,25,25,25,20,kevin-magnussen,haas,ferrari,pirelli,3,48,29.324,29324.0
992,2018,16,1,1,1,28,brendon-hartley,toro-rosso,honda,pirelli,1,3,29.418,29418.0
992,2018,16,2,2,2,14,fernando-alonso,mclaren,renault,pirelli,1,5,30.348,30348.0
992,2018,16,3,3,3,18,lance-stroll,williams,mercedes,pirelli,1,7,29.266,29266.0
992,2018,16,4,4,4,8,romain-grosjean,haas,ferrari,pirelli,1,8,30.469,30469.0
992,2018,16,5,5,5,20,kevin-magnussen,haas,ferrari,pirelli,1,9,29.904,29904.0
992,2018,16,6,6,6,16,charles-leclerc,sauber,ferrari,pirelli,1,10,30.397,30397.0
992,2018,16,7,7,7,31,esteban-ocon,force-india,mercedes,pirelli,1,10,30.642,30642.0
992,2018,16,8,8,8,35,sergey-sirotkin,williams,mercedes,pirelli,1,10,29.912,29912.0
992,2018,16,9,9,9,9,marcus-ericsson,sauber,ferrari,pirelli,1,11,30.051,30051.0
992,2018,16,10,10,10,2,stoffel-vandoorne,mclaren,renault,pirelli,1,11,29.636,29636.0
992,2018,16,11,11,11,77,valtteri-bottas,mercedes,mercedes,pirelli,1,12,29.794,29794.0
992,2018,16,12,12,12,11,sergio-perez,force-india,mercedes,pirelli,1,12,29.924,29924.0
992,2018,16,13,13,13,5,sebastian-vettel,ferrari,ferrari,pirelli,1,13,29.798,29798.0
992,2018,16,14,14,14,44,lewis-hamilton,mercedes,mercedes,pirelli,1,14,29.551,29551.0
992,2018,16,15,15,15,7,kimi-raikkonen,ferrari,ferrari,pirelli,1,18,29.531,29531.0
992,2018,16,16,16,16,55,carlos-sainz-jr,renault,renault,pirelli,1,32,30.021,30021.0
992,2018,16,17,17,17,27,nico-hulkenberg,renault,renault,pirelli,1,35,30.625,30625.0
992,2018,16,18,18,18,9,marcus-ericsson,sauber,ferrari,pirelli,2,37,30.146,30146.0
992,2018,16,19,19,19,3,daniel-ricciardo,red-bull,tag-heuer,pirelli,1,39,37.446,37446.0
992,2018,16,20,20,20,33,max-verstappen,red-bull,tag-heuer,pirelli,1,43,29.370,29370.0
993,2018,17,1,1,1,20,kevin-magnussen,haas,ferrari,pirelli,1,2,29.007,29007.0
993,2018,17,2,2,2,16,charles-leclerc,sauber,ferrari,pirelli,1,4,38.891,38891.0
993,2018,17,3,3,3,35,sergey-sirotkin,williams,mercedes,pirelli,1,4,23.660,23660.0
993,2018,17,4,4,4,9,marcus-ericsson,sauber,ferrari,pirelli,1,5,23.244,23244.0
993,2018,17,5,5,5,18,lance-stroll,williams,mercedes,pirelli,1,14,23.657,23657.0
993,2018,17,6,6,6,7,kimi-raikkonen,ferrari,ferrari,pirelli,1,17,22.781,22781.0
993,2018,17,7,7,7,33,max-verstappen,red-bull,tag-heuer,pirelli,1,21,28.789,28789.0
993,2018,17,8,8,8,77,valtteri-bottas,mercedes,mercedes,pirelli,1,23,22.777,22777.0
993,2018,17,9,9,9,3,daniel-ricciardo,red-bull,tag-heuer,pirelli,1,23,22.864,22864.0
993,2018,17,10,10,10,2,stoffel-vandoorne,mclaren,renault,pirelli,1,23,23.159,23159.0
993,2018,17,11,11,11,44,lewis-hamilton,mercedes,mercedes,pirelli,1,24,22.614,22614.0
993,2018,17,12,12,12,11,sergio-perez,force-india,mercedes,pirelli,1,24,23.635,23635.0
993,2018,17,13,13,13,31,esteban-ocon,force-india,mercedes,pirelli,1,26,23.316,23316.0
993,2018,17,14,14,14,5,sebastian-vettel,ferrari,ferrari,pirelli,1,26,22.748,22748.0
993,2018,17,15,15,15,14,fernando-alonso,mclaren,renault,pirelli,1,26,27.454,27454.0
993,2018,17,16,16,16,28,brendon-hartley,toro-rosso,honda,pirelli,1,28,23.110,23110.0
993,2018,17,17,17,17,8,romain-grosjean,haas,ferrari,pirelli,1,29,23.692,23692.0
993,2018,17,18,18,18,10,pierre-gasly,toro-rosso,honda,pirelli,1,29,23.376,23376.0
993,2018,17,19,19,19,27,nico-hulkenberg,renault,renault,pirelli,1,30,23.555,23555.0
993,2018,17,20,20,20,55,carlos-sainz-jr,renault,renault,pirelli,1,32,23.477,23477.0
993,2018,17,21,21,21,16,charles-leclerc,sauber,ferrari,pirelli,2,35,26.672,26672.0
993,2018,17,22,22,22,35,sergey-sirotkin,williams,mercedes,pirelli,2,38,23.647,23647.0
993,2018,17,23,23,23,18,lance-stroll,williams,mercedes,pirelli,2,39,29.804,29804.0
994,2018,18,1,1,1,16,charles-leclerc,sauber,ferrari,pirelli,1,1,34.812,34812.0
994,2018,18,2,2,2,18,lance-stroll,williams,mercedes,pirelli,1,1,41.048,41048.0
994,2018,18,3,3,3,8,romain-grosjean,haas,ferrari,pirelli,1,1,35.104,35104.0
994,2018,18,4,4,4,18,lance-stroll,williams,mercedes,pirelli,2,5,18.610,18610.0
994,2018,18,5,5,5,35,sergey-sirotkin,williams,mercedes,pirelli,1,10,23.686,23686.0
994,2018,18,6,6,6,2,stoffel-vandoorne,mclaren,renault,pirelli,1,10,24.065,24065.0
994,2018,18,7,7,7,10,pierre-gasly,toro-rosso,honda,pirelli,1,10,23.865,23865.0
994,2018,18,8,8,8,44,lewis-hamilton,mercedes,mercedes,pirelli,1,11,23.693,23693.0
994,2018,18,9,9,9,7,kimi-raikkonen,ferrari,ferrari,pirelli,1,21,23.714,23714.0
994,2018,18,10,10,10,33,max-verstappen,red-bull,tag-heuer,pirelli,1,22,23.446,23446.0
994,2018,18,11,11,11,31,esteban-ocon,force-india,mercedes,pirelli,1,22,24.534,24534.0
994,2018,18,12,12,12,77,valtteri-bottas,mercedes,mercedes,pirelli,1,23,23.478,23478.0
994,2018,18,13,13,13,27,nico-hulkenberg,renault,renault,pirelli,1,23,24.681,24681.0
994,2018,18,14,14,14,55,carlos-sainz-jr,renault,renault,pirelli,1,24,29.319,29319.0
994,2018,18,15,15,15,11,sergio-perez,force-india,mercedes,pirelli,1,25,25.723,25723.0
994,2018,18,16,16,16,5,sebastian-vettel,ferrari,ferrari,pirelli,1,26,24.449,24449.0
994,2018,18,17,17,17,28,brendon-hartley,toro-rosso,honda,pirelli,1,27,23.819,23819.0
994,2018,18,18,18,18,35,sergey-sirotkin,williams,mercedes,pirelli,2,29,23.715,23715.0
994,2018,18,19,19,19,20,kevin-magnussen,haas,ferrari,pirelli,1,30,23.723,23723.0
994,2018,18,20,20,20,9,marcus-ericsson,sauber,ferrari,pirelli,1,30,23.940,23940.0
994,2018,18,21,21,21,44,lewis-hamilton,mercedes,mercedes,pirelli,2,37,23.915,23915.0
994,2018,18,22,22,22,10,pierre-gasly,toro-rosso,honda,pirelli,2,36,24.219,24219.0
994,2018,18,23,23,23,18,lance-stroll,williams,mercedes,pirelli,3,38,24.296,24296.0
994,2018,18,24,24,24,2,stoffel-vandoorne,mclaren,renault,pirelli,2,40,24.195,24195.0
995,2018,19,1,1,1,31,esteban-ocon,force-india,mercedes,pirelli,1,1,27.806,27806.0
995,2018,19,2,2,2,28,brendon-hartley,toro-rosso,honda,pirelli,1,1,22.055,22055.0
995,2018,19,3,3,3,10,pierre-gasly,toro-rosso,honda,pirelli,1,5,22.570,22570.0
995,2018,19,4,4,4,18,lance-stroll,williams,mercedes,pirelli,1,10,24.451,24451.0
995,2018,19,5,5,5,44,lewis-hamilton,mercedes,mercedes,pirelli,1,11,22.269,22269.0
995,2018,19,6,6,6,77,valtteri-bottas,mercedes,mercedes,pirelli,1,11,22.105,22105.0
995,2018,19,7,7,7,55,carlos-sainz-jr,renault,renault,pirelli,1,11,22.660,22660.0
995,2018,19,8,8,8,35,sergey-sirotkin,williams,mercedes,pirelli,1,11,22.732,22732.0
995,2018,19,9,9,9,3,daniel-ricciardo,red-bull,tag-heuer,pirelli,1,12,22.022,22022.0
995,2018,19,10,10,10,27,nico-hulkenberg,renault,renault,pirelli,1,12,23.037,23037.0
995,2018,19,11,11,11,2,stoffel-vandoorne,mclaren,renault,pirelli,1,12,22.174,22174.0
995,2018,19,12,12,12,33,max-verstappen,red-bull,tag-heuer,pirelli,1,13,22.175,22175.0
995,2018,19,13,13,13,16,charles-leclerc,sauber,ferrari,pirelli,1,13,22.588,22588.0
995,2018,19,14,14,14,9,marcus-ericsson,sauber,ferrari,pirelli,1,16,31.406,31406.0
995,2018,19,15,15,15,5,sebastian-vettel,ferrari,ferrari,pirelli,1,17,22.658,22658.0
995,2018,19,16,16,16,7,kimi-raikkonen,ferrari,ferrari,pirelli,1,17,22.017,22017.0
995,2018,19,17,17,17,18,lance-stroll,williams,mercedes,pirelli,2,23,23.371,23371.0
995,2018,19,18,18,18,28,brendon-hartley,toro-rosso,honda,pirelli,2,24,23.553,23553.0
995,2018,19,19,19,19,10,pierre-gasly,toro-rosso,honda,pirelli,2,26,23.055,23055.0
995,2018,19,20,20,20,11,sergio-perez,force-india,mercedes,pirelli,1,30,23.755,23755.0
995,2018,19,21,21,21,31,esteban-ocon,force-india,mercedes,pirelli,2,30,22.756,22756.0
995,2018,19,22,22,22,20,kevin-magnussen,haas,ferrari,pirelli,1,43,22.390,22390.0
995,2018,19,23,23,23,8,romain-grosjean,haas,ferrari,pirelli,1,44,22.733,22733.0
995,2018,19,24,24,24,5,sebastian-vettel,ferrari,ferrari,pirelli,2,47,21.777,21777.0
995,2018,19,25,25,25,44,lewis-hamilton,mercedes,mercedes,pirelli,2,47,22.399,22399.0
995,2018,19,26,26,26,33,max-verstappen,red-bull,tag-heuer,pirelli,2,48,22.088,22088.0
995,2018,19,27,27,27,77,valtteri-bottas,mercedes,mercedes,pirelli,2,48,23.887,23887.0
995,2018,19,28,28,28,8,romain-grosjean,haas,ferrari,pirelli,2,60,23.426,23426.0
995,2018,19,29,29,29,77,valtteri-bottas,mercedes,mercedes,pirelli,3,62,22.512,22512.0
996,2018,20,1,1,1,14,fernando-alonso,mclaren,renault,pirelli,1,15,33.753,33753.0
996,2018,20,2,2,2,35,sergey-sirotkin,williams,mercedes,pirelli,1,16,23.273,23273.0
996,2018,20,3,3,3,18,lance-stroll,williams,mercedes,pirelli,1,17,24.608,24608.0
996,2018,20,4,4,4,77,valtteri-bottas,mercedes,mercedes,pirelli,1,18,22.955,22955.0
996,2018,20,5,5,5,9,marcus-ericsson,sauber,ferrari,pirelli,1,18,23.377,23377.0
996,2018,20,6,6,6,44,lewis-hamilton,mercedes,mercedes,pirelli,1,19,22.641,22641.0
996,2018,20,7,7,7,10,pierre-gasly,toro-rosso,honda,pirelli,1,22,23.757,23757.0
996,2018,20,8,8,8,55,carlos-sainz-jr,renault,renault,pirelli,1,25,23.939,23939.0
996,2018,20,9,9,9,5,sebastian-vettel,ferrari,ferrari,pirelli,1,27,22.551,22551.0
996,2018,20,10,10,10,2,stoffel-vandoorne,mclaren,renault,pirelli,1,28,22.618,22618.0
996,2018,20,11,11,11,7,kimi-raikkonen,ferrari,ferrari,pirelli,1,31,22.766,22766.0
996,2018,20,12,12,12,8,romain-grosjean,haas,ferrari,pirelli,1,32,23.403,23403.0
996,2018,20,13,13,13,33,max-verstappen,red-bull,tag-heuer,pirelli,1,35,23.432,23432.0
996,2018,20,14,14,14,16,charles-leclerc,sauber,ferrari,pirelli,1,35,23.593,23593.0
996,2018,20,15,15,15,3,daniel-ricciardo,red-bull,tag-heuer,pirelli,1,39,23.300,23300.0
996,2018,20,16,16,16,11,sergio-perez,force-india,mercedes,pirelli,1,39,23.505,23505.0
996,2018,20,17,17,17,31,esteban-ocon,force-india,mercedes,pirelli,1,40,27.226,27226.0
996,2018,20,18,18,18,20,kevin-magnussen,haas,ferrari,pirelli,1,41,23.115,23115.0
996,2018,20,19,19,19,55,carlos-sainz-jr,renault,renault,pirelli,2,48,23.770,23770.0
996,2018,20,20,20,20,28,brendon-hartley,toro-rosso,honda,pirelli,1,49,23.422,23422.0
996,2018,20,21,21,21,5,sebastian-vettel,ferrari,ferrari,pirelli,2,53,22.683,22683.0
996,2018,20,22,22,22,14,fernando-alonso,mclaren,renault,pirelli,2,54,23.046,23046.0
996,2018,20,23,23,23,31,esteban-ocon,force-india,mercedes,pirelli,2,57,31.198,31198.0
996,2018,20,24,24,24,77,valtteri-bottas,mercedes,mercedes,pirelli,2,59,22.727,22727.0
996,2018,20,25,25,25,18,lance-stroll,williams,mercedes,pirelli,2,65,24.283,24283.0
997,2018,21,1,1,1,28,brendon-hartley,toro-rosso,honda,pirelli,1,1,41.012,41012.0
997,2018,21,2,2,2,44,lewis-hamilton,mercedes,mercedes,pirelli,1,7,21.283,21283.0
997,2018,21,3,3,3,16,charles-leclerc,sauber,ferrari,pirelli,1,7,21.828,21828.0
997,2018,21,4,4,4,8,romain-grosjean,haas,ferrari,pirelli,1,7,22.354,22354.0
997,2018,21,5,5,5,5,sebastian-vettel,ferrari,ferrari,pirelli,1,15,22.630,22630.0
997,2018,21,6,6,6,77,valtteri-bottas,mercedes,mercedes,pirelli,1,16,21.600,21600.0
997,2018,21,7,7,7,33,max-verstappen,red-bull,tag-heuer,pirelli,1,17,21.057,21057.0
997,2018,21,8,8,8,31,esteban-ocon,force-india,mercedes,pirelli,1,18,21.979,21979.0
997,2018,21,9,9,9,11,sergio-perez,force-india,mercedes,pirelli,1,26,22.112,22112.0
997,2018,21,10,10,10,14,fernando-alonso,mclaren,renault,pirelli,1,27,21.726,21726.0
997,2018,21,11,11,11,10,pierre-gasly,toro-rosso,honda,pirelli,1,29,22.493,22493.0
997,2018,21,12,12,12,3,daniel-ricciardo,red-bull,tag-heuer,pirelli,1,33,21.061,21061.0
997,2018,21,13,13,13,2,stoffel-vandoorne,mclaren,renault,pirelli,1,35,22.317,22317.0
997,2018,21,14,14,14,35,sergey-sirotkin,williams,mercedes,pirelli,1,35,22.755,22755.0
997,2018,21,15,15,15,55,carlos-sainz-jr,renault,renault,pirelli,1,37,21.964,21964.0
997,2018,21,16,16,16,77,valtteri-bottas,mercedes,mercedes,pirelli,2,40,21.289,21289.0
997,2018,21,17,17,17,18,lance-stroll,williams,mercedes,pirelli,1,40,22.189,22189.0
997,2018,21,18,18,18,20,kevin-magnussen,haas,ferrari,pirelli,1,41,21.587,21587.0
998,2019,1,1,1,1,88,robert-kubica,williams,mercedes,pirelli,1,1,32.997,32997.0
998,2019,1,2,2,2,3,daniel-ricciardo,renault,renault,pirelli,1,1,33.027,33027.0
998,2019,1,3,3,3,7,kimi-raikkonen,alfa-romeo,ferrari,pirelli,1,12,23.299,23299.0
998,2019,1,4,4,4,27,nico-hulkenberg,renault,renault,pirelli,1,13,21.588,21588.0
998,2019,1,5,5,5,11,sergio-perez,racing-point,bwt-mercedes,pirelli,1,13,23.234,23234.0
998,2019,1,6,6,6,5,sebastian-vettel,ferrari,ferrari,pirelli,1,14,21.995,21995.0
998,2019,1,7,7,7,20,kevin-magnussen,haas,ferrari,pirelli,1,14,22.388,22388.0
998,2019,1,8,8,8,23,alexander-albon,toro-rosso,honda,pirelli,1,14,21.780,21780.0
998,2019,1,9,9,9,44,lewis-hamilton,mercedes,mercedes,pirelli,1,15,21.515,21515.0
998,2019,1,10,10,10,8,romain-grosjean,haas,ferrari,pirelli,1,15,29.981,29981.0
998,2019,1,11,11,11,4,lando-norris,mclaren,renault,pirelli,1,15,21.627,21627.0
998,2019,1,12,12,12,77,valtteri-bottas,mercedes,mercedes,pirelli,1,23,22.014,22014.0
998,2019,1,13,13,13,33,max-verstappen,red-bull,honda,pirelli,1,25,21.157,21157.0
998,2019,1,14,14,14,26,daniil-kvyat,toro-rosso,honda,pirelli,1,26,22.086,22086.0
998,2019,1,15,15,15,63,george-russell,williams,mercedes,pirelli,1,26,21.689,21689.0
998,2019,1,16,16,16,18,lance-stroll,racing-point,bwt-mercedes,pirelli,1,27,22.471,22471.0
998,2019,1,17,17,17,99,antonio-giovinazzi,alfa-romeo,ferrari,pirelli,1,27,27.172,27172.0
998,2019,1,18,18,18,16,charles-leclerc,ferrari,ferrari,pirelli,1,28,22.306,22306.0
998,2019,1,19,19,19,88,robert-kubica,williams,mercedes,pirelli,2,28,22.343,22343.0
998,2019,1,20,20,20,10,pierre-gasly,red-bull,honda,pirelli,1,37,21.269,21269.0
998,2019,1,21,21,21,63,george-russell,williams,mercedes,pirelli,2,42,21.543,21543.0
998,2019,1,22,22,22,88,robert-kubica,williams,mercedes,pirelli,3,44,21.889,21889.0
999,2019,2,1,1,1,18,lance-stroll,racing-point,bwt-mercedes,pirelli,1,1,34.338,34338.0
999,2019,2,2,2,2,8,romain-grosjean,haas,ferrari,pirelli,1,1,32.082,32082.0
999,2019,2,3,3,3,55,carlos-sainz-jr,mclaren,renault,pirelli,1,4,45.543,45543.0
999,2019,2,4,4,4,11,sergio-perez,racing-point,bwt-mercedes,pirelli,1,8,27.136,27136.0
999,2019,2,5,5,5,7,kimi-raikkonen,alfa-romeo,ferrari,pirelli,1,9,25.647,25647.0
999,2019,2,6,6,6,10,pierre-gasly,red-bull,honda,pirelli,1,9,27.557,27557.0
999,2019,2,7,7,7,23,alexander-albon,toro-rosso,honda,pirelli,1,9,25.659,25659.0
999,2019,2,8,8,8,4,lando-norris,mclaren,renault,pirelli,1,10,24.175,24175.0
999,2019,2,9,9,9,20,kevin-magnussen,haas,ferrari,pirelli,1,10,24.948,24948.0
999,2019,2,10,10,10,33,max-verstappen,red-bull,honda,pirelli,1,11,24.199,24199.0
999,2019,2,11,11,11,88,robert-kubica,williams,mercedes,pirelli,1,11,24.667,24667.0
999,2019,2,12,12,12,77,valtteri-bottas,mercedes,mercedes,pirelli,1,12,24.865,24865.0
999,2019,2,13,13,13,27,nico-hulkenberg,renault,renault,pirelli,1,12,25.498,25498.0
999,2019,2,14,14,14,26,daniil-kvyat,toro-rosso,honda,pirelli,1,12,26.508,26508.0
999,2019,2,15,15,15,63,george-russell,williams,mercedes,pirelli,1,12,24.633,24633.0
999,2019,2,16,16,16,16,charles-leclerc,ferrari,ferrari,pirelli,1,13,24.518,24518.0
999,2019,2,17,17,17,44,lewis-hamilton,mercedes,mercedes,pirelli,1,13,24.255,24255.0
999,2019,2,18,18,18,5,sebastian-vettel,ferrari,ferrari,pirelli,1,14,24.228,24228.0
999,2019,2,19,19,19,99,antonio-giovinazzi,alfa-romeo,ferrari,pirelli,1,16,27.725,27725.0
999,2019,2,20,20,20,18,lance-stroll,racing-point,bwt-mercedes,pirelli,2,23,26.600,26600.0
999,2019,2,21,21,21,3,daniel-ricciardo,renault,renault,pirelli,1,24,25.676,25676.0
999,2019,2,22,22,22,55,carlos-sainz-jr,mclaren,renault,pirelli,2,24,25.034,25034.0
999,2019,2,23,23,23,23,alexander-albon,toro-rosso,honda,pirelli,2,25,24.842,24842.0
999,2019,2,24,24,24,63,george-russell,williams,mercedes,pirelli,2,26,24.912,24912.0
999,2019,2,25,25,25,88,robert-kubica,williams,mercedes,pirelli,2,27,24.313,24313.0
999,2019,2,26,26,26,33,max-verstappen,red-bull,honda,pirelli,2,32,26.729,26729.0
999,2019,2,27,27,27,27,nico-hulkenberg,renault,renault,pirelli,2,32,25.253,25253.0
999,2019,2,28,28,28,7,kimi-raikkonen,alfa-romeo,ferrari,pirelli,2,33,25.621,25621.0
999,2019,2,29,29,29,11,sergio-perez,racing-point,bwt-mercedes,pirelli,2,33,26.798,26798.0
999,2019,2,30,30,30,44,lewis-hamilton,mercedes,mercedes,pirelli,2,34,24.324,24324.0
999,2019,2,31,31,31,4,lando-norris,mclaren,renault,pirelli,2,34,24.717,24717.0
999,2019,2,32,32,32,5,sebastian-vettel,ferrari,ferrari,pirelli,2,35,24.212,24212.0
999,2019,2,33,33,33,16,charles-leclerc,ferrari,ferrari,pirelli,2,36,24.358,24358.0
999,2019,2,34,34,34,77,valtteri-bottas,mercedes,mercedes,pirelli,2,37,24.433,24433.0
999,2019,2,35,35,35,5,sebastian-vettel,ferrari,ferrari,pirelli,3,38,34.193,34193.0
999,2019,2,36,36,36,26,daniil-kvyat,toro-rosso,honda,pirelli,2,38,30.761,30761.0
999,2019,2,37,37,37,20,kevin-magnussen,haas,ferrari,pirelli,2,38,25.982,25982.0
999,2019,2,38,38,38,10,pierre-gasly,red-bull,honda,pirelli,2,39,24.484,24484.0
999,2019,2,39,39,39,99,antonio-giovinazzi,alfa-romeo,ferrari,pirelli,2,40,24.880,24880.0
999,2019,2,40,40,40,55,carlos-sainz-jr,mclaren,renault,pirelli,3,40,24.985,24985.0
1000,2019,3,1,1,1,55,carlos-sainz-jr,mclaren,renault,pirelli,1,1,45.878,45878.0
1000,2019,3,2,2,2,4,lando-norris,mclaren,renault,pirelli,1,1,50.738,50738.0
1000,2019,3,3,3,3,26,daniil-kvyat,toro-rosso,honda,pirelli,1,7,17.257,17257.0
1000,2019,3,4,4,4,99,antonio-giovinazzi,alfa-romeo,ferrari,pirelli,1,7,25.184,25184.0
1000,2019,3,5,5,5,8,romain-grosjean,haas,ferrari,pirelli,1,8,23.261,23261.0
1000,2019,3,6,6,6,20,kevin-magnussen,haas,ferrari,pirelli,1,9,23.964,23964.0
1000,2019,3,7,7,7,27,nico-hulkenberg,renault,renault,pirelli,1,11,24.107,24107.0
1000,2019,3,8,8,8,33,max-verstappen,red-bull,honda,pirelli,1,17,23.223,23223.0
1000,2019,3,9,9,9,4,lando-norris,mclaren,renault,pirelli,2,17,33.638,33638.0
1000,2019,3,10,10,10,5,sebastian-vettel,ferrari,ferrari,pirelli,1,18,22.749,22749.0
1000,2019,3,11,11,11,3,daniel-ricciardo,renault,renault,pirelli,1,18,23.506,23506.0
1000,2019,3,12,12,12,10,pierre-gasly,red-bull,honda,pirelli,1,19,22.301,22301.0
1000,2019,3,13,13,13,23,alexander-albon,toro-rosso,honda,pirelli,1,19,23.215,23215.0
1000,2019,3,14,14,14,11,sergio-perez,racing-point,bwt-mercedes,pirelli,1,20,23.733,23733.0
1000,2019,3,15,15,15,18,lance-stroll,racing-point,bwt-mercedes,pirelli,1,20,23.466,23466.0
1000,2019,3,16,16,16,77,valtteri-bottas,mercedes,mercedes,pirelli,1,21,22.196,22196.0
1000,2019,3,17,17,17,44,lewis-hamilton,mercedes,mercedes,pirelli,1,22,22.644,22644.0
1000,2019,3,18,18,18,16,charles-leclerc,ferrari,ferrari,pirelli,1,22,22.921,22921.0
1000,2019,3,19,19,19,63,george-russell,williams,mercedes,pirelli,1,22,24.332,24332.0
1000,2019,3,20,20,20,7,kimi-raikkonen,alfa-romeo,ferrari,pirelli,1,25,23.888,23888.0
1000,2019,3,21,21,21,26,daniil-kvyat,toro-rosso,honda,pirelli,2,25,26.050,26050.0
1000,2019,3,22,22,22,88,robert-kubica,williams,mercedes,pirelli,1,26,32.627,32627.0
1000,2019,3,23,23,23,99,antonio-giovinazzi,alfa-romeo,ferrari,pirelli,2,30,25.137,25137.0
1000,2019,3,24,24,24,26,daniil-kvyat,toro-rosso,honda,pirelli,3,30,43.206,43206.0
1000,2019,3,25,25,25,20,kevin-magnussen,haas,ferrari,pirelli,2,33,23.383,23383.0
1000,2019,3,26,26,26,33,max-verstappen,red-bull,honda,pirelli,2,34,22.365,22365.0
1000,2019,3,27,27,27,5,sebastian-vettel,ferrari,ferrari,pirelli,2,35,22.316,22316.0
1000,2019,3,28,28,28,4,lando-norris,mclaren,renault,pirelli,3,34,22.524,22524.0
1000,2019,3,29,29,29,8,romain-grosjean,haas,ferrari,pirelli,2,35,23.520,23520.0
1000,2019,3,30,30,30,44,lewis-hamilton,mercedes,mercedes,pirelli,2,36,23.597,23597.0
1000,2019,3,31,31,31,77,valtteri-bottas,mercedes,mercedes,pirelli,2,36,24.083,24083.0
1000,2019,3,32,32,32,55,carlos-sainz-jr,mclaren,renault,pirelli,2,36,22.532,22532.0
1000,2019,3,33,33,33,10,pierre-gasly,red-bull,honda,pirelli,2,39,22.722,22722.0
1000,2019,3,34,34,34,16,charles-leclerc,ferrari,ferrari,pirelli,2,42,24.227,24227.0
1000,2019,3,35,35,35,18,lance-stroll,racing-point,bwt-mercedes,pirelli,2,44,23.515,23515.0
1000,2019,3,36,36,36,63,george-russell,williams,mercedes,pirelli,2,49,23.965,23965.0
1000,2019,3,37,37,37,10,pierre-gasly,red-bull,honda,pirelli,3,53,22.408,22408.0
1001,2019,4,1,1,1,26,daniil-kvyat,toro-rosso,honda,pirelli,1,5,21.013,21013.0
1001,2019,4,2,2,2,7,kimi-raikkonen,alfa-romeo,ferrari,pirelli,1,6,21.401,21401.0
1001,2019,4,3,3,3,20,kevin-magnussen,haas,ferrari,pirelli,1,7,20.118,20118.0
1001,2019,4,4,4,4,99,antonio-giovinazzi,alfa-romeo,ferrari,pirelli,1,7,20.776,20776.0
1001,2019,4,5,5,5,27,nico-hulkenberg,renault,renault,pirelli,1,8,21.325,21325.0
1001,2019,4,6,6,6,4,lando-norris,mclaren,renault,pirelli,1,9,19.819,19819.0
1001,2019,4,7,7,7,11,sergio-perez,racing-point,bwt-mercedes,pirelli,1,10,20.939,20939.0
1001,2019,4,8,8,8,18,lance-stroll,racing-point,bwt-mercedes,pirelli,1,10,23.099,23099.0
1001,2019,4,9,9,9,3,daniel-ricciardo,renault,renault,pirelli,1,10,20.884,20884.0
1001,2019,4,10,10,10,5,sebastian-vettel,ferrari,ferrari,pirelli,1,11,19.981,19981.0
1001,2019,4,11,11,11,77,valtteri-bottas,mercedes,mercedes,pirelli,1,12,20.006,20006.0
1001,2019,4,12,12,12,55,carlos-sainz-jr,mclaren,renault,pirelli,1,12,19.755,19755.0
1001,2019,4,13,13,13,23,alexander-albon,toro-rosso,honda,pirelli,1,12,20.720,20720.0
1001,2019,4,14,14,14,44,lewis-hamilton,mercedes,mercedes,pirelli,1,13,19.993,19993.0
1001,2019,4,15,15,15,33,max-verstappen,red-bull,honda,pirelli,1,14,20.973,20973.0
1001,2019,4,16,16,16,88,robert-kubica,williams,mercedes,pirelli,1,14,15.069,15069.0
1001,2019,4,17,17,17,88,robert-kubica,williams,mercedes,pirelli,2,23,21.037,21037.0
1001,2019,4,18,18,18,63,george-russell,williams,mercedes,pirelli,1,25,20.475,20475.0
1001,2019,4,19,19,19,16,charles-leclerc,ferrari,ferrari,pirelli,1,34,20.382,20382.0
1001,2019,4,20,20,20,27,nico-hulkenberg,renault,renault,pirelli,2,34,20.870,20870.0
1001,2019,4,21,21,21,8,romain-grosjean,haas,ferrari,pirelli,1,34,20.906,20906.0
1001,2019,4,22,22,22,63,george-russell,williams,mercedes,pirelli,2,38,20.751,20751.0
1001,2019,4,23,23,23,4,lando-norris,mclaren,renault,pirelli,2,39,22.080,22080.0
1001,2019,4,24,24,24,20,kevin-magnussen,haas,ferrari,pirelli,2,39,20.859,20859.0
1001,2019,4,25,25,25,88,robert-kubica,williams,mercedes,pirelli,3,42,20.703,20703.0
1001,2019,4,26,26,26,16,charles-leclerc,ferrari,ferrari,pirelli,2,47,19.857,19857.0
1002,2019,5,1,1,1,99,antonio-giovinazzi,alfa-romeo,ferrari,pirelli,1,6,22.381,22381.0
1002,2019,5,2,2,2,5,sebastian-vettel,ferrari,ferrari,pirelli,1,19,23.746,23746.0
1002,2019,5,3,3,3,33,max-verstappen,red-bull,honda,pirelli,1,20,22.417,22417.0
1002,2019,5,4,4,4,26,daniil-kvyat,toro-rosso,honda,pirelli,1,21,22.049,22049.0
1002,2019,5,5,5,5,10,pierre-gasly,red-bull,honda,pirelli,1,22,22.563,22563.0
1002,2019,5,6,6,6,18,lance-stroll,racing-point,bwt-mercedes,pirelli,1,22,23.321,23321.0
1002,2019,5,7,7,7,20,kevin-magnussen,haas,ferrari,pirelli,1,23,22.025,22025.0
1002,2019,5,8,8,8,3,daniel-ricciardo,renault,renault,pirelli,1,24,22.379,22379.0
1002,2019,5,9,9,9,55,carlos-sainz-jr,mclaren,renault,pirelli,1,24,21.468,21468.0
1002,2019,5,10,10,10,11,sergio-perez,racing-point,bwt-mercedes,pirelli,1,24,22.781,22781.0
1002,2019,5,11,11,11,16,charles-leclerc,ferrari,ferrari,pirelli,1,25,23.646,23646.0
1002,2019,5,12,12,12,23,alexander-albon,toro-rosso,honda,pirelli,1,25,23.591,23591.0
1002,2019,5,13,13,13,77,valtteri-bottas,mercedes,mercedes,pirelli,1,26,22.034,22034.0
1002,2019,5,14,14,14,8,romain-grosjean,haas,ferrari,pirelli,1,26,22.379,22379.0
1002,2019,5,15,15,15,4,lando-norris,mclaren,renault,pirelli,1,26,21.579,21579.0
1002,2019,5,16,16,16,44,lewis-hamilton,mercedes,mercedes,pirelli,1,27,22.265,22265.0
1002,2019,5,17,17,17,7,kimi-raikkonen,alfa-romeo,ferrari,pirelli,1,28,22.342,22342.0
1002,2019,5,18,18,18,88,robert-kubica,williams,mercedes,pirelli,1,31,21.954,21954.0
1002,2019,5,19,19,19,63,george-russell,williams,mercedes,pirelli,1,32,22.442,22442.0
1002,2019,5,20,20,20,27,nico-hulkenberg,renault,renault,pirelli,1,35,22.193,22193.0
1002,2019,5,21,21,21,5,sebastian-vettel,ferrari,ferrari,pirelli,2,40,21.643,21643.0
1002,2019,5,22,22,22,99,antonio-giovinazzi,alfa-romeo,ferrari,pirelli,2,41,23.507,23507.0
1002,2019,5,23,23,23,33,max-verstappen,red-bull,honda,pirelli,2,43,22.540,22540.0
1002,2019,5,24,24,24,77,valtteri-bottas,mercedes,mercedes,pirelli,2,45,22.018,22018.0
1002,2019,5,25,25,25,26,daniil-kvyat,toro-rosso,honda,pirelli,2,45,33.821,33821.0
1002,2019,5,26,26,26,20,kevin-magnussen,haas,ferrari,pirelli,2,45,22.992,22992.0
1002,2019,5,27,27,27,23,alexander-albon,toro-rosso,honda,pirelli,2,45,37.345,37345.0
1002,2019,5,28,28,28,44,lewis-hamilton,mercedes,mercedes,pirelli,2,46,22.511,22511.0
1002,2019,5,29,29,29,3,daniel-ricciardo,renault,renault,pirelli,2,45,22.702,22702.0
1002,2019,5,30,30,30,11,sergio-perez,racing-point,bwt-mercedes,pirelli,2,45,22.896,22896.0
1002,2019,5,31,31,31,63,george-russell,williams,mercedes,pirelli,2,44,21.846,21846.0
1002,2019,5,32,32,32,16,charles-leclerc,ferrari,ferrari,pirelli,2,46,21.638,21638.0
1002,2019,5,33,33,33,7,kimi-raikkonen,alfa-romeo,ferrari,pirelli,2,45,22.549,22549.0
1002,2019,5,34,34,34,88,robert-kubica,williams,mercedes,pirelli,2,44,22.142,22142.0
1002,2019,5,35,35,35,10,pierre-gasly,red-bull,honda,pirelli,2,46,22.095,22095.0
1002,2019,5,36,36,36,8,romain-grosjean,haas,ferrari,pirelli,2,46,22.732,22732.0
1002,2019,5,37,37,37,55,carlos-sainz-jr,mclaren,renault,pirelli,2,46,21.545,21545.0
1003,2019,6,1,1,1,27,nico-hulkenberg,renault,renault,pirelli,1,9,25.532,25532.0
1003,2019,6,2,2,2,16,charles-leclerc,ferrari,ferrari,pirelli,1,9,25.964,25964.0
1003,2019,6,3,3,3,63,george-russell,williams,mercedes,pirelli,1,10,26.165,26165.0
1003,2019,6,4,4,4,44,lewis-hamilton,mercedes,mercedes,pirelli,1,11,24.266,24266.0
1003,2019,6,5,5,5,77,valtteri-bottas,mercedes,mercedes,pirelli,1,11,25.030,25030.0
1003,2019,6,6,6,6,33,max-verstappen,red-bull,honda,pirelli,1,11,24.011,24011.0
1003,2019,6,7,7,7,5,sebastian-vettel,ferrari,ferrari,pirelli,1,11,24.483,24483.0
1003,2019,6,8,8,8,20,kevin-magnussen,haas,ferrari,pirelli,1,11,25.419,25419.0
1003,2019,6,9,9,9,3,daniel-ricciardo,renault,renault,pirelli,1,11,24.269,24269.0
1003,2019,6,10,10,10,11,sergio-perez,racing-point,bwt-mercedes,pirelli,1,11,28.463,28463.0
1003,2019,6,11,11,11,77,valtteri-bottas,mercedes,mercedes,pirelli,2,12,24.776,24776.0
1003,2019,6,12,12,12,16,charles-leclerc,ferrari,ferrari,pirelli,2,16,25.705,25705.0
1003,2019,6,13,13,13,88,robert-kubica,williams,mercedes,pirelli,1,21,23.946,23946.0
1003,2019,6,14,14,14,10,pierre-gasly,red-bull,honda,pirelli,1,27,24.161,24161.0
1003,2019,6,15,15,15,55,carlos-sainz-jr,mclaren,renault,pirelli,1,30,23.795,23795.0
1003,2019,6,16,16,16,26,daniil-kvyat,toro-rosso,honda,pirelli,1,32,24.023,24023.0
1003,2019,6,17,17,17,18,lance-stroll,racing-point,bwt-mercedes,pirelli,1,39,24.591,24591.0
1003,2019,6,18,18,18,23,alexander-albon,toro-rosso,honda,pirelli,1,40,25.062,25062.0
1003,2019,6,19,19,19,99,antonio-giovinazzi,alfa-romeo,ferrari,pirelli,1,44,35.651,35651.0
1003,2019,6,20,20,20,7,kimi-raikkonen,alfa-romeo,ferrari,pirelli,1,46,26.299,26299.0
1003,2019,6,21,21,21,4,lando-norris,mclaren,renault,pirelli,1,47,25.026,25026.0
1003,2019,6,22,22,22,8,romain-grosjean,haas,ferrari,pirelli,1,50,24.219,24219.0
1003,2019,6,23,23,23,10,pierre-gasly,red-bull,honda,pirelli,2,62,23.858,23858.0
1004,2019,7,1,1,1,23,alexander-albon,toro-rosso,honda,pirelli,1,1,37.950,37950.0
1004,2019,7,2,2,2,55,carlos-sainz-jr,mclaren,renault,pirelli,1,3,24.727,24727.0
1004,2019,7,3,3,3,7,kimi-raikkonen,alfa-romeo,ferrari,pirelli,1,6,25.342,25342.0
1004,2019,7,4,4,4,10,pierre-gasly,red-bull,honda,pirelli,1,7,23.485,23485.0
1004,2019,7,5,5,5,3,daniel-ricciardo,renault,renault,pirelli,1,8,23.927,23927.0
1004,2019,7,6,6,6,88,robert-kubica,williams,mercedes,pirelli,1,8,25.210,25210.0
1004,2019,7,7,7,7,63,george-russell,williams,mercedes,pirelli,1,9,23.686,23686.0
1004,2019,7,8,8,8,11,sergio-perez,racing-point,bwt-mercedes,pirelli,1,11,24.076,24076.0
1004,2019,7,9,9,9,26,daniil-kvyat,toro-rosso,honda,pirelli,1,12,23.825,23825.0
1004,2019,7,10,10,10,27,nico-hulkenberg,renault,renault,pirelli,1,16,24.030,24030.0
1004,2019,7,11,11,11,5,sebastian-vettel,ferrari,ferrari,pirelli,1,26,23.782,23782.0
1004,2019,7,12,12,12,44,lewis-hamilton,mercedes,mercedes,pirelli,1,28,23.662,23662.0
1004,2019,7,13,13,13,77,valtteri-bottas,mercedes,mercedes,pirelli,1,30,23.994,23994.0
1004,2019,7,14,14,14,16,charles-leclerc,ferrari,ferrari,pirelli,1,33,23.732,23732.0
1004,2019,7,15,15,15,99,antonio-giovinazzi,alfa-romeo,ferrari,pirelli,1,33,23.884,23884.0
1004,2019,7,16,16,16,8,romain-grosjean,haas,ferrari,pirelli,1,34,24.071,24071.0
1004,2019,7,17,17,17,88,robert-kubica,williams,mercedes,pirelli,2,38,23.119,23119.0
1004,2019,7,18,18,18,20,kevin-magnussen,haas,ferrari,pirelli,1,39,24.381,24381.0
1004,2019,7,19,19,19,18,lance-stroll,racing-point,bwt-mercedes,pirelli,1,45,23.727,23727.0
1004,2019,7,20,20,20,33,max-verstappen,red-bull,honda,pirelli,1,48,23.426,23426.0
1004,2019,7,21,21,21,7,kimi-raikkonen,alfa-romeo,ferrari,pirelli,2,58,24.666,24666.0
1004,2019,7,22,22,22,77,valtteri-bottas,mercedes,mercedes,pirelli,2,67,23.456,23456.0
1005,2019,8,1,1,1,99,antonio-giovinazzi,alfa-romeo,ferrari,pirelli,1,7,30.842,30842.0
1005,2019,8,2,2,2,3,daniel-ricciardo,renault,renault,pirelli,1,16,31.031,31031.0
1005,2019,8,3,3,3,20,kevin-magnussen,haas,ferrari,pirelli,1,16,30.832,30832.0
1005,2019,8,4,4,4,10,pierre-gasly,red-bull,honda,pirelli,1,17,30.228,30228.0
1005,2019,8,5,5,5,4,lando-norris,mclaren,renault,pirelli,1,18,30.576,30576.0
1005,2019,8,6,6,6,11,sergio-perez,racing-point,bwt-mercedes,pirelli,1,18,37.286,37286.0
1005,2019,8,7,7,7,55,carlos-sainz-jr,mclaren,renault,pirelli,1,19,29.920,29920.0
1005,2019,8,8,8,8,33,max-verstappen,red-bull,honda,pirelli,1,20,30.118,30118.0
1005,2019,8,9,9,9,16,charles-leclerc,ferrari,ferrari,pirelli,1,21,30.203,30203.0
1005,2019,8,10,10,10,77,valtteri-bottas,mercedes,mercedes,pirelli,1,23,30.412,30412.0
1005,2019,8,11,11,11,44,lewis-hamilton,mercedes,mercedes,pirelli,1,24,30.186,30186.0
1005,2019,8,12,12,12,88,robert-kubica,williams,mercedes,pirelli,1,24,29.792,29792.0
1005,2019,8,13,13,13,5,sebastian-vettel,ferrari,ferrari,pirelli,1,25,30.044,30044.0
1005,2019,8,14,14,14,23,alexander-albon,toro-rosso,honda,pirelli,1,25,30.279,30279.0
1005,2019,8,15,15,15,63,george-russell,williams,mercedes,pirelli,1,25,31.950,31950.0
1005,2019,8,16,16,16,7,kimi-raikkonen,alfa-romeo,ferrari,pirelli,1,31,29.975,29975.0
1005,2019,8,17,17,17,8,romain-grosjean,haas,ferrari,pirelli,1,31,30.837,30837.0
1005,2019,8,18,18,18,26,daniil-kvyat,toro-rosso,honda,pirelli,1,32,30.233,30233.0
1005,2019,8,19,19,19,63,george-russell,williams,mercedes,pirelli,2,33,37.494,37494.0
1005,2019,8,20,20,20,27,nico-hulkenberg,renault,renault,pirelli,1,34,30.884,30884.0
1005,2019,8,21,21,21,99,antonio-giovinazzi,alfa-romeo,ferrari,pirelli,2,34,31.697,31697.0
1005,2019,8,22,22,22,18,lance-stroll,racing-point,bwt-mercedes,pirelli,1,39,30.849,30849.0
1005,2019,8,23,23,23,5,sebastian-vettel,ferrari,ferrari,pirelli,2,51,30.468,30468.0
1006,2019,9,1,1,1,20,kevin-magnussen,haas,ferrari,pirelli,1,11,23.243,23243.0
1006,2019,9,2,2,2,20,kevin-magnussen,haas,ferrari,pirelli,2,13,16.224,16224.0
1006,2019,9,3,3,3,88,robert-kubica,williams,mercedes,pirelli,1,19,21.525,21525.0
1006,2019,9,4,4,4,77,valtteri-bottas,mercedes,mercedes,pirelli,1,21,22.552,22552.0
1006,2019,9,5,5,5,5,sebastian-vettel,ferrari,ferrari,pirelli,1,21,25.236,25236.0
1006,2019,9,6,6,6,16,charles-leclerc,ferrari,ferrari,pirelli,1,22,21.878,21878.0
1006,2019,9,7,7,7,7,kimi-raikkonen,alfa-romeo,ferrari,pirelli,1,23,21.709,21709.0
1006,2019,9,8,8,8,99,antonio-giovinazzi,alfa-romeo,ferrari,pirelli,1,24,21.672,21672.0
1006,2019,9,9,9,9,4,lando-norris,mclaren,renault,pirelli,1,25,21.547,21547.0
1006,2019,9,10,10,10,10,pierre-gasly,red-bull,honda,pirelli,1,25,22.239,22239.0
1006,2019,9,11,11,11,18,lance-stroll,racing-point,bwt-mercedes,pirelli,1,25,21.982,21982.0
1006,2019,9,12,12,12,27,nico-hulkenberg,renault,renault,pirelli,1,26,21.985,21985.0
1006,2019,9,13,13,13,63,george-russell,williams,mercedes,pirelli,1,27,22.772,22772.0
1006,2019,9,14,14,14,11,sergio-perez,racing-point,bwt-mercedes,pirelli,1,28,22.330,22330.0
1006,2019,9,15,15,15,44,lewis-hamilton,mercedes,mercedes,pirelli,1,30,30.067,30067.0
1006,2019,9,16,16,16,33,max-verstappen,red-bull,honda,pirelli,1,31,21.110,21110.0
1006,2019,9,17,17,17,26,daniil-kvyat,toro-rosso,honda,pirelli,1,32,25.091,25091.0
1006,2019,9,18,18,18,8,romain-grosjean,haas,ferrari,pirelli,1,34,22.265,22265.0
1006,2019,9,19,19,19,23,alexander-albon,toro-rosso,honda,pirelli,1,35,21.225,21225.0
1006,2019,9,20,20,20,55,carlos-sainz-jr,mclaren,renault,pirelli,1,41,21.266,21266.0
1006,2019,9,21,21,21,3,daniel-ricciardo,renault,renault,pirelli,1,46,22.305,22305.0
1006,2019,9,22,22,22,5,sebastian-vettel,ferrari,ferrari,pirelli,2,50,22.251,22251.0
1006,2019,9,23,23,23,20,kevin-magnussen,haas,ferrari,pirelli,3,62,22.309,22309.0
1007,2019,10,1,1,1,8,romain-grosjean,haas,ferrari,pirelli,1,1,33.562,33562.0
1007,2019,10,2,2,2,20,kevin-magnussen,haas,ferrari,pirelli,1,1,32.767,32767.0
1007,2019,10,3,3,3,10,pierre-gasly,red-bull,honda,pirelli,1,12,27.905,27905.0
1007,2019,10,4,4,4,3,daniel-ricciardo,renault,renault,pirelli,1,12,28.416,28416.0
1007,2019,10,5,5,5,26,daniil-kvyat,toro-rosso,honda,pirelli,1,12,29.377,29377.0
1007,2019,10,6,6,6,16,charles-leclerc,ferrari,ferrari,pirelli,1,13,28.558,28558.0
1007,2019,10,7,7,7,33,max-verstappen,red-bull,honda,pirelli,1,13,27.827,27827.0
1007,2019,10,8,8,8,4,lando-norris,mclaren,renault,pirelli,1,13,28.275,28275.0
1007,2019,10,9,9,9,23,alexander-albon,toro-rosso,honda,pirelli,1,13,28.954,28954.0
1007,2019,10,10,10,10,27,nico-hulkenberg,renault,renault,pirelli,1,13,28.926,28926.0
1007,2019,10,11,11,11,18,lance-stroll,racing-point,bwt-mercedes,pirelli,1,13,30.400,30400.0
1007,2019,10,12,12,12,77,valtteri-bottas,mercedes,mercedes,pirelli,1,16,28.493,28493.0
1007,2019,10,13,13,13,7,kimi-raikkonen,alfa-romeo,ferrari,pirelli,1,17,28.364,28364.0
1007,2019,10,14,14,14,11,sergio-perez,racing-point,bwt-mercedes,pirelli,1,18,30.264,30264.0
1007,2019,10,15,15,15,44,lewis-hamilton,mercedes,mercedes,pirelli,1,20,28.905,28905.0
1007,2019,10,16,16,16,5,sebastian-vettel,ferrari,ferrari,pirelli,1,20,28.021,28021.0
1007,2019,10,17,17,17,33,max-verstappen,red-bull,honda,pirelli,2,20,27.950,27950.0
1007,2019,10,18,18,18,55,carlos-sainz-jr,mclaren,renault,pirelli,1,20,27.980,27980.0
1007,2019,10,19,19,19,3,daniel-ricciardo,renault,renault,pirelli,2,20,28.381,28381.0
1007,2019,10,20,20,20,88,robert-kubica,williams,mercedes,pirelli,1,20,28.694,28694.0
1007,2019,10,21,21,21,16,charles-leclerc,ferrari,ferrari,pirelli,2,21,28.348,28348.0
1007,2019,10,22,22,22,26,daniil-kvyat,toro-rosso,honda,pirelli,2,21,28.811,28811.0
1007,2019,10,23,23,23,63,george-russell,williams,mercedes,pirelli,1,21,30.245,30245.0
1007,2019,10,24,24,24,11,sergio-perez,racing-point,bwt-mercedes,pirelli,2,24,38.032,38032.0
1007,2019,10,25,25,25,4,lando-norris,mclaren,renault,pirelli,2,35,27.919,27919.0
1007,2019,10,26,26,26,5,sebastian-vettel,ferrari,ferrari,pirelli,2,38,38.468,38468.0
1007,2019,10,27,27,27,18,lance-stroll,racing-point,bwt-mercedes,pirelli,2,39,29.074,29074.0
1007,2019,10,28,28,28,77,valtteri-bottas,mercedes,mercedes,pirelli,2,45,28.177,28177.0
1007,2019,10,29,29,29,11,sergio-perez,racing-point,bwt-mercedes,pirelli,3,46,28.747,28747.0
1008,2019,11,1,1,1,5,sebastian-vettel,ferrari,ferrari,pirelli,1,2,20.094,20094.0
1008,2019,11,2,2,2,23,alexander-albon,toro-rosso,honda,pirelli,1,2,20.576,20576.0
1008,2019,11,3,3,3,44,lewis-hamilton,mercedes,mercedes,pirelli,1,3,20.203,20203.0
1008,2019,11,4,4,4,77,valtteri-bottas,mercedes,mercedes,pirelli,1,3,22.243,22243.0
1008,2019,11,5,5,5,33,max-verstappen,red-bull,honda,pirelli,1,3,22.358,22358.0
1008,2019,11,6,6,6,7,kimi-raikkonen,alfa-romeo,ferrari,pirelli,1,3,27.256,27256.0
1008,2019,11,7,7,7,27,nico-hulkenberg,renault,renault,pirelli,1,3,22.132,22132.0
1008,2019,11,8,8,8,16,charles-leclerc,ferrari,ferrari,pirelli,1,3,20.361,20361.0
1008,2019,11,9,9,9,8,romain-grosjean,haas,ferrari,pirelli,1,3,27.232,27232.0
1008,2019,11,10,10,10,10,pierre-gasly,red-bull,honda,pirelli,1,3,29.667,29667.0
1008,2019,11,11,11,11,55,carlos-sainz-jr,mclaren,renault,pirelli,1,3,23.363,23363.0
1008,2019,11,12,12,12,99,antonio-giovinazzi,alfa-romeo,ferrari,pirelli,1,3,22.509,22509.0
1008,2019,11,13,13,13,3,daniel-ricciardo,renault,renault,pirelli,1,3,21.224,21224.0
1008,2019,11,14,14,14,26,daniil-kvyat,toro-rosso,honda,pirelli,1,3,23.090,23090.0
1008,2019,11,15,15,15,4,lando-norris,mclaren,renault,pirelli,1,6,21.402,21402.0
1008,2019,11,16,16,16,18,lance-stroll,racing-point,bwt-mercedes,pirelli,1,7,22.696,22696.0
1008,2019,11,17,17,17,63,george-russell,williams,mercedes,pirelli,1,7,20.718,20718.0
1008,2019,11,18,18,18,88,robert-kubica,williams,mercedes,pirelli,1,7,23.801,23801.0
1008,2019,11,19,19,19,20,kevin-magnussen,haas,ferrari,pirelli,1,8,21.106,21106.0
1008,2019,11,20,20,20,16,charles-leclerc,ferrari,ferrari,pirelli,2,15,22.102,22102.0
1008,2019,11,21,21,21,27,nico-hulkenberg,renault,renault,pirelli,2,15,20.118,20118.0
1008,2019,11,22,22,22,20,kevin-magnussen,haas,ferrari,pirelli,2,21,21.179,21179.0
1008,2019,11,23,23,23,5,sebastian-vettel,ferrari,ferrari,pirelli,2,23,20.768,20768.0
1008,2019,11,24,24,24,88,robert-kubica,williams,mercedes,pirelli,2,23,20.436,20436.0
1008,2019,11,25,25,25,33,max-verstappen,red-bull,honda,pirelli,2,25,19.640,19640.0
1008,2019,11,26,26,26,63,george-russell,williams,mercedes,pirelli,2,24,19.287,19287.0
1008,2019,11,27,27,27,26,daniil-kvyat,toro-rosso,honda,pirelli,2,25,21.488,21488.0
1008,2019,11,28,28,28,4,lando-norris,mclaren,renault,pirelli,2,25,20.242,20242.0
1008,2019,11,29,29,29,18,lance-stroll,racing-point,bwt-mercedes,pirelli,2,25,21.260,21260.0
1008,2019,11,30,30,30,77,valtteri-bottas,mercedes,mercedes,pirelli,2,26,20.498,20498.0
1008,2019,11,31,31,31,7,kimi-raikkonen,alfa-romeo,ferrari,pirelli,2,26,22.307,22307.0
1008,2019,11,32,32,32,99,antonio-giovinazzi,alfa-romeo,ferrari,pirelli,2,26,20.879,20879.0
1008,2019,11,33,33,33,10,pierre-gasly,red-bull,honda,pirelli,2,26,19.875,19875.0
1008,2019,11,34,34,34,8,romain-grosjean,haas,ferrari,pirelli,2,26,21.625,21625.0
1008,2019,11,35,35,35,16,charles-leclerc,ferrari,ferrari,pirelli,3,27,20.317,20317.0
1008,2019,11,36,36,36,23,alexander-albon,toro-rosso,honda,pirelli,2,27,21.501,21501.0
1008,2019,11,37,37,37,55,carlos-sainz-jr,mclaren,renault,pirelli,2,27,19.964,19964.0
1008,2019,11,38,38,38,44,lewis-hamilton,mercedes,mercedes,pirelli,2,28,22.947,22947.0
1008,2019,11,39,39,39,23,alexander-albon,toro-rosso,honda,pirelli,3,28,21.732,21732.0
1008,2019,11,40,40,40,7,kimi-raikkonen,alfa-romeo,ferrari,pirelli,3,28,21.142,21142.0
1008,2019,11,41,41,41,5,sebastian-vettel,ferrari,ferrari,pirelli,3,28,22.058,22058.0
1008,2019,11,42,42,42,10,pierre-gasly,red-bull,honda,pirelli,3,28,20.552,20552.0
1008,2019,11,43,43,43,99,antonio-giovinazzi,alfa-romeo,ferrari,pirelli,3,28,20.096,20096.0
1008,2019,11,44,44,44,26,daniil-kvyat,toro-rosso,honda,pirelli,3,28,24.310,24310.0
1008,2019,11,45,45,45,8,romain-grosjean,haas,ferrari,pirelli,3,28,22.421,22421.0
1008,2019,11,46,46,46,44,lewis-hamilton,mercedes,mercedes,pirelli,3,29,1:09.022,69022.0
1008,2019,11,47,47,47,33,max-verstappen,red-bull,honda,pirelli,3,29,21.472,21472.0
1008,2019,11,48,48,48,27,nico-hulkenberg,renault,renault,pirelli,3,29,20.624,20624.0
1008,2019,11,49,49,49,18,lance-stroll,racing-point,bwt-mercedes,pirelli,3,28,21.962,21962.0
1008,2019,11,50,50,50,20,kevin-magnussen,haas,ferrari,pirelli,3,29,21.359,21359.0
1008,2019,11,51,51,51,77,valtteri-bottas,mercedes,mercedes,pirelli,3,30,21.142,21142.0
1008,2019,11,52,52,52,88,robert-kubica,williams,mercedes,pirelli,3,31,19.626,19626.0
1008,2019,11,53,53,53,33,max-verstappen,red-bull,honda,pirelli,4,41,19.327,19327.0
1008,2019,11,54,54,54,5,sebastian-vettel,ferrari,ferrari,pirelli,4,41,21.256,21256.0
1008,2019,11,55,55,55,8,romain-grosjean,haas,ferrari,pirelli,4,41,20.622,20622.0
1008,2019,11,56,56,56,18,lance-stroll,racing-point,bwt-mercedes,pirelli,4,41,20.472,20472.0
1008,2019,11,57,57,57,63,george-russell,williams,mercedes,pirelli,3,41,19.345,19345.0
1008,2019,11,58,58,58,20,kevin-magnussen,haas,ferrari,pirelli,4,42,20.380,20380.0
1008,2019,11,59,59,59,18,lance-stroll,racing-point,bwt-mercedes,pirelli,5,44,20.152,20152.0
1008,2019,11,60,60,60,26,daniil-kvyat,toro-rosso,honda,pirelli,4,45,20.671,20671.0
1008,2019,11,61,61,61,20,kevin-magnussen,haas,ferrari,pirelli,5,45,20.285,20285.0
1008,2019,11,62,62,62,33,max-verstappen,red-bull,honda,pirelli,5,46,19.062,19062.0
1008,2019,11,63,63,63,77,valtteri-bottas,mercedes,mercedes,pirelli,4,46,21.009,21009.0
1008,2019,11,64,64,64,55,carlos-sainz-jr,mclaren,renault,pirelli,3,46,20.711,20711.0
1008,2019,11,65,65,65,10,pierre-gasly,red-bull,honda,pirelli,4,46,20.012,20012.0
1008,2019,11,66,66,66,23,alexander-albon,toro-rosso,honda,pirelli,4,46,19.931,19931.0
1008,2019,11,67,67,67,8,romain-grosjean,haas,ferrari,pirelli,5,46,21.423,21423.0
1008,2019,11,68,68,68,88,robert-kubica,williams,mercedes,pirelli,4,46,20.370,20370.0
1008,2019,11,69,69,69,44,lewis-hamilton,mercedes,mercedes,pirelli,4,47,27.069,27069.0
1008,2019,11,70,70,70,7,kimi-raikkonen,alfa-romeo,ferrari,pirelli,4,47,20.930,20930.0
1008,2019,11,71,71,71,5,sebastian-vettel,ferrari,ferrari,pirelli,5,47,19.586,19586.0
1008,2019,11,72,72,72,99,antonio-giovinazzi,alfa-romeo,ferrari,pirelli,4,47,28.093,28093.0
1008,2019,11,73,73,73,63,george-russell,williams,mercedes,pirelli,4,47,21.634,21634.0
1008,2019,11,74,74,74,44,lewis-hamilton,mercedes,mercedes,pirelli,5,53,20.015,20015.0
1008,2019,11,75,75,75,44,lewis-hamilton,mercedes,mercedes,pirelli,6,56,19.610,19610.0
1008,2019,11,76,76,76,20,kevin-magnussen,haas,ferrari,pirelli,6,57,20.700,20700.0
1008,2019,11,77,77,77,88,robert-kubica,williams,mercedes,pirelli,5,57,19.825,19825.0
1008,2019,11,78,78,78,63,george-russell,williams,mercedes,pirelli,5,57,23.445,23445.0
1009,2019,12,1,1,1,77,valtteri-bottas,mercedes,mercedes,pirelli,1,5,33.328,33328.0
1009,2019,12,2,2,2,99,antonio-giovinazzi,alfa-romeo,ferrari,pirelli,1,15,23.218,23218.0
1009,2019,12,3,3,3,63,george-russell,williams,mercedes,pirelli,1,16,21.333,21333.0
1009,2019,12,4,4,4,18,lance-stroll,racing-point,bwt-mercedes,pirelli,1,16,22.085,22085.0
1009,2019,12,5,5,5,11,sergio-perez,racing-point,bwt-mercedes,pirelli,1,18,21.901,21901.0
1009,2019,12,6,6,6,88,robert-kubica,williams,mercedes,pirelli,1,18,21.754,21754.0
1009,2019,12,7,7,7,8,romain-grosjean,haas,ferrari,pirelli,1,19,22.035,22035.0
1009,2019,12,8,8,8,26,daniil-kvyat,toro-rosso,honda,pirelli,1,21,23.002,23002.0
1009,2019,12,9,9,9,33,max-verstappen,red-bull,honda,pirelli,1,25,21.705,21705.0
1009,2019,12,10,10,10,16,charles-leclerc,ferrari,ferrari,pirelli,1,27,21.575,21575.0
1009,2019,12,11,11,11,4,lando-norris,mclaren,renault,pirelli,1,28,26.066,26066.0
1009,2019,12,12,12,12,10,pierre-gasly,red-bull,honda,pirelli,1,28,22.104,22104.0
1009,2019,12,13,13,13,23,alexander-albon,toro-rosso,honda,pirelli,1,28,23.676,23676.0
1009,2019,12,14,14,14,55,carlos-sainz-jr,mclaren,renault,pirelli,1,29,21.832,21832.0
1009,2019,12,15,15,15,7,kimi-raikkonen,alfa-romeo,ferrari,pirelli,1,29,22.205,22205.0
1009,2019,12,16,16,16,44,lewis-hamilton,mercedes,mercedes,pirelli,1,31,22.880,22880.0
1009,2019,12,17,17,17,27,nico-hulkenberg,renault,renault,pirelli,1,36,21.734,21734.0
1009,2019,12,18,18,18,20,kevin-magnussen,haas,ferrari,pirelli,1,38,21.618,21618.0
1009,2019,12,19,19,19,5,sebastian-vettel,ferrari,ferrari,pirelli,1,39,24.819,24819.0
1009,2019,12,20,20,20,77,valtteri-bottas,mercedes,mercedes,pirelli,2,46,21.744,21744.0
1009,2019,12,21,21,21,3,daniel-ricciardo,renault,renault,pirelli,1,46,22.498,22498.0
1009,2019,12,22,22,22,44,lewis-hamilton,mercedes,mercedes,pirelli,2,48,21.390,21390.0
1009,2019,12,23,23,23,18,lance-stroll,racing-point,bwt-mercedes,pirelli,2,50,21.563,21563.0
1009,2019,12,24,24,24,33,max-verstappen,red-bull,honda,pirelli,2,67,21.164,21164.0
1010,2019,13,1,1,1,3,daniel-ricciardo,renault,renault,pirelli,1,1,27.620,27620.0
1010,2019,13,2,2,2,7,kimi-raikkonen,alfa-romeo,ferrari,pirelli,1,1,39.046,39046.0
1010,2019,13,3,3,3,55,carlos-sainz-jr,mclaren,renault,pirelli,1,1,59.291,59291.0
1010,2019,13,4,4,4,7,kimi-raikkonen,alfa-romeo,ferrari,pirelli,2,2,25.005,25005.0
1010,2019,13,5,5,5,27,nico-hulkenberg,renault,renault,pirelli,1,11,23.475,23475.0
1010,2019,13,6,6,6,10,pierre-gasly,toro-rosso,honda,pirelli,1,13,22.772,22772.0
1010,2019,13,7,7,7,18,lance-stroll,racing-point,bwt-mercedes,pirelli,1,14,22.774,22774.0
1010,2019,13,8,8,8,5,sebastian-vettel,ferrari,ferrari,pirelli,1,15,22.863,22863.0
1010,2019,13,9,9,9,11,sergio-perez,racing-point,bwt-mercedes,pirelli,1,15,23.133,23133.0
1010,2019,13,10,10,10,8,romain-grosjean,haas,ferrari,pirelli,1,16,22.912,22912.0
1010,2019,13,11,11,11,4,lando-norris,mclaren,renault,pirelli,1,19,23.182,23182.0
1010,2019,13,12,12,12,16,charles-leclerc,ferrari,ferrari,pirelli,1,21,22.449,22449.0
1010,2019,13,13,13,13,44,lewis-hamilton,mercedes,mercedes,pirelli,1,22,23.497,23497.0
1010,2019,13,14,14,14,77,valtteri-bottas,mercedes,mercedes,pirelli,1,23,22.579,22579.0
1010,2019,13,15,15,15,23,alexander-albon,red-bull,honda,pirelli,1,23,22.506,22506.0
1010,2019,13,16,16,16,26,daniil-kvyat,toro-rosso,honda,pirelli,1,24,22.834,22834.0
1010,2019,13,17,17,17,20,kevin-magnussen,haas,ferrari,pirelli,1,25,22.584,22584.0
1010,2019,13,18,18,18,99,antonio-giovinazzi,alfa-romeo,ferrari,pirelli,1,29,23.044,23044.0
1010,2019,13,19,19,19,18,lance-stroll,racing-point,bwt-mercedes,pirelli,2,30,25.250,25250.0
1010,2019,13,20,20,20,63,george-russell,williams,mercedes,pirelli,1,30,22.442,22442.0
1010,2019,13,21,21,21,27,nico-hulkenberg,renault,renault,pirelli,2,31,23.000,23000.0
1010,2019,13,22,22,22,7,kimi-raikkonen,alfa-romeo,ferrari,pirelli,3,31,26.891,26891.0
1010,2019,13,23,23,23,88,robert-kubica,williams,mercedes,pirelli,1,31,24.247,24247.0
1010,2019,13,24,24,24,5,sebastian-vettel,ferrari,ferrari,pirelli,2,33,22.786,22786.0
1011,2019,14,1,1,1,33,max-verstappen,red-bull,honda,pirelli,1,1,31.211,31211.0
1011,2019,14,2,2,2,5,sebastian-vettel,ferrari,ferrari,pirelli,1,6,32.443,32443.0
1011,2019,14,3,3,3,8,romain-grosjean,haas,ferrari,pirelli,1,7,26.481,26481.0
1011,2019,14,4,4,4,5,sebastian-vettel,ferrari,ferrari,pirelli,2,12,31.851,31851.0
1011,2019,14,5,5,5,18,lance-stroll,racing-point,bwt-mercedes,pirelli,1,15,18.838,18838.0
1011,2019,14,6,6,6,44,lewis-hamilton,mercedes,mercedes,pirelli,1,19,23.912,23912.0
1011,2019,14,7,7,7,7,kimi-raikkonen,alfa-romeo,ferrari,pirelli,1,19,32.393,32393.0
1011,2019,14,8,8,8,16,charles-leclerc,ferrari,ferrari,pirelli,1,20,23.833,23833.0
1011,2019,14,9,9,9,20,kevin-magnussen,haas,ferrari,pirelli,1,20,24.400,24400.0
1011,2019,14,10,10,10,99,antonio-giovinazzi,alfa-romeo,ferrari,pirelli,1,21,25.698,25698.0
1011,2019,14,11,11,11,18,lance-stroll,racing-point,bwt-mercedes,pirelli,2,22,24.419,24419.0
1011,2019,14,12,12,12,4,lando-norris,mclaren,renault,pirelli,1,23,24.311,24311.0
1011,2019,14,13,13,13,63,george-russell,williams,mercedes,pirelli,1,23,24.198,24198.0
1011,2019,14,14,14,14,23,alexander-albon,red-bull,honda,pirelli,1,26,29.830,29830.0
1011,2019,14,15,15,15,77,valtteri-bottas,mercedes,mercedes,pirelli,1,27,23.700,23700.0
1011,2019,14,16,16,16,7,kimi-raikkonen,alfa-romeo,ferrari,pirelli,2,26,24.568,24568.0
1011,2019,14,17,17,17,55,carlos-sainz-jr,mclaren,renault,pirelli,1,27,27.010,27010.0
1011,2019,14,18,18,18,33,max-verstappen,red-bull,honda,pirelli,2,27,24.303,24303.0
1011,2019,14,19,19,19,26,daniil-kvyat,toro-rosso,honda,pirelli,1,28,24.479,24479.0
1011,2019,14,20,20,20,11,sergio-perez,racing-point,bwt-mercedes,pirelli,1,28,25.340,25340.0
1011,2019,14,21,21,21,10,pierre-gasly,toro-rosso,honda,pirelli,1,28,24.363,24363.0
1011,2019,14,22,22,22,27,nico-hulkenberg,renault,renault,pirelli,1,29,24.092,24092.0
1011,2019,14,23,23,23,88,robert-kubica,williams,mercedes,pirelli,1,29,31.842,31842.0
1011,2019,14,24,24,24,3,daniel-ricciardo,renault,renault,pirelli,1,30,24.320,24320.0
1011,2019,14,25,25,25,8,romain-grosjean,haas,ferrari,pirelli,2,29,25.121,25121.0
1011,2019,14,26,26,26,20,kevin-magnussen,haas,ferrari,pirelli,2,34,24.978,24978.0
1011,2019,14,27,27,27,5,sebastian-vettel,ferrari,ferrari,pirelli,3,41,24.376,24376.0
1011,2019,14,28,28,28,88,robert-kubica,williams,mercedes,pirelli,2,44,23.860,23860.0
1011,2019,14,29,29,29,44,lewis-hamilton,mercedes,mercedes,pirelli,2,49,23.731,23731.0
1012,2019,15,1,1,1,27,nico-hulkenberg,renault,renault,pirelli,1,1,29.563,29563.0
1012,2019,15,2,2,2,63,george-russell,williams,mercedes,pirelli,1,1,38.752,38752.0
1012,2019,15,3,3,3,55,carlos-sainz-jr,mclaren,renault,pirelli,1,1,1:09.880,69880.0
1012,2019,15,4,4,4,26,daniil-kvyat,toro-rosso,honda,pirelli,1,12,28.799,28799.0
1012,2019,15,5,5,5,11,sergio-perez,racing-point,bwt-mercedes,pirelli,1,13,29.082,29082.0
1012,2019,15,6,6,6,7,kimi-raikkonen,alfa-romeo,ferrari,pirelli,1,15,29.992,29992.0
1012,2019,15,7,7,7,20,kevin-magnussen,haas,ferrari,pirelli,1,18,29.403,29403.0
1012,2019,15,8,8,8,5,sebastian-vettel,ferrari,ferrari,pirelli,1,19,29.384,29384.0
1012,2019,15,9,9,9,33,max-verstappen,red-bull,honda,pirelli,1,19,28.846,28846.0
1012,2019,15,10,10,10,16,charles-leclerc,ferrari,ferrari,pirelli,1,20,29.168,29168.0
1012,2019,15,11,11,11,23,alexander-albon,red-bull,honda,pirelli,1,20,28.606,28606.0
1012,2019,15,12,12,12,4,lando-norris,mclaren,renault,pirelli,1,20,30.397,30397.0
1012,2019,15,13,13,13,88,robert-kubica,williams,mercedes,pirelli,1,21,29.033,29033.0
1012,2019,15,14,14,14,77,valtteri-bottas,mercedes,mercedes,pirelli,1,22,29.234,29234.0
1012,2019,15,15,15,15,8,romain-grosjean,haas,ferrari,pirelli,1,23,29.456,29456.0
1012,2019,15,16,16,16,44,lewis-hamilton,mercedes,mercedes,pirelli,1,26,28.930,28930.0
1012,2019,15,17,17,17,18,lance-stroll,racing-point,bwt-mercedes,pirelli,1,31,29.482,29482.0
1012,2019,15,18,18,18,10,pierre-gasly,toro-rosso,honda,pirelli,1,32,32.482,32482.0
1012,2019,15,19,19,19,99,antonio-giovinazzi,alfa-romeo,ferrari,pirelli,1,34,29.070,29070.0
1012,2019,15,20,20,20,3,daniel-ricciardo,renault,renault,pirelli,1,34,30.756,30756.0
1012,2019,15,21,21,21,8,romain-grosjean,haas,ferrari,pirelli,2,35,43.576,43576.0
1012,2019,15,22,22,22,27,nico-hulkenberg,renault,renault,pirelli,2,36,29.152,29152.0
1012,2019,15,23,23,23,26,daniil-kvyat,toro-rosso,honda,pirelli,2,36,34.711,34711.0
1012,2019,15,24,24,24,55,carlos-sainz-jr,mclaren,renault,pirelli,2,35,30.623,30623.0
1012,2019,15,25,25,25,99,antonio-giovinazzi,alfa-romeo,ferrari,pirelli,2,36,28.960,28960.0
1012,2019,15,26,26,26,18,lance-stroll,racing-point,bwt-mercedes,pirelli,2,41,39.188,39188.0
1012,2019,15,27,27,27,88,robert-kubica,williams,mercedes,pirelli,2,44,30.321,30321.0
1012,2019,15,28,28,28,18,lance-stroll,racing-point,bwt-mercedes,pirelli,3,44,29.460,29460.0
1012,2019,15,29,29,29,20,kevin-magnussen,haas,ferrari,pirelli,2,56,30.916,30916.0
1013,2019,16,1,1,1,88,robert-kubica,williams,mercedes,pirelli,1,1,30.587,30587.0
1013,2019,16,2,2,2,3,daniel-ricciardo,renault,renault,pirelli,1,1,36.031,36031.0
1013,2019,16,3,3,3,99,antonio-giovinazzi,alfa-romeo,ferrari,pirelli,1,2,38.193,38193.0
1013,2019,16,4,4,4,88,robert-kubica,williams,mercedes,pirelli,2,2,30.177,30177.0
1013,2019,16,5,5,5,7,kimi-raikkonen,alfa-romeo,ferrari,pirelli,1,9,25.038,25038.0
1013,2019,16,6,6,6,27,nico-hulkenberg,renault,renault,pirelli,1,16,34.264,34264.0
1013,2019,16,7,7,7,4,lando-norris,mclaren,renault,pirelli,1,20,29.290,29290.0
1013,2019,16,8,8,8,55,carlos-sainz-jr,mclaren,renault,pirelli,1,21,30.103,30103.0
1013,2019,16,9,9,9,16,charles-leclerc,ferrari,ferrari,pirelli,1,22,29.548,29548.0
1013,2019,16,10,10,10,11,sergio-perez,racing-point,bwt-mercedes,pirelli,1,23,30.271,30271.0
1013,2019,16,11,11,11,5,sebastian-vettel,ferrari,ferrari,pirelli,1,26,29.860,29860.0
1013,2019,16,12,12,12,10,pierre-gasly,toro-rosso,honda,pirelli,1,26,29.935,29935.0
1013,2019,16,13,13,13,20,kevin-magnussen,haas,ferrari,pirelli,1,27,30.509,30509.0
1013,2019,16,14,14,14,18,lance-stroll,racing-point,bwt-mercedes,pirelli,1,27,30.168,30168.0
1013,2019,16,15,15,15,26,daniil-kvyat,toro-rosso,honda,pirelli,1,27,30.753,30753.0
1013,2019,16,16,16,16,63,george-russell,williams,mercedes,pirelli,1,27,29.857,29857.0
1013,2019,16,17,17,17,99,antonio-giovinazzi,alfa-romeo,ferrari,pirelli,2,27,30.227,30227.0
1013,2019,16,18,18,18,7,kimi-raikkonen,alfa-romeo,ferrari,pirelli,2,27,36.512,36512.0
1013,2019,16,19,19,19,44,lewis-hamilton,mercedes,mercedes,pirelli,1,28,29.751,29751.0
1013,2019,16,20,20,20,77,valtteri-bottas,mercedes,mercedes,pirelli,1,28,29.436,29436.0
1013,2019,16,21,21,21,33,max-verstappen,red-bull,honda,pirelli,1,28,29.978,29978.0
1013,2019,16,22,22,22,23,alexander-albon,red-bull,honda,pirelli,1,29,29.854,29854.0
1013,2019,16,23,23,23,27,nico-hulkenberg,renault,renault,pirelli,2,29,29.786,29786.0
1013,2019,16,24,24,24,26,daniil-kvyat,toro-rosso,honda,pirelli,2,29,29.571,29571.0
1013,2019,16,25,25,25,16,charles-leclerc,ferrari,ferrari,pirelli,2,30,29.401,29401.0
1014,2019,17,1,1,1,16,charles-leclerc,ferrari,ferrari,pirelli,1,3,30.502,30502.0
1014,2019,17,2,2,2,4,lando-norris,mclaren,renault,pirelli,1,4,25.347,25347.0
1014,2019,17,3,3,3,23,alexander-albon,red-bull,honda,pirelli,1,15,23.354,23354.0
1014,2019,17,4,4,4,7,kimi-raikkonen,alfa-romeo,ferrari,pirelli,1,15,24.468,24468.0
1014,2019,17,5,5,5,5,sebastian-vettel,ferrari,ferrari,pirelli,1,16,24.032,24032.0
1014,2019,17,6,6,6,8,romain-grosjean,haas,ferrari,pirelli,1,16,23.478,23478.0
1014,2019,17,7,7,7,77,valtteri-bottas,mercedes,mercedes,pirelli,1,17,23.000,23000.0
1014,2019,17,8,8,8,20,kevin-magnussen,haas,ferrari,pirelli,1,17,24.156,24156.0
1014,2019,17,9,9,9,10,pierre-gasly,toro-rosso,honda,pirelli,1,18,23.180,23180.0
1014,2019,17,10,10,10,18,lance-stroll,racing-point,bwt-mercedes,pirelli,1,18,23.292,23292.0
1014,2019,17,11,11,11,99,antonio-giovinazzi,alfa-romeo,ferrari,pirelli,1,18,23.351,23351.0
1014,2019,17,12,12,12,27,nico-hulkenberg,renault,renault,pirelli,1,19,24.132,24132.0
1014,2019,17,13,13,13,11,sergio-perez,racing-point,bwt-mercedes,pirelli,1,19,22.880,22880.0
1014,2019,17,14,14,14,44,lewis-hamilton,mercedes,mercedes,pirelli,1,21,23.582,23582.0
1014,2019,17,15,15,15,88,robert-kubica,williams,mercedes,pirelli,1,22,26.734,26734.0
1014,2019,17,16,16,16,16,charles-leclerc,ferrari,ferrari,pirelli,2,25,23.580,23580.0
1014,2019,17,17,17,17,4,lando-norris,mclaren,renault,pirelli,2,25,23.949,23949.0
1014,2019,17,18,18,18,63,george-russell,williams,mercedes,pirelli,1,25,23.792,23792.0
1014,2019,17,19,19,19,55,carlos-sainz-jr,mclaren,renault,pirelli,1,26,23.476,23476.0
1014,2019,17,20,20,20,26,daniil-kvyat,toro-rosso,honda,pirelli,1,27,23.293,23293.0
1014,2019,17,21,21,21,3,daniel-ricciardo,renault,renault,pirelli,1,29,23.292,23292.0
1014,2019,17,22,22,22,5,sebastian-vettel,ferrari,ferrari,pirelli,2,31,23.213,23213.0
1014,2019,17,23,23,23,23,alexander-albon,red-bull,honda,pirelli,2,34,23.301,23301.0
1014,2019,17,24,24,24,88,robert-kubica,williams,mercedes,pirelli,2,33,22.970,22970.0
1014,2019,17,25,25,25,77,valtteri-bottas,mercedes,mercedes,pirelli,2,36,23.157,23157.0
1014,2019,17,26,26,26,7,kimi-raikkonen,alfa-romeo,ferrari,pirelli,2,36,23.164,23164.0
1014,2019,17,27,27,27,11,sergio-perez,racing-point,bwt-mercedes,pirelli,2,41,23.301,23301.0
1014,2019,17,28,28,28,44,lewis-hamilton,mercedes,mercedes,pirelli,2,42,23.591,23591.0
1014,2019,17,29,29,29,16,charles-leclerc,ferrari,ferrari,pirelli,3,46,23.280,23280.0
1014,2019,17,30,30,30,20,kevin-magnussen,haas,ferrari,pirelli,2,47,23.973,23973.0
1014,2019,17,31,31,31,99,antonio-giovinazzi,alfa-romeo,ferrari,pirelli,2,49,23.412,23412.0
1015,2019,18,1,1,1,33,max-verstappen,red-bull,honda,pirelli,1,5,24.493,24493.0
1015,2019,18,2,2,2,10,pierre-gasly,toro-rosso,honda,pirelli,1,9,22.689,22689.0
1015,2019,18,3,3,3,26,daniil-kvyat,toro-rosso,honda,pirelli,1,10,22.490,22490.0
1015,2019,18,4,4,4,4,lando-norris,mclaren,renault,pirelli,1,12,2:03.388,123388.0
1015,2019,18,5,5,5,23,alexander-albon,red-bull,honda,pirelli,1,14,22.192,22192.0
1015,2019,18,6,6,6,16,charles-leclerc,ferrari,ferrari,pirelli,1,15,22.002,22002.0
1015,2019,18,7,7,7,55,carlos-sainz-jr,mclaren,renault,pirelli,1,15,22.241,22241.0
1015,2019,18,8,8,8,7,kimi-raikkonen,alfa-romeo,ferrari,pirelli,1,15,22.754,22754.0
1015,2019,18,9,9,9,27,nico-hulkenberg,renault,renault,pirelli,1,18,22.484,22484.0
1015,2019,18,10,10,10,11,sergio-perez,racing-point,bwt-mercedes,pirelli,1,20,22.357,22357.0
1015,2019,18,11,11,11,99,antonio-giovinazzi,alfa-romeo,ferrari,pirelli,1,21,43.411,43411.0
1015,2019,18,12,12,12,88,robert-kubica,williams,mercedes,pirelli,1,21,24.606,24606.0
1015,2019,18,13,13,13,63,george-russell,williams,mercedes,pirelli,1,22,22.887,22887.0
1015,2019,18,14,14,14,44,lewis-hamilton,mercedes,mercedes,pirelli,1,23,22.269,22269.0
1015,2019,18,15,15,15,20,kevin-magnussen,haas,ferrari,pirelli,1,28,23.084,23084.0
1015,2019,18,16,16,16,55,carlos-sainz-jr,mclaren,renault,pirelli,2,35,22.179,22179.0
1015,2019,18,17,17,17,77,valtteri-bottas,mercedes,mercedes,pirelli,1,36,22.179,22179.0
1015,2019,18,18,18,18,5,sebastian-vettel,ferrari,ferrari,pirelli,1,37,21.862,21862.0
1015,2019,18,19,19,19,18,lance-stroll,racing-point,bwt-mercedes,pirelli,1,37,22.745,22745.0
1015,2019,18,20,20,20,8,romain-grosjean,haas,ferrari,pirelli,1,37,24.128,24128.0
1015,2019,18,21,21,21,16,charles-leclerc,ferrari,ferrari,pirelli,2,43,25.786,25786.0
1015,2019,18,22,22,22,23,alexander-albon,red-bull,honda,pirelli,2,44,22.003,22003.0
1015,2019,18,23,23,23,26,daniil-kvyat,toro-rosso,honda,pirelli,2,44,22.033,22033.0
1015,2019,18,24,24,24,10,pierre-gasly,toro-rosso,honda,pirelli,2,49,22.618,22618.0
1015,2019,18,25,25,25,3,daniel-ricciardo,renault,renault,pirelli,1,50,22.345,22345.0
1015,2019,18,26,26,26,7,kimi-raikkonen,alfa-romeo,ferrari,pirelli,2,52,22.963,22963.0
1015,2019,18,27,27,27,88,robert-kubica,williams,mercedes,pirelli,2,60,22.570,22570.0
1016,2019,19,1,1,1,23,alexander-albon,red-bull,honda,pirelli,1,1,34.100,34100.0
1016,2019,19,2,2,2,18,lance-stroll,racing-point,bwt-mercedes,pirelli,1,9,24.567,24567.0
1016,2019,19,3,3,3,88,robert-kubica,williams,mercedes,pirelli,1,11,24.164,24164.0
1016,2019,19,4,4,4,33,max-verstappen,red-bull,honda,pirelli,1,13,23.716,23716.0
1016,2019,19,5,5,5,77,valtteri-bottas,mercedes,mercedes,pirelli,1,14,24.151,24151.0
1016,2019,19,6,6,6,99,antonio-giovinazzi,alfa-romeo,ferrari,pirelli,1,17,25.230,25230.0
1016,2019,19,7,7,7,55,carlos-sainz-jr,mclaren,renault,pirelli,1,18,24.784,24784.0
1016,2019,19,8,8,8,7,kimi-raikkonen,alfa-romeo,ferrari,pirelli,1,18,24.544,24544.0
1016,2019,19,9,9,9,20,kevin-magnussen,haas,ferrari,pirelli,1,18,24.929,24929.0
1016,2019,19,10,10,10,4,lando-norris,mclaren,renault,pirelli,1,19,24.678,24678.0
1016,2019,19,11,11,11,10,pierre-gasly,toro-rosso,honda,pirelli,1,19,24.195,24195.0
1016,2019,19,12,12,12,16,charles-leclerc,ferrari,ferrari,pirelli,1,20,29.157,29157.0
1016,2019,19,13,13,13,23,alexander-albon,red-bull,honda,pirelli,2,20,23.213,23213.0
1016,2019,19,14,14,14,3,daniel-ricciardo,renault,renault,pirelli,1,21,23.751,23751.0
1016,2019,19,15,15,15,26,daniil-kvyat,toro-rosso,honda,pirelli,1,21,27.115,27115.0
1016,2019,19,16,16,16,63,george-russell,williams,mercedes,pirelli,1,23,23.702,23702.0
1016,2019,19,17,17,17,44,lewis-hamilton,mercedes,mercedes,pirelli,1,24,23.943,23943.0
1016,2019,19,18,18,18,11,sergio-perez,racing-point,bwt-mercedes,pirelli,1,24,24.207,24207.0
1016,2019,19,19,19,19,8,romain-grosjean,haas,ferrari,pirelli,1,24,24.583,24583.0
1016,2019,19,20,20,20,27,nico-hulkenberg,renault,renault,pirelli,1,27,24.245,24245.0
1016,2019,19,21,21,21,18,lance-stroll,racing-point,bwt-mercedes,pirelli,2,29,25.195,25195.0
1016,2019,19,22,22,22,33,max-verstappen,red-bull,honda,pirelli,2,34,23.444,23444.0
1016,2019,19,23,23,23,77,valtteri-bottas,mercedes,mercedes,pirelli,2,35,23.819,23819.0
1016,2019,19,24,24,24,27,nico-hulkenberg,renault,renault,pirelli,2,39,23.684,23684.0
1016,2019,19,25,25,25,26,daniil-kvyat,toro-rosso,honda,pirelli,2,39,24.162,24162.0
1016,2019,19,26,26,26,99,antonio-giovinazzi,alfa-romeo,ferrari,pirelli,2,39,24.206,24206.0
1016,2019,19,27,27,27,23,alexander-albon,red-bull,honda,pirelli,3,40,23.705,23705.0
1016,2019,19,28,28,28,7,kimi-raikkonen,alfa-romeo,ferrari,pirelli,2,40,24.686,24686.0
1016,2019,19,29,29,29,20,kevin-magnussen,haas,ferrari,pirelli,2,40,24.731,24731.0
1016,2019,19,30,30,30,16,charles-leclerc,ferrari,ferrari,pirelli,2,42,23.844,23844.0
1016,2019,19,31,31,31,4,lando-norris,mclaren,renault,pirelli,2,42,25.776,25776.0
1016,2019,19,32,32,32,63,george-russell,williams,mercedes,pirelli,2,46,28.748,28748.0
1016,2019,19,33,33,33,10,pierre-gasly,toro-rosso,honda,pirelli,2,53,24.260,24260.0
1017,2019,20,1,1,1,3,daniel-ricciardo,renault,renault,pirelli,1,8,30.760,30760.0
1017,2019,20,2,2,2,11,sergio-perez,racing-point,bwt-mercedes,pirelli,1,17,23.079,23079.0
1017,2019,20,3,3,3,44,lewis-hamilton,mercedes,mercedes,pirelli,1,20,22.882,22882.0
1017,2019,20,4,4,4,99,antonio-giovinazzi,alfa-romeo,ferrari,pirelli,1,20,23.155,23155.0
1017,2019,20,5,5,5,88,robert-kubica,williams,mercedes,pirelli,1,20,23.861,23861.0
1017,2019,20,6,6,6,33,max-verstappen,red-bull,honda,pirelli,1,21,22.818,22818.0
1017,2019,20,7,7,7,7,kimi-raikkonen,alfa-romeo,ferrari,pirelli,1,21,23.463,23463.0
1017,2019,20,8,8,8,10,pierre-gasly,toro-rosso,honda,pirelli,1,22,22.922,22922.0
1017,2019,20,9,9,9,26,daniil-kvyat,toro-rosso,honda,pirelli,1,23,22.759,22759.0
1017,2019,20,10,10,10,63,george-russell,williams,mercedes,pirelli,1,23,22.500,22500.0
1017,2019,20,11,11,11,23,alexander-albon,red-bull,honda,pirelli,1,24,23.073,23073.0
1017,2019,20,12,12,12,5,sebastian-vettel,ferrari,ferrari,pirelli,1,25,23.039,23039.0
1017,2019,20,13,13,13,77,valtteri-bottas,mercedes,mercedes,pirelli,1,26,23.148,23148.0
1017,2019,20,14,14,14,8,romain-grosjean,haas,ferrari,pirelli,1,26,23.776,23776.0
1017,2019,20,15,15,15,4,lando-norris,mclaren,renault,pirelli,1,27,23.381,23381.0
1017,2019,20,16,16,16,27,nico-hulkenberg,renault,renault,pirelli,1,27,23.344,23344.0
1017,2019,20,17,17,17,20,kevin-magnussen,haas,ferrari,pirelli,1,27,23.891,23891.0
1017,2019,20,18,18,18,18,lance-stroll,racing-point,bwt-mercedes,pirelli,1,28,23.346,23346.0
1017,2019,20,19,19,19,16,charles-leclerc,ferrari,ferrari,pirelli,1,29,22.966,22966.0
1017,2019,20,20,20,20,55,carlos-sainz-jr,mclaren,renault,pirelli,1,29,22.770,22770.0
1017,2019,20,21,21,21,88,robert-kubica,williams,mercedes,pirelli,2,36,29.268,29268.0
1017,2019,20,22,22,22,3,daniel-ricciardo,renault,renault,pirelli,2,40,29.491,29491.0
1017,2019,20,23,23,23,77,valtteri-bottas,mercedes,mercedes,pirelli,2,41,23.210,23210.0
1017,2019,20,24,24,24,44,lewis-hamilton,mercedes,mercedes,pirelli,2,43,23.088,23088.0
1017,2019,20,25,25,25,33,max-verstappen,red-bull,honda,pirelli,2,44,22.657,22657.0
1017,2019,20,26,26,26,27,nico-hulkenberg,renault,renault,pirelli,2,44,23.596,23596.0
1017,2019,20,27,27,27,11,sergio-perez,racing-point,bwt-mercedes,pirelli,2,45,23.142,23142.0
1017,2019,20,28,28,28,99,antonio-giovinazzi,alfa-romeo,ferrari,pirelli,2,46,23.524,23524.0
1017,2019,20,29,29,29,26,daniil-kvyat,toro-rosso,honda,pirelli,2,46,23.378,23378.0
1017,2019,20,30,30,30,10,pierre-gasly,toro-rosso,honda,pirelli,2,47,23.584,23584.0
1017,2019,20,31,31,31,7,kimi-raikkonen,alfa-romeo,ferrari,pirelli,2,47,23.841,23841.0
1017,2019,20,32,32,32,5,sebastian-vettel,ferrari,ferrari,pirelli,2,49,23.138,23138.0
1017,2019,20,33,33,33,23,alexander-albon,red-bull,honda,pirelli,2,50,23.071,23071.0
1017,2019,20,34,34,34,33,max-verstappen,red-bull,honda,pirelli,3,54,22.593,22593.0
1017,2019,20,35,35,35,4,lando-norris,mclaren,renault,pirelli,2,53,23.355,23355.0
1017,2019,20,36,36,36,18,lance-stroll,racing-point,bwt-mercedes,pirelli,2,53,24.841,24841.0
1017,2019,20,37,37,37,20,kevin-magnussen,haas,ferrari,pirelli,2,53,23.479,23479.0
1017,2019,20,38,38,38,16,charles-leclerc,ferrari,ferrari,pirelli,2,54,23.042,23042.0
1017,2019,20,39,39,39,27,nico-hulkenberg,renault,renault,pirelli,3,53,22.747,22747.0
1017,2019,20,40,40,40,88,robert-kubica,williams,mercedes,pirelli,3,53,24.873,24873.0
1017,2019,20,41,41,41,63,george-russell,williams,mercedes,pirelli,2,54,23.199,23199.0
1017,2019,20,42,42,42,8,romain-grosjean,haas,ferrari,pirelli,2,65,23.471,23471.0
1017,2019,20,43,43,43,44,lewis-hamilton,mercedes,mercedes,pirelli,3,66,23.060,23060.0
1017,2019,20,44,44,44,63,george-russell,williams,mercedes,pirelli,3,66,22.441,22441.0
1017,2019,20,45,45,45,88,robert-kubica,williams,mercedes,pirelli,4,66,23.158,23158.0
1018,2019,21,1,1,1,10,pierre-gasly,toro-rosso,honda,pirelli,1,1,1:17.467,77467.0
1018,2019,21,2,2,2,18,lance-stroll,racing-point,bwt-mercedes,pirelli,1,5,28.842,28842.0
1018,2019,21,3,3,3,4,lando-norris,mclaren,renault,pirelli,1,8,22.974,22974.0
1018,2019,21,4,4,4,99,antonio-giovinazzi,alfa-romeo,ferrari,pirelli,1,8,21.977,21977.0
1018,2019,21,5,5,5,3,daniel-ricciardo,renault,renault,pirelli,1,11,21.904,21904.0
1018,2019,21,6,6,6,16,charles-leclerc,ferrari,ferrari,pirelli,1,12,21.697,21697.0
1018,2019,21,7,7,7,5,sebastian-vettel,ferrari,ferrari,pirelli,1,12,25.771,25771.0
1018,2019,21,8,8,8,55,carlos-sainz-jr,mclaren,renault,pirelli,1,12,21.928,21928.0
1018,2019,21,9,9,9,23,alexander-albon,red-bull,honda,pirelli,1,13,22.028,22028.0
1018,2019,21,10,10,10,27,nico-hulkenberg,renault,renault,pirelli,1,18,21.578,21578.0
1018,2019,21,11,11,11,8,romain-grosjean,haas,ferrari,pirelli,1,18,21.968,21968.0
1018,2019,21,12,12,12,20,kevin-magnussen,haas,ferrari,pirelli,1,20,21.531,21531.0
1018,2019,21,13,13,13,7,kimi-raikkonen,alfa-romeo,ferrari,pirelli,1,22,22.410,22410.0
1018,2019,21,14,14,14,18,lance-stroll,racing-point,bwt-mercedes,pirelli,2,23,21.778,21778.0
1018,2019,21,15,15,15,88,robert-kubica,williams,mercedes,pirelli,1,24,21.688,21688.0
1018,2019,21,16,16,16,33,max-verstappen,red-bull,honda,pirelli,1,25,21.023,21023.0
1018,2019,21,17,17,17,44,lewis-hamilton,mercedes,mercedes,pirelli,1,26,22.178,22178.0
1018,2019,21,18,18,18,99,antonio-giovinazzi,alfa-romeo,ferrari,pirelli,2,26,22.188,22188.0
1018,2019,21,19,19,19,77,valtteri-bottas,mercedes,mercedes,pirelli,1,29,21.145,21145.0
1018,2019,21,20,20,20,63,george-russell,williams,mercedes,pirelli,1,32,22.272,22272.0
1018,2019,21,21,21,21,11,sergio-perez,racing-point,bwt-mercedes,pirelli,1,37,22.230,22230.0
1018,2019,21,22,22,22,16,charles-leclerc,ferrari,ferrari,pirelli,2,38,21.274,21274.0
1018,2019,21,23,23,23,5,sebastian-vettel,ferrari,ferrari,pirelli,2,38,21.858,21858.0
1018,2019,21,24,24,24,26,daniil-kvyat,toro-rosso,honda,pirelli,1,40,21.496,21496.0
1018,2019,21,25,25,25,55,carlos-sainz-jr,mclaren,renault,pirelli,2,41,21.466,21466.0
1018,2019,21,26,26,26,3,daniel-ricciardo,renault,renault,pirelli,2,42,21.624,21624.0
1019,2020,1,1,1,1,8,romain-grosjean,haas,ferrari,pirelli,1,20,23.280,23280.0
1019,2020,1,2,2,2,7,kimi-raikkonen,alfa-romeo,ferrari,pirelli,1,24,23.229,23229.0
1019,2020,1,3,3,3,99,antonio-giovinazzi,alfa-romeo,ferrari,pirelli,1,25,23.659,23659.0
1019,2020,1,4,4,4,63,george-russell,williams,mercedes,pirelli,1,25,21.417,21417.0
1019,2020,1,5,5,5,77,valtteri-bottas,mercedes,mercedes,pirelli,1,26,21.937,21937.0
1019,2020,1,6,6,6,44,lewis-hamilton,mercedes,mercedes,pirelli,1,26,21.850,21850.0
1019,2020,1,7,7,7,23,alexander-albon,red-bull,honda,pirelli,1,26,21.279,21279.0
1019,2020,1,8,8,8,4,lando-norris,mclaren,renault,pirelli,1,26,23.637,23637.0
1019,2020,1,9,9,9,11,sergio-perez,racing-point,bwt-mercedes,pirelli,1,26,22.383,22383.0
1019,2020,1,10,10,10,16,charles-leclerc,ferrari,ferrari,pirelli,1,26,22.756,22756.0
1019,2020,1,11,11,11,55,carlos-sainz-jr,mclaren,renault,pirelli,1,26,23.827,23827.0
1019,2020,1,12,12,12,5,sebastian-vettel,ferrari,ferrari,pirelli,1,26,22.231,22231.0
1019,2020,1,13,13,13,10,pierre-gasly,alphatauri,honda,pirelli,1,26,22.466,22466.0
1019,2020,1,14,14,14,26,daniil-kvyat,alphatauri,honda,pirelli,1,26,22.769,22769.0
1019,2020,1,15,15,15,31,esteban-ocon,renault,renault,pirelli,1,26,21.683,21683.0
1019,2020,1,16,16,16,6,nicholas-latifi,williams,mercedes,pirelli,1,26,22.058,22058.0
1019,2020,1,17,17,17,23,alexander-albon,red-bull,honda,pirelli,2,51,21.842,21842.0
1019,2020,1,18,18,18,4,lando-norris,mclaren,renault,pirelli,2,51,21.921,21921.0
1019,2020,1,19,19,19,16,charles-leclerc,ferrari,ferrari,pirelli,2,51,21.972,21972.0
1019,2020,1,20,20,20,26,daniil-kvyat,alphatauri,honda,pirelli,2,51,21.622,21622.0
1019,2020,1,21,21,21,7,kimi-raikkonen,alfa-romeo,ferrari,pirelli,2,51,21.569,21569.0
1019,2020,1,22,22,22,5,sebastian-vettel,ferrari,ferrari,pirelli,2,51,22.738,22738.0
1019,2020,1,23,23,23,6,nicholas-latifi,williams,mercedes,pirelli,2,51,21.918,21918.0
1019,2020,1,24,24,24,55,carlos-sainz-jr,mclaren,renault,pirelli,2,52,21.805,21805.0
1019,2020,1,25,25,25,99,antonio-giovinazzi,alfa-romeo,ferrari,pirelli,2,55,22.800,22800.0
1019,2020,1,26,26,26,77,valtteri-bottas,mercedes,mercedes,pirelli,2,56,16.407,16407.0
1019,2020,1,27,27,27,44,lewis-hamilton,mercedes,mercedes,pirelli,2,56,16.365,16365.0
1019,2020,1,28,28,28,11,sergio-perez,racing-point,bwt-mercedes,pirelli,2,56,16.546,16546.0
1019,2020,1,29,29,29,23,alexander-albon,red-bull,honda,pirelli,3,56,17.035,17035.0
1019,2020,1,30,30,30,4,lando-norris,mclaren,renault,pirelli,3,56,18.163,18163.0
1019,2020,1,31,31,31,16,charles-leclerc,ferrari,ferrari,pirelli,3,56,18.748,18748.0
1019,2020,1,32,32,32,10,pierre-gasly,alphatauri,honda,pirelli,2,56,19.911,19911.0
1019,2020,1,33,33,33,55,carlos-sainz-jr,mclaren,renault,pirelli,3,56,20.064,20064.0
1019,2020,1,34,34,34,31,esteban-ocon,renault,renault,pirelli,2,56,19.626,19626.0
1019,2020,1,35,35,35,26,daniil-kvyat,alphatauri,honda,pirelli,3,56,19.656,19656.0
1019,2020,1,36,36,36,5,sebastian-vettel,ferrari,ferrari,pirelli,3,56,19.330,19330.0
1019,2020,1,37,37,37,6,nicholas-latifi,williams,mercedes,pirelli,3,56,19.488,19488.0
1019,2020,1,38,38,38,99,antonio-giovinazzi,alfa-romeo,ferrari,pirelli,3,56,19.678,19678.0
1020,2020,2,1,1,1,16,charles-leclerc,ferrari,ferrari,pirelli,1,1,39.715,39715.0
1020,2020,2,2,2,2,33,max-verstappen,red-bull,honda,pirelli,1,24,20.937,20937.0
1020,2020,2,3,3,3,10,pierre-gasly,alphatauri,honda,pirelli,1,24,21.950,21950.0
1020,2020,2,4,4,4,44,lewis-hamilton,mercedes,mercedes,pirelli,1,27,21.729,21729.0
1020,2020,2,5,5,5,20,kevin-magnussen,haas,ferrari,pirelli,1,31,21.977,21977.0
1020,2020,2,6,6,6,55,carlos-sainz-jr,mclaren,renault,pirelli,1,32,25.983,25983.0
1020,2020,2,7,7,7,6,nicholas-latifi,williams,mercedes,pirelli,1,32,22.745,22745.0
1020,2020,2,8,8,8,18,lance-stroll,racing-point,bwt-mercedes,pirelli,1,33,22.118,22118.0
1020,2020,2,9,9,9,77,valtteri-bottas,mercedes,mercedes,pirelli,1,34,21.376,21376.0
1020,2020,2,10,10,10,63,george-russell,williams,mercedes,pirelli,1,34,21.697,21697.0
1020,2020,2,11,11,11,23,alexander-albon,red-bull,honda,pirelli,1,35,21.505,21505.0
1020,2020,2,12,12,12,26,daniil-kvyat,alphatauri,honda,pirelli,1,36,22.197,22197.0
1020,2020,2,13,13,13,3,daniel-ricciardo,renault,renault,pirelli,1,37,21.603,21603.0
1020,2020,2,14,14,14,8,romain-grosjean,haas,ferrari,pirelli,1,37,22.444,22444.0
1020,2020,2,15,15,15,11,sergio-perez,racing-point,bwt-mercedes,pirelli,1,38,22.761,22761.0
1020,2020,2,16,16,16,4,lando-norris,mclaren,renault,pirelli,1,39,22.406,22406.0
1020,2020,2,17,17,17,99,antonio-giovinazzi,alfa-romeo,ferrari,pirelli,1,39,21.667,21667.0
1020,2020,2,18,18,18,7,kimi-raikkonen,alfa-romeo,ferrari,pirelli,1,44,21.459,21459.0
1020,2020,2,19,19,19,10,pierre-gasly,alphatauri,honda,pirelli,2,49,22.280,22280.0
1020,2020,2,20,20,20,55,carlos-sainz-jr,mclaren,renault,pirelli,2,66,21.873,21873.0
1020,2020,2,21,21,21,33,max-verstappen,red-bull,honda,pirelli,2,68,21.091,21091.0
1021,2020,3,1,1,1,26,daniil-kvyat,alphatauri,honda,pirelli,1,1,23.568,23568.0
1021,2020,3,2,2,2,16,charles-leclerc,ferrari,ferrari,pirelli,1,2,22.266,22266.0
1021,2020,3,3,3,3,77,valtteri-bottas,mercedes,mercedes,pirelli,1,2,21.906,21906.0
1021,2020,3,4,4,4,44,lewis-hamilton,mercedes,mercedes,pirelli,1,3,22.320,22320.0
1021,2020,3,5,5,5,18,lance-stroll,racing-point,bwt-mercedes,pirelli,1,3,23.081,23081.0
1021,2020,3,6,6,6,5,sebastian-vettel,ferrari,ferrari,pirelli,1,3,28.286,28286.0
1021,2020,3,7,7,7,11,sergio-perez,racing-point,bwt-mercedes,pirelli,1,3,23.263,23263.0
1021,2020,3,8,8,8,55,carlos-sainz-jr,mclaren,renault,pirelli,1,3,27.131,27131.0
1021,2020,3,9,9,9,23,alexander-albon,red-bull,honda,pirelli,1,3,23.046,23046.0
1021,2020,3,10,10,10,6,nicholas-latifi,williams,mercedes,pirelli,1,3,21.596,21596.0
1021,2020,3,11,11,11,10,pierre-gasly,alphatauri,honda,pirelli,1,3,22.740,22740.0
1021,2020,3,12,12,12,7,kimi-raikkonen,alfa-romeo,ferrari,pirelli,1,3,22.299,22299.0
1021,2020,3,13,13,13,33,max-verstappen,red-bull,honda,pirelli,1,4,21.529,21529.0
1021,2020,3,14,14,14,3,daniel-ricciardo,renault,renault,pirelli,1,4,21.920,21920.0
1021,2020,3,15,15,15,31,esteban-ocon,renault,renault,pirelli,1,4,24.281,24281.0
1021,2020,3,16,16,16,4,lando-norris,mclaren,renault,pirelli,1,4,23.012,23012.0
1021,2020,3,17,17,17,63,george-russell,williams,mercedes,pirelli,1,4,21.184,21184.0
1021,2020,3,18,18,18,99,antonio-giovinazzi,alfa-romeo,ferrari,pirelli,1,4,22.283,22283.0
1021,2020,3,19,19,19,6,nicholas-latifi,williams,mercedes,pirelli,2,4,36.335,36335.0
1021,2020,3,20,20,20,26,daniil-kvyat,alphatauri,honda,pirelli,2,18,22.685,22685.0
1021,2020,3,21,21,21,63,george-russell,williams,mercedes,pirelli,2,19,21.367,21367.0
1021,2020,3,22,22,22,16,charles-leclerc,ferrari,ferrari,pirelli,2,20,22.564,22564.0
1021,2020,3,23,23,23,99,antonio-giovinazzi,alfa-romeo,ferrari,pirelli,2,20,23.082,23082.0
1021,2020,3,24,24,24,5,sebastian-vettel,ferrari,ferrari,pirelli,2,29,21.880,21880.0
1021,2020,3,25,25,25,31,esteban-ocon,renault,renault,pirelli,2,31,21.860,21860.0
1021,2020,3,26,26,26,77,valtteri-bottas,mercedes,mercedes,pirelli,2,33,21.644,21644.0
1021,2020,3,27,27,27,6,nicholas-latifi,williams,mercedes,pirelli,3,31,28.367,28367.0
1021,2020,3,28,28,28,7,kimi-raikkonen,alfa-romeo,ferrari,pirelli,2,33,27.128,27128.0
1021,2020,3,29,29,29,23,alexander-albon,red-bull,honda,pirelli,2,34,22.174,22174.0
1021,2020,3,30,30,30,8,romain-grosjean,haas,ferrari,pirelli,1,34,22.591,22591.0
1021,2020,3,31,31,31,18,lance-stroll,racing-point,bwt-mercedes,pirelli,2,35,22.534,22534.0
1021,2020,3,32,32,32,20,kevin-magnussen,haas,ferrari,pirelli,1,35,23.621,23621.0
1021,2020,3,33,33,33,11,sergio-perez,racing-point,bwt-mercedes,pirelli,2,35,22.051,22051.0
1021,2020,3,34,34,34,4,lando-norris,mclaren,renault,pirelli,2,35,22.742,22742.0
1021,2020,3,35,35,35,33,max-verstappen,red-bull,honda,pirelli,2,36,21.268,21268.0
1021,2020,3,36,36,36,44,lewis-hamilton,mercedes,mercedes,pirelli,2,37,22.264,22264.0
1021,2020,3,37,37,37,55,carlos-sainz-jr,mclaren,renault,pirelli,2,40,22.438,22438.0
1021,2020,3,38,38,38,99,antonio-giovinazzi,alfa-romeo,ferrari,pirelli,3,40,21.831,21831.0
1021,2020,3,39,39,39,6,nicholas-latifi,williams,mercedes,pirelli,4,39,21.802,21802.0
1021,2020,3,40,40,40,3,daniel-ricciardo,renault,renault,pirelli,2,43,22.073,22073.0
1021,2020,3,41,41,41,77,valtteri-bottas,mercedes,mercedes,pirelli,3,49,21.572,21572.0
1021,2020,3,42,42,42,63,george-russell,williams,mercedes,pirelli,3,50,22.048,22048.0
1021,2020,3,43,43,43,18,lance-stroll,racing-point,bwt-mercedes,pirelli,3,52,22.057,22057.0
1021,2020,3,44,44,44,6,nicholas-latifi,williams,mercedes,pirelli,5,52,25.767,25767.0
1021,2020,3,45,45,45,44,lewis-hamilton,mercedes,mercedes,pirelli,3,66,22.426,22426.0
1022,2020,4,1,1,1,23,alexander-albon,red-bull,honda,pirelli,1,6,28.834,28834.0
1022,2020,4,2,2,2,3,daniel-ricciardo,renault,renault,pirelli,1,12,29.559,29559.0
1022,2020,4,3,3,3,4,lando-norris,mclaren,renault,pirelli,1,12,30.289,30289.0
1022,2020,4,4,4,4,31,esteban-ocon,renault,renault,pirelli,1,12,30.768,30768.0
1022,2020,4,5,5,5,5,sebastian-vettel,ferrari,ferrari,pirelli,1,12,29.439,29439.0
1022,2020,4,6,6,6,10,pierre-gasly,alphatauri,honda,pirelli,1,12,29.414,29414.0
1022,2020,4,7,7,7,99,antonio-giovinazzi,alfa-romeo,ferrari,pirelli,1,12,28.355,28355.0
1022,2020,4,8,8,8,7,kimi-raikkonen,alfa-romeo,ferrari,pirelli,1,12,36.590,36590.0
1022,2020,4,9,9,9,63,george-russell,williams,mercedes,pirelli,1,12,29.302,29302.0
1022,2020,4,10,10,10,6,nicholas-latifi,williams,mercedes,pirelli,1,12,31.371,31371.0
1022,2020,4,11,11,11,44,lewis-hamilton,mercedes,mercedes,pirelli,1,13,28.805,28805.0
1022,2020,4,12,12,12,77,valtteri-bottas,mercedes,mercedes,pirelli,1,13,30.571,30571.0
1022,2020,4,13,13,13,33,max-verstappen,red-bull,honda,pirelli,1,13,28.208,28208.0
1022,2020,4,14,14,14,16,charles-leclerc,ferrari,ferrari,pirelli,1,13,29.520,29520.0
1022,2020,4,15,15,15,55,carlos-sainz-jr,mclaren,renault,pirelli,1,13,28.487,28487.0
1022,2020,4,16,16,16,18,lance-stroll,racing-point,bwt-mercedes,pirelli,1,13,28.716,28716.0
1022,2020,4,17,17,17,23,alexander-albon,red-bull,honda,pirelli,2,30,33.308,33308.0
1022,2020,4,18,18,18,8,romain-grosjean,haas,ferrari,pirelli,1,36,33.816,33816.0
1022,2020,4,19,19,19,7,kimi-raikkonen,alfa-romeo,ferrari,pirelli,2,47,44.085,44085.0
1022,2020,4,20,20,20,33,max-verstappen,red-bull,honda,pirelli,2,50,28.273,28273.0
1022,2020,4,21,21,21,77,valtteri-bottas,mercedes,mercedes,pirelli,2,50,33.602,33602.0
1022,2020,4,22,22,22,55,carlos-sainz-jr,mclaren,renault,pirelli,2,51,36.278,36278.0
1023,2020,5,1,1,1,23,alexander-albon,red-bull,honda,pirelli,1,6,28.417,28417.0
1023,2020,5,2,2,2,10,pierre-gasly,alphatauri,honda,pirelli,1,7,28.356,28356.0
1023,2020,5,3,3,3,99,antonio-giovinazzi,alfa-romeo,ferrari,pirelli,1,7,27.892,27892.0
1023,2020,5,4,4,4,63,george-russell,williams,mercedes,pirelli,1,8,28.391,28391.0
1023,2020,5,5,5,5,20,kevin-magnussen,haas,ferrari,pirelli,1,9,28.934,28934.0
1023,2020,5,6,6,6,6,nicholas-latifi,williams,mercedes,pirelli,1,9,28.696,28696.0
1023,2020,5,7,7,7,4,lando-norris,mclaren,renault,pirelli,1,12,27.949,27949.0
1023,2020,5,8,8,8,77,valtteri-bottas,mercedes,mercedes,pirelli,1,13,28.408,28408.0
1023,2020,5,9,9,9,44,lewis-hamilton,mercedes,mercedes,pirelli,1,14,28.406,28406.0
1023,2020,5,10,10,10,3,daniel-ricciardo,renault,renault,pirelli,1,14,28.587,28587.0
1023,2020,5,11,11,11,27,nico-hulkenberg,racing-point,bwt-mercedes,pirelli,1,15,28.981,28981.0
1023,2020,5,12,12,12,8,romain-grosjean,haas,ferrari,pirelli,1,17,29.377,29377.0
1023,2020,5,13,13,13,18,lance-stroll,racing-point,bwt-mercedes,pirelli,1,18,28.235,28235.0
1023,2020,5,14,14,14,16,charles-leclerc,ferrari,ferrari,pirelli,1,18,29.419,29419.0
1023,2020,5,15,15,15,26,daniil-kvyat,alphatauri,honda,pirelli,1,19,28.036,28036.0
1023,2020,5,16,16,16,20,kevin-magnussen,haas,ferrari,pirelli,2,20,29.389,29389.0
1023,2020,5,17,17,17,55,carlos-sainz-jr,mclaren,renault,pirelli,1,22,35.864,35864.0
1023,2020,5,18,18,18,31,esteban-ocon,renault,renault,pirelli,1,22,28.093,28093.0
1023,2020,5,19,19,19,5,sebastian-vettel,ferrari,ferrari,pirelli,1,22,28.167,28167.0
1023,2020,5,20,20,20,10,pierre-gasly,alphatauri,honda,pirelli,2,23,28.306,28306.0
1023,2020,5,21,21,21,63,george-russell,williams,mercedes,pirelli,2,24,28.331,28331.0
1023,2020,5,22,22,22,33,max-verstappen,red-bull,honda,pirelli,1,26,29.115,29115.0
1023,2020,5,23,23,23,3,daniel-ricciardo,renault,renault,pirelli,2,26,28.167,28167.0
1023,2020,5,24,24,24,7,kimi-raikkonen,alfa-romeo,ferrari,pirelli,1,26,29.296,29296.0
1023,2020,5,25,25,25,6,nicholas-latifi,williams,mercedes,pirelli,2,26,28.086,28086.0
1023,2020,5,26,26,26,4,lando-norris,mclaren,renault,pirelli,2,29,28.874,28874.0
1023,2020,5,27,27,27,27,nico-hulkenberg,racing-point,bwt-mercedes,pirelli,2,30,28.386,28386.0
1023,2020,5,28,28,28,23,alexander-albon,red-bull,honda,pirelli,2,30,27.858,27858.0
1023,2020,5,29,29,29,18,lance-stroll,racing-point,bwt-mercedes,pirelli,2,31,27.974,27974.0
1023,2020,5,30,30,30,33,max-verstappen,red-bull,honda,pirelli,2,32,28.986,28986.0
1023,2020,5,31,31,31,77,valtteri-bottas,mercedes,mercedes,pirelli,2,32,28.188,28188.0
1023,2020,5,32,32,32,5,sebastian-vettel,ferrari,ferrari,pirelli,2,33,28.352,28352.0
1023,2020,5,33,33,33,99,antonio-giovinazzi,alfa-romeo,ferrari,pirelli,2,33,27.693,27693.0
1023,2020,5,34,34,34,55,carlos-sainz-jr,mclaren,renault,pirelli,2,34,28.772,28772.0
1023,2020,5,35,35,35,26,daniil-kvyat,alphatauri,honda,pirelli,2,35,28.365,28365.0
1023,2020,5,36,36,36,3,daniel-ricciardo,renault,renault,pirelli,3,35,28.057,28057.0
1023,2020,5,37,37,37,8,romain-grosjean,haas,ferrari,pirelli,2,38,29.803,29803.0
1023,2020,5,38,38,38,63,george-russell,williams,mercedes,pirelli,3,39,28.692,28692.0
1023,2020,5,39,39,39,44,lewis-hamilton,mercedes,mercedes,pirelli,2,41,29.402,29402.0
1023,2020,5,40,40,40,27,nico-hulkenberg,racing-point,bwt-mercedes,pirelli,3,44,28.736,28736.0
1023,2020,5,41,41,41,6,nicholas-latifi,williams,mercedes,pirelli,3,46,29.049,29049.0
1024,2020,6,1,1,1,23,alexander-albon,red-bull,honda,pirelli,1,17,21.663,21663.0
1024,2020,6,2,2,2,63,george-russell,williams,mercedes,pirelli,1,19,22.708,22708.0
1024,2020,6,3,3,3,7,kimi-raikkonen,alfa-romeo,ferrari,pirelli,1,20,22.314,22314.0
1024,2020,6,4,4,4,33,max-verstappen,red-bull,honda,pirelli,1,21,21.532,21532.0
1024,2020,6,5,5,5,10,pierre-gasly,alphatauri,honda,pirelli,1,21,22.241,22241.0
1024,2020,6,6,6,6,4,lando-norris,mclaren,renault,pirelli,1,21,22.099,22099.0
1024,2020,6,7,7,7,26,daniil-kvyat,alphatauri,honda,pirelli,1,21,23.036,23036.0
1024,2020,6,8,8,8,99,antonio-giovinazzi,alfa-romeo,ferrari,pirelli,1,21,22.243,22243.0
1024,2020,6,9,9,9,55,carlos-sainz-jr,mclaren,renault,pirelli,1,22,22.078,22078.0
1024,2020,6,10,10,10,44,lewis-hamilton,mercedes,mercedes,pirelli,1,23,23.377,23377.0
1024,2020,6,11,11,11,77,valtteri-bottas,mercedes,mercedes,pirelli,1,23,22.310,22310.0
1024,2020,6,12,12,12,18,lance-stroll,racing-point,bwt-mercedes,pirelli,1,27,22.351,22351.0
1024,2020,6,13,13,13,20,kevin-magnussen,haas,ferrari,pirelli,1,28,24.148,24148.0
1024,2020,6,14,14,14,6,nicholas-latifi,williams,mercedes,pirelli,1,28,22.322,22322.0
1024,2020,6,15,15,15,11,sergio-perez,racing-point,bwt-mercedes,pirelli,1,29,22.641,22641.0
1024,2020,6,16,16,16,16,charles-leclerc,ferrari,ferrari,pirelli,1,29,22.274,22274.0
1024,2020,6,17,17,17,5,sebastian-vettel,ferrari,ferrari,pirelli,1,29,21.820,21820.0
1024,2020,6,18,18,18,8,romain-grosjean,haas,ferrari,pirelli,1,32,23.212,23212.0
1024,2020,6,19,19,19,31,esteban-ocon,renault,renault,pirelli,1,34,22.366,22366.0
1024,2020,6,20,20,20,3,daniel-ricciardo,renault,renault,pirelli,1,35,21.837,21837.0
1024,2020,6,21,21,21,63,george-russell,williams,mercedes,pirelli,2,35,21.889,21889.0
1024,2020,6,22,22,22,23,alexander-albon,red-bull,honda,pirelli,2,39,21.804,21804.0
1024,2020,6,23,23,23,33,max-verstappen,red-bull,honda,pirelli,2,41,21.601,21601.0
1024,2020,6,24,24,24,55,carlos-sainz-jr,mclaren,renault,pirelli,2,41,22.166,22166.0
1024,2020,6,25,25,25,18,lance-stroll,racing-point,bwt-mercedes,pirelli,2,42,22.388,22388.0
1024,2020,6,26,26,26,10,pierre-gasly,alphatauri,honda,pirelli,2,42,22.394,22394.0
1024,2020,6,27,27,27,4,lando-norris,mclaren,renault,pirelli,2,44,21.761,21761.0
1024,2020,6,28,28,28,7,kimi-raikkonen,alfa-romeo,ferrari,pirelli,2,44,22.197,22197.0
1024,2020,6,29,29,29,26,daniil-kvyat,alphatauri,honda,pirelli,2,45,22.079,22079.0
1024,2020,6,30,30,30,99,antonio-giovinazzi,alfa-romeo,ferrari,pirelli,2,45,21.794,21794.0
1024,2020,6,31,31,31,77,valtteri-bottas,mercedes,mercedes,pirelli,2,48,22.143,22143.0
1024,2020,6,32,32,32,44,lewis-hamilton,mercedes,mercedes,pirelli,2,50,21.853,21853.0
1024,2020,6,33,33,33,6,nicholas-latifi,williams,mercedes,pirelli,2,49,22.475,22475.0
1024,2020,6,34,34,34,8,romain-grosjean,haas,ferrari,pirelli,2,62,24.010,24010.0
1024,2020,6,35,35,35,77,valtteri-bottas,mercedes,mercedes,pirelli,3,64,22.607,22607.0
1025,2020,7,1,1,1,16,charles-leclerc,ferrari,ferrari,pirelli,1,10,30.678,30678.0
1025,2020,7,2,2,2,7,kimi-raikkonen,alfa-romeo,ferrari,pirelli,1,10,22.960,22960.0
1025,2020,7,3,3,3,8,romain-grosjean,haas,ferrari,pirelli,1,10,23.636,23636.0
1025,2020,7,4,4,4,20,kevin-magnussen,haas,ferrari,pirelli,1,10,26.156,26156.0
1025,2020,7,5,5,5,6,nicholas-latifi,williams,mercedes,pirelli,1,10,23.532,23532.0
1025,2020,7,6,6,6,44,lewis-hamilton,mercedes,mercedes,pirelli,1,11,23.298,23298.0
1025,2020,7,7,7,7,77,valtteri-bottas,mercedes,mercedes,pirelli,1,11,25.548,25548.0
1025,2020,7,8,8,8,33,max-verstappen,red-bull,honda,pirelli,1,11,23.314,23314.0
1025,2020,7,9,9,9,3,daniel-ricciardo,renault,renault,pirelli,1,11,23.586,23586.0
1025,2020,7,10,10,10,31,esteban-ocon,renault,renault,pirelli,1,11,24.305,24305.0
1025,2020,7,11,11,11,23,alexander-albon,red-bull,honda,pirelli,1,11,22.738,22738.0
1025,2020,7,12,12,12,18,lance-stroll,racing-point,bwt-mercedes,pirelli,1,11,23.689,23689.0
1025,2020,7,13,13,13,4,lando-norris,mclaren,renault,pirelli,1,11,23.046,23046.0
1025,2020,7,14,14,14,26,daniil-kvyat,alphatauri,honda,pirelli,1,11,23.769,23769.0
1025,2020,7,15,15,15,5,sebastian-vettel,ferrari,ferrari,pirelli,1,11,22.982,22982.0
1025,2020,7,16,16,16,11,sergio-perez,racing-point,bwt-mercedes,pirelli,1,18,23.175,23175.0
1025,2020,7,17,17,17,16,charles-leclerc,ferrari,ferrari,pirelli,2,24,25.100,25100.0
1025,2020,7,18,18,18,10,pierre-gasly,alphatauri,honda,pirelli,1,26,22.681,22681.0
1025,2020,7,19,19,19,6,nicholas-latifi,williams,mercedes,pirelli,2,30,23.477,23477.0
1025,2020,7,20,20,20,20,kevin-magnussen,haas,ferrari,pirelli,2,35,24.339,24339.0
1026,2020,8,1,1,1,20,kevin-magnussen,haas,ferrari,pirelli,1,1,40.078,40078.0
1026,2020,8,2,2,2,6,nicholas-latifi,williams,mercedes,pirelli,1,16,26.335,26335.0
1026,2020,8,3,3,3,16,charles-leclerc,ferrari,ferrari,pirelli,1,17,24.344,24344.0
1026,2020,8,4,4,4,7,kimi-raikkonen,alfa-romeo,ferrari,pirelli,1,18,24.454,24454.0
1026,2020,8,5,5,5,10,pierre-gasly,alphatauri,honda,pirelli,1,19,24.096,24096.0
1026,2020,8,6,6,6,44,lewis-hamilton,mercedes,mercedes,pirelli,1,20,24.671,24671.0
1026,2020,8,7,7,7,99,antonio-giovinazzi,alfa-romeo,ferrari,pirelli,1,20,23.998,23998.0
1026,2020,8,8,8,8,55,carlos-sainz-jr,mclaren,renault,pirelli,1,22,24.398,24398.0
1026,2020,8,9,9,9,4,lando-norris,mclaren,renault,pirelli,1,22,24.612,24612.0
1026,2020,8,10,10,10,3,daniel-ricciardo,renault,renault,pirelli,1,22,25.498,25498.0
1026,2020,8,11,11,11,11,sergio-perez,racing-point,bwt-mercedes,pirelli,1,22,26.693,26693.0
1026,2020,8,12,12,12,77,valtteri-bottas,mercedes,mercedes,pirelli,1,22,24.410,24410.0
1026,2020,8,13,13,13,33,max-verstappen,red-bull,honda,pirelli,1,22,26.149,26149.0
1026,2020,8,14,14,14,31,esteban-ocon,renault,renault,pirelli,1,22,25.290,25290.0
1026,2020,8,15,15,15,26,daniil-kvyat,alphatauri,honda,pirelli,1,22,25.920,25920.0
1026,2020,8,16,16,16,23,alexander-albon,red-bull,honda,pirelli,1,22,29.661,29661.0
1026,2020,8,17,17,17,8,romain-grosjean,haas,ferrari,pirelli,1,22,25.936,25936.0
1026,2020,8,18,18,18,63,george-russell,williams,mercedes,pirelli,1,22,25.249,25249.0
1026,2020,8,19,19,19,44,lewis-hamilton,mercedes,mercedes,pirelli,2,26,25:16.864,1516864.0
1026,2020,8,20,20,20,18,lance-stroll,racing-point,bwt-mercedes,pirelli,1,26,25:17.308,1517308.0
1026,2020,8,21,21,21,10,pierre-gasly,alphatauri,honda,pirelli,2,26,25:19.879,1519879.0
1026,2020,8,22,22,22,7,kimi-raikkonen,alfa-romeo,ferrari,pirelli,2,26,25:20.985,1520985.0
1026,2020,8,23,23,23,99,antonio-giovinazzi,alfa-romeo,ferrari,pirelli,2,26,25:21.825,1521825.0
1026,2020,8,24,24,24,55,carlos-sainz-jr,mclaren,renault,pirelli,2,26,25:22.369,1522369.0
1026,2020,8,25,25,25,4,lando-norris,mclaren,renault,pirelli,2,26,25:22.009,1522009.0
1026,2020,8,26,26,26,77,valtteri-bottas,mercedes,mercedes,pirelli,2,26,25:22.264,1522264.0
1026,2020,8,27,27,27,6,nicholas-latifi,williams,mercedes,pirelli,2,26,25:23.130,1523130.0
1026,2020,8,28,28,28,3,daniel-ricciardo,renault,renault,pirelli,2,26,25:23.637,1523637.0
1026,2020,8,29,29,29,33,max-verstappen,red-bull,honda,pirelli,2,26,25:22.796,1522796.0
1026,2020,8,30,30,30,31,esteban-ocon,renault,renault,pirelli,2,26,25:23.223,1523223.0
1026,2020,8,31,31,31,26,daniil-kvyat,alphatauri,honda,pirelli,2,26,25:24.139,1524139.0
1026,2020,8,32,32,32,11,sergio-perez,racing-point,bwt-mercedes,pirelli,2,26,25:24.989,1524989.0
1026,2020,8,33,33,33,63,george-russell,williams,mercedes,pirelli,2,26,25:27.938,1527938.0
1026,2020,8,34,34,34,23,alexander-albon,red-bull,honda,pirelli,2,26,25:28.247,1528247.0
1026,2020,8,35,35,35,8,romain-grosjean,haas,ferrari,pirelli,2,26,25:30.188,1530188.0
1026,2020,8,36,36,36,44,lewis-hamilton,mercedes,mercedes,pirelli,3,28,31.643,31643.0
1026,2020,8,37,37,37,99,antonio-giovinazzi,alfa-romeo,ferrari,pirelli,3,30,31.480,31480.0
1027,2020,9,1,1,1,7,kimi-raikkonen,alfa-romeo,ferrari,pirelli,1,1,30.623,30623.0
1027,2020,9,2,2,2,5,sebastian-vettel,ferrari,ferrari,pirelli,1,1,33.583,33583.0
1027,2020,9,3,3,3,77,valtteri-bottas,mercedes,mercedes,pirelli,1,7,17.560,17560.0
1027,2020,9,4,4,4,44,lewis-hamilton,mercedes,mercedes,pirelli,1,7,17.536,17536.0
1027,2020,9,5,5,5,16,charles-leclerc,ferrari,ferrari,pirelli,1,7,17.516,17516.0
1027,2020,9,6,6,6,23,alexander-albon,red-bull,honda,pirelli,1,7,17.591,17591.0
1027,2020,9,7,7,7,18,lance-stroll,racing-point,bwt-mercedes,pirelli,1,7,17.625,17625.0
1027,2020,9,8,8,8,3,daniel-ricciardo,renault,renault,pirelli,1,7,17.464,17464.0
1027,2020,9,9,9,9,11,sergio-perez,racing-point,bwt-mercedes,pirelli,1,7,17.531,17531.0
1027,2020,9,10,10,10,4,lando-norris,mclaren,renault,pirelli,1,7,17.845,17845.0
1027,2020,9,11,11,11,26,daniil-kvyat,alphatauri,honda,pirelli,1,7,17.522,17522.0
1027,2020,9,12,12,12,31,esteban-ocon,renault,renault,pirelli,1,7,17.455,17455.0
1027,2020,9,13,13,13,63,george-russell,williams,mercedes,pirelli,1,7,18.399,18399.0
1027,2020,9,14,14,14,7,kimi-raikkonen,alfa-romeo,ferrari,pirelli,2,7,17.594,17594.0
1027,2020,9,15,15,15,5,sebastian-vettel,ferrari,ferrari,pirelli,2,7,17.516,17516.0
1027,2020,9,16,16,16,8,romain-grosjean,haas,ferrari,pirelli,1,7,24.781,24781.0
1027,2020,9,17,17,17,77,valtteri-bottas,mercedes,mercedes,pirelli,2,8,23:56.402,1436402.0
1027,2020,9,18,18,18,44,lewis-hamilton,mercedes,mercedes,pirelli,2,8,23:56.696,1436696.0
1027,2020,9,19,19,19,16,charles-leclerc,ferrari,ferrari,pirelli,2,8,23:56.871,1436871.0
1027,2020,9,20,20,20,23,alexander-albon,red-bull,honda,pirelli,2,8,23:58.719,1438719.0
1027,2020,9,21,21,21,18,lance-stroll,racing-point,bwt-mercedes,pirelli,2,8,23:59.578,1439578.0
1027,2020,9,22,22,22,3,daniel-ricciardo,renault,renault,pirelli,2,8,24:01.000,1441000.0
1027,2020,9,23,23,23,11,sergio-perez,racing-point,bwt-mercedes,pirelli,2,8,24:01.547,1441547.0
1027,2020,9,24,24,24,4,lando-norris,mclaren,renault,pirelli,2,8,24:05.614,1445614.0
1027,2020,9,25,25,25,26,daniil-kvyat,alphatauri,honda,pirelli,2,8,24:05.955,1445955.0
1027,2020,9,26,26,26,63,george-russell,williams,mercedes,pirelli,2,8,24:07.186,1447186.0
1027,2020,9,27,27,27,7,kimi-raikkonen,alfa-romeo,ferrari,pirelli,3,8,24:10.186,1450186.0
1027,2020,9,28,28,28,5,sebastian-vettel,ferrari,ferrari,pirelli,3,8,24:09.513,1449513.0
1027,2020,9,29,29,29,8,romain-grosjean,haas,ferrari,pirelli,2,8,24:10.651,1450651.0
1027,2020,9,30,30,30,16,charles-leclerc,ferrari,ferrari,pirelli,3,21,23.469,23469.0
1027,2020,9,31,31,31,3,daniel-ricciardo,renault,renault,pirelli,3,27,22.777,22777.0
1027,2020,9,32,32,32,7,kimi-raikkonen,alfa-romeo,ferrari,pirelli,4,27,33.281,33281.0
1027,2020,9,33,33,33,11,sergio-perez,racing-point,bwt-mercedes,pirelli,3,28,23.088,23088.0
1027,2020,9,34,34,34,5,sebastian-vettel,ferrari,ferrari,pirelli,4,28,22.995,22995.0
1027,2020,9,35,35,35,8,romain-grosjean,haas,ferrari,pirelli,3,28,23.720,23720.0
1027,2020,9,36,36,36,4,lando-norris,mclaren,renault,pirelli,3,29,24.137,24137.0
1027,2020,9,37,37,37,26,daniil-kvyat,alphatauri,honda,pirelli,3,29,23.113,23113.0
1027,2020,9,38,38,38,63,george-russell,williams,mercedes,pirelli,3,29,23.638,23638.0
1027,2020,9,39,39,39,18,lance-stroll,racing-point,bwt-mercedes,pirelli,3,30,22.846,22846.0
1027,2020,9,40,40,40,77,valtteri-bottas,mercedes,mercedes,pirelli,3,31,23.111,23111.0
1027,2020,9,41,41,41,44,lewis-hamilton,mercedes,mercedes,pirelli,3,32,22.445,22445.0
1027,2020,9,42,42,42,23,alexander-albon,red-bull,honda,pirelli,3,32,22.387,22387.0
1027,2020,9,43,43,43,16,charles-leclerc,ferrari,ferrari,pirelli,4,37,23.367,23367.0
1027,2020,9,44,44,44,7,kimi-raikkonen,alfa-romeo,ferrari,pirelli,5,42,28.960,28960.0
1027,2020,9,45,45,45,77,valtteri-bottas,mercedes,mercedes,pirelli,4,43,23.199,23199.0
1027,2020,9,46,46,46,8,romain-grosjean,haas,ferrari,pirelli,4,42,24.002,24002.0
1027,2020,9,47,47,47,3,daniel-ricciardo,renault,renault,pirelli,4,43,22.963,22963.0
1027,2020,9,48,48,48,23,alexander-albon,red-bull,honda,pirelli,4,43,22.822,22822.0
1027,2020,9,49,49,49,11,sergio-perez,racing-point,bwt-mercedes,pirelli,4,43,23.002,23002.0
1027,2020,9,50,50,50,4,lando-norris,mclaren,renault,pirelli,4,43,24.820,24820.0
1027,2020,9,51,51,51,26,daniil-kvyat,alphatauri,honda,pirelli,4,43,22.745,22745.0
1027,2020,9,52,52,52,63,george-russell,williams,mercedes,pirelli,4,43,23.367,23367.0
1027,2020,9,53,53,53,5,sebastian-vettel,ferrari,ferrari,pirelli,5,43,22.489,22489.0
1027,2020,9,54,54,54,44,lewis-hamilton,mercedes,mercedes,pirelli,4,44,22.800,22800.0
1027,2020,9,55,55,55,44,lewis-hamilton,mercedes,mercedes,pirelli,5,45,21:40.911,1300911.0
1027,2020,9,56,56,56,77,valtteri-bottas,mercedes,mercedes,pirelli,5,45,21:42.010,1302010.0
1027,2020,9,57,57,57,7,kimi-raikkonen,alfa-romeo,ferrari,pirelli,6,44,19:40.725,1180725.0
1027,2020,9,58,58,58,8,romain-grosjean,haas,ferrari,pirelli,5,44,19:41.863,1181863.0
1027,2020,9,59,59,59,3,daniel-ricciardo,renault,renault,pirelli,5,45,21:39.801,1299801.0
1027,2020,9,60,60,60,23,alexander-albon,red-bull,honda,pirelli,5,45,21:42.435,1302435.0
1027,2020,9,61,61,61,11,sergio-perez,racing-point,bwt-mercedes,pirelli,5,45,21:39.712,1299712.0
1027,2020,9,62,62,62,4,lando-norris,mclaren,renault,pirelli,5,45,21:32.871,1292871.0
1027,2020,9,63,63,63,26,daniil-kvyat,alphatauri,honda,pirelli,5,45,21:30.227,1290227.0
1027,2020,9,64,64,64,16,charles-leclerc,ferrari,ferrari,pirelli,5,45,21:25.145,1285145.0
1027,2020,9,65,65,65,63,george-russell,williams,mercedes,pirelli,5,45,21:09.095,1269095.0
1027,2020,9,66,66,66,5,sebastian-vettel,ferrari,ferrari,pirelli,6,45,21:06.590,1266590.0
1028,2020,10,1,1,1,63,george-russell,williams,mercedes,pirelli,1,1,30.165,30165.0
1028,2020,10,2,2,2,23,alexander-albon,red-bull,honda,pirelli,1,1,30.211,30211.0
1028,2020,10,3,3,3,4,lando-norris,mclaren,renault,pirelli,1,1,37.108,37108.0
1028,2020,10,4,4,4,63,george-russell,williams,mercedes,pirelli,2,14,29.433,29433.0
1028,2020,10,5,5,5,3,daniel-ricciardo,renault,renault,pirelli,1,15,30.112,30112.0
1028,2020,10,6,6,6,44,lewis-hamilton,mercedes,mercedes,pirelli,1,16,41.352,41352.0
1028,2020,10,7,7,7,99,antonio-giovinazzi,alfa-romeo,ferrari,pirelli,1,16,29.767,29767.0
1028,2020,10,8,8,8,8,romain-grosjean,haas,ferrari,pirelli,1,17,30.054,30054.0
1028,2020,10,9,9,9,6,nicholas-latifi,williams,mercedes,pirelli,1,17,29.862,29862.0
1028,2020,10,10,10,10,31,esteban-ocon,renault,renault,pirelli,1,18,30.068,30068.0
1028,2020,10,11,11,11,10,pierre-gasly,alphatauri,honda,pirelli,1,18,29.770,29770.0
1028,2020,10,12,12,12,20,kevin-magnussen,haas,ferrari,pirelli,1,19,30.188,30188.0
1028,2020,10,13,13,13,11,sergio-perez,racing-point,bwt-mercedes,pirelli,1,20,29.602,29602.0
1028,2020,10,14,14,14,33,max-verstappen,red-bull,honda,pirelli,1,25,28.748,28748.0
1028,2020,10,15,15,15,77,valtteri-bottas,mercedes,mercedes,pirelli,1,26,29.750,29750.0
1028,2020,10,16,16,16,23,alexander-albon,red-bull,honda,pirelli,2,27,30.111,30111.0
1028,2020,10,17,17,17,16,charles-leclerc,ferrari,ferrari,pirelli,1,28,30.261,30261.0
1028,2020,10,18,18,18,26,daniil-kvyat,alphatauri,honda,pirelli,1,30,29.662,29662.0
1028,2020,10,19,19,19,5,sebastian-vettel,ferrari,ferrari,pirelli,1,30,29.395,29395.0
1028,2020,10,20,20,20,7,kimi-raikkonen,alfa-romeo,ferrari,pirelli,1,35,33.317,33317.0
1028,2020,10,21,21,21,10,pierre-gasly,alphatauri,honda,pirelli,2,42,29.409,29409.0
1028,2020,10,22,22,22,8,romain-grosjean,haas,ferrari,pirelli,2,42,29.988,29988.0
1028,2020,10,23,23,23,4,lando-norris,mclaren,renault,pirelli,2,47,31.368,31368.0
1028,2020,10,24,24,24,63,george-russell,williams,mercedes,pirelli,3,50,29.675,29675.0
1029,2020,11,1,1,1,23,alexander-albon,red-bull,honda,pirelli,1,7,23.562,23562.0
1029,2020,11,2,2,2,16,charles-leclerc,ferrari,ferrari,pirelli,1,10,22.560,22560.0
1029,2020,11,3,3,3,7,kimi-raikkonen,alfa-romeo,ferrari,pirelli,1,10,22.865,22865.0
1029,2020,11,4,4,4,63,george-russell,williams,mercedes,pirelli,1,11,22.496,22496.0
1029,2020,11,5,5,5,5,sebastian-vettel,ferrari,ferrari,pirelli,1,11,22.616,22616.0
1029,2020,11,6,6,6,77,valtteri-bottas,mercedes,mercedes,pirelli,1,13,22.625,22625.0
1029,2020,11,7,7,7,20,kevin-magnussen,haas,ferrari,pirelli,1,14,23.016,23016.0
1029,2020,11,8,8,8,6,nicholas-latifi,williams,mercedes,pirelli,1,14,24.737,24737.0
1029,2020,11,9,9,9,99,antonio-giovinazzi,alfa-romeo,ferrari,pirelli,1,15,22.482,22482.0
1029,2020,11,10,10,10,44,lewis-hamilton,mercedes,mercedes,pirelli,1,16,23.983,23983.0
1029,2020,11,11,11,11,33,max-verstappen,red-bull,honda,pirelli,1,16,22.106,22106.0
1029,2020,11,12,12,12,3,daniel-ricciardo,renault,renault,pirelli,1,16,22.159,22159.0
1029,2020,11,13,13,13,26,daniil-kvyat,alphatauri,honda,pirelli,1,17,30.826,30826.0
1029,2020,11,14,14,14,11,sergio-perez,racing-point,bwt-mercedes,pirelli,1,28,22.880,22880.0
1029,2020,11,15,15,15,55,carlos-sainz-jr,mclaren,renault,pirelli,1,28,22.641,22641.0
1029,2020,11,16,16,16,8,romain-grosjean,haas,ferrari,pirelli,1,28,23.635,23635.0
1029,2020,11,17,17,17,4,lando-norris,mclaren,renault,pirelli,1,29,21.991,21991.0
1029,2020,11,18,18,18,27,nico-hulkenberg,racing-point,bwt-mercedes,pirelli,1,29,22.700,22700.0
1029,2020,11,19,19,19,10,pierre-gasly,alphatauri,honda,pirelli,1,30,22.625,22625.0
1029,2020,11,20,20,20,6,nicholas-latifi,williams,mercedes,pirelli,2,33,24.063,24063.0
1029,2020,11,21,21,21,20,kevin-magnussen,haas,ferrari,pirelli,2,34,23.114,23114.0
1029,2020,11,22,22,22,16,charles-leclerc,ferrari,ferrari,pirelli,2,35,23.111,23111.0
1029,2020,11,23,23,23,99,antonio-giovinazzi,alfa-romeo,ferrari,pirelli,2,36,22.772,22772.0
1029,2020,11,24,24,24,5,sebastian-vettel,ferrari,ferrari,pirelli,2,41,24.366,24366.0
1029,2020,11,25,25,25,3,daniel-ricciardo,renault,renault,pirelli,2,44,22.530,22530.0
1029,2020,11,26,26,26,55,carlos-sainz-jr,mclaren,renault,pirelli,2,44,22.503,22503.0
1029,2020,11,27,27,27,44,lewis-hamilton,mercedes,mercedes,pirelli,2,45,23.180,23180.0
1029,2020,11,28,28,28,33,max-verstappen,red-bull,honda,pirelli,2,45,22.568,22568.0
1029,2020,11,29,29,29,10,pierre-gasly,alphatauri,honda,pirelli,2,44,22.917,22917.0
1029,2020,11,30,30,30,27,nico-hulkenberg,racing-point,bwt-mercedes,pirelli,2,44,22.686,22686.0
1029,2020,11,31,31,31,7,kimi-raikkonen,alfa-romeo,ferrari,pirelli,2,44,33.016,33016.0
1029,2020,11,32,32,32,26,daniil-kvyat,alphatauri,honda,pirelli,2,44,22.527,22527.0
1029,2020,11,33,33,33,11,sergio-perez,racing-point,bwt-mercedes,pirelli,2,45,22.612,22612.0
1030,2020,12,1,1,1,11,sergio-perez,racing-point,bwt-mercedes,pirelli,1,1,26.177,26177.0
1030,2020,12,2,2,2,7,kimi-raikkonen,alfa-romeo,ferrari,pirelli,1,11,29.061,29061.0
1030,2020,12,3,3,3,3,daniel-ricciardo,renault,renault,pirelli,1,14,26.999,26999.0
1030,2020,12,4,4,4,4,lando-norris,mclaren,renault,pirelli,1,18,34.807,34807.0
1030,2020,12,5,5,5,18,lance-stroll,racing-point,bwt-mercedes,pirelli,1,18,36.314,36314.0
1030,2020,12,6,6,6,23,alexander-albon,red-bull,honda,pirelli,1,19,26.287,26287.0
1030,2020,12,7,7,7,33,max-verstappen,red-bull,honda,pirelli,1,23,26.394,26394.0
1030,2020,12,8,8,8,6,nicholas-latifi,williams,mercedes,pirelli,1,24,26.739,26739.0
1030,2020,12,9,9,9,26,daniil-kvyat,alphatauri,honda,pirelli,1,25,27.211,27211.0
1030,2020,12,10,10,10,55,carlos-sainz-jr,mclaren,renault,pirelli,1,26,27.299,27299.0
1030,2020,12,11,11,11,8,romain-grosjean,haas,ferrari,pirelli,1,26,26.985,26985.0
1030,2020,12,12,12,12,5,sebastian-vettel,ferrari,ferrari,pirelli,1,27,26.666,26666.0
1030,2020,12,13,13,13,10,pierre-gasly,alphatauri,honda,pirelli,1,28,27.204,27204.0
1030,2020,12,14,14,14,99,antonio-giovinazzi,alfa-romeo,ferrari,pirelli,1,28,26.473,26473.0
1030,2020,12,15,15,15,20,kevin-magnussen,haas,ferrari,pirelli,1,31,27.300,27300.0
1030,2020,12,16,16,16,16,charles-leclerc,ferrari,ferrari,pirelli,1,34,26.940,26940.0
1030,2020,12,17,17,17,18,lance-stroll,racing-point,bwt-mercedes,pirelli,2,34,37.483,37483.0
1030,2020,12,18,18,18,63,george-russell,williams,mercedes,pirelli,1,36,32.991,32991.0
1030,2020,12,19,19,19,44,lewis-hamilton,mercedes,mercedes,pirelli,1,40,27.162,27162.0
1030,2020,12,20,20,20,77,valtteri-bottas,mercedes,mercedes,pirelli,1,41,26.512,26512.0
1030,2020,12,21,21,21,4,lando-norris,mclaren,renault,pirelli,2,43,27.750,27750.0
1030,2020,12,22,22,22,11,sergio-perez,racing-point,bwt-mercedes,pirelli,2,45,26.635,26635.0
1030,2020,12,23,23,23,23,alexander-albon,red-bull,honda,pirelli,2,46,25.882,25882.0
1030,2020,12,24,24,24,31,esteban-ocon,renault,renault,pirelli,1,53,28.535,28535.0
1030,2020,12,25,25,25,26,daniil-kvyat,alphatauri,honda,pirelli,2,55,32.943,32943.0
1031,2020,13,1,1,1,18,lance-stroll,racing-point,bwt-mercedes,pirelli,1,1,36.189,36189.0
1031,2020,13,2,2,2,8,romain-grosjean,haas,ferrari,pirelli,1,9,30.422,30422.0
1031,2020,13,3,3,3,99,antonio-giovinazzi,alfa-romeo,ferrari,pirelli,1,10,29.745,29745.0
1031,2020,13,4,4,4,63,george-russell,williams,mercedes,pirelli,1,11,29.707,29707.0
1031,2020,13,5,5,5,16,charles-leclerc,ferrari,ferrari,pirelli,1,13,30.243,30243.0
1031,2020,13,6,6,6,4,lando-norris,mclaren,renault,pirelli,1,13,29.683,29683.0
1031,2020,13,7,7,7,31,esteban-ocon,renault,renault,pirelli,1,13,30.559,30559.0
1031,2020,13,8,8,8,3,daniel-ricciardo,renault,renault,pirelli,1,14,30.204,30204.0
1031,2020,13,9,9,9,26,daniil-kvyat,alphatauri,honda,pirelli,1,14,30.277,30277.0
1031,2020,13,10,10,10,23,alexander-albon,red-bull,honda,pirelli,1,14,29.770,29770.0
1031,2020,13,11,11,11,55,carlos-sainz-jr,mclaren,renault,pirelli,1,17,29.950,29950.0
1031,2020,13,12,12,12,33,max-verstappen,red-bull,honda,pirelli,1,18,29.427,29427.0
1031,2020,13,13,13,13,77,valtteri-bottas,mercedes,mercedes,pirelli,1,19,29.600,29600.0
1031,2020,13,14,14,14,11,sergio-perez,racing-point,bwt-mercedes,pirelli,1,27,29.985,29985.0
1031,2020,13,15,15,15,20,kevin-magnussen,haas,ferrari,pirelli,1,27,30.708,30708.0
1031,2020,13,16,16,16,44,lewis-hamilton,mercedes,mercedes,pirelli,1,30,30.382,30382.0
1031,2020,13,17,17,17,18,lance-stroll,racing-point,bwt-mercedes,pirelli,2,29,30.566,30566.0
1031,2020,13,18,18,18,6,nicholas-latifi,williams,mercedes,pirelli,1,34,29.892,29892.0
1031,2020,13,19,19,19,5,sebastian-vettel,ferrari,ferrari,pirelli,1,39,40.497,40497.0
1031,2020,13,20,20,20,7,kimi-raikkonen,alfa-romeo,ferrari,pirelli,1,48,29.863,29863.0
1031,2020,13,21,21,21,8,romain-grosjean,haas,ferrari,pirelli,2,50,31.199,31199.0
1031,2020,13,22,22,22,77,valtteri-bottas,mercedes,mercedes,pirelli,2,51,30.129,30129.0
1031,2020,13,23,23,23,11,sergio-perez,racing-point,bwt-mercedes,pirelli,2,51,30.555,30555.0
1031,2020,13,24,24,24,26,daniil-kvyat,alphatauri,honda,pirelli,2,51,29.809,29809.0
1031,2020,13,25,25,25,55,carlos-sainz-jr,mclaren,renault,pirelli,2,51,30.614,30614.0
1031,2020,13,26,26,26,44,lewis-hamilton,mercedes,mercedes,pirelli,2,52,30.925,30925.0
1031,2020,13,27,27,27,5,sebastian-vettel,ferrari,ferrari,pirelli,2,51,29.934,29934.0
1031,2020,13,28,28,28,18,lance-stroll,racing-point,bwt-mercedes,pirelli,3,52,36.630,36630.0
1031,2020,13,29,29,29,4,lando-norris,mclaren,renault,pirelli,2,53,30.203,30203.0
1031,2020,13,30,30,30,23,alexander-albon,red-bull,honda,pirelli,2,59,29.552,29552.0
1032,2020,14,1,1,1,31,esteban-ocon,renault,renault,pirelli,1,1,25.719,25719.0
1032,2020,14,2,2,2,16,charles-leclerc,ferrari,ferrari,pirelli,1,6,24.275,24275.0
1032,2020,14,3,3,3,77,valtteri-bottas,mercedes,mercedes,pirelli,1,7,23.398,23398.0
1032,2020,14,4,4,4,5,sebastian-vettel,ferrari,ferrari,pirelli,1,8,24.022,24022.0
1032,2020,14,5,5,5,44,lewis-hamilton,mercedes,mercedes,pirelli,1,8,23.860,23860.0
1032,2020,14,6,6,6,7,kimi-raikkonen,alfa-romeo,ferrari,pirelli,1,8,30.765,30765.0
1032,2020,14,7,7,7,20,kevin-magnussen,haas,ferrari,pirelli,1,8,24.552,24552.0
1032,2020,14,8,8,8,99,antonio-giovinazzi,alfa-romeo,ferrari,pirelli,1,8,25.432,25432.0
1032,2020,14,9,9,9,26,daniil-kvyat,alphatauri,honda,pirelli,1,8,23.417,23417.0
1032,2020,14,10,10,10,8,romain-grosjean,haas,ferrari,pirelli,1,8,26.686,26686.0
1032,2020,14,11,11,11,18,lance-stroll,racing-point,bwt-mercedes,pirelli,1,9,23.730,23730.0
1032,2020,14,12,12,12,6,nicholas-latifi,williams,mercedes,pirelli,1,8,24.738,24738.0
1032,2020,14,13,13,13,4,lando-norris,mclaren,renault,pirelli,1,9,22.684,22684.0
1032,2020,14,14,14,14,11,sergio-perez,racing-point,bwt-mercedes,pirelli,1,10,25.163,25163.0
1032,2020,14,15,15,15,3,daniel-ricciardo,renault,renault,pirelli,1,10,23.470,23470.0
1032,2020,14,16,16,16,55,carlos-sainz-jr,mclaren,renault,pirelli,1,10,23.910,23910.0
1032,2020,14,17,17,17,10,pierre-gasly,alphatauri,honda,pirelli,1,10,23.669,23669.0
1032,2020,14,18,18,18,31,esteban-ocon,renault,renault,pirelli,2,10,23.475,23475.0
1032,2020,14,19,19,19,33,max-verstappen,red-bull,honda,pirelli,1,11,24.256,24256.0
1032,2020,14,20,20,20,23,alexander-albon,red-bull,honda,pirelli,1,12,22.602,22602.0
1032,2020,14,21,21,21,33,max-verstappen,red-bull,honda,pirelli,2,18,22.518,22518.0
1032,2020,14,22,22,22,16,charles-leclerc,ferrari,ferrari,pirelli,2,30,23.687,23687.0
1032,2020,14,23,23,23,7,kimi-raikkonen,alfa-romeo,ferrari,pirelli,2,30,31.356,31356.0
1032,2020,14,24,24,24,3,daniel-ricciardo,renault,renault,pirelli,2,32,23.208,23208.0
1032,2020,14,25,25,25,63,george-russell,williams,mercedes,pirelli,1,32,22.692,22692.0
1032,2020,14,26,26,26,5,sebastian-vettel,ferrari,ferrari,pirelli,2,33,25.401,25401.0
1032,2020,14,27,27,27,55,carlos-sainz-jr,mclaren,renault,pirelli,2,33,23.537,23537.0
1032,2020,14,28,28,28,10,pierre-gasly,alphatauri,honda,pirelli,2,33,23.288,23288.0
1032,2020,14,29,29,29,23,alexander-albon,red-bull,honda,pirelli,2,34,22.490,22490.0
1032,2020,14,30,30,30,20,kevin-magnussen,haas,ferrari,pirelli,2,34,2:33.964,153964.0
1032,2020,14,31,31,31,18,lance-stroll,racing-point,bwt-mercedes,pirelli,2,36,23.650,23650.0
1032,2020,14,32,32,32,4,lando-norris,mclaren,renault,pirelli,2,36,23.686,23686.0
1032,2020,14,33,33,33,8,romain-grosjean,haas,ferrari,pirelli,2,36,31.422,31422.0
1032,2020,14,34,34,34,6,nicholas-latifi,williams,mercedes,pirelli,2,38,36.599,36599.0
1032,2020,14,35,35,35,33,max-verstappen,red-bull,honda,pirelli,3,43,22.787,22787.0
1032,2020,14,36,36,36,63,george-russell,williams,mercedes,pirelli,2,42,22.888,22888.0
1032,2020,14,37,37,37,77,valtteri-bottas,mercedes,mercedes,pirelli,2,46,22.853,22853.0
1032,2020,14,38,38,38,7,kimi-raikkonen,alfa-romeo,ferrari,pirelli,3,50,23.180,23180.0
1033,2020,15,1,1,1,44,lewis-hamilton,mercedes,mercedes,pirelli,1,1,19:23.979,1163979.0
1033,2020,15,2,2,2,33,max-verstappen,red-bull,honda,pirelli,1,1,19:24.529,1164529.0
1033,2020,15,3,3,3,11,sergio-perez,racing-point,bwt-mercedes,pirelli,1,1,19:23.442,1163442.0
1033,2020,15,4,4,4,23,alexander-albon,red-bull,honda,pirelli,1,1,19:21.607,1161607.0
1033,2020,15,5,5,5,3,daniel-ricciardo,renault,renault,pirelli,1,1,19:19.722,1159722.0
1033,2020,15,6,6,6,77,valtteri-bottas,mercedes,mercedes,pirelli,1,1,19:19.205,1159205.0
1033,2020,15,7,7,7,10,pierre-gasly,alphatauri,honda,pirelli,1,1,19:20.469,1160469.0
1033,2020,15,8,8,8,31,esteban-ocon,renault,renault,pirelli,1,1,19:20.946,1160946.0
1033,2020,15,9,9,9,4,lando-norris,mclaren,renault,pirelli,1,1,19:13.898,1153898.0
1033,2020,15,10,10,10,16,charles-leclerc,ferrari,ferrari,pirelli,1,1,19:14.255,1154255.0
1033,2020,15,11,11,11,99,antonio-giovinazzi,alfa-romeo,ferrari,pirelli,1,1,19:14.906,1154906.0
1033,2020,15,12,12,12,18,lance-stroll,racing-point,bwt-mercedes,pirelli,1,1,19:14.123,1154123.0
1033,2020,15,13,13,13,55,carlos-sainz-jr,mclaren,renault,pirelli,1,1,19:17.291,1157291.0
1033,2020,15,14,14,14,20,kevin-magnussen,haas,ferrari,pirelli,1,1,19:16.990,1156990.0
1033,2020,15,15,15,15,5,sebastian-vettel,ferrari,ferrari,pirelli,1,1,19:17.042,1157042.0
1033,2020,15,16,16,16,6,nicholas-latifi,williams,mercedes,pirelli,1,1,19:17.995,1157995.0
1033,2020,15,17,17,17,7,kimi-raikkonen,alfa-romeo,ferrari,pirelli,1,1,19:21.539,1161539.0
1033,2020,15,18,18,18,63,george-russell,williams,mercedes,pirelli,1,1,19:23.297,1163297.0
1033,2020,15,19,19,19,26,daniil-kvyat,alphatauri,honda,pirelli,1,1,19:23.014,1163014.0
1033,2020,15,20,20,20,20,kevin-magnussen,haas,ferrari,pirelli,2,3,38.297,38297.0
1033,2020,15,21,21,21,77,valtteri-bottas,mercedes,mercedes,pirelli,2,4,24.936,24936.0
1033,2020,15,22,22,22,3,daniel-ricciardo,renault,renault,pirelli,2,16,24.617,24617.0
1033,2020,15,23,23,23,31,esteban-ocon,renault,renault,pirelli,2,17,24.076,24076.0
1033,2020,15,24,24,24,26,daniil-kvyat,alphatauri,honda,pirelli,2,17,37.317,37317.0
1033,2020,15,25,25,25,7,kimi-raikkonen,alfa-romeo,ferrari,pirelli,2,17,32.278,32278.0
1033,2020,15,26,26,26,4,lando-norris,mclaren,renault,pirelli,2,18,24.679,24679.0
1033,2020,15,27,27,27,44,lewis-hamilton,mercedes,mercedes,pirelli,2,19,24.061,24061.0
1033,2020,15,28,28,28,23,alexander-albon,red-bull,honda,pirelli,2,19,24.172,24172.0
1033,2020,15,29,29,29,33,max-verstappen,red-bull,honda,pirelli,2,20,24.622,24622.0
1033,2020,15,30,30,30,11,sergio-perez,racing-point,bwt-mercedes,pirelli,2,20,24.317,24317.0
1033,2020,15,31,31,31,63,george-russell,williams,mercedes,pirelli,2,20,24.029,24029.0
1033,2020,15,32,32,32,99,antonio-giovinazzi,alfa-romeo,ferrari,pirelli,2,20,24.145,24145.0
1033,2020,15,33,33,33,5,sebastian-vettel,ferrari,ferrari,pirelli,2,20,24.774,24774.0
1033,2020,15,34,34,34,55,carlos-sainz-jr,mclaren,renault,pirelli,2,21,24.511,24511.0
1033,2020,15,35,35,35,6,nicholas-latifi,williams,mercedes,pirelli,2,21,24.248,24248.0
1033,2020,15,36,36,36,16,charles-leclerc,ferrari,ferrari,pirelli,2,23,25.199,25199.0
1033,2020,15,37,37,37,10,pierre-gasly,alphatauri,honda,pirelli,2,25,24.398,24398.0
1033,2020,15,38,38,38,77,valtteri-bottas,mercedes,mercedes,pirelli,3,25,24.734,24734.0
1033,2020,15,39,39,39,20,kevin-magnussen,haas,ferrari,pirelli,3,27,25.924,25924.0
1033,2020,15,40,40,40,26,daniil-kvyat,alphatauri,honda,pirelli,3,33,24.135,24135.0
1033,2020,15,41,41,41,33,max-verstappen,red-bull,honda,pirelli,3,34,26.950,26950.0
1033,2020,15,42,42,42,23,alexander-albon,red-bull,honda,pirelli,3,34,23.848,23848.0
1033,2020,15,43,43,43,31,esteban-ocon,renault,renault,pirelli,3,34,25.254,25254.0
1033,2020,15,44,44,44,44,lewis-hamilton,mercedes,mercedes,pirelli,3,35,24.345,24345.0
1033,2020,15,45,45,45,11,sergio-perez,racing-point,bwt-mercedes,pirelli,3,36,24.589,24589.0
1033,2020,15,46,46,46,3,daniel-ricciardo,renault,renault,pirelli,3,36,24.817,24817.0
1033,2020,15,47,47,47,6,nicholas-latifi,williams,mercedes,pirelli,3,37,24.024,24024.0
1033,2020,15,48,48,48,4,lando-norris,mclaren,renault,pirelli,3,38,24.666,24666.0
1033,2020,15,49,49,49,77,valtteri-bottas,mercedes,mercedes,pirelli,4,38,24.675,24675.0
1033,2020,15,50,50,50,55,carlos-sainz-jr,mclaren,renault,pirelli,3,39,25.502,25502.0
1033,2020,15,51,51,51,63,george-russell,williams,mercedes,pirelli,3,39,27.146,27146.0
1033,2020,15,52,52,52,5,sebastian-vettel,ferrari,ferrari,pirelli,3,39,25.444,25444.0
1033,2020,15,53,53,53,16,charles-leclerc,ferrari,ferrari,pirelli,3,40,24.855,24855.0
1033,2020,15,54,54,54,7,kimi-raikkonen,alfa-romeo,ferrari,pirelli,3,40,25.270,25270.0
1033,2020,15,55,55,55,33,max-verstappen,red-bull,honda,pirelli,4,46,23.906,23906.0
1033,2020,15,56,56,56,99,antonio-giovinazzi,alfa-romeo,ferrari,pirelli,3,53,24.836,24836.0
1033,2020,15,57,57,57,20,kevin-magnussen,haas,ferrari,pirelli,4,53,25.793,25793.0
1034,2020,16,1,1,1,11,sergio-perez,racing-point,bwt-mercedes,pirelli,1,1,24.214,24214.0
1034,2020,16,2,2,2,4,lando-norris,mclaren,renault,pirelli,1,20,24.885,24885.0
1034,2020,16,3,3,3,7,kimi-raikkonen,alfa-romeo,ferrari,pirelli,1,23,28.518,28518.0
1034,2020,16,4,4,4,99,antonio-giovinazzi,alfa-romeo,ferrari,pirelli,1,26,24.810,24810.0
1034,2020,16,5,5,5,20,kevin-magnussen,haas,ferrari,pirelli,1,26,25.474,25474.0
1034,2020,16,6,6,6,26,daniil-kvyat,alphatauri,honda,pirelli,1,27,24.101,24101.0
1034,2020,16,7,7,7,6,nicholas-latifi,williams,mercedes,pirelli,1,27,24.297,24297.0
1034,2020,16,8,8,8,55,carlos-sainz-jr,mclaren,renault,pirelli,1,28,24.162,24162.0
1034,2020,16,9,9,9,10,pierre-gasly,alphatauri,honda,pirelli,1,28,25.077,25077.0
1034,2020,16,10,10,10,3,daniel-ricciardo,renault,renault,pirelli,1,29,24.474,24474.0
1034,2020,16,11,11,11,5,sebastian-vettel,ferrari,ferrari,pirelli,1,31,26.216,26216.0
1034,2020,16,12,12,12,89,jack-aitken,williams,mercedes,pirelli,1,31,24.863,24863.0
1034,2020,16,13,13,13,51,pietro-fittipaldi,haas,ferrari,pirelli,1,31,27.681,27681.0
1034,2020,16,14,14,14,31,esteban-ocon,renault,renault,pirelli,1,41,24.414,24414.0
1034,2020,16,15,15,15,18,lance-stroll,racing-point,bwt-mercedes,pirelli,1,42,24.684,24684.0
1034,2020,16,16,16,16,63,george-russell,mercedes,mercedes,pirelli,1,45,24.708,24708.0
1034,2020,16,17,17,17,11,sergio-perez,racing-point,bwt-mercedes,pirelli,2,47,24.507,24507.0
1034,2020,16,18,18,18,23,alexander-albon,red-bull,honda,pirelli,1,47,23.874,23874.0
1034,2020,16,19,19,19,77,valtteri-bottas,mercedes,mercedes,pirelli,1,49,24.552,24552.0
1034,2020,16,20,20,20,10,pierre-gasly,alphatauri,honda,pirelli,2,51,24.577,24577.0
1034,2020,16,21,21,21,26,daniil-kvyat,alphatauri,honda,pirelli,2,53,24.232,24232.0
1034,2020,16,22,22,22,4,lando-norris,mclaren,renault,pirelli,2,54,24.245,24245.0
1034,2020,16,23,23,23,51,pietro-fittipaldi,haas,ferrari,pirelli,2,53,26.393,26393.0
1034,2020,16,24,24,24,5,sebastian-vettel,ferrari,ferrari,pirelli,2,54,28.080,28080.0
1034,2020,16,25,25,25,99,antonio-giovinazzi,alfa-romeo,ferrari,pirelli,2,54,24.551,24551.0
1034,2020,16,26,26,26,20,kevin-magnussen,haas,ferrari,pirelli,2,54,25.466,25466.0
1034,2020,16,27,27,27,89,jack-aitken,williams,mercedes,pirelli,2,54,25.688,25688.0
1034,2020,16,28,28,28,7,kimi-raikkonen,alfa-romeo,ferrari,pirelli,2,54,24.401,24401.0
1034,2020,16,29,29,29,55,carlos-sainz-jr,mclaren,renault,pirelli,2,55,24.853,24853.0
1034,2020,16,30,30,30,3,daniel-ricciardo,renault,renault,pirelli,2,55,24.695,24695.0
1034,2020,16,31,31,31,89,jack-aitken,williams,mercedes,pirelli,3,59,40.028,40028.0
1034,2020,16,32,32,32,63,george-russell,mercedes,mercedes,pirelli,2,62,28.765,28765.0
1034,2020,16,33,33,33,77,valtteri-bottas,mercedes,mercedes,pirelli,2,62,52.874,52874.0
1034,2020,16,34,34,34,23,alexander-albon,red-bull,honda,pirelli,2,62,23.645,23645.0
1034,2020,16,35,35,35,63,george-russell,mercedes,mercedes,pirelli,3,63,24.724,24724.0
1034,2020,16,36,36,36,7,kimi-raikkonen,alfa-romeo,ferrari,pirelli,3,62,24.686,24686.0
1034,2020,16,37,37,37,5,sebastian-vettel,ferrari,ferrari,pirelli,3,63,24.809,24809.0
1034,2020,16,38,38,38,51,pietro-fittipaldi,haas,ferrari,pirelli,3,63,25.780,25780.0
1034,2020,16,39,39,39,63,george-russell,mercedes,mercedes,pirelli,4,78,24.235,24235.0
1035,2020,17,1,1,1,33,max-verstappen,red-bull,honda,pirelli,1,10,21.289,21289.0
1035,2020,17,2,2,2,77,valtteri-bottas,mercedes,mercedes,pirelli,1,10,21.587,21587.0
1035,2020,17,3,3,3,44,lewis-hamilton,mercedes,mercedes,pirelli,1,10,22.406,22406.0
1035,2020,17,4,4,4,23,alexander-albon,red-bull,honda,pirelli,1,10,21.508,21508.0
1035,2020,17,5,5,5,4,lando-norris,mclaren,renault,pirelli,1,10,21.840,21840.0
1035,2020,17,6,6,6,55,carlos-sainz-jr,mclaren,renault,pirelli,1,10,22.140,22140.0
1035,2020,17,7,7,7,18,lance-stroll,racing-point,bwt-mercedes,pirelli,1,10,22.036,22036.0
1035,2020,17,8,8,8,10,pierre-gasly,alphatauri,honda,pirelli,1,10,22.000,22000.0
1035,2020,17,9,9,9,26,daniil-kvyat,alphatauri,honda,pirelli,1,10,25.724,25724.0
1035,2020,17,10,10,10,31,esteban-ocon,renault,renault,pirelli,1,10,21.615,21615.0
1035,2020,17,11,11,11,7,kimi-raikkonen,alfa-romeo,ferrari,pirelli,1,10,22.012,22012.0
1035,2020,17,12,12,12,63,george-russell,williams,mercedes,pirelli,1,10,22.085,22085.0
1035,2020,17,13,13,13,51,pietro-fittipaldi,haas,ferrari,pirelli,1,10,26.329,26329.0
1035,2020,17,14,14,14,6,nicholas-latifi,williams,mercedes,pirelli,1,11,21.357,21357.0
1035,2020,17,15,15,15,16,charles-leclerc,ferrari,ferrari,pirelli,1,22,22.178,22178.0
1035,2020,17,16,16,16,99,antonio-giovinazzi,alfa-romeo,ferrari,pirelli,1,27,21.480,21480.0
1035,2020,17,17,17,17,20,kevin-magnussen,haas,ferrari,pirelli,1,31,22.714,22714.0
1035,2020,17,18,18,18,51,pietro-fittipaldi,haas,ferrari,pirelli,2,34,28.501,28501.0
1035,2020,17,19,19,19,5,sebastian-vettel,ferrari,ferrari,pirelli,1,35,22.040,22040.0
1035,2020,17,20,20,20,6,nicholas-latifi,williams,mercedes,pirelli,2,35,22.384,22384.0
1035,2020,17,21,21,21,3,daniel-ricciardo,renault,renault,pirelli,1,39,22.123,22123.0
1035,2020,17,22,22,22,20,kevin-magnussen,haas,ferrari,pirelli,2,47,23.098,23098.0
1035,2020,17,23,23,23,51,pietro-fittipaldi,haas,ferrari,pirelli,3,48,23.217,23217.0
1036,2021,1,1,1,1,11,sergio-perez,red-bull,honda,pirelli,1,2,23.993,23993.0
1036,2021,1,2,2,2,10,pierre-gasly,alphatauri,honda,pirelli,1,4,38.338,38338.0
1036,2021,1,3,3,3,14,fernando-alonso,alpine,renault,pirelli,1,11,24.373,24373.0
1036,2021,1,4,4,4,4,lando-norris,mclaren,mercedes,pirelli,1,12,24.899,24899.0
1036,2021,1,5,5,5,16,charles-leclerc,ferrari,ferrari,pirelli,1,12,24.925,24925.0
1036,2021,1,6,6,6,18,lance-stroll,aston-martin,mercedes,pirelli,1,12,24.884,24884.0
1036,2021,1,7,7,7,99,antonio-giovinazzi,alfa-romeo,ferrari,pirelli,1,12,31.998,31998.0
1036,2021,1,8,8,8,44,lewis-hamilton,mercedes,mercedes,pirelli,1,13,24.839,24839.0
1036,2021,1,9,9,9,3,daniel-ricciardo,mclaren,mercedes,pirelli,1,13,24.688,24688.0
1036,2021,1,10,10,10,7,kimi-raikkonen,alfa-romeo,ferrari,pirelli,1,13,24.107,24107.0
1036,2021,1,11,11,11,31,esteban-ocon,alpine,renault,pirelli,1,13,25.226,25226.0
1036,2021,1,12,12,12,63,george-russell,williams,mercedes,pirelli,1,13,24.621,24621.0
1036,2021,1,13,13,13,6,nicholas-latifi,williams,mercedes,pirelli,1,14,26.046,26046.0
1036,2021,1,14,14,14,47,mick-schumacher,haas,ferrari,pirelli,1,14,25.798,25798.0
1036,2021,1,15,15,15,55,carlos-sainz-jr,ferrari,ferrari,pirelli,1,15,24.353,24353.0
1036,2021,1,16,16,16,22,yuki-tsunoda,alphatauri,honda,pirelli,1,15,25.046,25046.0
1036,2021,1,17,17,17,77,valtteri-bottas,mercedes,mercedes,pirelli,1,16,24.262,24262.0
1036,2021,1,18,18,18,33,max-verstappen,red-bull,honda,pirelli,1,17,24.767,24767.0
1036,2021,1,19,19,19,11,sergio-perez,red-bull,honda,pirelli,2,19,24.105,24105.0
1036,2021,1,20,20,20,10,pierre-gasly,alphatauri,honda,pirelli,2,19,24.317,24317.0
1036,2021,1,21,21,21,5,sebastian-vettel,aston-martin,mercedes,pirelli,1,24,24.626,24626.0
1036,2021,1,22,22,22,44,lewis-hamilton,mercedes,mercedes,pirelli,2,28,24.076,24076.0
1036,2021,1,23,23,23,18,lance-stroll,aston-martin,mercedes,pirelli,2,28,25.525,25525.0
1036,2021,1,24,24,24,7,kimi-raikkonen,alfa-romeo,ferrari,pirelli,2,29,24.046,24046.0
1036,2021,1,25,25,25,14,fernando-alonso,alpine,renault,pirelli,2,29,24.775,24775.0
1036,2021,1,26,26,26,77,valtteri-bottas,mercedes,mercedes,pirelli,2,30,32.897,32897.0
1036,2021,1,27,27,27,99,antonio-giovinazzi,alfa-romeo,ferrari,pirelli,2,30,24.223,24223.0
1036,2021,1,28,28,28,31,esteban-ocon,alpine,renault,pirelli,2,31,24.471,24471.0
1036,2021,1,29,29,29,16,charles-leclerc,ferrari,ferrari,pirelli,2,32,24.176,24176.0
1036,2021,1,30,30,30,3,daniel-ricciardo,mclaren,mercedes,pirelli,2,32,24.655,24655.0
1036,2021,1,31,31,31,6,nicholas-latifi,williams,mercedes,pirelli,2,32,23.983,23983.0
1036,2021,1,32,32,32,4,lando-norris,mclaren,mercedes,pirelli,2,33,25.640,25640.0
1036,2021,1,33,33,33,22,yuki-tsunoda,alphatauri,honda,pirelli,2,33,24.328,24328.0
1036,2021,1,34,34,34,47,mick-schumacher,haas,ferrari,pirelli,2,33,25.343,25343.0
1036,2021,1,35,35,35,63,george-russell,williams,mercedes,pirelli,2,36,24.248,24248.0
1036,2021,1,36,36,36,55,carlos-sainz-jr,ferrari,ferrari,pirelli,2,37,24.341,24341.0
1036,2021,1,37,37,37,11,sergio-perez,red-bull,honda,pirelli,3,38,24.191,24191.0
1036,2021,1,38,38,38,33,max-verstappen,red-bull,honda,pirelli,2,39,23.848,23848.0
1036,2021,1,39,39,39,10,pierre-gasly,alphatauri,honda,pirelli,3,39,24.983,24983.0
1036,2021,1,40,40,40,77,valtteri-bottas,mercedes,mercedes,pirelli,3,54,24.566,24566.0
1037,2021,2,1,1,1,31,esteban-ocon,alpine,renault,pirelli,1,1,30.866,30866.0
1037,2021,2,2,2,2,5,sebastian-vettel,aston-martin,mercedes,pirelli,1,3,32.024,32024.0
1037,2021,2,3,3,3,47,mick-schumacher,haas,ferrari,pirelli,1,5,51.007,51007.0
1037,2021,2,4,4,4,9,nikita-mazepin,haas,ferrari,pirelli,1,12,31.168,31168.0
1037,2021,2,5,5,5,10,pierre-gasly,alphatauri,honda,pirelli,1,14,31.068,31068.0
1037,2021,2,6,6,6,5,sebastian-vettel,aston-martin,mercedes,pirelli,2,20,31.184,31184.0
1037,2021,2,7,7,7,47,mick-schumacher,haas,ferrari,pirelli,2,21,32.479,32479.0
1037,2021,2,8,8,8,5,sebastian-vettel,aston-martin,mercedes,pirelli,3,22,39.502,39502.0
1037,2021,2,9,9,9,9,nikita-mazepin,haas,ferrari,pirelli,2,23,31.500,31500.0
1037,2021,2,10,10,10,22,yuki-tsunoda,alphatauri,honda,pirelli,1,25,30.696,30696.0
1037,2021,2,11,11,11,63,george-russell,williams,mercedes,pirelli,1,26,29.983,29983.0
1037,2021,2,12,12,12,7,kimi-raikkonen,alfa-romeo,ferrari,pirelli,1,26,30.280,30280.0
1037,2021,2,13,13,13,33,max-verstappen,red-bull,honda,pirelli,1,27,29.809,29809.0
1037,2021,2,14,14,14,10,pierre-gasly,alphatauri,honda,pirelli,2,26,32.277,32277.0
1037,2021,2,15,15,15,55,carlos-sainz-jr,ferrari,ferrari,pirelli,1,27,30.856,30856.0
1037,2021,2,16,16,16,3,daniel-ricciardo,mclaren,mercedes,pirelli,1,27,34.340,34340.0
1037,2021,2,17,17,17,18,lance-stroll,aston-martin,mercedes,pirelli,1,27,31.138,31138.0
1037,2021,2,18,18,18,44,lewis-hamilton,mercedes,mercedes,pirelli,1,28,32.112,32112.0
1037,2021,2,19,19,19,99,antonio-giovinazzi,alfa-romeo,ferrari,pirelli,1,27,32.299,32299.0
1037,2021,2,20,20,20,31,esteban-ocon,alpine,renault,pirelli,2,27,30.652,30652.0
1037,2021,2,21,21,21,16,charles-leclerc,ferrari,ferrari,pirelli,1,28,31.002,31002.0
1037,2021,2,22,22,22,11,sergio-perez,red-bull,honda,pirelli,1,28,44.608,44608.0
1037,2021,2,23,23,23,4,lando-norris,mclaren,mercedes,pirelli,1,28,30.654,30654.0
1037,2021,2,24,24,24,77,valtteri-bottas,mercedes,mercedes,pirelli,1,28,30.167,30167.0
1037,2021,2,25,25,25,14,fernando-alonso,alpine,renault,pirelli,1,28,30.864,30864.0
1037,2021,2,26,26,26,44,lewis-hamilton,mercedes,mercedes,pirelli,2,31,38.198,38198.0
1037,2021,2,27,27,27,31,esteban-ocon,alpine,renault,pirelli,3,31,30.701,30701.0
1037,2021,2,28,28,28,33,max-verstappen,red-bull,honda,pirelli,2,33,27:01.361,1621361.0
1037,2021,2,29,29,29,18,lance-stroll,aston-martin,mercedes,pirelli,2,32,24:52.090,1492090.0
1037,2021,2,30,30,30,7,kimi-raikkonen,alfa-romeo,ferrari,pirelli,2,32,24:52.612,1492612.0
1037,2021,2,31,31,31,44,lewis-hamilton,mercedes,mercedes,pirelli,3,32,24:54.731,1494731.0
1037,2021,2,32,32,32,47,mick-schumacher,haas,ferrari,pirelli,3,31,25:21.462,1521462.0
1037,2021,2,33,33,33,22,yuki-tsunoda,alphatauri,honda,pirelli,2,32,24:51.384,1491384.0
1037,2021,2,34,34,34,99,antonio-giovinazzi,alfa-romeo,ferrari,pirelli,2,32,24:56.541,1496541.0
1037,2021,2,35,35,35,16,charles-leclerc,ferrari,ferrari,pirelli,2,33,26:49.484,1609484.0
1037,2021,2,36,36,36,14,fernando-alonso,alpine,renault,pirelli,2,32,24:48.372,1488372.0
1037,2021,2,37,37,37,31,esteban-ocon,alpine,renault,pirelli,4,32,24:38.974,1478974.0
1037,2021,2,38,38,38,9,nikita-mazepin,haas,ferrari,pirelli,3,31,24:46.154,1486154.0
1037,2021,2,39,39,39,4,lando-norris,mclaren,mercedes,pirelli,2,33,26:24.953,1584953.0
1037,2021,2,40,40,40,11,sergio-perez,red-bull,honda,pirelli,2,33,26:21.158,1581158.0
1037,2021,2,41,41,41,55,carlos-sainz-jr,ferrari,ferrari,pirelli,2,33,26:22.211,1582211.0
1037,2021,2,42,42,42,10,pierre-gasly,alphatauri,honda,pirelli,3,32,24:13.539,1453539.0
1037,2021,2,43,43,43,5,sebastian-vettel,aston-martin,mercedes,pirelli,4,32,24:12.323,1452323.0
1037,2021,2,44,44,44,3,daniel-ricciardo,mclaren,mercedes,pirelli,2,33,26:14.827,1574827.0
1037,2021,2,45,45,45,18,lance-stroll,aston-martin,mercedes,pirelli,3,33,1:05.390,65390.0
1037,2021,2,46,46,46,7,kimi-raikkonen,alfa-romeo,ferrari,pirelli,3,33,1:02.892,62892.0
1037,2021,2,47,47,47,44,lewis-hamilton,mercedes,mercedes,pirelli,4,33,1:05.870,65870.0
1037,2021,2,48,48,48,22,yuki-tsunoda,alphatauri,honda,pirelli,3,33,1:03.280,63280.0
1037,2021,2,49,49,49,99,antonio-giovinazzi,alfa-romeo,ferrari,pirelli,3,33,1:00.172,60172.0
1037,2021,2,50,50,50,14,fernando-alonso,alpine,renault,pirelli,3,33,57.601,57601.0
1037,2021,2,51,51,51,31,esteban-ocon,alpine,renault,pirelli,5,33,56.733,56733.0
1037,2021,2,52,52,52,10,pierre-gasly,alphatauri,honda,pirelli,4,33,56.083,56083.0
1037,2021,2,53,53,53,5,sebastian-vettel,aston-martin,mercedes,pirelli,5,33,52.043,52043.0
1037,2021,2,54,54,54,47,mick-schumacher,haas,ferrari,pirelli,4,32,51.222,51222.0
1037,2021,2,55,55,55,9,nikita-mazepin,haas,ferrari,pirelli,4,32,49.729,49729.0
1037,2021,2,56,56,56,99,antonio-giovinazzi,alfa-romeo,ferrari,pirelli,4,40,29.742,29742.0
1038,2021,3,1,1,1,77,valtteri-bottas,mercedes,mercedes,pirelli,1,2,21.377,21377.0
1038,2021,3,2,2,2,44,lewis-hamilton,mercedes,mercedes,pirelli,1,2,22.426,22426.0
1038,2021,3,3,3,3,33,max-verstappen,red-bull,honda,pirelli,1,2,22.718,22718.0
1038,2021,3,4,4,4,55,carlos-sainz-jr,ferrari,ferrari,pirelli,1,2,22.029,22029.0
1038,2021,3,5,5,5,11,sergio-perez,red-bull,honda,pirelli,1,2,21.890,21890.0
1038,2021,3,6,6,6,4,lando-norris,mclaren,mercedes,pirelli,1,2,21.407,21407.0
1038,2021,3,7,7,7,31,esteban-ocon,alpine,renault,pirelli,1,2,21.275,21275.0
1038,2021,3,8,8,8,16,charles-leclerc,ferrari,ferrari,pirelli,1,2,21.323,21323.0
1038,2021,3,9,9,9,10,pierre-gasly,alphatauri,honda,pirelli,1,2,21.353,21353.0
1038,2021,3,10,10,10,5,sebastian-vettel,aston-martin,mercedes,pirelli,1,2,21.398,21398.0
1038,2021,3,11,11,11,63,george-russell,williams,mercedes,pirelli,1,2,23.532,23532.0
1038,2021,3,12,12,12,99,antonio-giovinazzi,alfa-romeo,ferrari,pirelli,1,2,22.485,22485.0
1038,2021,3,13,13,13,3,daniel-ricciardo,mclaren,mercedes,pirelli,1,2,21.965,21965.0
1038,2021,3,14,14,14,14,fernando-alonso,alpine,renault,pirelli,1,2,21.452,21452.0
1038,2021,3,15,15,15,22,yuki-tsunoda,alphatauri,honda,pirelli,1,2,22.266,22266.0
1038,2021,3,16,16,16,18,lance-stroll,aston-martin,mercedes,pirelli,1,2,22.264,22264.0
1038,2021,3,17,17,17,6,nicholas-latifi,williams,mercedes,pirelli,1,2,21.970,21970.0
1038,2021,3,18,18,18,47,mick-schumacher,haas,ferrari,pirelli,1,2,22.019,22019.0
1038,2021,3,19,19,19,9,nikita-mazepin,haas,ferrari,pirelli,1,2,21.372,21372.0
1038,2021,3,20,20,20,77,valtteri-bottas,mercedes,mercedes,pirelli,2,3,22.072,22072.0
1038,2021,3,21,21,21,44,lewis-hamilton,mercedes,mercedes,pirelli,2,3,22.164,22164.0
1038,2021,3,22,22,22,33,max-verstappen,red-bull,honda,pirelli,2,3,22.104,22104.0
1038,2021,3,23,23,23,55,carlos-sainz-jr,ferrari,ferrari,pirelli,2,3,22.244,22244.0
1038,2021,3,24,24,24,11,sergio-perez,red-bull,honda,pirelli,2,3,22.100,22100.0
1038,2021,3,25,25,25,4,lando-norris,mclaren,mercedes,pirelli,2,3,22.551,22551.0
1038,2021,3,26,26,26,31,esteban-ocon,alpine,renault,pirelli,2,3,22.240,22240.0
1038,2021,3,27,27,27,16,charles-leclerc,ferrari,ferrari,pirelli,2,3,22.587,22587.0
1038,2021,3,28,28,28,10,pierre-gasly,alphatauri,honda,pirelli,2,3,22.319,22319.0
1038,2021,3,29,29,29,63,george-russell,williams,mercedes,pirelli,2,3,22.755,22755.0
1038,2021,3,30,30,30,5,sebastian-vettel,aston-martin,mercedes,pirelli,2,3,21.750,21750.0
1038,2021,3,31,31,31,99,antonio-giovinazzi,alfa-romeo,ferrari,pirelli,2,3,22.669,22669.0
1038,2021,3,32,32,32,3,daniel-ricciardo,mclaren,mercedes,pirelli,2,3,22.355,22355.0
1038,2021,3,33,33,33,14,fernando-alonso,alpine,renault,pirelli,2,3,21.621,21621.0
1038,2021,3,34,34,34,22,yuki-tsunoda,alphatauri,honda,pirelli,2,3,22.542,22542.0
1038,2021,3,35,35,35,18,lance-stroll,aston-martin,mercedes,pirelli,2,3,22.176,22176.0
1038,2021,3,36,36,36,6,nicholas-latifi,williams,mercedes,pirelli,2,3,21.730,21730.0
1038,2021,3,37,37,37,47,mick-schumacher,haas,ferrari,pirelli,2,3,21.454,21454.0
1038,2021,3,38,38,38,9,nikita-mazepin,haas,ferrari,pirelli,2,3,21.404,21404.0
1038,2021,3,39,39,39,55,carlos-sainz-jr,ferrari,ferrari,pirelli,3,21,25.892,25892.0
1038,2021,3,40,40,40,22,yuki-tsunoda,alphatauri,honda,pirelli,3,21,26.202,26202.0
1038,2021,3,41,41,41,4,lando-norris,mclaren,mercedes,pirelli,3,22,26.952,26952.0
1038,2021,3,42,42,42,31,esteban-ocon,alpine,renault,pirelli,3,22,27.033,27033.0
1038,2021,3,43,43,43,5,sebastian-vettel,aston-martin,mercedes,pirelli,3,22,26.620,26620.0
1038,2021,3,44,44,44,99,antonio-giovinazzi,alfa-romeo,ferrari,pirelli,3,22,26.729,26729.0
1038,2021,3,45,45,45,10,pierre-gasly,alphatauri,honda,pirelli,3,24,26.172,26172.0
1038,2021,3,46,46,46,6,nicholas-latifi,williams,mercedes,pirelli,3,24,26.595,26595.0
1038,2021,3,47,47,47,16,charles-leclerc,ferrari,ferrari,pirelli,3,25,27.082,27082.0
1038,2021,3,48,48,48,63,george-russell,williams,mercedes,pirelli,3,28,26.843,26843.0
1038,2021,3,49,49,49,9,nikita-mazepin,haas,ferrari,pirelli,3,31,27.186,27186.0
1038,2021,3,50,50,50,47,mick-schumacher,haas,ferrari,pirelli,3,32,27.245,27245.0
1038,2021,3,51,51,51,33,max-verstappen,red-bull,honda,pirelli,3,35,26.743,26743.0
1038,2021,3,52,52,52,77,valtteri-bottas,mercedes,mercedes,pirelli,3,36,26.938,26938.0
1038,2021,3,53,53,53,44,lewis-hamilton,mercedes,mercedes,pirelli,3,37,26.907,26907.0
1038,2021,3,54,54,54,18,lance-stroll,aston-martin,mercedes,pirelli,3,39,26.027,26027.0
1038,2021,3,55,55,55,14,fernando-alonso,alpine,renault,pirelli,3,40,26.442,26442.0
1038,2021,3,56,56,56,3,daniel-ricciardo,mclaren,mercedes,pirelli,3,41,28.639,28639.0
1038,2021,3,57,57,57,9,nikita-mazepin,haas,ferrari,pirelli,4,43,26.984,26984.0
1038,2021,3,58,58,58,11,sergio-perez,red-bull,honda,pirelli,3,51,26.607,26607.0
1038,2021,3,59,59,59,77,valtteri-bottas,mercedes,mercedes,pirelli,4,63,26.573,26573.0
1038,2021,3,60,60,60,33,max-verstappen,red-bull,honda,pirelli,4,64,26.319,26319.0
1039,2021,4,1,1,1,99,antonio-giovinazzi,alfa-romeo,ferrari,pirelli,1,8,54.673,54673.0
1039,2021,4,2,2,2,63,george-russell,williams,mercedes,pirelli,1,9,23.814,23814.0
1039,2021,4,3,3,3,6,nicholas-latifi,williams,mercedes,pirelli,1,9,26.672,26672.0
1039,2021,4,4,4,4,10,pierre-gasly,alphatauri,honda,pirelli,1,18,28.042,28042.0
1039,2021,4,5,5,5,14,fernando-alonso,alpine,renault,pirelli,1,21,22.043,22043.0
1039,2021,4,6,6,6,5,sebastian-vettel,aston-martin,mercedes,pirelli,1,21,23.087,23087.0
1039,2021,4,7,7,7,55,carlos-sainz-jr,ferrari,ferrari,pirelli,1,22,21.779,21779.0
1039,2021,4,8,8,8,18,lance-stroll,aston-martin,mercedes,pirelli,1,22,21.756,21756.0
1039,2021,4,9,9,9,9,nikita-mazepin,haas,ferrari,pirelli,1,22,23.098,23098.0
1039,2021,4,10,10,10,77,valtteri-bottas,mercedes,mercedes,pirelli,1,23,22.311,22311.0
1039,2021,4,11,11,11,31,esteban-ocon,alpine,renault,pirelli,1,23,22.798,22798.0
1039,2021,4,12,12,12,4,lando-norris,mclaren,mercedes,pirelli,1,23,21.864,21864.0
1039,2021,4,13,13,13,47,mick-schumacher,haas,ferrari,pirelli,1,23,24.006,24006.0
1039,2021,4,14,14,14,33,max-verstappen,red-bull,honda,pirelli,1,24,23.565,23565.0
1039,2021,4,15,15,15,3,daniel-ricciardo,mclaren,mercedes,pirelli,1,25,22.406,22406.0
1039,2021,4,16,16,16,11,sergio-perez,red-bull,honda,pirelli,1,27,22.382,22382.0
1039,2021,4,17,17,17,6,nicholas-latifi,williams,mercedes,pirelli,2,27,21.424,21424.0
1039,2021,4,18,18,18,44,lewis-hamilton,mercedes,mercedes,pirelli,1,28,22.220,22220.0
1039,2021,4,19,19,19,16,charles-leclerc,ferrari,ferrari,pirelli,1,28,21.613,21613.0
1039,2021,4,20,20,20,63,george-russell,williams,mercedes,pirelli,2,28,21.919,21919.0
1039,2021,4,21,21,21,7,kimi-raikkonen,alfa-romeo,ferrari,pirelli,1,37,21.572,21572.0
1039,2021,4,22,22,22,5,sebastian-vettel,aston-martin,mercedes,pirelli,2,38,21.973,21973.0
1039,2021,4,23,23,23,18,lance-stroll,aston-martin,mercedes,pirelli,2,39,21.432,21432.0
1039,2021,4,24,24,24,99,antonio-giovinazzi,alfa-romeo,ferrari,pirelli,2,39,22.871,22871.0
1039,2021,4,25,25,25,44,lewis-hamilton,mercedes,mercedes,pirelli,2,42,22.078,22078.0
1039,2021,4,26,26,26,9,nikita-mazepin,haas,ferrari,pirelli,2,42,22.502,22502.0
1039,2021,4,27,27,27,3,daniel-ricciardo,mclaren,mercedes,pirelli,2,46,21.762,21762.0
1039,2021,4,28,28,28,55,carlos-sainz-jr,ferrari,ferrari,pirelli,2,46,21.856,21856.0
1039,2021,4,29,29,29,10,pierre-gasly,alphatauri,honda,pirelli,2,47,26.065,26065.0
1039,2021,4,30,30,30,6,nicholas-latifi,williams,mercedes,pirelli,3,50,22.405,22405.0
1039,2021,4,31,31,31,47,mick-schumacher,haas,ferrari,pirelli,2,50,22.310,22310.0
1039,2021,4,32,32,32,4,lando-norris,mclaren,mercedes,pirelli,2,51,22.467,22467.0
1039,2021,4,33,33,33,77,valtteri-bottas,mercedes,mercedes,pirelli,2,53,21.638,21638.0
1039,2021,4,34,34,34,11,sergio-perez,red-bull,honda,pirelli,2,57,21.345,21345.0
1039,2021,4,35,35,35,16,charles-leclerc,ferrari,ferrari,pirelli,2,58,22.292,22292.0
1039,2021,4,36,36,36,33,max-verstappen,red-bull,honda,pirelli,2,60,21.592,21592.0
1039,2021,4,37,37,37,14,fernando-alonso,alpine,renault,pirelli,2,61,23.479,23479.0
1040,2021,5,1,1,1,44,lewis-hamilton,mercedes,mercedes,pirelli,1,29,23.783,23783.0
1040,2021,5,2,2,2,4,lando-norris,mclaren,mercedes,pirelli,1,30,23.874,23874.0
1040,2021,5,3,3,3,10,pierre-gasly,alphatauri,honda,pirelli,1,30,24.428,24428.0
1040,2021,5,4,4,4,5,sebastian-vettel,aston-martin,mercedes,pirelli,1,31,24.369,24369.0
1040,2021,5,5,5,5,63,george-russell,williams,mercedes,pirelli,1,31,23.928,23928.0
1040,2021,5,6,6,6,55,carlos-sainz-jr,ferrari,ferrari,pirelli,1,32,24.150,24150.0
1040,2021,5,7,7,7,99,antonio-giovinazzi,alfa-romeo,ferrari,pirelli,1,33,24.521,24521.0
1040,2021,5,8,8,8,33,max-verstappen,red-bull,honda,pirelli,1,34,23.746,23746.0
1040,2021,5,9,9,9,11,sergio-perez,red-bull,honda,pirelli,1,35,24.548,24548.0
1040,2021,5,10,10,10,9,nikita-mazepin,haas,ferrari,pirelli,1,34,25.202,25202.0
1040,2021,5,11,11,11,3,daniel-ricciardo,mclaren,mercedes,pirelli,1,36,24.715,24715.0
1040,2021,5,12,12,12,31,esteban-ocon,alpine,renault,pirelli,1,37,23.935,23935.0
1040,2021,5,13,13,13,47,mick-schumacher,haas,ferrari,pirelli,1,37,24.797,24797.0
1040,2021,5,14,14,14,7,kimi-raikkonen,alfa-romeo,ferrari,pirelli,1,43,24.077,24077.0
1040,2021,5,15,15,15,6,nicholas-latifi,williams,mercedes,pirelli,1,43,23.703,23703.0
1040,2021,5,16,16,16,14,fernando-alonso,alpine,renault,pirelli,1,45,23.803,23803.0
1040,2021,5,17,17,17,18,lance-stroll,aston-martin,mercedes,pirelli,1,58,23.474,23474.0
1040,2021,5,18,18,18,22,yuki-tsunoda,alphatauri,honda,pirelli,1,64,24.430,24430.0
1040,2021,5,19,19,19,44,lewis-hamilton,mercedes,mercedes,pirelli,2,67,24.244,24244.0
1041,2021,6,1,1,1,63,george-russell,williams,mercedes,pirelli,1,1,19.970,19970.0
1041,2021,6,2,2,2,99,antonio-giovinazzi,alfa-romeo,ferrari,pirelli,1,2,20.402,20402.0
1041,2021,6,3,3,3,14,fernando-alonso,alpine,renault,pirelli,1,7,20.168,20168.0
1041,2021,6,4,4,4,4,lando-norris,mclaren,mercedes,pirelli,1,7,20.533,20533.0
1041,2021,6,5,5,5,47,mick-schumacher,haas,ferrari,pirelli,1,8,22.440,22440.0
1041,2021,6,6,6,6,16,charles-leclerc,ferrari,ferrari,pirelli,1,9,19.836,19836.0
1041,2021,6,7,7,7,22,yuki-tsunoda,alphatauri,honda,pirelli,1,9,20.253,20253.0
1041,2021,6,8,8,8,6,nicholas-latifi,williams,mercedes,pirelli,1,9,22.149,22149.0
1041,2021,6,9,9,9,9,nikita-mazepin,haas,ferrari,pirelli,1,9,21.759,21759.0
1041,2021,6,10,10,10,55,carlos-sainz-jr,ferrari,ferrari,pirelli,1,10,20.064,20064.0
1041,2021,6,11,11,11,44,lewis-hamilton,mercedes,mercedes,pirelli,1,11,22.470,22470.0
1041,2021,6,12,12,12,10,pierre-gasly,alphatauri,honda,pirelli,1,11,20.156,20156.0
1041,2021,6,13,13,13,77,valtteri-bottas,mercedes,mercedes,pirelli,1,11,20.356,20356.0
1041,2021,6,14,14,14,3,daniel-ricciardo,mclaren,mercedes,pirelli,1,11,20.082,20082.0
1041,2021,6,15,15,15,33,max-verstappen,red-bull,honda,pirelli,1,12,19.769,19769.0
1041,2021,6,16,16,16,11,sergio-perez,red-bull,honda,pirelli,1,13,21.874,21874.0
1041,2021,6,17,17,17,7,kimi-raikkonen,alfa-romeo,ferrari,pirelli,1,13,20.048,20048.0
1041,2021,6,18,18,18,5,sebastian-vettel,aston-martin,mercedes,pirelli,1,18,19.841,19841.0
1041,2021,6,19,19,19,14,fernando-alonso,alpine,renault,pirelli,2,34,19.983,19983.0
1041,2021,6,20,20,20,99,antonio-giovinazzi,alfa-romeo,ferrari,pirelli,2,34,20.193,20193.0
1041,2021,6,21,21,21,63,george-russell,williams,mercedes,pirelli,2,34,20.029,20029.0
1041,2021,6,22,22,22,47,mick-schumacher,haas,ferrari,pirelli,2,34,1:09.761,69761.0
1041,2021,6,23,23,23,9,nikita-mazepin,haas,ferrari,pirelli,2,34,21.958,21958.0
1041,2021,6,24,24,24,47,mick-schumacher,haas,ferrari,pirelli,3,44,21.587,21587.0
1041,2021,6,25,25,25,9,nikita-mazepin,haas,ferrari,pirelli,3,44,24.780,24780.0
1041,2021,6,26,26,26,11,sergio-perez,red-bull,honda,pirelli,2,47,15.277,15277.0
1041,2021,6,27,27,27,44,lewis-hamilton,mercedes,mercedes,pirelli,2,47,15.432,15432.0
1041,2021,6,28,28,28,5,sebastian-vettel,aston-martin,mercedes,pirelli,2,47,14.945,14945.0
1041,2021,6,29,29,29,10,pierre-gasly,alphatauri,honda,pirelli,2,47,15.085,15085.0
1041,2021,6,30,30,30,16,charles-leclerc,ferrari,ferrari,pirelli,2,47,15.092,15092.0
1041,2021,6,31,31,31,22,yuki-tsunoda,alphatauri,honda,pirelli,2,47,14.943,14943.0
1041,2021,6,32,32,32,4,lando-norris,mclaren,mercedes,pirelli,2,47,15.866,15866.0
1041,2021,6,33,33,33,55,carlos-sainz-jr,ferrari,ferrari,pirelli,2,47,15.119,15119.0
1041,2021,6,34,34,34,3,daniel-ricciardo,mclaren,mercedes,pirelli,2,47,14.994,14994.0
1041,2021,6,35,35,35,14,fernando-alonso,alpine,renault,pirelli,3,47,15.432,15432.0
1041,2021,6,36,36,36,7,kimi-raikkonen,alfa-romeo,ferrari,pirelli,2,47,15.064,15064.0
1041,2021,6,37,37,37,99,antonio-giovinazzi,alfa-romeo,ferrari,pirelli,3,47,14.881,14881.0
1041,2021,6,38,38,38,77,valtteri-bottas,mercedes,mercedes,pirelli,2,47,21.346,21346.0
1041,2021,6,39,39,39,63,george-russell,williams,mercedes,pirelli,3,47,21.438,21438.0
1041,2021,6,40,40,40,9,nikita-mazepin,haas,ferrari,pirelli,4,46,15.054,15054.0
1041,2021,6,41,41,41,47,mick-schumacher,haas,ferrari,pirelli,4,47,15.058,15058.0
1041,2021,6,42,42,42,11,sergio-perez,red-bull,honda,pirelli,3,48,33:18.466,1998466.0
1041,2021,6,43,43,43,44,lewis-hamilton,mercedes,mercedes,pirelli,3,48,33:20.923,2000923.0
1041,2021,6,44,44,44,5,sebastian-vettel,aston-martin,mercedes,pirelli,3,48,33:20.416,2000416.0
1041,2021,6,45,45,45,10,pierre-gasly,alphatauri,honda,pirelli,3,48,33:21.830,2001830.0
1041,2021,6,46,46,46,16,charles-leclerc,ferrari,ferrari,pirelli,3,48,33:22.544,2002544.0
1041,2021,6,47,47,47,22,yuki-tsunoda,alphatauri,honda,pirelli,3,48,33:23.526,2003526.0
1041,2021,6,48,48,48,4,lando-norris,mclaren,mercedes,pirelli,3,48,33:30.409,2010409.0
1041,2021,6,49,49,49,55,carlos-sainz-jr,ferrari,ferrari,pirelli,3,48,33:32.724,2012724.0
1041,2021,6,50,50,50,3,daniel-ricciardo,mclaren,mercedes,pirelli,3,48,33:35.163,2015163.0
1041,2021,6,51,51,51,14,fernando-alonso,alpine,renault,pirelli,4,48,33:34.526,2014526.0
1041,2021,6,52,52,52,7,kimi-raikkonen,alfa-romeo,ferrari,pirelli,3,48,33:36.437,2016437.0
1041,2021,6,53,53,53,99,antonio-giovinazzi,alfa-romeo,ferrari,pirelli,4,48,33:37.324,2017324.0
1041,2021,6,54,54,54,6,nicholas-latifi,williams,mercedes,pirelli,2,48,34:08.175,2048175.0
1041,2021,6,55,55,55,77,valtteri-bottas,mercedes,mercedes,pirelli,3,48,33:55.229,2035229.0
1041,2021,6,56,56,56,63,george-russell,williams,mercedes,pirelli,4,48,33:56.172,2036172.0
1041,2021,6,57,57,57,9,nikita-mazepin,haas,ferrari,pirelli,5,47,30:28.965,1828965.0
1041,2021,6,58,58,58,47,mick-schumacher,haas,ferrari,pirelli,5,48,33:34.176,2014176.0
1041,2021,6,59,59,59,9,nikita-mazepin,haas,ferrari,pirelli,6,48,1:26.440,86440.0
1042,2021,7,1,1,1,16,charles-leclerc,ferrari,ferrari,pirelli,1,14,30.798,30798.0
1042,2021,7,2,2,2,22,yuki-tsunoda,alphatauri,honda,pirelli,1,15,30.226,30226.0
1042,2021,7,3,3,3,47,mick-schumacher,haas,ferrari,pirelli,1,15,31.457,31457.0
1042,2021,7,4,4,4,3,daniel-ricciardo,mclaren,mercedes,pirelli,1,16,29.951,29951.0
1042,2021,7,5,5,5,77,valtteri-bottas,mercedes,mercedes,pirelli,1,17,30.572,30572.0
1042,2021,7,6,6,6,55,carlos-sainz-jr,ferrari,ferrari,pirelli,1,17,30.534,30534.0
1042,2021,7,7,7,7,10,pierre-gasly,alphatauri,honda,pirelli,1,17,30.781,30781.0
1042,2021,7,8,8,8,63,george-russell,williams,mercedes,pirelli,1,17,30.092,30092.0
1042,2021,7,9,9,9,33,max-verstappen,red-bull,honda,pirelli,1,18,29.803,29803.0
1042,2021,7,10,10,10,14,fernando-alonso,alpine,renault,pirelli,1,18,31.288,31288.0
1042,2021,7,11,11,11,6,nicholas-latifi,williams,mercedes,pirelli,1,18,29.775,29775.0
1042,2021,7,12,12,12,44,lewis-hamilton,mercedes,mercedes,pirelli,1,19,30.263,30263.0
1042,2021,7,13,13,13,11,sergio-perez,red-bull,honda,pirelli,1,24,29.682,29682.0
1042,2021,7,14,14,14,4,lando-norris,mclaren,mercedes,pirelli,1,24,30.531,30531.0
1042,2021,7,15,15,15,31,esteban-ocon,alpine,renault,pirelli,1,28,30.207,30207.0
1042,2021,7,16,16,16,99,antonio-giovinazzi,alfa-romeo,ferrari,pirelli,1,28,30.586,30586.0
1042,2021,7,17,17,17,9,nikita-mazepin,haas,ferrari,pirelli,1,31,30.983,30983.0
1042,2021,7,18,18,18,33,max-verstappen,red-bull,honda,pirelli,2,32,30.123,30123.0
1042,2021,7,19,19,19,7,kimi-raikkonen,alfa-romeo,ferrari,pirelli,1,33,31.327,31327.0
1042,2021,7,20,20,20,18,lance-stroll,aston-martin,mercedes,pirelli,1,34,30.996,30996.0
1042,2021,7,21,21,21,5,sebastian-vettel,aston-martin,mercedes,pirelli,1,37,31.069,31069.0
1042,2021,7,22,22,22,16,charles-leclerc,ferrari,ferrari,pirelli,2,38,31.368,31368.0
1043,2021,8,1,1,1,16,charles-leclerc,ferrari,ferrari,pirelli,1,1,28.386,28386.0
1043,2021,8,2,2,2,6,nicholas-latifi,williams,mercedes,pirelli,1,1,26.419,26419.0
1043,2021,8,3,3,3,9,nikita-mazepin,haas,ferrari,pirelli,1,21,22.759,22759.0
1043,2021,8,4,4,4,99,antonio-giovinazzi,alfa-romeo,ferrari,pirelli,1,23,21.210,21210.0
1043,2021,8,5,5,5,63,george-russell,williams,mercedes,pirelli,1,25,37.309,37309.0
1043,2021,8,6,6,6,11,sergio-perez,red-bull,honda,pirelli,1,26,23.477,23477.0
1043,2021,8,7,7,7,6,nicholas-latifi,williams,mercedes,pirelli,2,25,21.953,21953.0
1043,2021,8,8,8,8,22,yuki-tsunoda,alphatauri,honda,pirelli,1,26,21.234,21234.0
1043,2021,8,9,9,9,63,george-russell,williams,mercedes,pirelli,2,26,46.315,46315.0
1043,2021,8,10,10,10,77,valtteri-bottas,mercedes,mercedes,pirelli,1,27,21.752,21752.0
1043,2021,8,11,11,11,14,fernando-alonso,alpine,renault,pirelli,1,27,21.131,21131.0
1043,2021,8,12,12,12,5,sebastian-vettel,aston-martin,mercedes,pirelli,1,27,21.546,21546.0
1043,2021,8,13,13,13,44,lewis-hamilton,mercedes,mercedes,pirelli,1,28,21.219,21219.0
1043,2021,8,14,14,14,18,lance-stroll,aston-martin,mercedes,pirelli,1,28,20.936,20936.0
1043,2021,8,15,15,15,33,max-verstappen,red-bull,honda,pirelli,1,29,20.936,20936.0
1043,2021,8,16,16,16,4,lando-norris,mclaren,mercedes,pirelli,1,31,21.692,21692.0
1043,2021,8,17,17,17,47,mick-schumacher,haas,ferrari,pirelli,1,33,22.400,22400.0
1043,2021,8,18,18,18,7,kimi-raikkonen,alfa-romeo,ferrari,pirelli,1,36,21.227,21227.0
1043,2021,8,19,19,19,31,esteban-ocon,alpine,renault,pirelli,1,36,21.238,21238.0
1043,2021,8,20,20,20,16,charles-leclerc,ferrari,ferrari,pirelli,2,37,21.924,21924.0
1043,2021,8,21,21,21,55,carlos-sainz-jr,ferrari,ferrari,pirelli,1,41,21.226,21226.0
1043,2021,8,22,22,22,3,daniel-ricciardo,mclaren,mercedes,pirelli,1,41,21.410,21410.0
1043,2021,8,23,23,23,11,sergio-perez,red-bull,honda,pirelli,2,54,20.961,20961.0
1043,2021,8,24,24,24,44,lewis-hamilton,mercedes,mercedes,pirelli,2,69,21.640,21640.0
1044,2021,9,1,1,1,99,antonio-giovinazzi,alfa-romeo,ferrari,pirelli,1,1,21.129,21129.0
1044,2021,9,2,2,2,22,yuki-tsunoda,alphatauri,honda,pirelli,1,12,21.145,21145.0
1044,2021,9,3,3,3,10,pierre-gasly,alphatauri,honda,pirelli,1,13,22.564,22564.0
1044,2021,9,4,4,4,18,lance-stroll,aston-martin,mercedes,pirelli,1,14,21.391,21391.0
1044,2021,9,5,5,5,5,sebastian-vettel,aston-martin,mercedes,pirelli,1,17,21.086,21086.0
1044,2021,9,6,6,6,9,nikita-mazepin,haas,ferrari,pirelli,1,27,22.000,22000.0
1044,2021,9,7,7,7,3,daniel-ricciardo,mclaren,mercedes,pirelli,1,29,21.151,21151.0
1044,2021,9,8,8,8,99,antonio-giovinazzi,alfa-romeo,ferrari,pirelli,2,29,27.122,27122.0
1044,2021,9,9,9,9,4,lando-norris,mclaren,mercedes,pirelli,1,30,26.474,26474.0
1044,2021,9,10,10,10,77,valtteri-bottas,mercedes,mercedes,pirelli,1,30,21.071,21071.0
1044,2021,9,11,11,11,63,george-russell,williams,mercedes,pirelli,1,30,21.606,21606.0
1044,2021,9,12,12,12,44,lewis-hamilton,mercedes,mercedes,pirelli,1,31,21.005,21005.0
1044,2021,9,13,13,13,33,max-verstappen,red-bull,honda,pirelli,1,32,21.090,21090.0
1044,2021,9,14,14,14,11,sergio-perez,red-bull,honda,pirelli,1,32,21.735,21735.0
1044,2021,9,15,15,15,14,fernando-alonso,alpine,renault,pirelli,1,32,22.663,22663.0
1044,2021,9,16,16,16,6,nicholas-latifi,williams,mercedes,pirelli,1,33,21.152,21152.0
1044,2021,9,17,17,17,16,charles-leclerc,ferrari,ferrari,pirelli,1,34,21.143,21143.0
1044,2021,9,18,18,18,47,mick-schumacher,haas,ferrari,pirelli,1,34,21.798,21798.0
1044,2021,9,19,19,19,7,kimi-raikkonen,alfa-romeo,ferrari,pirelli,1,37,21.896,21896.0
1044,2021,9,20,20,20,10,pierre-gasly,alphatauri,honda,pirelli,2,45,20.850,20850.0
1044,2021,9,21,21,21,9,nikita-mazepin,haas,ferrari,pirelli,2,45,23.182,23182.0
1044,2021,9,22,22,22,18,lance-stroll,aston-martin,mercedes,pirelli,2,46,21.472,21472.0
1044,2021,9,23,23,23,55,carlos-sainz-jr,ferrari,ferrari,pirelli,1,48,21.431,21431.0
1044,2021,9,24,24,24,5,sebastian-vettel,aston-martin,mercedes,pirelli,2,49,20.841,20841.0
1044,2021,9,25,25,25,22,yuki-tsunoda,alphatauri,honda,pirelli,2,51,26.604,26604.0
1044,2021,9,26,26,26,44,lewis-hamilton,mercedes,mercedes,pirelli,2,53,21.421,21421.0
1044,2021,9,27,27,27,33,max-verstappen,red-bull,honda,pirelli,2,60,21.236,21236.0
1045,2021,10,1,1,1,16,charles-leclerc,ferrari,ferrari,pirelli,1,2,34:07.731,2047731.0
1045,2021,10,2,2,2,44,lewis-hamilton,mercedes,mercedes,pirelli,1,2,34:08.376,2048376.0
1045,2021,10,3,3,3,77,valtteri-bottas,mercedes,mercedes,pirelli,1,2,34:09.149,2049149.0
1045,2021,10,4,4,4,4,lando-norris,mclaren,mercedes,pirelli,1,2,34:12.218,2052218.0
1045,2021,10,5,5,5,3,daniel-ricciardo,mclaren,mercedes,pirelli,1,2,34:11.281,2051281.0
1045,2021,10,6,6,6,5,sebastian-vettel,aston-martin,mercedes,pirelli,1,2,34:15.222,2055222.0
1045,2021,10,7,7,7,14,fernando-alonso,alpine,renault,pirelli,1,2,34:18.580,2058580.0
1045,2021,10,8,8,8,55,carlos-sainz-jr,ferrari,ferrari,pirelli,1,2,34:19.122,2059122.0
1045,2021,10,9,9,9,7,kimi-raikkonen,alfa-romeo,ferrari,pirelli,1,2,34:22.984,2062984.0
1045,2021,10,10,10,10,31,esteban-ocon,alpine,renault,pirelli,1,2,34:26.994,2066994.0
1045,2021,10,11,11,11,18,lance-stroll,aston-martin,mercedes,pirelli,1,2,34:27.861,2067861.0
1045,2021,10,12,12,12,10,pierre-gasly,alphatauri,honda,pirelli,1,2,34:27.244,2067244.0
1045,2021,10,13,13,13,99,antonio-giovinazzi,alfa-romeo,ferrari,pirelli,1,2,34:30.250,2070250.0
1045,2021,10,14,14,14,63,george-russell,williams,mercedes,pirelli,1,2,34:32.543,2072543.0
1045,2021,10,15,15,15,22,yuki-tsunoda,alphatauri,honda,pirelli,1,2,34:35.695,2075695.0
1045,2021,10,16,16,16,47,mick-schumacher,haas,ferrari,pirelli,1,2,34:35.728,2075728.0
1045,2021,10,17,17,17,6,nicholas-latifi,williams,mercedes,pirelli,1,2,34:37.164,2077164.0
1045,2021,10,18,18,18,9,nikita-mazepin,haas,ferrari,pirelli,1,2,34:36.977,2076977.0
1045,2021,10,19,19,19,11,sergio-perez,red-bull,honda,pirelli,1,2,34:36.405,2076405.0
1045,2021,10,20,20,20,7,kimi-raikkonen,alfa-romeo,ferrari,pirelli,2,18,28.110,28110.0
1045,2021,10,21,21,21,11,sergio-perez,red-bull,honda,pirelli,2,18,27.892,27892.0
1045,2021,10,22,22,22,63,george-russell,williams,mercedes,pirelli,2,18,27.812,27812.0
1045,2021,10,23,23,23,5,sebastian-vettel,aston-martin,mercedes,pirelli,2,18,28.145,28145.0
1045,2021,10,24,24,24,31,esteban-ocon,alpine,renault,pirelli,2,19,28.772,28772.0
1045,2021,10,25,25,25,6,nicholas-latifi,williams,mercedes,pirelli,2,19,27.543,27543.0
1045,2021,10,26,26,26,3,daniel-ricciardo,mclaren,mercedes,pirelli,2,20,28.817,28817.0
1045,2021,10,27,27,27,4,lando-norris,mclaren,mercedes,pirelli,2,21,31.706,31706.0
1045,2021,10,28,28,28,77,valtteri-bottas,mercedes,mercedes,pirelli,2,22,28.209,28209.0
1045,2021,10,29,29,29,18,lance-stroll,aston-martin,mercedes,pirelli,2,23,28.213,28213.0
1045,2021,10,30,30,30,99,antonio-giovinazzi,alfa-romeo,ferrari,pirelli,2,23,28.137,28137.0
1045,2021,10,31,31,31,14,fernando-alonso,alpine,renault,pirelli,2,24,29.743,29743.0
1045,2021,10,32,32,32,47,mick-schumacher,haas,ferrari,pirelli,2,24,29.319,29319.0
1045,2021,10,33,33,33,9,nikita-mazepin,haas,ferrari,pirelli,2,25,29.253,29253.0
1045,2021,10,34,34,34,44,lewis-hamilton,mercedes,mercedes,pirelli,2,27,40.266,40266.0
1045,2021,10,35,35,35,55,carlos-sainz-jr,ferrari,ferrari,pirelli,2,28,37.509,37509.0
1045,2021,10,36,36,36,10,pierre-gasly,alphatauri,honda,pirelli,2,28,28.685,28685.0
1045,2021,10,37,37,37,16,charles-leclerc,ferrari,ferrari,pirelli,2,29,28.433,28433.0
1045,2021,10,38,38,38,22,yuki-tsunoda,alphatauri,honda,pirelli,2,30,29.134,29134.0
1045,2021,10,39,39,39,11,sergio-perez,red-bull,honda,pirelli,3,38,27.848,27848.0
1045,2021,10,40,40,40,10,pierre-gasly,alphatauri,honda,pirelli,3,46,28.180,28180.0
1045,2021,10,41,41,41,11,sergio-perez,red-bull,honda,pirelli,4,48,29.082,29082.0
1046,2021,11,1,1,1,33,max-verstappen,red-bull,honda,pirelli,1,1,22.569,22569.0
1046,2021,11,2,2,2,9,nikita-mazepin,haas,ferrari,pirelli,1,1,23.715,23715.0
1046,2021,11,3,3,3,4,lando-norris,mclaren,mercedes,pirelli,1,1,38.267,38267.0
1046,2021,11,4,4,4,99,antonio-giovinazzi,alfa-romeo,ferrari,pirelli,1,1,26.573,26573.0
1046,2021,11,5,5,5,44,lewis-hamilton,mercedes,mercedes,pirelli,1,2,24:09.259,1449259.0
1046,2021,11,6,6,6,31,esteban-ocon,alpine,renault,pirelli,1,2,24:10.190,1450190.0
1046,2021,11,7,7,7,5,sebastian-vettel,aston-martin,mercedes,pirelli,1,2,24:11.890,1451890.0
1046,2021,11,8,8,8,55,carlos-sainz-jr,ferrari,ferrari,pirelli,1,2,24:12.527,1452527.0
1046,2021,11,9,9,9,22,yuki-tsunoda,alphatauri,honda,pirelli,1,2,24:13.630,1453630.0
1046,2021,11,10,10,10,6,nicholas-latifi,williams,mercedes,pirelli,1,2,24:14.435,1454435.0
1046,2021,11,11,11,11,14,fernando-alonso,alpine,renault,pirelli,1,2,24:14.979,1454979.0
1046,2021,11,12,12,12,63,george-russell,williams,mercedes,pirelli,1,2,24:17.487,1457487.0
1046,2021,11,13,13,13,7,kimi-raikkonen,alfa-romeo,ferrari,pirelli,1,2,24:17.844,1457844.0
1046,2021,11,14,14,14,47,mick-schumacher,haas,ferrari,pirelli,1,2,24:17.042,1457042.0
1046,2021,11,15,15,15,10,pierre-gasly,alphatauri,honda,pirelli,1,2,24:17.615,1457615.0
1046,2021,11,16,16,16,3,daniel-ricciardo,mclaren,mercedes,pirelli,1,2,24:17.127,1457127.0
1046,2021,11,17,17,17,33,max-verstappen,red-bull,honda,pirelli,2,2,24:16.349,1456349.0
1046,2021,11,18,18,18,9,nikita-mazepin,haas,ferrari,pirelli,2,2,24:17.420,1457420.0
1046,2021,11,19,19,19,99,antonio-giovinazzi,alfa-romeo,ferrari,pirelli,2,2,24:16.349,1456349.0
1046,2021,11,20,20,20,31,esteban-ocon,alpine,renault,pirelli,2,3,39.522,39522.0
1046,2021,11,21,21,21,5,sebastian-vettel,aston-martin,mercedes,pirelli,2,3,40.882,40882.0
1046,2021,11,22,22,22,55,carlos-sainz-jr,ferrari,ferrari,pirelli,2,3,42.786,42786.0
1046,2021,11,23,23,23,22,yuki-tsunoda,alphatauri,honda,pirelli,2,3,40.740,40740.0
1046,2021,11,24,24,24,6,nicholas-latifi,williams,mercedes,pirelli,2,3,39.081,39081.0
1046,2021,11,25,25,25,14,fernando-alonso,alpine,renault,pirelli,2,3,37.122,37122.0
1046,2021,11,26,26,26,7,kimi-raikkonen,alfa-romeo,ferrari,pirelli,2,3,35.451,35451.0
1046,2021,11,27,27,27,63,george-russell,williams,mercedes,pirelli,2,3,29.374,29374.0
1046,2021,11,28,28,28,47,mick-schumacher,haas,ferrari,pirelli,2,3,36.813,36813.0
1046,2021,11,29,29,29,10,pierre-gasly,alphatauri,honda,pirelli,2,3,39.839,39839.0
1046,2021,11,30,30,30,3,daniel-ricciardo,mclaren,mercedes,pirelli,2,3,34.492,34492.0
1046,2021,11,31,31,31,33,max-verstappen,red-bull,honda,pirelli,3,3,35.245,35245.0
1046,2021,11,32,32,32,99,antonio-giovinazzi,alfa-romeo,ferrari,pirelli,3,3,36.899,36899.0
1046,2021,11,33,33,33,44,lewis-hamilton,mercedes,mercedes,pirelli,2,4,21.731,21731.0
1046,2021,11,34,34,34,99,antonio-giovinazzi,alfa-romeo,ferrari,pirelli,4,11,29.191,29191.0
1046,2021,11,35,35,35,7,kimi-raikkonen,alfa-romeo,ferrari,pirelli,3,15,36.457,36457.0
1046,2021,11,36,36,36,44,lewis-hamilton,mercedes,mercedes,pirelli,3,19,21.516,21516.0
1046,2021,11,37,37,37,3,daniel-ricciardo,mclaren,mercedes,pirelli,3,20,21.623,21623.0
1046,2021,11,38,38,38,33,max-verstappen,red-bull,honda,pirelli,4,20,21.047,21047.0
1046,2021,11,39,39,39,63,george-russell,williams,mercedes,pirelli,3,21,22.186,22186.0
1046,2021,11,40,40,40,22,yuki-tsunoda,alphatauri,honda,pirelli,3,22,21.819,21819.0
1046,2021,11,41,41,41,6,nicholas-latifi,williams,mercedes,pirelli,3,23,22.704,22704.0
1046,2021,11,42,42,42,10,pierre-gasly,alphatauri,honda,pirelli,3,30,21.295,21295.0
1046,2021,11,43,43,43,55,carlos-sainz-jr,ferrari,ferrari,pirelli,3,32,21.951,21951.0
1046,2021,11,44,44,44,99,antonio-giovinazzi,alfa-romeo,ferrari,pirelli,5,33,21.874,21874.0
1046,2021,11,45,45,45,47,mick-schumacher,haas,ferrari,pirelli,3,34,22.113,22113.0
1046,2021,11,46,46,46,5,sebastian-vettel,aston-martin,mercedes,pirelli,3,36,22.703,22703.0
1046,2021,11,47,47,47,31,esteban-ocon,alpine,renault,pirelli,3,37,21.642,21642.0
1046,2021,11,48,48,48,14,fernando-alonso,alpine,renault,pirelli,3,39,21.523,21523.0
1046,2021,11,49,49,49,33,max-verstappen,red-bull,honda,pirelli,5,40,20.848,20848.0
1046,2021,11,50,50,50,44,lewis-hamilton,mercedes,mercedes,pirelli,4,47,21.208,21208.0
1046,2021,11,51,51,51,7,kimi-raikkonen,alfa-romeo,ferrari,pirelli,4,53,21.172,21172.0
1046,2021,11,52,52,52,10,pierre-gasly,alphatauri,honda,pirelli,4,68,21.543,21543.0
1048,2021,13,1,1,1,47,mick-schumacher,haas,ferrari,pirelli,1,4,35.573,35573.0
1048,2021,13,2,2,2,11,sergio-perez,red-bull,honda,pirelli,1,8,19.287,19287.0
1048,2021,13,3,3,3,5,sebastian-vettel,aston-martin,mercedes,pirelli,1,10,18.664,18664.0
1048,2021,13,4,4,4,44,lewis-hamilton,mercedes,mercedes,pirelli,1,20,19.770,19770.0
1048,2021,13,5,5,5,33,max-verstappen,red-bull,honda,pirelli,1,21,19.142,19142.0
1048,2021,13,6,6,6,6,nicholas-latifi,williams,mercedes,pirelli,1,23,20.646,20646.0
1048,2021,13,7,7,7,10,pierre-gasly,alphatauri,honda,pirelli,1,24,19.163,19163.0
1048,2021,13,8,8,8,99,antonio-giovinazzi,alfa-romeo,ferrari,pirelli,1,27,19.049,19049.0
1048,2021,13,9,9,9,63,george-russell,williams,mercedes,pirelli,1,27,18.634,18634.0
1048,2021,13,10,10,10,18,lance-stroll,aston-martin,mercedes,pirelli,1,27,19.389,19389.0
1048,2021,13,11,11,11,3,daniel-ricciardo,mclaren,mercedes,pirelli,1,30,19.449,19449.0
1048,2021,13,12,12,12,77,valtteri-bottas,mercedes,mercedes,pirelli,1,31,18.873,18873.0
1048,2021,13,13,13,13,55,carlos-sainz-jr,ferrari,ferrari,pirelli,1,31,20.327,20327.0
1048,2021,13,14,14,14,31,esteban-ocon,alpine,renault,pirelli,1,31,19.240,19240.0
1048,2021,13,15,15,15,22,yuki-tsunoda,alphatauri,honda,pirelli,1,31,19.850,19850.0
1048,2021,13,16,16,16,47,mick-schumacher,haas,ferrari,pirelli,2,30,24.578,24578.0
1048,2021,13,17,17,17,14,fernando-alonso,alpine,renault,pirelli,1,33,19.018,19018.0
1048,2021,13,18,18,18,99,antonio-giovinazzi,alfa-romeo,ferrari,pirelli,2,33,20.043,20043.0
1048,2021,13,19,19,19,9,nikita-mazepin,haas,ferrari,pirelli,1,33,19.999,19999.0
1048,2021,13,20,20,20,16,charles-leclerc,ferrari,ferrari,pirelli,1,34,19.490,19490.0
1048,2021,13,21,21,21,44,lewis-hamilton,mercedes,mercedes,pirelli,2,39,18.868,18868.0
1048,2021,13,22,22,22,33,max-verstappen,red-bull,honda,pirelli,2,40,18.578,18578.0
1048,2021,13,23,23,23,88,robert-kubica,alfa-romeo,ferrari,pirelli,1,40,19.708,19708.0
1048,2021,13,24,24,24,4,lando-norris,mclaren,mercedes,pirelli,1,42,20.443,20443.0
1048,2021,13,25,25,25,5,sebastian-vettel,aston-martin,mercedes,pirelli,2,44,18.681,18681.0
1048,2021,13,26,26,26,11,sergio-perez,red-bull,honda,pirelli,2,47,18.555,18555.0
1048,2021,13,27,27,27,77,valtteri-bottas,mercedes,mercedes,pirelli,2,67,21.730,21730.0
1048,2021,13,28,28,28,44,lewis-hamilton,mercedes,mercedes,pirelli,3,70,19.202,19202.0
1048,2021,13,29,29,29,63,george-russell,williams,mercedes,pirelli,2,68,25.533,25533.0
1049,2021,14,1,1,1,99,antonio-giovinazzi,alfa-romeo,ferrari,pirelli,1,1,37.190,37190.0
1049,2021,14,2,2,2,3,daniel-ricciardo,mclaren,mercedes,pirelli,1,22,23.812,23812.0
1049,2021,14,3,3,3,5,sebastian-vettel,aston-martin,mercedes,pirelli,1,22,25.157,25157.0
1049,2021,14,4,4,4,33,max-verstappen,red-bull,honda,pirelli,1,23,32.456,32456.0
1049,2021,14,5,5,5,6,nicholas-latifi,williams,mercedes,pirelli,1,23,24.168,24168.0
1049,2021,14,6,6,6,47,mick-schumacher,haas,ferrari,pirelli,1,23,24.714,24714.0
1049,2021,14,7,7,7,4,lando-norris,mclaren,mercedes,pirelli,1,24,24.168,24168.0
1049,2021,14,8,8,8,9,nikita-mazepin,haas,ferrari,pirelli,1,24,24.928,24928.0
1049,2021,14,9,9,9,44,lewis-hamilton,mercedes,mercedes,pirelli,1,25,25.619,25619.0
1049,2021,14,10,10,10,18,lance-stroll,aston-martin,mercedes,pirelli,1,25,24.846,24846.0
1049,2021,14,11,11,11,14,fernando-alonso,alpine,renault,pirelli,1,25,24.797,24797.0
1049,2021,14,12,12,12,99,antonio-giovinazzi,alfa-romeo,ferrari,pirelli,2,25,30.551,30551.0
1049,2021,14,13,13,13,16,charles-leclerc,ferrari,ferrari,pirelli,1,26,24.557,24557.0
1049,2021,14,14,14,14,11,sergio-perez,red-bull,honda,pirelli,1,26,23.906,23906.0
1049,2021,14,15,15,15,55,carlos-sainz-jr,ferrari,ferrari,pirelli,1,26,24.283,24283.0
1049,2021,14,16,16,16,77,valtteri-bottas,mercedes,mercedes,pirelli,1,26,24.308,24308.0
1049,2021,14,17,17,17,31,esteban-ocon,alpine,renault,pirelli,1,26,30.333,30333.0
1049,2021,14,18,18,18,63,george-russell,williams,mercedes,pirelli,1,26,24.156,24156.0
1049,2021,14,19,19,19,88,robert-kubica,alfa-romeo,ferrari,pirelli,1,26,24.501,24501.0
1049,2021,14,20,20,20,5,sebastian-vettel,aston-martin,mercedes,pirelli,2,26,25.927,25927.0
1049,2021,14,21,21,21,9,nikita-mazepin,haas,ferrari,pirelli,2,28,24.806,24806.0
1049,2021,14,22,22,22,9,nikita-mazepin,haas,ferrari,pirelli,3,39,30.917,30917.0
1050,2021,15,1,1,1,18,lance-stroll,aston-martin,mercedes,pirelli,1,12,30.241,30241.0
1050,2021,15,2,2,2,63,george-russell,williams,mercedes,pirelli,1,13,30.665,30665.0
1050,2021,15,3,3,3,6,nicholas-latifi,williams,mercedes,pirelli,1,13,30.056,30056.0
1050,2021,15,4,4,4,22,yuki-tsunoda,alphatauri,honda,pirelli,1,13,30.112,30112.0
1050,2021,15,5,5,5,55,carlos-sainz-jr,ferrari,ferrari,pirelli,1,14,30.715,30715.0
1050,2021,15,6,6,6,9,nikita-mazepin,haas,ferrari,pirelli,1,14,30.127,30127.0
1050,2021,15,7,7,7,31,esteban-ocon,alpine,renault,pirelli,1,15,29.901,29901.0
1050,2021,15,8,8,8,7,kimi-raikkonen,alfa-romeo,ferrari,pirelli,1,15,30.102,30102.0
1050,2021,15,9,9,9,47,mick-schumacher,haas,ferrari,pirelli,1,20,29.996,29996.0
1050,2021,15,10,10,10,3,daniel-ricciardo,mclaren,mercedes,pirelli,1,22,33.617,33617.0
1050,2021,15,11,11,11,44,lewis-hamilton,mercedes,mercedes,pirelli,1,26,29.878,29878.0
1050,2021,15,12,12,12,33,max-verstappen,red-bull,honda,pirelli,1,26,29.578,29578.0
1050,2021,15,13,13,13,5,sebastian-vettel,aston-martin,mercedes,pirelli,1,26,29.242,29242.0
1050,2021,15,14,14,14,4,lando-norris,mclaren,mercedes,pirelli,1,28,29.824,29824.0
1050,2021,15,15,15,15,77,valtteri-bottas,mercedes,mercedes,pirelli,1,28,29.936,29936.0
1050,2021,15,16,16,16,10,pierre-gasly,alphatauri,honda,pirelli,1,33,29.354,29354.0
1050,2021,15,17,17,17,16,charles-leclerc,ferrari,ferrari,pirelli,1,35,31.849,31849.0
1050,2021,15,18,18,18,11,sergio-perez,red-bull,honda,pirelli,1,36,36.026,36026.0
1050,2021,15,19,19,19,14,fernando-alonso,alpine,renault,pirelli,1,36,30.157,30157.0
1050,2021,15,20,20,20,99,antonio-giovinazzi,alfa-romeo,ferrari,pirelli,1,36,30.081,30081.0
1050,2021,15,21,21,21,63,george-russell,williams,mercedes,pirelli,2,47,32.081,32081.0
1050,2021,15,22,22,22,77,valtteri-bottas,mercedes,mercedes,pirelli,2,47,29.569,29569.0
1050,2021,15,23,23,23,7,kimi-raikkonen,alfa-romeo,ferrari,pirelli,2,47,30.131,30131.0
1050,2021,15,24,24,24,9,nikita-mazepin,haas,ferrari,pirelli,2,46,33.931,33931.0
1050,2021,15,25,25,25,22,yuki-tsunoda,alphatauri,honda,pirelli,2,47,30.980,30980.0
1050,2021,15,26,26,26,33,max-verstappen,red-bull,honda,pirelli,2,48,31.017,31017.0
1050,2021,15,27,27,27,55,carlos-sainz-jr,ferrari,ferrari,pirelli,2,48,30.677,30677.0
1050,2021,15,28,28,28,3,daniel-ricciardo,mclaren,mercedes,pirelli,2,48,31.016,31016.0
1050,2021,15,29,29,29,18,lance-stroll,aston-martin,mercedes,pirelli,2,48,43.124,43124.0
1050,2021,15,30,30,30,44,lewis-hamilton,mercedes,mercedes,pirelli,2,49,30.045,30045.0
1050,2021,15,31,31,31,22,yuki-tsunoda,alphatauri,honda,pirelli,3,49,30.972,30972.0
1050,2021,15,32,32,32,14,fernando-alonso,alpine,renault,pirelli,2,50,30.702,30702.0
1050,2021,15,33,33,33,11,sergio-perez,red-bull,honda,pirelli,2,50,32.313,32313.0
1050,2021,15,34,34,34,5,sebastian-vettel,aston-martin,mercedes,pirelli,2,50,32.128,32128.0
1050,2021,15,35,35,35,10,pierre-gasly,alphatauri,honda,pirelli,2,50,31.915,31915.0
1050,2021,15,36,36,36,31,esteban-ocon,alpine,renault,pirelli,2,50,33.264,33264.0
1050,2021,15,37,37,37,99,antonio-giovinazzi,alfa-romeo,ferrari,pirelli,2,50,33.961,33961.0
1050,2021,15,38,38,38,4,lando-norris,mclaren,mercedes,pirelli,2,51,32.670,32670.0
1050,2021,15,39,39,39,16,charles-leclerc,ferrari,ferrari,pirelli,2,51,32.648,32648.0
1051,2021,16,1,1,1,3,daniel-ricciardo,mclaren,mercedes,pirelli,1,21,23.028,23028.0
1051,2021,16,2,2,2,14,fernando-alonso,alpine,renault,pirelli,1,30,29.116,29116.0
1051,2021,16,3,3,3,4,lando-norris,mclaren,mercedes,pirelli,1,34,23.239,23239.0
1051,2021,16,4,4,4,6,nicholas-latifi,williams,mercedes,pirelli,1,34,24.104,24104.0
1051,2021,16,5,5,5,22,yuki-tsunoda,alphatauri,honda,pirelli,1,35,23.329,23329.0
1051,2021,16,6,6,6,63,george-russell,williams,mercedes,pirelli,1,35,23.551,23551.0
1051,2021,16,7,7,7,33,max-verstappen,red-bull,honda,pirelli,1,36,22.442,22442.0
1051,2021,16,8,8,8,55,carlos-sainz-jr,ferrari,ferrari,pirelli,1,36,28.353,28353.0
1051,2021,16,9,9,9,9,nikita-mazepin,haas,ferrari,pirelli,1,35,23.829,23829.0
1051,2021,16,10,10,10,5,sebastian-vettel,aston-martin,mercedes,pirelli,1,36,23.500,23500.0
1051,2021,16,11,11,11,77,valtteri-bottas,mercedes,mercedes,pirelli,1,37,22.962,22962.0
1051,2021,16,12,12,12,11,sergio-perez,red-bull,honda,pirelli,1,37,22.463,22463.0
1051,2021,16,13,13,13,7,kimi-raikkonen,alfa-romeo,ferrari,pirelli,1,37,23.164,23164.0
1051,2021,16,14,14,14,5,sebastian-vettel,aston-martin,mercedes,pirelli,2,37,23.514,23514.0
1051,2021,16,15,15,15,10,pierre-gasly,alphatauri,honda,pirelli,1,39,29.310,29310.0
1051,2021,16,16,16,16,18,lance-stroll,aston-martin,mercedes,pirelli,1,39,35.509,35509.0
1051,2021,16,17,17,17,47,mick-schumacher,haas,ferrari,pirelli,1,39,23.892,23892.0
1051,2021,16,18,18,18,99,antonio-giovinazzi,alfa-romeo,ferrari,pirelli,1,40,23.150,23150.0
1051,2021,16,19,19,19,16,charles-leclerc,ferrari,ferrari,pirelli,1,47,23.646,23646.0
1051,2021,16,20,20,20,44,lewis-hamilton,mercedes,mercedes,pirelli,1,50,22.684,22684.0
1052,2021,17,1,1,1,9,nikita-mazepin,haas,ferrari,pirelli,1,1,30.673,30673.0
1052,2021,17,2,2,2,31,esteban-ocon,alpine,renault,pirelli,1,3,40.800,40800.0
1052,2021,17,3,3,3,6,nicholas-latifi,williams,mercedes,pirelli,1,5,32.610,32610.0
1052,2021,17,4,4,4,14,fernando-alonso,alpine,renault,pirelli,1,7,23.576,23576.0
1052,2021,17,5,5,5,99,antonio-giovinazzi,alfa-romeo,ferrari,pirelli,1,8,23.993,23993.0
1052,2021,17,6,6,6,22,yuki-tsunoda,alphatauri,honda,pirelli,1,9,23.802,23802.0
1052,2021,17,7,7,7,63,george-russell,williams,mercedes,pirelli,1,9,23.572,23572.0
1052,2021,17,8,8,8,33,max-verstappen,red-bull,honda,pirelli,1,10,23.727,23727.0
1052,2021,17,9,9,9,4,lando-norris,mclaren,mercedes,pirelli,1,10,24.385,24385.0
1052,2021,17,10,10,10,10,pierre-gasly,alphatauri,honda,pirelli,1,10,23.745,23745.0
1052,2021,17,11,11,11,3,daniel-ricciardo,mclaren,mercedes,pirelli,1,11,24.176,24176.0
1052,2021,17,12,12,12,55,carlos-sainz-jr,ferrari,ferrari,pirelli,1,11,23.414,23414.0
1052,2021,17,13,13,13,47,mick-schumacher,haas,ferrari,pirelli,1,11,24.293,24293.0
1052,2021,17,14,14,14,11,sergio-perez,red-bull,honda,pirelli,1,12,25.018,25018.0
1052,2021,17,15,15,15,16,charles-leclerc,ferrari,ferrari,pirelli,1,12,24.011,24011.0
1052,2021,17,16,16,16,7,kimi-raikkonen,alfa-romeo,ferrari,pirelli,1,12,24.191,24191.0
1052,2021,17,17,17,17,44,lewis-hamilton,mercedes,mercedes,pirelli,1,13,24.481,24481.0
1052,2021,17,18,18,18,77,valtteri-bottas,mercedes,mercedes,pirelli,1,15,24.444,24444.0
1052,2021,17,19,19,19,5,sebastian-vettel,aston-martin,mercedes,pirelli,1,17,24.977,24977.0
1052,2021,17,20,20,20,18,lance-stroll,aston-martin,mercedes,pirelli,1,18,23.827,23827.0
1052,2021,17,21,21,21,9,nikita-mazepin,haas,ferrari,pirelli,2,24,24.611,24611.0
1052,2021,17,22,22,22,6,nicholas-latifi,williams,mercedes,pirelli,2,25,23.653,23653.0
1052,2021,17,23,23,23,31,esteban-ocon,alpine,renault,pirelli,2,25,23.919,23919.0
1052,2021,17,24,24,24,99,antonio-giovinazzi,alfa-romeo,ferrari,pirelli,2,26,23.502,23502.0
1052,2021,17,25,25,25,14,fernando-alonso,alpine,renault,pirelli,2,28,23.844,23844.0
1052,2021,17,26,26,26,33,max-verstappen,red-bull,honda,pirelli,2,29,24.052,24052.0
1052,2021,17,27,27,27,55,carlos-sainz-jr,ferrari,ferrari,pirelli,2,29,26.866,26866.0
1052,2021,17,28,28,28,11,sergio-perez,red-bull,honda,pirelli,2,30,23.604,23604.0
1052,2021,17,29,29,29,3,daniel-ricciardo,mclaren,mercedes,pirelli,2,30,24.036,24036.0
1052,2021,17,30,30,30,4,lando-norris,mclaren,mercedes,pirelli,2,30,25.548,25548.0
1052,2021,17,31,31,31,7,kimi-raikkonen,alfa-romeo,ferrari,pirelli,2,31,24.090,24090.0
1052,2021,17,32,32,32,63,george-russell,williams,mercedes,pirelli,2,31,24.980,24980.0
1052,2021,17,33,33,33,16,charles-leclerc,ferrari,ferrari,pirelli,2,32,23.805,23805.0
1052,2021,17,34,34,34,22,yuki-tsunoda,alphatauri,honda,pirelli,2,32,23.529,23529.0
1052,2021,17,35,35,35,77,valtteri-bottas,mercedes,mercedes,pirelli,2,34,23.619,23619.0
1052,2021,17,36,36,36,18,lance-stroll,aston-martin,mercedes,pirelli,2,34,23.455,23455.0
1052,2021,17,37,37,37,47,mick-schumacher,haas,ferrari,pirelli,2,34,24.247,24247.0
1052,2021,17,38,38,38,44,lewis-hamilton,mercedes,mercedes,pirelli,2,37,23.676,23676.0
1052,2021,17,39,39,39,5,sebastian-vettel,aston-martin,mercedes,pirelli,2,38,23.849,23849.0
1052,2021,17,40,40,40,9,nikita-mazepin,haas,ferrari,pirelli,3,37,24.169,24169.0
1052,2021,17,41,41,41,14,fernando-alonso,alpine,renault,pirelli,3,39,23.314,23314.0
1053,2021,18,1,1,1,3,daniel-ricciardo,mclaren,mercedes,pirelli,1,1,38.128,38128.0
1053,2021,18,2,2,2,77,valtteri-bottas,mercedes,mercedes,pirelli,1,1,22.463,22463.0
1053,2021,18,3,3,3,6,nicholas-latifi,williams,mercedes,pirelli,1,11,23.681,23681.0
1053,2021,18,4,4,4,18,lance-stroll,aston-martin,mercedes,pirelli,1,12,23.586,23586.0
1053,2021,18,5,5,5,9,nikita-mazepin,haas,ferrari,pirelli,1,13,25.094,25094.0
1053,2021,18,6,6,6,31,esteban-ocon,alpine,renault,pirelli,1,14,23.100,23100.0
1053,2021,18,7,7,7,63,george-russell,williams,mercedes,pirelli,1,15,21.984,21984.0
1053,2021,18,8,8,8,99,antonio-giovinazzi,alfa-romeo,ferrari,pirelli,1,16,22.205,22205.0
1053,2021,18,9,9,9,44,lewis-hamilton,mercedes,mercedes,pirelli,1,29,22.373,22373.0
1053,2021,18,10,10,10,16,charles-leclerc,ferrari,ferrari,pirelli,1,30,22.085,22085.0
1053,2021,18,11,11,11,10,pierre-gasly,alphatauri,honda,pirelli,1,31,22.549,22549.0
1053,2021,18,12,12,12,7,kimi-raikkonen,alfa-romeo,ferrari,pirelli,1,32,22.424,22424.0
1053,2021,18,13,13,13,33,max-verstappen,red-bull,honda,pirelli,1,33,21.908,21908.0
1053,2021,18,14,14,14,5,sebastian-vettel,aston-martin,mercedes,pirelli,1,33,22.277,22277.0
1053,2021,18,15,15,15,18,lance-stroll,aston-martin,mercedes,pirelli,2,34,26.056,26056.0
1053,2021,18,16,16,16,3,daniel-ricciardo,mclaren,mercedes,pirelli,2,38,22.813,22813.0
1053,2021,18,17,17,17,14,fernando-alonso,alpine,renault,pirelli,1,39,23.985,23985.0
1053,2021,18,18,18,18,11,sergio-perez,red-bull,honda,pirelli,1,40,22.114,22114.0
1053,2021,18,19,19,19,77,valtteri-bottas,mercedes,mercedes,pirelli,2,40,31.664,31664.0
1053,2021,18,20,20,20,55,carlos-sainz-jr,ferrari,ferrari,pirelli,1,42,22.031,22031.0
1053,2021,18,21,21,21,4,lando-norris,mclaren,mercedes,pirelli,1,44,22.534,22534.0
1053,2021,18,22,22,22,6,nicholas-latifi,williams,mercedes,pirelli,2,49,22.739,22739.0
1053,2021,18,23,23,23,9,nikita-mazepin,haas,ferrari,pirelli,2,58,23.637,23637.0
1053,2021,18,24,24,24,77,valtteri-bottas,mercedes,mercedes,pirelli,3,63,22.680,22680.0
1053,2021,18,25,25,25,77,valtteri-bottas,mercedes,mercedes,pirelli,4,67,26.443,26443.0
1054,2021,19,1,1,1,4,lando-norris,mclaren,mercedes,pirelli,1,1,27.313,27313.0
1054,2021,19,2,2,2,22,yuki-tsunoda,alphatauri,honda,pirelli,1,4,31.939,31939.0
1054,2021,19,3,3,3,63,george-russell,williams,mercedes,pirelli,1,6,22.978,22978.0
1054,2021,19,4,4,4,22,yuki-tsunoda,alphatauri,honda,pirelli,2,6,17.758,17758.0
1054,2021,19,5,5,5,4,lando-norris,mclaren,mercedes,pirelli,2,6,17.719,17719.0
1054,2021,19,6,6,6,33,max-verstappen,red-bull,honda,pirelli,1,7,17.916,17916.0
1054,2021,19,7,7,7,11,sergio-perez,red-bull,honda,pirelli,1,7,18.308,18308.0
1054,2021,19,8,8,8,44,lewis-hamilton,mercedes,mercedes,pirelli,1,7,17.910,17910.0
1054,2021,19,9,9,9,77,valtteri-bottas,mercedes,mercedes,pirelli,1,7,17.899,17899.0
1054,2021,19,10,10,10,16,charles-leclerc,ferrari,ferrari,pirelli,1,7,17.943,17943.0
1054,2021,19,11,11,11,55,carlos-sainz-jr,ferrari,ferrari,pirelli,1,7,18.460,18460.0
1054,2021,19,12,12,12,5,sebastian-vettel,aston-martin,mercedes,pirelli,1,7,18.107,18107.0
1054,2021,19,13,13,13,10,pierre-gasly,alphatauri,honda,pirelli,1,7,19.439,19439.0
1054,2021,19,14,14,14,31,esteban-ocon,alpine,renault,pirelli,1,7,19.285,19285.0
1054,2021,19,15,15,15,3,daniel-ricciardo,mclaren,mercedes,pirelli,1,7,19.732,19732.0
1054,2021,19,16,16,16,14,fernando-alonso,alpine,renault,pirelli,1,7,17.751,17751.0
1054,2021,19,17,17,17,18,lance-stroll,aston-martin,mercedes,pirelli,1,7,17.948,17948.0
1054,2021,19,18,18,18,99,antonio-giovinazzi,alfa-romeo,ferrari,pirelli,1,7,17.713,17713.0
1054,2021,19,19,19,19,9,nikita-mazepin,haas,ferrari,pirelli,1,7,17.995,17995.0
1054,2021,19,20,20,20,47,mick-schumacher,haas,ferrari,pirelli,1,7,17.861,17861.0
1054,2021,19,21,21,21,6,nicholas-latifi,williams,mercedes,pirelli,1,7,18.153,18153.0
1054,2021,19,22,22,22,7,kimi-raikkonen,alfa-romeo,ferrari,pirelli,1,7,18.327,18327.0
1054,2021,19,23,23,23,63,george-russell,williams,mercedes,pirelli,2,7,20.844,20844.0
1054,2021,19,24,24,24,22,yuki-tsunoda,alphatauri,honda,pirelli,3,7,17.711,17711.0
1054,2021,19,25,25,25,4,lando-norris,mclaren,mercedes,pirelli,3,7,17.673,17673.0
1054,2021,19,26,26,26,33,max-verstappen,red-bull,honda,pirelli,2,8,17.807,17807.0
1054,2021,19,27,27,27,11,sergio-perez,red-bull,honda,pirelli,2,8,18.136,18136.0
1054,2021,19,28,28,28,44,lewis-hamilton,mercedes,mercedes,pirelli,2,8,18.660,18660.0
1054,2021,19,29,29,29,77,valtteri-bottas,mercedes,mercedes,pirelli,2,8,17.837,17837.0
1054,2021,19,30,30,30,16,charles-leclerc,ferrari,ferrari,pirelli,2,8,17.771,17771.0
1054,2021,19,31,31,31,55,carlos-sainz-jr,ferrari,ferrari,pirelli,2,8,18.373,18373.0
1054,2021,19,32,32,32,5,sebastian-vettel,aston-martin,mercedes,pirelli,2,8,17.896,17896.0
1054,2021,19,33,33,33,10,pierre-gasly,alphatauri,honda,pirelli,2,8,18.608,18608.0
1054,2021,19,34,34,34,31,esteban-ocon,alpine,renault,pirelli,2,8,17.818,17818.0
1054,2021,19,35,35,35,3,daniel-ricciardo,mclaren,mercedes,pirelli,2,8,18.347,18347.0
1054,2021,19,36,36,36,14,fernando-alonso,alpine,renault,pirelli,2,8,17.705,17705.0
1054,2021,19,37,37,37,18,lance-stroll,aston-martin,mercedes,pirelli,2,8,17.935,17935.0
1054,2021,19,38,38,38,99,antonio-giovinazzi,alfa-romeo,ferrari,pirelli,2,8,17.929,17929.0
1054,2021,19,39,39,39,9,nikita-mazepin,haas,ferrari,pirelli,2,8,18.467,18467.0
1054,2021,19,40,40,40,47,mick-schumacher,haas,ferrari,pirelli,2,8,18.588,18588.0
1054,2021,19,41,41,41,6,nicholas-latifi,williams,mercedes,pirelli,2,8,18.784,18784.0
1054,2021,19,42,42,42,7,kimi-raikkonen,alfa-romeo,ferrari,pirelli,2,8,18.763,18763.0
1054,2021,19,43,43,43,63,george-russell,williams,mercedes,pirelli,3,8,18.179,18179.0
1054,2021,19,44,44,44,22,yuki-tsunoda,alphatauri,honda,pirelli,4,8,18.499,18499.0
1054,2021,19,45,45,45,4,lando-norris,mclaren,mercedes,pirelli,4,8,19.176,19176.0
1054,2021,19,46,46,46,47,mick-schumacher,haas,ferrari,pirelli,3,11,41.173,41173.0
1054,2021,19,47,47,47,6,nicholas-latifi,williams,mercedes,pirelli,3,13,22.936,22936.0
1054,2021,19,48,48,48,18,lance-stroll,aston-martin,mercedes,pirelli,3,22,24.997,24997.0
1054,2021,19,49,49,49,10,pierre-gasly,alphatauri,honda,pirelli,3,25,23.116,23116.0
1054,2021,19,50,50,50,44,lewis-hamilton,mercedes,mercedes,pirelli,3,26,22.690,22690.0
1054,2021,19,51,51,51,55,carlos-sainz-jr,ferrari,ferrari,pirelli,3,26,23.321,23321.0
1054,2021,19,52,52,52,33,max-verstappen,red-bull,honda,pirelli,3,27,22.722,22722.0
1054,2021,19,53,53,53,16,charles-leclerc,ferrari,ferrari,pirelli,3,27,22.667,22667.0
1054,2021,19,54,54,54,11,sergio-perez,red-bull,honda,pirelli,3,28,23.165,23165.0
1054,2021,19,55,55,55,5,sebastian-vettel,aston-martin,mercedes,pirelli,3,28,24.464,24464.0
1054,2021,19,56,56,56,7,kimi-raikkonen,alfa-romeo,ferrari,pirelli,3,28,23.541,23541.0
1054,2021,19,57,57,57,99,antonio-giovinazzi,alfa-romeo,ferrari,pirelli,3,29,23.618,23618.0
1054,2021,19,58,58,58,77,valtteri-bottas,mercedes,mercedes,pirelli,3,30,23.263,23263.0
1054,2021,19,59,59,59,47,mick-schumacher,haas,ferrari,pirelli,4,29,25.597,25597.0
1054,2021,19,60,60,60,3,daniel-ricciardo,mclaren,mercedes,pirelli,3,30,22.839,22839.0
1054,2021,19,61,61,61,31,esteban-ocon,alpine,renault,pirelli,3,30,23.504,23504.0
1054,2021,19,62,62,62,14,fernando-alonso,alpine,renault,pirelli,3,34,24.375,24375.0
1054,2021,19,63,63,63,9,nikita-mazepin,haas,ferrari,pirelli,3,34,23.546,23546.0
1054,2021,19,64,64,64,4,lando-norris,mclaren,mercedes,pirelli,5,37,24.211,24211.0
1054,2021,19,65,65,65,22,yuki-tsunoda,alphatauri,honda,pirelli,5,39,35.416,35416.0
1054,2021,19,66,66,66,6,nicholas-latifi,williams,mercedes,pirelli,4,39,22.958,22958.0
1054,2021,19,67,67,67,33,max-verstappen,red-bull,honda,pirelli,4,40,22.766,22766.0
1054,2021,19,68,68,68,77,valtteri-bottas,mercedes,mercedes,pirelli,4,41,22.856,22856.0
1054,2021,19,69,69,69,63,george-russell,williams,mercedes,pirelli,4,41,23.132,23132.0
1054,2021,19,70,70,70,11,sergio-perez,red-bull,honda,pirelli,4,42,22.656,22656.0
1054,2021,19,71,71,71,99,antonio-giovinazzi,alfa-romeo,ferrari,pirelli,4,42,22.830,22830.0
1054,2021,19,72,72,72,44,lewis-hamilton,mercedes,mercedes,pirelli,4,43,22.664,22664.0
1054,2021,19,73,73,73,10,pierre-gasly,alphatauri,honda,pirelli,4,51,23.039,23039.0
1054,2021,19,74,74,74,16,charles-leclerc,ferrari,ferrari,pirelli,4,52,23.064,23064.0
1054,2021,19,75,75,75,7,kimi-raikkonen,alfa-romeo,ferrari,pirelli,4,52,22.666,22666.0
1054,2021,19,76,76,76,55,carlos-sainz-jr,ferrari,ferrari,pirelli,4,53,22.745,22745.0
1054,2021,19,77,77,77,5,sebastian-vettel,aston-martin,mercedes,pirelli,4,55,22.978,22978.0
1054,2021,19,78,78,78,47,mick-schumacher,haas,ferrari,pirelli,5,61,24.627,24627.0
1054,2021,19,79,79,79,11,sergio-perez,red-bull,honda,pirelli,5,69,22.916,22916.0
1055,2021,20,1,1,1,22,yuki-tsunoda,alphatauri,honda,pirelli,1,9,25.659,25659.0
1055,2021,20,2,2,2,7,kimi-raikkonen,alfa-romeo,ferrari,pirelli,1,10,26.174,26174.0
1055,2021,20,3,3,3,10,pierre-gasly,alphatauri,honda,pirelli,1,13,25.630,25630.0
1055,2021,20,4,4,4,99,antonio-giovinazzi,alfa-romeo,ferrari,pirelli,1,15,25.987,25987.0
1055,2021,20,5,5,5,33,max-verstappen,red-bull,honda,pirelli,1,17,25.300,25300.0
1055,2021,20,6,6,6,63,george-russell,williams,mercedes,pirelli,1,17,26.121,26121.0
1055,2021,20,7,7,7,44,lewis-hamilton,mercedes,mercedes,pirelli,1,18,25.235,25235.0
1055,2021,20,8,8,8,6,nicholas-latifi,williams,mercedes,pirelli,1,18,25.811,25811.0
1055,2021,20,9,9,9,11,sergio-perez,red-bull,honda,pirelli,1,19,25.419,25419.0
1055,2021,20,10,10,10,47,mick-schumacher,haas,ferrari,pirelli,1,22,25.881,25881.0
1055,2021,20,11,11,11,14,fernando-alonso,alpine,renault,pirelli,1,23,25.991,25991.0
1055,2021,20,12,12,12,18,lance-stroll,aston-martin,mercedes,pirelli,1,23,26.157,26157.0
1055,2021,20,13,13,13,31,esteban-ocon,alpine,renault,pirelli,1,24,25.517,25517.0
1055,2021,20,14,14,14,4,lando-norris,mclaren,mercedes,pirelli,1,25,25.319,25319.0
1055,2021,20,15,15,15,3,daniel-ricciardo,mclaren,mercedes,pirelli,1,26,25.562,25562.0
1055,2021,20,16,16,16,5,sebastian-vettel,aston-martin,mercedes,pirelli,1,26,25.726,25726.0
1055,2021,20,17,17,17,55,carlos-sainz-jr,ferrari,ferrari,pirelli,1,27,25.639,25639.0
1055,2021,20,18,18,18,16,charles-leclerc,ferrari,ferrari,pirelli,1,27,25.799,25799.0
1055,2021,20,19,19,19,7,kimi-raikkonen,alfa-romeo,ferrari,pirelli,2,30,25.633,25633.0
1055,2021,20,20,20,20,9,nikita-mazepin,haas,ferrari,pirelli,1,31,26.515,26515.0
1055,2021,20,21,21,21,99,antonio-giovinazzi,alfa-romeo,ferrari,pirelli,2,32,25.347,25347.0
1055,2021,20,22,22,22,77,valtteri-bottas,mercedes,mercedes,pirelli,1,33,36.341,36341.0
1055,2021,20,23,23,23,22,yuki-tsunoda,alphatauri,honda,pirelli,2,34,26.674,26674.0
1055,2021,20,24,24,24,10,pierre-gasly,alphatauri,honda,pirelli,2,35,26.109,26109.0
1055,2021,20,25,25,25,33,max-verstappen,red-bull,honda,pirelli,2,41,25.175,25175.0
1055,2021,20,26,26,26,11,sergio-perez,red-bull,honda,pirelli,2,41,25.420,25420.0
1055,2021,20,27,27,27,44,lewis-hamilton,mercedes,mercedes,pirelli,2,42,25.381,25381.0
1055,2021,20,28,28,28,4,lando-norris,mclaren,mercedes,pirelli,2,49,26.552,26552.0
1055,2021,20,29,29,29,63,george-russell,williams,mercedes,pirelli,2,49,35.006,35006.0
1055,2021,20,30,30,30,33,max-verstappen,red-bull,honda,pirelli,3,55,25.465,25465.0
1056,2021,21,1,1,1,18,lance-stroll,aston-martin,mercedes,pirelli,1,9,27.165,27165.0
1056,2021,21,2,2,2,63,george-russell,williams,mercedes,pirelli,1,9,20.519,20519.0
1056,2021,21,3,3,3,44,lewis-hamilton,mercedes,mercedes,pirelli,1,10,20.580,20580.0
1056,2021,21,4,4,4,77,valtteri-bottas,mercedes,mercedes,pirelli,1,10,21.668,21668.0
1056,2021,21,5,5,5,16,charles-leclerc,ferrari,ferrari,pirelli,1,10,20.531,20531.0
1056,2021,21,6,6,6,11,sergio-perez,red-bull,honda,pirelli,1,10,20.710,20710.0
1056,2021,21,7,7,7,4,lando-norris,mclaren,mercedes,pirelli,1,10,20.973,20973.0
1056,2021,21,8,8,8,14,fernando-alonso,alpine,renault,pirelli,1,10,20.405,20405.0
1056,2021,21,9,9,9,6,nicholas-latifi,williams,mercedes,pirelli,1,10,24.220,24220.0
1056,2021,21,10,10,10,33,max-verstappen,red-bull,honda,pirelli,1,13,16:36.375,996375.0
1056,2021,21,11,11,11,44,lewis-hamilton,mercedes,mercedes,pirelli,2,13,16:35.856,995856.0
1056,2021,21,12,12,12,77,valtteri-bottas,mercedes,mercedes,pirelli,2,13,16:35.942,995942.0
1056,2021,21,13,13,13,31,esteban-ocon,alpine,renault,pirelli,1,13,16:37.126,997126.0
1056,2021,21,14,14,14,3,daniel-ricciardo,mclaren,mercedes,pirelli,1,13,16:37.029,997029.0
1056,2021,21,15,15,15,16,charles-leclerc,ferrari,ferrari,pirelli,2,13,16:39.485,999485.0
1056,2021,21,16,16,16,10,pierre-gasly,alphatauri,honda,pirelli,1,13,16:41.775,1001775.0
1056,2021,21,17,17,17,11,sergio-perez,red-bull,honda,pirelli,2,13,16:42.619,1002619.0
1056,2021,21,18,18,18,55,carlos-sainz-jr,ferrari,ferrari,pirelli,1,13,16:44.618,1004618.0
1056,2021,21,19,19,19,99,antonio-giovinazzi,alfa-romeo,ferrari,pirelli,1,13,16:44.917,1004917.0
1056,2021,21,20,20,20,22,yuki-tsunoda,alphatauri,honda,pirelli,1,13,16:46.407,1006407.0
1056,2021,21,21,21,21,7,kimi-raikkonen,alfa-romeo,ferrari,pirelli,1,13,16:48.569,1008569.0
1056,2021,21,22,22,22,5,sebastian-vettel,aston-martin,mercedes,pirelli,1,13,16:52.304,1012304.0
1056,2021,21,23,23,23,4,lando-norris,mclaren,mercedes,pirelli,2,13,16:57.303,1017303.0
1056,2021,21,24,24,24,14,fernando-alonso,alpine,renault,pirelli,2,13,16:59.850,1019850.0
1056,2021,21,25,25,25,9,nikita-mazepin,haas,ferrari,pirelli,1,13,16:59.226,1019226.0
1056,2021,21,26,26,26,63,george-russell,williams,mercedes,pirelli,2,13,17:01.615,1021615.0
1056,2021,21,27,27,27,18,lance-stroll,aston-martin,mercedes,pirelli,2,13,17:00.939,1020939.0
1056,2021,21,28,28,28,6,nicholas-latifi,williams,mercedes,pirelli,2,13,16:57.257,1017257.0
1056,2021,21,29,29,29,33,max-verstappen,red-bull,honda,pirelli,2,15,18:07.591,1087591.0
1056,2021,21,30,30,30,31,esteban-ocon,alpine,renault,pirelli,2,15,18:08.290,1088290.0
1056,2021,21,31,31,31,44,lewis-hamilton,mercedes,mercedes,pirelli,3,15,18:06.674,1086674.0
1056,2021,21,32,32,32,3,daniel-ricciardo,mclaren,mercedes,pirelli,2,15,18:07.296,1087296.0
1056,2021,21,33,33,33,77,valtteri-bottas,mercedes,mercedes,pirelli,3,15,18:09.473,1089473.0
1056,2021,21,34,34,34,10,pierre-gasly,alphatauri,honda,pirelli,2,15,18:12.287,1092287.0
1056,2021,21,35,35,35,16,charles-leclerc,ferrari,ferrari,pirelli,3,15,18:15.192,1095192.0
1056,2021,21,36,36,36,99,antonio-giovinazzi,alfa-romeo,ferrari,pirelli,2,15,18:14.749,1094749.0
1056,2021,21,37,37,37,55,carlos-sainz-jr,ferrari,ferrari,pirelli,2,15,18:17.194,1097194.0
1056,2021,21,38,38,38,5,sebastian-vettel,aston-martin,mercedes,pirelli,2,15,18:18.749,1098749.0
1056,2021,21,39,39,39,7,kimi-raikkonen,alfa-romeo,ferrari,pirelli,2,15,18:19.282,1099282.0
1056,2021,21,40,40,40,22,yuki-tsunoda,alphatauri,honda,pirelli,2,15,18:20.644,1100644.0
1056,2021,21,41,41,41,14,fernando-alonso,alpine,renault,pirelli,3,15,18:21.826,1101826.0
1056,2021,21,42,42,42,18,lance-stroll,aston-martin,mercedes,pirelli,3,15,18:22.979,1102979.0
1056,2021,21,43,43,43,6,nicholas-latifi,williams,mercedes,pirelli,3,15,18:27.052,1107052.0
1056,2021,21,44,44,44,4,lando-norris,mclaren,mercedes,pirelli,3,15,18:36.576,1116576.0
1056,2021,21,45,45,45,22,yuki-tsunoda,alphatauri,honda,pirelli,3,23,27.874,27874.0
1056,2021,21,46,46,46,7,kimi-raikkonen,alfa-romeo,ferrari,pirelli,3,26,34.489,34489.0
1056,2021,21,47,47,47,14,fernando-alonso,alpine,renault,pirelli,4,44,21.097,21097.0
1057,2021,22,1,1,1,47,mick-schumacher,haas,ferrari,pirelli,1,10,22.124,22124.0
1057,2021,22,2,2,2,33,max-verstappen,red-bull,honda,pirelli,1,13,21.152,21152.0
1057,2021,22,3,3,3,44,lewis-hamilton,mercedes,mercedes,pirelli,1,14,21.595,21595.0
1057,2021,22,4,4,4,16,charles-leclerc,ferrari,ferrari,pirelli,1,15,22.461,22461.0
1057,2021,22,5,5,5,31,esteban-ocon,alpine,renault,pirelli,1,15,21.677,21677.0
1057,2021,22,6,6,6,4,lando-norris,mclaren,mercedes,pirelli,1,17,21.380,21380.0
1057,2021,22,7,7,7,99,antonio-giovinazzi,alfa-romeo,ferrari,pirelli,1,17,22.283,22283.0
1057,2021,22,8,8,8,3,daniel-ricciardo,mclaren,mercedes,pirelli,1,18,21.449,21449.0
1057,2021,22,9,9,9,55,carlos-sainz-jr,ferrari,ferrari,pirelli,1,19,22.213,22213.0
1057,2021,22,10,10,10,11,sergio-perez,red-bull,honda,pirelli,1,21,21.471,21471.0
1057,2021,22,11,11,11,18,lance-stroll,aston-martin,mercedes,pirelli,1,21,22.288,22288.0
1057,2021,22,12,12,12,7,kimi-raikkonen,alfa-romeo,ferrari,pirelli,1,21,22.338,22338.0
1057,2021,22,13,13,13,22,yuki-tsunoda,alphatauri,honda,pirelli,1,23,22.455,22455.0
1057,2021,22,14,14,14,5,sebastian-vettel,aston-martin,mercedes,pirelli,1,23,21.221,21221.0
1057,2021,22,15,15,15,6,nicholas-latifi,williams,mercedes,pirelli,1,28,21.241,21241.0
1057,2021,22,16,16,16,77,valtteri-bottas,mercedes,mercedes,pirelli,1,30,21.669,21669.0
1057,2021,22,17,17,17,16,charles-leclerc,ferrari,ferrari,pirelli,2,35,21.173,21173.0
1057,2021,22,18,18,18,33,max-verstappen,red-bull,honda,pirelli,2,36,21.871,21871.0
1057,2021,22,19,19,19,11,sergio-perez,red-bull,honda,pirelli,2,36,21.413,21413.0
1057,2021,22,20,20,20,10,pierre-gasly,alphatauri,honda,pirelli,1,36,22.133,22133.0
1057,2021,22,21,21,21,14,fernando-alonso,alpine,renault,pirelli,1,36,21.304,21304.0
1057,2021,22,22,22,22,4,lando-norris,mclaren,mercedes,pirelli,2,48,22.173,22173.0
1057,2021,22,23,23,23,33,max-verstappen,red-bull,honda,pirelli,3,53,21.453,21453.0
1057,2021,22,24,24,24,3,daniel-ricciardo,mclaren,mercedes,pirelli,2,52,22.056,22056.0
1057,2021,22,25,25,25,18,lance-stroll,aston-martin,mercedes,pirelli,2,52,22.661,22661.0
1057,2021,22,26,26,26,11,sergio-perez,red-bull,honda,pirelli,3,53,21.385,21385.0
1057,2021,22,27,27,27,47,mick-schumacher,haas,ferrari,pirelli,2,52,22.070,22070.0
1057,2021,22,28,28,28,22,yuki-tsunoda,alphatauri,honda,pirelli,2,53,21.909,21909.0
1057,2021,22,29,29,29,10,pierre-gasly,alphatauri,honda,pirelli,2,54,21.920,21920.0
1058,2022,1,1,1,1,44,lewis-hamilton,mercedes,mercedes,pirelli,1,11,25.201,25201.0
1058,2022,1,2,2,2,14,fernando-alonso,alpine,renault,pirelli,1,11,25.365,25365.0
1058,2022,1,3,3,3,47,mick-schumacher,haas,ferrari,pirelli,1,12,25.214,25214.0
1058,2022,1,4,4,4,23,alexander-albon,williams,mercedes,pirelli,1,13,24.874,24874.0
1058,2022,1,5,5,5,1,max-verstappen,red-bull,rbpt,pirelli,1,14,24.897,24897.0
1058,2022,1,6,6,6,55,carlos-sainz-jr,ferrari,ferrari,pirelli,1,14,24.666,24666.0
1058,2022,1,7,7,7,20,kevin-magnussen,haas,ferrari,pirelli,1,14,25.478,25478.0
1058,2022,1,8,8,8,10,pierre-gasly,alphatauri,rbpt,pirelli,1,14,24.575,24575.0
1058,2022,1,9,9,9,31,esteban-ocon,alpine,renault,pirelli,1,14,30.484,30484.0
1058,2022,1,10,10,10,77,valtteri-bottas,alfa-romeo,ferrari,pirelli,1,14,25.893,25893.0
1058,2022,1,11,11,11,6,nicholas-latifi,williams,mercedes,pirelli,1,14,24.457,24457.0
1058,2022,1,12,12,12,16,charles-leclerc,ferrari,ferrari,pirelli,1,15,25.012,25012.0
1058,2022,1,13,13,13,11,sergio-perez,red-bull,rbpt,pirelli,1,15,25.046,25046.0
1058,2022,1,14,14,14,63,george-russell,mercedes,mercedes,pirelli,1,15,25.888,25888.0
1058,2022,1,15,15,15,22,yuki-tsunoda,alphatauri,rbpt,pirelli,1,15,26.095,26095.0
1058,2022,1,16,16,16,24,guanyu-zhou,alfa-romeo,ferrari,pirelli,1,15,25.428,25428.0
1058,2022,1,17,17,17,3,daniel-ricciardo,mclaren,mercedes,pirelli,1,17,24.915,24915.0
1058,2022,1,18,18,18,18,lance-stroll,aston-martin,mercedes,pirelli,1,18,25.739,25739.0
1058,2022,1,19,19,19,27,nico-hulkenberg,aston-martin,mercedes,pirelli,1,19,27.365,27365.0
1058,2022,1,20,20,20,4,lando-norris,mclaren,mercedes,pirelli,1,24,24.568,24568.0
1058,2022,1,21,21,21,14,fernando-alonso,alpine,renault,pirelli,2,25,24.909,24909.0
1058,2022,1,22,22,22,44,lewis-hamilton,mercedes,mercedes,pirelli,2,27,25.796,25796.0
1058,2022,1,23,23,23,22,yuki-tsunoda,alphatauri,rbpt,pirelli,2,29,24.350,24350.0
1058,2022,1,24,24,24,1,max-verstappen,red-bull,rbpt,pirelli,2,30,24.937,24937.0
1058,2022,1,25,25,25,31,esteban-ocon,alpine,renault,pirelli,2,30,25.393,25393.0
1058,2022,1,26,26,26,16,charles-leclerc,ferrari,ferrari,pirelli,2,31,24.527,24527.0
1058,2022,1,27,27,27,10,pierre-gasly,alphatauri,rbpt,pirelli,2,32,25.875,25875.0
1058,2022,1,28,28,28,6,nicholas-latifi,williams,mercedes,pirelli,2,32,24.778,24778.0
1058,2022,1,29,29,29,55,carlos-sainz-jr,ferrari,ferrari,pirelli,2,33,24.438,24438.0
1058,2022,1,30,30,30,11,sergio-perez,red-bull,rbpt,pirelli,2,33,24.173,24173.0
1058,2022,1,31,31,31,63,george-russell,mercedes,mercedes,pirelli,2,33,25.334,25334.0
1058,2022,1,32,32,32,3,daniel-ricciardo,mclaren,mercedes,pirelli,2,33,24.885,24885.0
1058,2022,1,33,33,33,20,kevin-magnussen,haas,ferrari,pirelli,2,34,25.876,25876.0
1058,2022,1,34,34,34,47,mick-schumacher,haas,ferrari,pirelli,2,35,25.586,25586.0
1058,2022,1,35,35,35,23,alexander-albon,williams,mercedes,pirelli,2,35,25.570,25570.0
1058,2022,1,36,36,36,77,valtteri-bottas,alfa-romeo,ferrari,pirelli,2,36,25.156,25156.0
1058,2022,1,37,37,37,24,guanyu-zhou,alfa-romeo,ferrari,pirelli,2,37,25.291,25291.0
1058,2022,1,38,38,38,27,nico-hulkenberg,aston-martin,mercedes,pirelli,2,37,26.712,26712.0
1058,2022,1,39,39,39,18,lance-stroll,aston-martin,mercedes,pirelli,2,38,26.957,26957.0
1058,2022,1,40,40,40,4,lando-norris,mclaren,mercedes,pirelli,2,41,27.367,27367.0
1058,2022,1,41,41,41,14,fernando-alonso,alpine,renault,pirelli,3,42,24.508,24508.0
1058,2022,1,42,42,42,1,max-verstappen,red-bull,rbpt,pirelli,3,43,24.402,24402.0
1058,2022,1,43,43,43,11,sergio-perez,red-bull,rbpt,pirelli,3,43,24.947,24947.0
1058,2022,1,44,44,44,31,esteban-ocon,alpine,renault,pirelli,3,43,24.233,24233.0
1058,2022,1,45,45,45,55,carlos-sainz-jr,ferrari,ferrari,pirelli,3,44,24.287,24287.0
1058,2022,1,46,46,46,44,lewis-hamilton,mercedes,mercedes,pirelli,3,44,25.579,25579.0
1058,2022,1,47,47,47,22,yuki-tsunoda,alphatauri,rbpt,pirelli,3,44,24.188,24188.0
1058,2022,1,48,48,48,3,daniel-ricciardo,mclaren,mercedes,pirelli,3,44,25.139,25139.0
1058,2022,1,49,49,49,63,george-russell,mercedes,mercedes,pirelli,3,45,25.574,25574.0
1058,2022,1,50,50,50,27,nico-hulkenberg,aston-martin,mercedes,pirelli,3,44,25.748,25748.0
1058,2022,1,51,51,51,77,valtteri-bottas,alfa-romeo,ferrari,pirelli,3,45,25.188,25188.0
1058,2022,1,52,52,52,24,guanyu-zhou,alfa-romeo,ferrari,pirelli,3,45,28.647,28647.0
1058,2022,1,53,53,53,16,charles-leclerc,ferrari,ferrari,pirelli,3,46,24.613,24613.0
1058,2022,1,54,54,54,18,lance-stroll,aston-martin,mercedes,pirelli,3,45,25.039,25039.0
1058,2022,1,55,55,55,4,lando-norris,mclaren,mercedes,pirelli,3,45,24.975,24975.0
1058,2022,1,56,56,56,6,nicholas-latifi,williams,mercedes,pirelli,3,45,24.658,24658.0
1058,2022,1,57,57,57,20,kevin-magnussen,haas,ferrari,pirelli,3,46,26.051,26051.0
1058,2022,1,58,58,58,23,alexander-albon,williams,mercedes,pirelli,3,46,25.055,25055.0
1059,2022,2,1,1,1,3,daniel-ricciardo,mclaren,mercedes,pirelli,1,8,20.650,20650.0
1059,2022,2,2,2,2,18,lance-stroll,aston-martin,mercedes,pirelli,1,13,22.339,22339.0
1059,2022,2,3,3,3,23,alexander-albon,williams,mercedes,pirelli,1,13,20.683,20683.0
1059,2022,2,4,4,4,11,sergio-perez,red-bull,rbpt,pirelli,1,15,20.481,20481.0
1059,2022,2,5,5,5,10,pierre-gasly,alphatauri,rbpt,pirelli,1,15,22.820,22820.0
1059,2022,2,6,6,6,16,charles-leclerc,ferrari,ferrari,pirelli,1,16,21.038,21038.0
1059,2022,2,7,7,7,1,max-verstappen,red-bull,rbpt,pirelli,1,16,20.731,20731.0
1059,2022,2,8,8,8,55,carlos-sainz-jr,ferrari,ferrari,pirelli,1,16,21.521,21521.0
1059,2022,2,9,9,9,63,george-russell,mercedes,mercedes,pirelli,1,16,21.415,21415.0
1059,2022,2,10,10,10,14,fernando-alonso,alpine,renault,pirelli,1,16,21.543,21543.0
1059,2022,2,11,11,11,77,valtteri-bottas,alfa-romeo,ferrari,pirelli,1,16,22.561,22561.0
1059,2022,2,12,12,12,31,esteban-ocon,alpine,renault,pirelli,1,16,21.141,21141.0
1059,2022,2,13,13,13,4,lando-norris,mclaren,mercedes,pirelli,1,16,20.383,20383.0
1059,2022,2,14,14,14,24,guanyu-zhou,alfa-romeo,ferrari,pirelli,1,16,33.734,33734.0
1059,2022,2,15,15,15,24,guanyu-zhou,alfa-romeo,ferrari,pirelli,2,27,15.103,15103.0
1059,2022,2,16,16,16,77,valtteri-bottas,alfa-romeo,ferrari,pirelli,2,35,22.710,22710.0
1059,2022,2,17,17,17,20,kevin-magnussen,haas,ferrari,pirelli,1,37,22.374,22374.0
1059,2022,2,18,18,18,27,nico-hulkenberg,aston-martin,mercedes,pirelli,1,37,21.425,21425.0
1059,2022,2,19,19,19,44,lewis-hamilton,mercedes,mercedes,pirelli,1,40,21.788,21788.0
1060,2022,3,1,1,1,18,lance-stroll,aston-martin,mercedes,pirelli,1,3,18.242,18242.0
1060,2022,3,2,2,2,18,lance-stroll,aston-martin,mercedes,pirelli,2,4,18.560,18560.0
1060,2022,3,3,3,3,6,nicholas-latifi,williams,mercedes,pirelli,1,13,18.552,18552.0
1060,2022,3,4,4,4,47,mick-schumacher,haas,ferrari,pirelli,1,14,19.039,19039.0
1060,2022,3,5,5,5,31,esteban-ocon,alpine,renault,pirelli,1,17,19.128,19128.0
1060,2022,3,6,6,6,1,max-verstappen,red-bull,rbpt,pirelli,1,18,18.281,18281.0
1060,2022,3,7,7,7,22,yuki-tsunoda,alphatauri,rbpt,pirelli,1,18,18.443,18443.0
1060,2022,3,8,8,8,11,sergio-perez,red-bull,rbpt,pirelli,1,20,17.434,17434.0
1060,2022,3,9,9,9,4,lando-norris,mclaren,mercedes,pirelli,1,20,17.556,17556.0
1060,2022,3,10,10,10,3,daniel-ricciardo,mclaren,mercedes,pirelli,1,21,18.150,18150.0
1060,2022,3,11,11,11,10,pierre-gasly,alphatauri,rbpt,pirelli,1,21,18.926,18926.0
1060,2022,3,12,12,12,24,guanyu-zhou,alfa-romeo,ferrari,pirelli,1,21,18.380,18380.0
1060,2022,3,13,13,13,16,charles-leclerc,ferrari,ferrari,pirelli,1,22,17.973,17973.0
1060,2022,3,14,14,14,44,lewis-hamilton,mercedes,mercedes,pirelli,1,22,17.877,17877.0
1060,2022,3,15,15,15,77,valtteri-bottas,alfa-romeo,ferrari,pirelli,1,22,18.413,18413.0
1060,2022,3,16,16,16,63,george-russell,mercedes,mercedes,pirelli,1,23,18.479,18479.0
1060,2022,3,17,17,17,18,lance-stroll,aston-martin,mercedes,pirelli,3,23,20.402,20402.0
1060,2022,3,18,18,18,6,nicholas-latifi,williams,mercedes,pirelli,2,23,17.936,17936.0
1060,2022,3,19,19,19,14,fernando-alonso,alpine,renault,pirelli,1,39,18.796,18796.0
1060,2022,3,20,20,20,20,kevin-magnussen,haas,ferrari,pirelli,1,39,19.111,19111.0
1060,2022,3,21,21,21,14,fernando-alonso,alpine,renault,pirelli,2,53,18.394,18394.0
1060,2022,3,22,22,22,23,alexander-albon,williams,mercedes,pirelli,1,57,19.845,19845.0
1061,2022,4,1,1,1,3,daniel-ricciardo,mclaren,mercedes,pirelli,1,2,32.362,32362.0
1061,2022,4,2,2,2,3,daniel-ricciardo,mclaren,mercedes,pirelli,2,16,30.422,30422.0
1061,2022,4,3,3,3,5,sebastian-vettel,aston-martin,mercedes,pirelli,1,17,30.484,30484.0
1061,2022,4,4,4,4,10,pierre-gasly,alphatauri,rbpt,pirelli,1,17,30.405,30405.0
1061,2022,4,5,5,5,23,alexander-albon,williams,mercedes,pirelli,1,17,30.793,30793.0
1061,2022,4,6,6,6,11,sergio-perez,red-bull,rbpt,pirelli,1,18,30.366,30366.0
1061,2022,4,7,7,7,63,george-russell,mercedes,mercedes,pirelli,1,18,31.079,31079.0
1061,2022,4,8,8,8,77,valtteri-bottas,alfa-romeo,ferrari,pirelli,1,18,40.957,40957.0
1061,2022,4,9,9,9,20,kevin-magnussen,haas,ferrari,pirelli,1,18,33.765,33765.0
1061,2022,4,10,10,10,18,lance-stroll,aston-martin,mercedes,pirelli,1,18,32.667,32667.0
1061,2022,4,11,11,11,22,yuki-tsunoda,alphatauri,rbpt,pirelli,1,18,30.372,30372.0
1061,2022,4,12,12,12,44,lewis-hamilton,mercedes,mercedes,pirelli,1,18,32.740,32740.0
1061,2022,4,13,13,13,31,esteban-ocon,alpine,renault,pirelli,1,18,31.409,31409.0
1061,2022,4,14,14,14,6,nicholas-latifi,williams,mercedes,pirelli,1,18,31.125,31125.0
1061,2022,4,15,15,15,24,guanyu-zhou,alfa-romeo,ferrari,pirelli,1,18,32.203,32203.0
1061,2022,4,16,16,16,47,mick-schumacher,haas,ferrari,pirelli,1,18,31.320,31320.0
1061,2022,4,17,17,17,1,max-verstappen,red-bull,rbpt,pirelli,1,19,30.001,30001.0
1061,2022,4,18,18,18,16,charles-leclerc,ferrari,ferrari,pirelli,1,19,31.794,31794.0
1061,2022,4,19,19,19,4,lando-norris,mclaren,mercedes,pirelli,1,19,30.070,30070.0
1061,2022,4,20,20,20,3,daniel-ricciardo,mclaren,mercedes,pirelli,3,30,30.155,30155.0
1061,2022,4,21,21,21,16,charles-leclerc,ferrari,ferrari,pirelli,2,49,30.042,30042.0
1061,2022,4,22,22,22,11,sergio-perez,red-bull,rbpt,pirelli,2,50,29.627,29627.0
1061,2022,4,23,23,23,1,max-verstappen,red-bull,rbpt,pirelli,2,51,29.942,29942.0
1061,2022,4,24,24,24,47,mick-schumacher,haas,ferrari,pirelli,2,52,30.984,30984.0
1061,2022,4,25,25,25,16,charles-leclerc,ferrari,ferrari,pirelli,3,53,36.560,36560.0
1062,2022,5,1,1,1,22,yuki-tsunoda,alphatauri,rbpt,pirelli,1,11,18.870,18870.0
1062,2022,5,2,2,2,20,kevin-magnussen,haas,ferrari,pirelli,1,12,19.760,19760.0
1062,2022,5,3,3,3,47,mick-schumacher,haas,ferrari,pirelli,1,14,20.413,20413.0
1062,2022,5,4,4,4,14,fernando-alonso,alpine,renault,pirelli,1,15,21.638,21638.0
1062,2022,5,5,5,5,10,pierre-gasly,alphatauri,rbpt,pirelli,1,16,19.543,19543.0
1062,2022,5,6,6,6,23,alexander-albon,williams,mercedes,pirelli,1,16,20.059,20059.0
1062,2022,5,7,7,7,4,lando-norris,mclaren,mercedes,pirelli,1,18,19.986,19986.0
1062,2022,5,8,8,8,44,lewis-hamilton,mercedes,mercedes,pirelli,1,22,18.820,18820.0
1062,2022,5,9,9,9,16,charles-leclerc,ferrari,ferrari,pirelli,1,24,19.697,19697.0
1062,2022,5,10,10,10,1,max-verstappen,red-bull,rbpt,pirelli,1,26,18.798,18798.0
1062,2022,5,11,11,11,77,valtteri-bottas,alfa-romeo,ferrari,pirelli,1,26,19.614,19614.0
1062,2022,5,12,12,12,55,carlos-sainz-jr,ferrari,ferrari,pirelli,1,27,22.063,22063.0
1062,2022,5,13,13,13,11,sergio-perez,red-bull,rbpt,pirelli,1,27,18.519,18519.0
1062,2022,5,14,14,14,3,daniel-ricciardo,mclaren,mercedes,pirelli,1,30,19.484,19484.0
1062,2022,5,15,15,15,6,nicholas-latifi,williams,mercedes,pirelli,1,34,19.185,19185.0
1062,2022,5,16,16,16,63,george-russell,mercedes,mercedes,pirelli,1,40,19.035,19035.0
1062,2022,5,17,17,17,18,lance-stroll,aston-martin,mercedes,pirelli,1,40,19.074,19074.0
1062,2022,5,18,18,18,10,pierre-gasly,alphatauri,rbpt,pirelli,2,40,19.007,19007.0
1062,2022,5,19,19,19,11,sergio-perez,red-bull,rbpt,pirelli,2,41,18.433,18433.0
1062,2022,5,20,20,20,31,esteban-ocon,alpine,renault,pirelli,1,41,19.019,19019.0
1062,2022,5,21,21,21,5,sebastian-vettel,aston-martin,mercedes,pirelli,1,41,19.861,19861.0
1062,2022,5,22,22,22,3,daniel-ricciardo,mclaren,mercedes,pirelli,2,41,19.280,19280.0
1062,2022,5,23,23,23,22,yuki-tsunoda,alphatauri,rbpt,pirelli,2,41,19.618,19618.0
1062,2022,5,24,24,24,20,kevin-magnussen,haas,ferrari,pirelli,2,42,20.673,20673.0
1062,2022,5,25,25,25,47,mick-schumacher,haas,ferrari,pirelli,2,54,32.381,32381.0
1063,2022,6,1,1,1,44,lewis-hamilton,mercedes,mercedes,pirelli,1,1,31.054,31054.0
1063,2022,6,2,2,2,20,kevin-magnussen,haas,ferrari,pirelli,1,1,29.632,29632.0
1063,2022,6,3,3,3,55,carlos-sainz-jr,ferrari,ferrari,pirelli,1,10,22.341,22341.0
1063,2022,6,4,4,4,14,fernando-alonso,alpine,renault,pirelli,1,10,22.375,22375.0
1063,2022,6,5,5,5,10,pierre-gasly,alphatauri,rbpt,pirelli,1,10,22.008,22008.0
1063,2022,6,6,6,6,24,guanyu-zhou,alfa-romeo,ferrari,pirelli,1,10,23.109,23109.0
1063,2022,6,7,7,7,22,yuki-tsunoda,alphatauri,rbpt,pirelli,1,11,23.083,23083.0
1063,2022,6,8,8,8,3,daniel-ricciardo,mclaren,mercedes,pirelli,1,11,22.124,22124.0
1063,2022,6,9,9,9,23,alexander-albon,williams,mercedes,pirelli,1,11,23.419,23419.0
1063,2022,6,10,10,10,4,lando-norris,mclaren,mercedes,pirelli,1,12,21.916,21916.0
1063,2022,6,11,11,11,47,mick-schumacher,haas,ferrari,pirelli,1,12,23.582,23582.0
1063,2022,6,12,12,12,6,nicholas-latifi,williams,mercedes,pirelli,1,12,23.189,23189.0
1063,2022,6,13,13,13,63,george-russell,mercedes,mercedes,pirelli,1,13,22.154,22154.0
1063,2022,6,14,14,14,1,max-verstappen,red-bull,rbpt,pirelli,1,13,22.173,22173.0
1063,2022,6,15,15,15,31,esteban-ocon,alpine,renault,pirelli,1,13,22.137,22137.0
1063,2022,6,16,16,16,77,valtteri-bottas,alfa-romeo,ferrari,pirelli,1,14,22.987,22987.0
1063,2022,6,17,17,17,18,lance-stroll,aston-martin,mercedes,pirelli,1,14,22.833,22833.0
1063,2022,6,18,18,18,11,sergio-perez,red-bull,rbpt,pirelli,1,17,22.032,22032.0
1063,2022,6,19,19,19,16,charles-leclerc,ferrari,ferrari,pirelli,1,21,21.794,21794.0
1063,2022,6,20,20,20,5,sebastian-vettel,aston-martin,mercedes,pirelli,1,21,22.536,22536.0
1063,2022,6,21,21,21,44,lewis-hamilton,mercedes,mercedes,pirelli,2,22,22.105,22105.0
1063,2022,6,22,22,22,23,alexander-albon,williams,mercedes,pirelli,2,25,22.657,22657.0
1063,2022,6,23,23,23,6,nicholas-latifi,williams,mercedes,pirelli,2,26,22.311,22311.0
1063,2022,6,24,24,24,18,lance-stroll,aston-martin,mercedes,pirelli,2,27,23.394,23394.0
1063,2022,6,25,25,25,1,max-verstappen,red-bull,rbpt,pirelli,2,28,21.966,21966.0
1063,2022,6,26,26,26,10,pierre-gasly,alphatauri,rbpt,pirelli,2,29,27.947,27947.0
1063,2022,6,27,27,27,20,kevin-magnussen,haas,ferrari,pirelli,2,29,23.878,23878.0
1063,2022,6,28,28,28,47,mick-schumacher,haas,ferrari,pirelli,2,30,23.127,23127.0
1063,2022,6,29,29,29,55,carlos-sainz-jr,ferrari,ferrari,pirelli,2,31,21.867,21867.0
1063,2022,6,30,30,30,14,fernando-alonso,alpine,renault,pirelli,2,31,21.914,21914.0
1063,2022,6,31,31,31,3,daniel-ricciardo,mclaren,mercedes,pirelli,2,31,22.399,22399.0
1063,2022,6,32,32,32,22,yuki-tsunoda,alphatauri,rbpt,pirelli,2,32,22.802,22802.0
1063,2022,6,33,33,33,4,lando-norris,mclaren,mercedes,pirelli,2,33,23.341,23341.0
1063,2022,6,34,34,34,77,valtteri-bottas,alfa-romeo,ferrari,pirelli,2,34,22.541,22541.0
1063,2022,6,35,35,35,31,esteban-ocon,alpine,renault,pirelli,2,35,22.953,22953.0
1063,2022,6,36,36,36,63,george-russell,mercedes,mercedes,pirelli,2,36,22.039,22039.0
1063,2022,6,37,37,37,11,sergio-perez,red-bull,rbpt,pirelli,2,37,21.619,21619.0
1063,2022,6,38,38,38,5,sebastian-vettel,aston-martin,mercedes,pirelli,2,42,22.456,22456.0
1063,2022,6,39,39,39,1,max-verstappen,red-bull,rbpt,pirelli,3,44,21.941,21941.0
1063,2022,6,40,40,40,55,carlos-sainz-jr,ferrari,ferrari,pirelli,3,45,22.302,22302.0
1063,2022,6,41,41,41,23,alexander-albon,williams,mercedes,pirelli,3,45,23.328,23328.0
1063,2022,6,42,42,42,10,pierre-gasly,alphatauri,rbpt,pirelli,3,46,21.838,21838.0
1063,2022,6,43,43,43,18,lance-stroll,aston-martin,mercedes,pirelli,3,46,23.812,23812.0
1063,2022,6,44,44,44,44,lewis-hamilton,mercedes,mercedes,pirelli,3,48,22.241,22241.0
1063,2022,6,45,45,45,3,daniel-ricciardo,mclaren,mercedes,pirelli,3,48,22.154,22154.0
1063,2022,6,46,46,46,63,george-russell,mercedes,mercedes,pirelli,3,51,22.815,22815.0
1063,2022,6,47,47,47,6,nicholas-latifi,williams,mercedes,pirelli,3,50,22.761,22761.0
1063,2022,6,48,48,48,4,lando-norris,mclaren,mercedes,pirelli,3,51,22.165,22165.0
1063,2022,6,49,49,49,31,esteban-ocon,alpine,renault,pirelli,3,52,22.033,22033.0
1063,2022,6,50,50,50,22,yuki-tsunoda,alphatauri,rbpt,pirelli,3,52,22.316,22316.0
1063,2022,6,51,51,51,11,sergio-perez,red-bull,rbpt,pirelli,3,53,21.694,21694.0
1063,2022,6,52,52,52,14,fernando-alonso,alpine,renault,pirelli,3,53,25.407,25407.0
1063,2022,6,53,53,53,23,alexander-albon,williams,mercedes,pirelli,4,54,23.404,23404.0
1064,2022,7,1,1,1,18,lance-stroll,aston-martin,mercedes,pirelli,1,1,26.731,26731.0
1064,2022,7,2,2,2,6,nicholas-latifi,williams,mercedes,pirelli,1,1,36.773,36773.0
1064,2022,7,3,3,3,10,pierre-gasly,alphatauri,rbpt,pirelli,1,2,35.486,35486.0
1064,2022,7,4,4,4,18,lance-stroll,aston-martin,mercedes,pirelli,2,2,32.750,32750.0
1064,2022,7,5,5,5,6,nicholas-latifi,williams,mercedes,pirelli,2,2,36.351,36351.0
1064,2022,7,6,6,6,47,mick-schumacher,haas,ferrari,pirelli,1,4,27.637,27637.0
1064,2022,7,7,7,7,5,sebastian-vettel,aston-martin,mercedes,pirelli,1,6,24.965,24965.0
1064,2022,7,8,8,8,22,yuki-tsunoda,alphatauri,rbpt,pirelli,1,6,25.068,25068.0
1064,2022,7,9,9,9,44,lewis-hamilton,mercedes,mercedes,pirelli,1,15,24.796,24796.0
1064,2022,7,10,10,10,11,sergio-perez,red-bull,rbpt,pirelli,1,16,24.409,24409.0
1064,2022,7,11,11,11,4,lando-norris,mclaren,mercedes,pirelli,1,17,24.872,24872.0
1064,2022,7,12,12,12,47,mick-schumacher,haas,ferrari,pirelli,2,17,36.854,36854.0
1064,2022,7,13,13,13,16,charles-leclerc,ferrari,ferrari,pirelli,1,18,25.710,25710.0
1064,2022,7,14,14,14,1,max-verstappen,red-bull,rbpt,pirelli,1,18,27.009,27009.0
1064,2022,7,15,15,15,23,alexander-albon,williams,mercedes,pirelli,1,18,27.231,27231.0
1064,2022,7,16,16,16,3,daniel-ricciardo,mclaren,mercedes,pirelli,1,19,26.056,26056.0
1064,2022,7,17,17,17,24,guanyu-zhou,alfa-romeo,ferrari,pirelli,1,19,25.594,25594.0
1064,2022,7,18,18,18,6,nicholas-latifi,williams,mercedes,pirelli,3,19,26.910,26910.0
1064,2022,7,19,19,19,77,valtteri-bottas,alfa-romeo,ferrari,pirelli,1,20,25.865,25865.0
1064,2022,7,20,20,20,55,carlos-sainz-jr,ferrari,ferrari,pirelli,1,21,24.666,24666.0
1064,2022,7,21,21,21,16,charles-leclerc,ferrari,ferrari,pirelli,2,21,28.034,28034.0
1064,2022,7,22,22,22,63,george-russell,mercedes,mercedes,pirelli,1,21,25.352,25352.0
1064,2022,7,23,23,23,14,fernando-alonso,alpine,renault,pirelli,1,21,24.526,24526.0
1064,2022,7,24,24,24,31,esteban-ocon,alpine,renault,pirelli,1,21,24.875,24875.0
1064,2022,7,25,25,25,22,yuki-tsunoda,alphatauri,rbpt,pirelli,2,21,26.021,26021.0
1064,2022,7,26,26,26,11,sergio-perez,red-bull,rbpt,pirelli,2,22,24.536,24536.0
1064,2022,7,27,27,27,1,max-verstappen,red-bull,rbpt,pirelli,2,22,26.930,26930.0
1064,2022,7,28,28,28,4,lando-norris,mclaren,mercedes,pirelli,2,22,24.760,24760.0
1064,2022,7,29,29,29,44,lewis-hamilton,mercedes,mercedes,pirelli,2,22,24.507,24507.0
1064,2022,7,30,30,30,10,pierre-gasly,alphatauri,rbpt,pirelli,2,22,28.770,28770.0
1064,2022,7,31,31,31,23,alexander-albon,williams,mercedes,pirelli,2,22,31.518,31518.0
1064,2022,7,32,32,32,5,sebastian-vettel,aston-martin,mercedes,pirelli,2,23,25.133,25133.0
1064,2022,7,33,33,33,18,lance-stroll,aston-martin,mercedes,pirelli,3,24,25.650,25650.0
1064,2022,7,34,34,34,11,sergio-perez,red-bull,rbpt,pirelli,3,30,19:32.062,1172062.0
1064,2022,7,35,35,35,55,carlos-sainz-jr,ferrari,ferrari,pirelli,2,30,19:34.793,1174793.0
1064,2022,7,36,36,36,1,max-verstappen,red-bull,rbpt,pirelli,3,30,19:35.575,1175575.0
1064,2022,7,37,37,37,18,lance-stroll,aston-martin,mercedes,pirelli,4,29,19:34.965,1174965.0
1064,2022,7,38,38,38,16,charles-leclerc,ferrari,ferrari,pirelli,3,30,19:36.822,1176822.0
1064,2022,7,39,39,39,22,yuki-tsunoda,alphatauri,rbpt,pirelli,3,29,19:34.444,1174444.0
1064,2022,7,40,40,40,24,guanyu-zhou,alfa-romeo,ferrari,pirelli,2,29,19:34.235,1174235.0
1064,2022,7,41,41,41,63,george-russell,mercedes,mercedes,pirelli,2,30,19:37.545,1177545.0
1064,2022,7,42,42,42,4,lando-norris,mclaren,mercedes,pirelli,3,30,19:43.029,1183029.0
1064,2022,7,43,43,43,6,nicholas-latifi,williams,mercedes,pirelli,4,29,19:41.839,1181839.0
1064,2022,7,44,44,44,14,fernando-alonso,alpine,renault,pirelli,2,30,19:42.058,1182058.0
1064,2022,7,45,45,45,44,lewis-hamilton,mercedes,mercedes,pirelli,3,30,19:46.281,1186281.0
1064,2022,7,46,46,46,23,alexander-albon,williams,mercedes,pirelli,3,29,19:45.676,1185676.0
1064,2022,7,47,47,47,31,esteban-ocon,alpine,renault,pirelli,2,30,19:46.485,1186485.0
1064,2022,7,48,48,48,77,valtteri-bottas,alfa-romeo,ferrari,pirelli,2,30,19:46.699,1186699.0
1064,2022,7,49,49,49,5,sebastian-vettel,aston-martin,mercedes,pirelli,3,30,19:29.495,1169495.0
1064,2022,7,50,50,50,10,pierre-gasly,alphatauri,rbpt,pirelli,3,30,19:29.460,1169460.0
1064,2022,7,51,51,51,3,daniel-ricciardo,mclaren,mercedes,pirelli,2,30,19:28.673,1168673.0
1064,2022,7,52,52,52,4,lando-norris,mclaren,mercedes,pirelli,4,51,24.607,24607.0
1064,2022,7,53,53,53,22,yuki-tsunoda,alphatauri,rbpt,pirelli,4,56,25.266,25266.0
1065,2022,8,1,1,1,6,nicholas-latifi,williams,mercedes,pirelli,1,3,29.395,29395.0
1065,2022,8,2,2,2,16,charles-leclerc,ferrari,ferrari,pirelli,1,9,23.212,23212.0
1065,2022,8,3,3,3,63,george-russell,mercedes,mercedes,pirelli,1,9,20.538,20538.0
1065,2022,8,4,4,4,10,pierre-gasly,alphatauri,rbpt,pirelli,1,9,22.698,22698.0
1065,2022,8,5,5,5,44,lewis-hamilton,mercedes,mercedes,pirelli,1,9,21.470,21470.0
1065,2022,8,6,6,6,5,sebastian-vettel,aston-martin,mercedes,pirelli,1,9,20.249,20249.0
1065,2022,8,7,7,7,22,yuki-tsunoda,alphatauri,rbpt,pirelli,1,9,23.083,23083.0
1065,2022,8,8,8,8,24,guanyu-zhou,alfa-romeo,ferrari,pirelli,1,9,23.001,23001.0
1065,2022,8,9,9,9,20,kevin-magnussen,haas,ferrari,pirelli,1,9,21.555,21555.0
1065,2022,8,10,10,10,23,alexander-albon,williams,mercedes,pirelli,1,9,25.577,25577.0
1065,2022,8,11,11,11,47,mick-schumacher,haas,ferrari,pirelli,1,9,26.973,26973.0
1065,2022,8,12,12,12,11,sergio-perez,red-bull,rbpt,pirelli,1,16,23.379,23379.0
1065,2022,8,13,13,13,6,nicholas-latifi,williams,mercedes,pirelli,2,17,22.069,22069.0
1065,2022,8,14,14,14,1,max-verstappen,red-bull,rbpt,pirelli,1,18,21.468,21468.0
1065,2022,8,15,15,15,14,fernando-alonso,alpine,renault,pirelli,1,18,20.571,20571.0
1065,2022,8,16,16,16,4,lando-norris,mclaren,mercedes,pirelli,1,20,21.443,21443.0
1065,2022,8,17,17,17,47,mick-schumacher,haas,ferrari,pirelli,2,23,22.231,22231.0
1065,2022,8,18,18,18,23,alexander-albon,williams,mercedes,pirelli,2,29,21.540,21540.0
1065,2022,8,19,19,19,18,lance-stroll,aston-martin,mercedes,pirelli,1,30,22.059,22059.0
1065,2022,8,20,20,20,1,max-verstappen,red-bull,rbpt,pirelli,2,33,20.722,20722.0
1065,2022,8,21,21,21,11,sergio-perez,red-bull,rbpt,pirelli,2,33,22.349,22349.0
1065,2022,8,22,22,22,63,george-russell,mercedes,mercedes,pirelli,2,33,20.527,20527.0
1065,2022,8,23,23,23,44,lewis-hamilton,mercedes,mercedes,pirelli,2,33,20.831,20831.0
1065,2022,8,24,24,24,3,daniel-ricciardo,mclaren,mercedes,pirelli,1,33,21.794,21794.0
1065,2022,8,25,25,25,31,esteban-ocon,alpine,renault,pirelli,1,33,22.638,22638.0
1065,2022,8,26,26,26,77,valtteri-bottas,alfa-romeo,ferrari,pirelli,1,33,20.979,20979.0
1065,2022,8,27,27,27,22,yuki-tsunoda,alphatauri,rbpt,pirelli,2,38,41.500,41500.0
1066,2022,9,1,1,1,5,sebastian-vettel,aston-martin,mercedes,pirelli,1,5,23.406,23406.0
1066,2022,9,2,2,2,10,pierre-gasly,alphatauri,rbpt,pirelli,1,5,23.557,23557.0
1066,2022,9,3,3,3,20,kevin-magnussen,haas,ferrari,pirelli,1,7,38.262,38262.0
1066,2022,9,4,4,4,1,max-verstappen,red-bull,rbpt,pirelli,1,9,24.217,24217.0
1066,2022,9,5,5,5,44,lewis-hamilton,mercedes,mercedes,pirelli,1,9,23.845,23845.0
1066,2022,9,6,6,6,22,yuki-tsunoda,alphatauri,rbpt,pirelli,1,9,23.248,23248.0
1066,2022,9,7,7,7,6,nicholas-latifi,williams,mercedes,pirelli,1,9,24.020,24020.0
1066,2022,9,8,8,8,23,alexander-albon,williams,mercedes,pirelli,1,18,23.804,23804.0
1066,2022,9,9,9,9,63,george-russell,mercedes,mercedes,pirelli,1,19,23.951,23951.0
1066,2022,9,10,10,10,31,esteban-ocon,alpine,renault,pirelli,1,19,25.684,25684.0
1066,2022,9,11,11,11,24,guanyu-zhou,alfa-romeo,ferrari,pirelli,1,19,24.281,24281.0
1066,2022,9,12,12,12,3,daniel-ricciardo,mclaren,mercedes,pirelli,1,19,27.937,27937.0
1066,2022,9,13,13,13,4,lando-norris,mclaren,mercedes,pirelli,1,19,43.032,43032.0
1066,2022,9,14,14,14,5,sebastian-vettel,aston-martin,mercedes,pirelli,2,19,23.681,23681.0
1066,2022,9,15,15,15,55,carlos-sainz-jr,ferrari,ferrari,pirelli,1,20,24.215,24215.0
1066,2022,9,16,16,16,14,fernando-alonso,alpine,renault,pirelli,1,28,23.779,23779.0
1066,2022,9,17,17,17,10,pierre-gasly,alphatauri,rbpt,pirelli,2,36,23.613,23613.0
1066,2022,9,18,18,18,6,nicholas-latifi,williams,mercedes,pirelli,2,37,30.034,30034.0
1066,2022,9,19,19,19,16,charles-leclerc,ferrari,ferrari,pirelli,1,41,26.199,26199.0
1066,2022,9,20,20,20,1,max-verstappen,red-bull,rbpt,pirelli,2,43,23.704,23704.0
1066,2022,9,21,21,21,4,lando-norris,mclaren,mercedes,pirelli,2,42,24.134,24134.0
1066,2022,9,22,22,22,44,lewis-hamilton,mercedes,mercedes,pirelli,2,44,23.841,23841.0
1066,2022,9,23,23,23,63,george-russell,mercedes,mercedes,pirelli,2,45,24.069,24069.0
1066,2022,9,24,24,24,18,lance-stroll,aston-martin,mercedes,pirelli,1,47,25.252,25252.0
1066,2022,9,25,25,25,22,yuki-tsunoda,alphatauri,rbpt,pirelli,2,47,23.450,23450.0
1066,2022,9,26,26,26,55,carlos-sainz-jr,ferrari,ferrari,pirelli,2,49,24.881,24881.0
1066,2022,9,27,27,27,23,alexander-albon,williams,mercedes,pirelli,2,48,23.530,23530.0
1066,2022,9,28,28,28,31,esteban-ocon,alpine,renault,pirelli,2,49,23.945,23945.0
1066,2022,9,29,29,29,14,fernando-alonso,alpine,renault,pirelli,2,49,25.139,25139.0
1066,2022,9,30,30,30,77,valtteri-bottas,alfa-romeo,ferrari,pirelli,1,49,26.089,26089.0
1066,2022,9,31,31,31,24,guanyu-zhou,alfa-romeo,ferrari,pirelli,2,49,23.980,23980.0
1066,2022,9,32,32,32,3,daniel-ricciardo,mclaren,mercedes,pirelli,2,49,24.833,24833.0
1067,2022,10,1,1,1,1,max-verstappen,red-bull,rbpt,pirelli,1,1,50:37.323,3037323.0
1067,2022,10,2,2,2,55,carlos-sainz-jr,ferrari,ferrari,pirelli,1,1,50:31.752,3031752.0
1067,2022,10,3,3,3,44,lewis-hamilton,mercedes,mercedes,pirelli,1,1,50:46.888,3046888.0
1067,2022,10,4,4,4,16,charles-leclerc,ferrari,ferrari,pirelli,1,1,50:36.360,3036360.0
1067,2022,10,5,5,5,14,fernando-alonso,alpine,renault,pirelli,1,1,50:55.700,3055700.0
1067,2022,10,6,6,6,11,sergio-perez,red-bull,rbpt,pirelli,1,1,50:34.772,3034772.0
1067,2022,10,7,7,7,4,lando-norris,mclaren,mercedes,pirelli,1,1,50:43.215,3043215.0
1067,2022,10,8,8,8,6,nicholas-latifi,williams,mercedes,pirelli,1,1,50:51.904,3051904.0
1067,2022,10,9,9,9,77,valtteri-bottas,alfa-romeo,ferrari,pirelli,1,1,50:55.732,3055732.0
1067,2022,10,10,10,10,3,daniel-ricciardo,mclaren,mercedes,pirelli,1,1,51:03.314,3063314.0
1067,2022,10,11,11,11,10,pierre-gasly,alphatauri,rbpt,pirelli,1,1,50:48.950,3048950.0
1067,2022,10,12,12,12,20,kevin-magnussen,haas,ferrari,pirelli,1,1,51:03.613,3063613.0
1067,2022,10,13,13,13,5,sebastian-vettel,aston-martin,mercedes,pirelli,1,1,51:07.301,3067301.0
1067,2022,10,14,14,14,18,lance-stroll,aston-martin,mercedes,pirelli,1,1,51:09.017,3069017.0
1067,2022,10,15,15,15,47,mick-schumacher,haas,ferrari,pirelli,1,1,51:05.174,3065174.0
1067,2022,10,16,16,16,22,yuki-tsunoda,alphatauri,rbpt,pirelli,1,1,50:11.861,3011861.0
1067,2022,10,17,17,17,31,esteban-ocon,alpine,renault,pirelli,1,1,49:10.760,2950760.0
1067,2022,10,18,18,18,11,sergio-perez,red-bull,rbpt,pirelli,2,5,37.302,37302.0
1067,2022,10,19,19,19,5,sebastian-vettel,aston-martin,mercedes,pirelli,2,6,29.846,29846.0
1067,2022,10,20,20,20,1,max-verstappen,red-bull,rbpt,pirelli,2,12,29.395,29395.0
1067,2022,10,21,21,21,18,lance-stroll,aston-martin,mercedes,pirelli,2,15,28.632,28632.0
1067,2022,10,22,22,22,10,pierre-gasly,alphatauri,rbpt,pirelli,2,16,29.632,29632.0
1067,2022,10,23,23,23,22,yuki-tsunoda,alphatauri,rbpt,pirelli,2,18,34.759,34759.0
1067,2022,10,24,24,24,6,nicholas-latifi,williams,mercedes,pirelli,2,19,28.829,28829.0
1067,2022,10,25,25,25,47,mick-schumacher,haas,ferrari,pirelli,2,19,29.147,29147.0
1067,2022,10,26,26,26,55,carlos-sainz-jr,ferrari,ferrari,pirelli,2,20,28.574,28574.0
1067,2022,10,27,27,27,3,daniel-ricciardo,mclaren,mercedes,pirelli,2,20,30.262,30262.0
1067,2022,10,28,28,28,31,esteban-ocon,alpine,renault,pirelli,2,22,30.342,30342.0
1067,2022,10,29,29,29,20,kevin-magnussen,haas,ferrari,pirelli,2,22,29.473,29473.0
1067,2022,10,30,30,30,1,max-verstappen,red-bull,rbpt,pirelli,3,23,29.296,29296.0
1067,2022,10,31,31,31,16,charles-leclerc,ferrari,ferrari,pirelli,2,25,28.805,28805.0
1067,2022,10,32,32,32,3,daniel-ricciardo,mclaren,mercedes,pirelli,3,32,30.599,30599.0
1067,2022,10,33,33,33,44,lewis-hamilton,mercedes,mercedes,pirelli,2,33,29.837,29837.0
1067,2022,10,34,34,34,14,fernando-alonso,alpine,renault,pirelli,2,33,28.733,28733.0
1067,2022,10,35,35,35,4,lando-norris,mclaren,mercedes,pirelli,2,34,28.947,28947.0
1067,2022,10,36,36,36,55,carlos-sainz-jr,ferrari,ferrari,pirelli,3,39,28.435,28435.0
1067,2022,10,37,37,37,44,lewis-hamilton,mercedes,mercedes,pirelli,3,39,28.996,28996.0
1067,2022,10,38,38,38,3,daniel-ricciardo,mclaren,mercedes,pirelli,4,38,29.345,29345.0
1067,2022,10,39,39,39,11,sergio-perez,red-bull,rbpt,pirelli,3,39,28.155,28155.0
1067,2022,10,40,40,40,22,yuki-tsunoda,alphatauri,rbpt,pirelli,3,38,29.448,29448.0
1067,2022,10,41,41,41,14,fernando-alonso,alpine,renault,pirelli,3,39,28.841,28841.0
1067,2022,10,42,42,42,5,sebastian-vettel,aston-martin,mercedes,pirelli,3,39,28.540,28540.0
1067,2022,10,43,43,43,1,max-verstappen,red-bull,rbpt,pirelli,4,39,28.709,28709.0
1067,2022,10,44,44,44,47,mick-schumacher,haas,ferrari,pirelli,3,39,30.832,30832.0
1067,2022,10,45,45,45,6,nicholas-latifi,williams,mercedes,pirelli,3,39,28.438,28438.0
1067,2022,10,46,46,46,4,lando-norris,mclaren,mercedes,pirelli,3,40,28.659,28659.0
1067,2022,10,47,47,47,18,lance-stroll,aston-martin,mercedes,pirelli,3,40,29.780,29780.0
1068,2022,11,1,1,1,11,sergio-perez,red-bull,rbpt,pirelli,1,1,23.681,23681.0
1068,2022,11,2,2,2,77,valtteri-bottas,alfa-romeo,ferrari,pirelli,1,6,24.677,24677.0
1068,2022,11,3,3,3,63,george-russell,mercedes,mercedes,pirelli,1,11,38.201,38201.0
1068,2022,11,4,4,4,23,alexander-albon,williams,mercedes,pirelli,1,11,22.301,22301.0
1068,2022,11,5,5,5,3,daniel-ricciardo,mclaren,mercedes,pirelli,1,12,21.356,21356.0
1068,2022,11,6,6,6,10,pierre-gasly,alphatauri,rbpt,pirelli,1,12,22.724,22724.0
1068,2022,11,7,7,7,6,nicholas-latifi,williams,mercedes,pirelli,1,12,21.722,21722.0
1068,2022,11,8,8,8,1,max-verstappen,red-bull,rbpt,pirelli,1,13,22.022,22022.0
1068,2022,11,9,9,9,4,lando-norris,mclaren,mercedes,pirelli,1,14,22.684,22684.0
1068,2022,11,10,10,10,20,kevin-magnussen,haas,ferrari,pirelli,1,15,22.205,22205.0
1068,2022,11,11,11,11,31,esteban-ocon,alpine,renault,pirelli,1,16,21.755,21755.0
1068,2022,11,12,12,12,47,mick-schumacher,haas,ferrari,pirelli,1,16,22.120,22120.0
1068,2022,11,13,13,13,5,sebastian-vettel,aston-martin,mercedes,pirelli,1,20,22.112,22112.0
1068,2022,11,14,14,14,24,guanyu-zhou,alfa-romeo,ferrari,pirelli,1,24,22.704,22704.0
1068,2022,11,15,15,15,16,charles-leclerc,ferrari,ferrari,pirelli,1,26,21.532,21532.0
1068,2022,11,16,16,16,22,yuki-tsunoda,alphatauri,rbpt,pirelli,1,26,21.749,21749.0
1068,2022,11,17,17,17,55,carlos-sainz-jr,ferrari,ferrari,pirelli,1,27,21.212,21212.0
1068,2022,11,18,18,18,14,fernando-alonso,alpine,renault,pirelli,1,27,21.552,21552.0
1068,2022,11,19,19,19,44,lewis-hamilton,mercedes,mercedes,pirelli,1,28,23.026,23026.0
1068,2022,11,20,20,20,18,lance-stroll,aston-martin,mercedes,pirelli,1,29,21.431,21431.0
1068,2022,11,21,21,21,6,nicholas-latifi,williams,mercedes,pirelli,2,35,21.206,21206.0
1068,2022,11,22,22,22,1,max-verstappen,red-bull,rbpt,pirelli,2,36,21.444,21444.0
1068,2022,11,23,23,23,77,valtteri-bottas,alfa-romeo,ferrari,pirelli,2,39,22.278,22278.0
1068,2022,11,24,24,24,63,george-russell,mercedes,mercedes,pirelli,2,40,21.731,21731.0
1068,2022,11,25,25,25,10,pierre-gasly,alphatauri,rbpt,pirelli,2,40,27.610,27610.0
1068,2022,11,26,26,26,20,kevin-magnussen,haas,ferrari,pirelli,2,41,22.088,22088.0
1068,2022,11,27,27,27,23,alexander-albon,williams,mercedes,pirelli,2,41,22.122,22122.0
1068,2022,11,28,28,28,47,mick-schumacher,haas,ferrari,pirelli,2,43,22.880,22880.0
1068,2022,11,29,29,29,4,lando-norris,mclaren,mercedes,pirelli,2,43,27.324,27324.0
1068,2022,11,30,30,30,31,esteban-ocon,alpine,renault,pirelli,2,44,22.109,22109.0
1068,2022,11,31,31,31,3,daniel-ricciardo,mclaren,mercedes,pirelli,2,44,21.889,21889.0
1068,2022,11,32,32,32,5,sebastian-vettel,aston-martin,mercedes,pirelli,2,44,21.583,21583.0
1068,2022,11,33,33,33,24,guanyu-zhou,alfa-romeo,ferrari,pirelli,2,46,28.860,28860.0
1068,2022,11,34,34,34,22,yuki-tsunoda,alphatauri,rbpt,pirelli,2,46,21.519,21519.0
1068,2022,11,35,35,35,16,charles-leclerc,ferrari,ferrari,pirelli,2,49,21.319,21319.0
1068,2022,11,36,36,36,18,lance-stroll,aston-martin,mercedes,pirelli,2,48,21.952,21952.0
1068,2022,11,37,37,37,55,carlos-sainz-jr,ferrari,ferrari,pirelli,2,50,21.492,21492.0
1068,2022,11,38,38,38,44,lewis-hamilton,mercedes,mercedes,pirelli,2,51,22.697,22697.0
1068,2022,11,39,39,39,14,fernando-alonso,alpine,renault,pirelli,2,57,21.827,21827.0
1068,2022,11,40,40,40,16,charles-leclerc,ferrari,ferrari,pirelli,3,58,21.650,21650.0
1068,2022,11,41,41,41,1,max-verstappen,red-bull,rbpt,pirelli,3,58,21.319,21319.0
1068,2022,11,42,42,42,14,fernando-alonso,alpine,renault,pirelli,3,58,24.252,24252.0
1069,2022,12,1,1,1,20,kevin-magnussen,haas,ferrari,pirelli,1,8,36.779,36779.0
1069,2022,12,2,2,2,47,mick-schumacher,haas,ferrari,pirelli,1,9,36.704,36704.0
1069,2022,12,3,3,3,24,guanyu-zhou,alfa-romeo,ferrari,pirelli,1,9,36.444,36444.0
1069,2022,12,4,4,4,22,yuki-tsunoda,alphatauri,rbpt,pirelli,1,11,37.648,37648.0
1069,2022,12,5,5,5,1,max-verstappen,red-bull,rbpt,pirelli,1,16,35.266,35266.0
1069,2022,12,6,6,6,44,lewis-hamilton,mercedes,mercedes,pirelli,1,18,37.189,37189.0
1069,2022,12,7,7,7,11,sergio-perez,red-bull,rbpt,pirelli,1,18,38.061,38061.0
1069,2022,12,8,8,8,63,george-russell,mercedes,mercedes,pirelli,1,18,38.277,38277.0
1069,2022,12,9,9,9,14,fernando-alonso,alpine,renault,pirelli,1,18,36.524,36524.0
1069,2022,12,10,10,10,4,lando-norris,mclaren,mercedes,pirelli,1,18,37.539,37539.0
1069,2022,12,11,11,11,31,esteban-ocon,alpine,renault,pirelli,1,18,44.747,44747.0
1069,2022,12,12,12,12,55,carlos-sainz-jr,ferrari,ferrari,pirelli,1,18,41.458,41458.0
1069,2022,12,13,13,13,3,daniel-ricciardo,mclaren,mercedes,pirelli,1,18,36.264,36264.0
1069,2022,12,14,14,14,18,lance-stroll,aston-martin,mercedes,pirelli,1,18,39.844,39844.0
1069,2022,12,15,15,15,23,alexander-albon,williams,mercedes,pirelli,1,18,37.380,37380.0
1069,2022,12,16,16,16,10,pierre-gasly,alphatauri,rbpt,pirelli,1,18,35.969,35969.0
1069,2022,12,17,17,17,77,valtteri-bottas,alfa-romeo,ferrari,pirelli,1,18,37.855,37855.0
1069,2022,12,18,18,18,20,kevin-magnussen,haas,ferrari,pirelli,2,18,36.403,36403.0
1069,2022,12,19,19,19,47,mick-schumacher,haas,ferrari,pirelli,2,18,37.003,37003.0
1069,2022,12,20,20,20,5,sebastian-vettel,aston-martin,mercedes,pirelli,1,19,36.671,36671.0
1069,2022,12,21,21,21,6,nicholas-latifi,williams,mercedes,pirelli,1,19,37.497,37497.0
1069,2022,12,22,22,22,24,guanyu-zhou,alfa-romeo,ferrari,pirelli,2,22,50.790,50790.0
1069,2022,12,23,23,23,77,valtteri-bottas,alfa-romeo,ferrari,pirelli,2,36,36.520,36520.0
1069,2022,12,24,24,24,6,nicholas-latifi,williams,mercedes,pirelli,2,38,36.942,36942.0
1069,2022,12,25,25,25,55,carlos-sainz-jr,ferrari,ferrari,pirelli,2,42,42.292,42292.0
1070,2022,13,1,1,1,23,alexander-albon,williams,mercedes,pirelli,1,2,31.224,31224.0
1070,2022,13,2,2,2,20,kevin-magnussen,haas,ferrari,pirelli,1,6,29.641,29641.0
1070,2022,13,3,3,3,22,yuki-tsunoda,alphatauri,rbpt,pirelli,1,13,21.577,21577.0
1070,2022,13,4,4,4,4,lando-norris,mclaren,mercedes,pirelli,1,14,23.567,23567.0
1070,2022,13,5,5,5,18,lance-stroll,aston-martin,mercedes,pirelli,1,14,21.779,21779.0
1070,2022,13,6,6,6,3,daniel-ricciardo,mclaren,mercedes,pirelli,1,15,21.558,21558.0
1070,2022,13,7,7,7,5,sebastian-vettel,aston-martin,mercedes,pirelli,1,15,21.402,21402.0
1070,2022,13,8,8,8,63,george-russell,mercedes,mercedes,pirelli,1,16,22.763,22763.0
1070,2022,13,9,9,9,1,max-verstappen,red-bull,rbpt,pirelli,1,16,21.351,21351.0
1070,2022,13,10,10,10,10,pierre-gasly,alphatauri,rbpt,pirelli,1,16,21.675,21675.0
1070,2022,13,11,11,11,55,carlos-sainz-jr,ferrari,ferrari,pirelli,1,17,22.820,22820.0
1070,2022,13,12,12,12,11,sergio-perez,red-bull,rbpt,pirelli,1,18,21.118,21118.0
1070,2022,13,13,13,13,6,nicholas-latifi,williams,mercedes,pirelli,1,18,21.865,21865.0
1070,2022,13,14,14,14,44,lewis-hamilton,mercedes,mercedes,pirelli,1,19,21.699,21699.0
1070,2022,13,15,15,15,16,charles-leclerc,ferrari,ferrari,pirelli,1,21,21.775,21775.0
1070,2022,13,16,16,16,14,fernando-alonso,alpine,renault,pirelli,1,21,22.083,22083.0
1070,2022,13,17,17,17,47,mick-schumacher,haas,ferrari,pirelli,1,21,22.953,22953.0
1070,2022,13,18,18,18,23,alexander-albon,williams,mercedes,pirelli,2,21,21.816,21816.0
1070,2022,13,19,19,19,31,esteban-ocon,alpine,renault,pirelli,1,23,23.581,23581.0
1070,2022,13,20,20,20,77,valtteri-bottas,alfa-romeo,ferrari,pirelli,1,26,22.272,22272.0
1070,2022,13,21,21,21,24,guanyu-zhou,alfa-romeo,ferrari,pirelli,1,27,22.321,22321.0
1070,2022,13,22,22,22,22,yuki-tsunoda,alphatauri,rbpt,pirelli,2,33,22.016,22016.0
1070,2022,13,23,23,23,20,kevin-magnussen,haas,ferrari,pirelli,2,35,23.210,23210.0
1070,2022,13,24,24,24,1,max-verstappen,red-bull,rbpt,pirelli,2,38,21.228,21228.0
1070,2022,13,25,25,25,16,charles-leclerc,ferrari,ferrari,pirelli,2,39,21.972,21972.0
1070,2022,13,26,26,26,63,george-russell,mercedes,mercedes,pirelli,2,39,21.743,21743.0
1070,2022,13,27,27,27,6,nicholas-latifi,williams,mercedes,pirelli,2,39,22.452,22452.0
1070,2022,13,28,28,28,23,alexander-albon,williams,mercedes,pirelli,3,40,24.298,24298.0
1070,2022,13,29,29,29,47,mick-schumacher,haas,ferrari,pirelli,2,41,22.566,22566.0
1070,2022,13,30,30,30,11,sergio-perez,red-bull,rbpt,pirelli,2,42,21.167,21167.0
1070,2022,13,31,31,31,4,lando-norris,mclaren,mercedes,pirelli,2,42,21.855,21855.0
1070,2022,13,32,32,32,3,daniel-ricciardo,mclaren,mercedes,pirelli,2,46,21.521,21521.0
1070,2022,13,33,33,33,18,lance-stroll,aston-martin,mercedes,pirelli,2,46,21.615,21615.0
1070,2022,13,34,34,34,5,sebastian-vettel,aston-martin,mercedes,pirelli,2,46,25.030,25030.0
1070,2022,13,35,35,35,10,pierre-gasly,alphatauri,rbpt,pirelli,2,46,21.489,21489.0
1070,2022,13,36,36,36,55,carlos-sainz-jr,ferrari,ferrari,pirelli,2,47,23.456,23456.0
1070,2022,13,37,37,37,44,lewis-hamilton,mercedes,mercedes,pirelli,2,51,22.095,22095.0
1070,2022,13,38,38,38,24,guanyu-zhou,alfa-romeo,ferrari,pirelli,2,51,28.218,28218.0
1070,2022,13,39,39,39,22,yuki-tsunoda,alphatauri,rbpt,pirelli,3,51,22.128,22128.0
1070,2022,13,40,40,40,16,charles-leclerc,ferrari,ferrari,pirelli,3,54,21.544,21544.0
1070,2022,13,41,41,41,6,nicholas-latifi,williams,mercedes,pirelli,3,56,28.777,28777.0
1070,2022,13,42,42,42,20,kevin-magnussen,haas,ferrari,pirelli,3,67,23.147,23147.0
1071,2022,14,1,1,1,16,charles-leclerc,ferrari,ferrari,pirelli,1,3,24.198,24198.0
1071,2022,14,2,2,2,6,nicholas-latifi,williams,mercedes,pirelli,1,3,35.825,35825.0
1071,2022,14,3,3,3,23,alexander-albon,williams,mercedes,pirelli,1,10,23.334,23334.0
1071,2022,14,4,4,4,10,pierre-gasly,alphatauri,rbpt,pirelli,1,10,22.857,22857.0
1071,2022,14,5,5,5,55,carlos-sainz-jr,ferrari,ferrari,pirelli,1,11,22.543,22543.0
1071,2022,14,6,6,6,14,fernando-alonso,alpine,renault,pirelli,1,11,22.641,22641.0
1071,2022,14,7,7,7,20,kevin-magnussen,haas,ferrari,pirelli,1,11,26.815,26815.0
1071,2022,14,8,8,8,3,daniel-ricciardo,mclaren,mercedes,pirelli,1,12,23.085,23085.0
1071,2022,14,9,9,9,31,esteban-ocon,alpine,renault,pirelli,1,12,23.511,23511.0
1071,2022,14,10,10,10,63,george-russell,mercedes,mercedes,pirelli,1,13,22.825,22825.0
1071,2022,14,11,11,11,4,lando-norris,mclaren,mercedes,pirelli,1,13,23.036,23036.0
1071,2022,14,12,12,12,11,sergio-perez,red-bull,rbpt,pirelli,1,14,22.349,22349.0
1071,2022,14,13,13,13,5,sebastian-vettel,aston-martin,mercedes,pirelli,1,14,23.222,23222.0
1071,2022,14,14,14,14,24,guanyu-zhou,alfa-romeo,ferrari,pirelli,1,14,23.744,23744.0
1071,2022,14,15,15,15,47,mick-schumacher,haas,ferrari,pirelli,1,14,24.158,24158.0
1071,2022,14,16,16,16,1,max-verstappen,red-bull,rbpt,pirelli,1,15,22.882,22882.0
1071,2022,14,17,17,17,18,lance-stroll,aston-martin,mercedes,pirelli,1,15,23.555,23555.0
1071,2022,14,18,18,18,6,nicholas-latifi,williams,mercedes,pirelli,2,15,24.168,24168.0
1071,2022,14,19,19,19,22,yuki-tsunoda,alphatauri,rbpt,pirelli,1,18,30.055,30055.0
1071,2022,14,20,20,20,10,pierre-gasly,alphatauri,rbpt,pirelli,2,22,22.542,22542.0
1071,2022,14,21,21,21,55,carlos-sainz-jr,ferrari,ferrari,pirelli,2,25,22.750,22750.0
1071,2022,14,22,22,22,16,charles-leclerc,ferrari,ferrari,pirelli,2,25,23.189,23189.0
1071,2022,14,23,23,23,14,fernando-alonso,alpine,renault,pirelli,2,25,23.954,23954.0
1071,2022,14,24,24,24,23,alexander-albon,williams,mercedes,pirelli,2,26,24.415,24415.0
1071,2022,14,25,25,25,18,lance-stroll,aston-martin,mercedes,pirelli,2,26,23.349,23349.0
1071,2022,14,26,26,26,11,sergio-perez,red-bull,rbpt,pirelli,2,27,22.650,22650.0
1071,2022,14,27,27,27,20,kevin-magnussen,haas,ferrari,pirelli,2,27,23.396,23396.0
1071,2022,14,28,28,28,24,guanyu-zhou,alfa-romeo,ferrari,pirelli,2,28,23.364,23364.0
1071,2022,14,29,29,29,63,george-russell,mercedes,mercedes,pirelli,2,29,22.977,22977.0
1071,2022,14,30,30,30,4,lando-norris,mclaren,mercedes,pirelli,2,29,23.560,23560.0
1071,2022,14,31,31,31,1,max-verstappen,red-bull,rbpt,pirelli,2,30,22.322,22322.0
1071,2022,14,32,32,32,22,yuki-tsunoda,alphatauri,rbpt,pirelli,2,30,24.253,24253.0
1071,2022,14,33,33,33,47,mick-schumacher,haas,ferrari,pirelli,2,30,24.982,24982.0
1071,2022,14,34,34,34,31,esteban-ocon,alpine,renault,pirelli,2,32,23.491,23491.0
1071,2022,14,35,35,35,3,daniel-ricciardo,mclaren,mercedes,pirelli,2,32,23.146,23146.0
1071,2022,14,36,36,36,5,sebastian-vettel,aston-martin,mercedes,pirelli,2,33,22.833,22833.0
1071,2022,14,37,37,37,6,nicholas-latifi,williams,mercedes,pirelli,3,34,23.414,23414.0
1071,2022,14,38,38,38,16,charles-leclerc,ferrari,ferrari,pirelli,3,42,23.334,23334.0
1072,2022,15,1,1,1,5,sebastian-vettel,aston-martin,mercedes,pirelli,1,9,22.391,22391.0
1072,2022,15,2,2,2,10,pierre-gasly,alphatauri,rbpt,pirelli,1,11,18.789,18789.0
1072,2022,15,3,3,3,3,daniel-ricciardo,mclaren,mercedes,pirelli,1,11,19.546,19546.0
1072,2022,15,4,4,4,14,fernando-alonso,alpine,renault,pirelli,1,12,19.578,19578.0
1072,2022,15,5,5,5,24,guanyu-zhou,alfa-romeo,ferrari,pirelli,1,12,19.548,19548.0
1072,2022,15,6,6,6,47,mick-schumacher,haas,ferrari,pirelli,1,13,26.813,26813.0
1072,2022,15,7,7,7,22,yuki-tsunoda,alphatauri,rbpt,pirelli,1,13,18.774,18774.0
1072,2022,15,8,8,8,6,nicholas-latifi,williams,mercedes,pirelli,1,13,20.284,20284.0
1072,2022,15,9,9,9,55,carlos-sainz-jr,ferrari,ferrari,pirelli,1,14,29.705,29705.0
1072,2022,15,10,10,10,11,sergio-perez,red-bull,rbpt,pirelli,1,14,18.835,18835.0
1072,2022,15,11,11,11,20,kevin-magnussen,haas,ferrari,pirelli,1,14,20.785,20785.0
1072,2022,15,12,12,12,18,lance-stroll,aston-martin,mercedes,pirelli,1,16,20.205,20205.0
1072,2022,15,13,13,13,77,valtteri-bottas,alfa-romeo,ferrari,pirelli,1,16,19.741,19741.0
1072,2022,15,14,14,14,16,charles-leclerc,ferrari,ferrari,pirelli,1,17,19.080,19080.0
1072,2022,15,15,15,15,4,lando-norris,mclaren,mercedes,pirelli,1,17,19.303,19303.0
1072,2022,15,16,16,16,1,max-verstappen,red-bull,rbpt,pirelli,1,18,19.634,19634.0
1072,2022,15,17,17,17,31,esteban-ocon,alpine,renault,pirelli,1,18,19.455,19455.0
1072,2022,15,18,18,18,23,alexander-albon,williams,mercedes,pirelli,1,21,19.325,19325.0
1072,2022,15,19,19,19,6,nicholas-latifi,williams,mercedes,pirelli,2,26,20.733,20733.0
1072,2022,15,20,20,20,3,daniel-ricciardo,mclaren,mercedes,pirelli,2,27,19.567,19567.0
1072,2022,15,21,21,21,44,lewis-hamilton,mercedes,mercedes,pirelli,1,29,19.046,19046.0
1072,2022,15,22,22,22,63,george-russell,mercedes,mercedes,pirelli,1,31,19.359,19359.0
1072,2022,15,23,23,23,10,pierre-gasly,alphatauri,rbpt,pirelli,2,32,18.700,18700.0
1072,2022,15,24,24,24,47,mick-schumacher,haas,ferrari,pirelli,2,33,21.814,21814.0
1072,2022,15,25,25,25,77,valtteri-bottas,alfa-romeo,ferrari,pirelli,2,34,21.049,21049.0
1072,2022,15,26,26,26,20,kevin-magnussen,haas,ferrari,pirelli,2,34,23.710,23710.0
1072,2022,15,27,27,27,5,sebastian-vettel,aston-martin,mercedes,pirelli,2,35,19.156,19156.0
1072,2022,15,28,28,28,24,guanyu-zhou,alfa-romeo,ferrari,pirelli,2,37,25.433,25433.0
1072,2022,15,29,29,29,18,lance-stroll,aston-martin,mercedes,pirelli,2,38,20.214,20214.0
1072,2022,15,30,30,30,11,sergio-perez,red-bull,rbpt,pirelli,2,40,18.738,18738.0
1072,2022,15,31,31,31,22,yuki-tsunoda,alphatauri,rbpt,pirelli,2,42,19.293,19293.0
1072,2022,15,32,32,32,23,alexander-albon,williams,mercedes,pirelli,2,42,19.911,19911.0
1072,2022,15,33,33,33,55,carlos-sainz-jr,ferrari,ferrari,pirelli,2,43,19.493,19493.0
1072,2022,15,34,34,34,16,charles-leclerc,ferrari,ferrari,pirelli,2,45,19.084,19084.0
1072,2022,15,35,35,35,22,yuki-tsunoda,alphatauri,rbpt,pirelli,3,43,52.684,52684.0
1072,2022,15,36,36,36,4,lando-norris,mclaren,mercedes,pirelli,2,47,21.117,21117.0
1072,2022,15,37,37,37,14,fernando-alonso,alpine,renault,pirelli,2,47,21.501,21501.0
1072,2022,15,38,38,38,1,max-verstappen,red-bull,rbpt,pirelli,2,48,19.610,19610.0
1072,2022,15,39,39,39,44,lewis-hamilton,mercedes,mercedes,pirelli,2,48,19.164,19164.0
1072,2022,15,40,40,40,63,george-russell,mercedes,mercedes,pirelli,2,48,20.742,20742.0
1072,2022,15,41,41,41,47,mick-schumacher,haas,ferrari,pirelli,3,47,20.283,20283.0
1072,2022,15,42,42,42,20,kevin-magnussen,haas,ferrari,pirelli,3,47,23.663,23663.0
1072,2022,15,43,43,43,3,daniel-ricciardo,mclaren,mercedes,pirelli,3,47,19.718,19718.0
1072,2022,15,44,44,44,5,sebastian-vettel,aston-martin,mercedes,pirelli,3,48,18.709,18709.0
1072,2022,15,45,45,45,6,nicholas-latifi,williams,mercedes,pirelli,3,54,20.051,20051.0
1072,2022,15,46,46,46,1,max-verstappen,red-bull,rbpt,pirelli,3,56,19.655,19655.0
1072,2022,15,47,47,47,23,alexander-albon,williams,mercedes,pirelli,3,55,20.508,20508.0
1072,2022,15,48,48,48,16,charles-leclerc,ferrari,ferrari,pirelli,3,56,19.576,19576.0
1072,2022,15,49,49,49,11,sergio-perez,red-bull,rbpt,pirelli,3,56,19.250,19250.0
1072,2022,15,50,50,50,24,guanyu-zhou,alfa-romeo,ferrari,pirelli,3,55,20.188,20188.0
1072,2022,15,51,51,51,3,daniel-ricciardo,mclaren,mercedes,pirelli,4,55,20.295,20295.0
1072,2022,15,52,52,52,31,esteban-ocon,alpine,renault,pirelli,2,56,21.602,21602.0
1072,2022,15,53,53,53,18,lance-stroll,aston-martin,mercedes,pirelli,3,56,19.141,19141.0
1072,2022,15,54,54,54,10,pierre-gasly,alphatauri,rbpt,pirelli,3,56,18.572,18572.0
1072,2022,15,55,55,55,44,lewis-hamilton,mercedes,mercedes,pirelli,3,57,14.155,14155.0
1072,2022,15,56,56,56,6,nicholas-latifi,williams,mercedes,pirelli,4,55,14.459,14459.0
1072,2022,15,57,57,57,63,george-russell,mercedes,mercedes,pirelli,3,57,21.363,21363.0
1072,2022,15,58,58,58,1,max-verstappen,red-bull,rbpt,pirelli,4,57,14.113,14113.0
1072,2022,15,59,59,59,23,alexander-albon,williams,mercedes,pirelli,4,56,14.114,14114.0
1072,2022,15,60,60,60,47,mick-schumacher,haas,ferrari,pirelli,4,56,14.144,14144.0
1072,2022,15,61,61,61,5,sebastian-vettel,aston-martin,mercedes,pirelli,4,56,14.349,14349.0
1072,2022,15,62,62,62,16,charles-leclerc,ferrari,ferrari,pirelli,4,57,14.008,14008.0
1072,2022,15,63,63,63,20,kevin-magnussen,haas,ferrari,pirelli,4,56,14.175,14175.0
1072,2022,15,64,64,64,11,sergio-perez,red-bull,rbpt,pirelli,4,57,14.113,14113.0
1072,2022,15,65,65,65,24,guanyu-zhou,alfa-romeo,ferrari,pirelli,4,56,14.128,14128.0
1072,2022,15,66,66,66,55,carlos-sainz-jr,ferrari,ferrari,pirelli,3,57,21.164,21164.0
1072,2022,15,67,67,67,4,lando-norris,mclaren,mercedes,pirelli,3,57,21.264,21264.0
1072,2022,15,68,68,68,14,fernando-alonso,alpine,renault,pirelli,3,57,15.762,15762.0
1072,2022,15,69,69,69,3,daniel-ricciardo,mclaren,mercedes,pirelli,5,56,14.493,14493.0
1072,2022,15,70,70,70,31,esteban-ocon,alpine,renault,pirelli,3,57,14.041,14041.0
1072,2022,15,71,71,71,18,lance-stroll,aston-martin,mercedes,pirelli,4,57,14.118,14118.0
1072,2022,15,72,72,72,10,pierre-gasly,alphatauri,rbpt,pirelli,4,57,13.973,13973.0
1073,2022,16,1,1,1,11,sergio-perez,red-bull,rbpt,pirelli,1,7,23.698,23698.0
1073,2022,16,2,2,2,16,charles-leclerc,ferrari,ferrari,pirelli,1,12,23.531,23531.0
1073,2022,16,3,3,3,6,nicholas-latifi,williams,mercedes,pirelli,1,15,26.782,26782.0
1073,2022,16,4,4,4,10,pierre-gasly,alphatauri,rbpt,pirelli,1,18,25.376,25376.0
1073,2022,16,5,5,5,24,guanyu-zhou,alfa-romeo,ferrari,pirelli,1,18,25.366,25366.0
1073,2022,16,6,6,6,18,lance-stroll,aston-martin,mercedes,pirelli,1,18,24.254,24254.0
1073,2022,16,7,7,7,3,daniel-ricciardo,mclaren,mercedes,pirelli,1,19,25.164,25164.0
1073,2022,16,8,8,8,45,nyck-de-vries,williams,mercedes,pirelli,1,19,24.628,24628.0
1073,2022,16,9,9,9,31,esteban-ocon,alpine,renault,pirelli,1,19,24.336,24336.0
1073,2022,16,10,10,10,22,yuki-tsunoda,alphatauri,rbpt,pirelli,1,19,24.009,24009.0
1073,2022,16,11,11,11,63,george-russell,mercedes,mercedes,pirelli,1,23,25.075,25075.0
1073,2022,16,12,12,12,20,kevin-magnussen,haas,ferrari,pirelli,1,24,30.164,30164.0
1073,2022,16,13,13,13,1,max-verstappen,red-bull,rbpt,pirelli,1,25,23.791,23791.0
1073,2022,16,14,14,14,55,carlos-sainz-jr,ferrari,ferrari,pirelli,1,30,23.728,23728.0
1073,2022,16,15,15,15,16,charles-leclerc,ferrari,ferrari,pirelli,2,33,23.904,23904.0
1073,2022,16,16,16,16,44,lewis-hamilton,mercedes,mercedes,pirelli,1,33,24.282,24282.0
1073,2022,16,17,17,17,47,mick-schumacher,haas,ferrari,pirelli,1,33,24.817,24817.0
1073,2022,16,18,18,18,4,lando-norris,mclaren,mercedes,pirelli,1,35,26.714,26714.0
1073,2022,16,19,19,19,77,valtteri-bottas,alfa-romeo,ferrari,pirelli,1,35,24.758,24758.0
1073,2022,16,20,20,20,11,sergio-perez,red-bull,rbpt,pirelli,2,42,23.299,23299.0
1073,2022,16,21,21,21,63,george-russell,mercedes,mercedes,pirelli,2,47,24.114,24114.0
1073,2022,16,22,22,22,20,kevin-magnussen,haas,ferrari,pirelli,2,46,24.846,24846.0
1073,2022,16,23,23,23,55,carlos-sainz-jr,ferrari,ferrari,pirelli,2,47,24.525,24525.0
1073,2022,16,24,24,24,4,lando-norris,mclaren,mercedes,pirelli,2,47,24.784,24784.0
1073,2022,16,25,25,25,1,max-verstappen,red-bull,rbpt,pirelli,2,48,24.091,24091.0
1073,2022,16,26,26,26,22,yuki-tsunoda,alphatauri,rbpt,pirelli,2,47,23.904,23904.0
1073,2022,16,27,27,27,16,charles-leclerc,ferrari,ferrari,pirelli,3,48,23.719,23719.0
1073,2022,16,28,28,28,6,nicholas-latifi,williams,mercedes,pirelli,2,47,24.263,24263.0
1074,2022,17,1,1,1,20,kevin-magnussen,haas,ferrari,pirelli,1,7,39.247,39247.0
1074,2022,17,2,2,2,63,george-russell,mercedes,mercedes,pirelli,1,21,30.378,30378.0
1074,2022,17,3,3,3,10,pierre-gasly,alphatauri,rbpt,pirelli,1,33,29.867,29867.0
1074,2022,17,4,4,4,22,yuki-tsunoda,alphatauri,rbpt,pirelli,1,33,31.293,31293.0
1074,2022,17,5,5,5,77,valtteri-bottas,alfa-romeo,ferrari,pirelli,1,33,32.167,32167.0
1074,2022,17,6,6,6,20,kevin-magnussen,haas,ferrari,pirelli,2,33,32.603,32603.0
1074,2022,17,7,7,7,16,charles-leclerc,ferrari,ferrari,pirelli,1,34,32.058,32058.0
1074,2022,17,8,8,8,44,lewis-hamilton,mercedes,mercedes,pirelli,1,34,41.019,41019.0
1074,2022,17,9,9,9,5,sebastian-vettel,aston-martin,mercedes,pirelli,1,34,29.704,29704.0
1074,2022,17,10,10,10,47,mick-schumacher,haas,ferrari,pirelli,1,34,31.201,31201.0
1074,2022,17,11,11,11,11,sergio-perez,red-bull,rbpt,pirelli,1,35,29.550,29550.0
1074,2022,17,12,12,12,55,carlos-sainz-jr,ferrari,ferrari,pirelli,1,35,30.603,30603.0
1074,2022,17,13,13,13,1,max-verstappen,red-bull,rbpt,pirelli,1,35,29.407,29407.0
1074,2022,17,14,14,14,18,lance-stroll,aston-martin,mercedes,pirelli,1,35,29.863,29863.0
1074,2022,17,15,15,15,63,george-russell,mercedes,mercedes,pirelli,2,35,29.713,29713.0
1074,2022,17,16,16,16,4,lando-norris,mclaren,mercedes,pirelli,1,36,30.528,30528.0
1074,2022,17,17,17,17,3,daniel-ricciardo,mclaren,mercedes,pirelli,1,36,30.946,30946.0
1074,2022,17,18,18,18,1,max-verstappen,red-bull,rbpt,pirelli,2,40,29.775,29775.0
1074,2022,17,19,19,19,47,mick-schumacher,haas,ferrari,pirelli,2,41,34.722,34722.0
1074,2022,17,20,20,20,63,george-russell,mercedes,mercedes,pirelli,3,41,33.211,33211.0
1074,2022,17,21,21,21,63,george-russell,mercedes,mercedes,pirelli,4,51,29.893,29893.0
1075,2022,18,1,1,1,10,pierre-gasly,alphatauri,rbpt,pirelli,1,1,41.319,41319.0
1075,2022,18,2,2,2,1,max-verstappen,red-bull,rbpt,pirelli,1,2,6:27.399,387399.0
1075,2022,18,3,3,3,16,charles-leclerc,ferrari,ferrari,pirelli,1,2,6:29.973,389973.0
1075,2022,18,4,4,4,11,sergio-perez,red-bull,rbpt,pirelli,1,2,6:32.517,392517.0
1075,2022,18,5,5,5,31,esteban-ocon,alpine,renault,pirelli,1,2,6:33.601,393601.0
1075,2022,18,6,6,6,44,lewis-hamilton,mercedes,mercedes,pirelli,1,2,6:36.504,396504.0
1075,2022,18,7,7,7,14,fernando-alonso,alpine,renault,pirelli,1,2,6:36.837,396837.0
1075,2022,18,8,8,8,63,george-russell,mercedes,mercedes,pirelli,1,2,6:41.057,401057.0
1075,2022,18,9,9,9,3,daniel-ricciardo,mclaren,mercedes,pirelli,1,2,6:41.749,401749.0
1075,2022,18,10,10,10,22,yuki-tsunoda,alphatauri,rbpt,pirelli,1,2,6:42.478,402478.0
1075,2022,18,11,11,11,47,mick-schumacher,haas,ferrari,pirelli,1,2,6:40.857,400857.0
1075,2022,18,12,12,12,18,lance-stroll,aston-martin,mercedes,pirelli,1,2,6:40.463,400463.0
1075,2022,18,13,13,13,20,kevin-magnussen,haas,ferrari,pirelli,1,2,6:42.029,402029.0
1075,2022,18,14,14,14,4,lando-norris,mclaren,mercedes,pirelli,1,2,6:46.256,406256.0
1075,2022,18,15,15,15,77,valtteri-bottas,alfa-romeo,ferrari,pirelli,1,2,6:47.553,407553.0
1075,2022,18,16,16,16,6,nicholas-latifi,williams,mercedes,pirelli,1,2,6:47.673,407673.0
1075,2022,18,17,17,17,5,sebastian-vettel,aston-martin,mercedes,pirelli,1,2,6:49.647,409647.0
1075,2022,18,18,18,18,24,guanyu-zhou,alfa-romeo,ferrari,pirelli,1,2,6:50.005,410005.0
1075,2022,18,19,19,19,10,pierre-gasly,alphatauri,rbpt,pirelli,2,2,6:49.011,409011.0
1075,2022,18,20,20,20,6,nicholas-latifi,williams,mercedes,pirelli,2,5,24.785,24785.0
1075,2022,18,21,21,21,5,sebastian-vettel,aston-martin,mercedes,pirelli,2,5,24.218,24218.0
1075,2022,18,22,22,22,4,lando-norris,mclaren,mercedes,pirelli,2,6,24.595,24595.0
1075,2022,18,23,23,23,77,valtteri-bottas,alfa-romeo,ferrari,pirelli,2,6,24.869,24869.0
1075,2022,18,24,24,24,1,max-verstappen,red-bull,rbpt,pirelli,2,7,24.308,24308.0
1075,2022,18,25,25,25,16,charles-leclerc,ferrari,ferrari,pirelli,2,7,25.899,25899.0
1075,2022,18,26,26,26,11,sergio-perez,red-bull,rbpt,pirelli,2,7,25.322,25322.0
1075,2022,18,27,27,27,31,esteban-ocon,alpine,renault,pirelli,2,7,25.172,25172.0
1075,2022,18,28,28,28,44,lewis-hamilton,mercedes,mercedes,pirelli,2,7,25.059,25059.0
1075,2022,18,29,29,29,63,george-russell,mercedes,mercedes,pirelli,2,7,28.728,28728.0
1075,2022,18,30,30,30,22,yuki-tsunoda,alphatauri,rbpt,pirelli,2,7,24.439,24439.0
1075,2022,18,31,31,31,20,kevin-magnussen,haas,ferrari,pirelli,2,7,25.594,25594.0
1075,2022,18,32,32,32,18,lance-stroll,aston-martin,mercedes,pirelli,2,7,24.005,24005.0
1075,2022,18,33,33,33,10,pierre-gasly,alphatauri,rbpt,pirelli,3,7,24.966,24966.0
1075,2022,18,34,34,34,14,fernando-alonso,alpine,renault,pirelli,2,8,24.106,24106.0
1075,2022,18,35,35,35,3,daniel-ricciardo,mclaren,mercedes,pirelli,2,8,25.377,25377.0
1075,2022,18,36,36,36,24,guanyu-zhou,alfa-romeo,ferrari,pirelli,2,9,24.563,24563.0
1075,2022,18,37,37,37,47,mick-schumacher,haas,ferrari,pirelli,2,11,24.608,24608.0
1075,2022,18,38,38,38,24,guanyu-zhou,alfa-romeo,ferrari,pirelli,3,18,24.266,24266.0
1075,2022,18,39,39,39,18,lance-stroll,aston-martin,mercedes,pirelli,3,19,23.870,23870.0
1075,2022,18,40,40,40,10,pierre-gasly,alphatauri,rbpt,pirelli,4,19,23.966,23966.0
1075,2022,18,41,41,41,22,yuki-tsunoda,alphatauri,rbpt,pirelli,3,20,23.756,23756.0
1075,2022,18,42,42,42,14,fernando-alonso,alpine,renault,pirelli,3,22,24.123,24123.0
1076,2022,19,1,1,1,6,nicholas-latifi,williams,mercedes,pirelli,1,5,25.321,25321.0
1076,2022,19,2,2,2,23,alexander-albon,williams,mercedes,pirelli,1,9,24.624,24624.0
1076,2022,19,3,3,3,24,guanyu-zhou,alfa-romeo,ferrari,pirelli,1,9,27.326,27326.0
1076,2022,19,4,4,4,77,valtteri-bottas,alfa-romeo,ferrari,pirelli,1,10,25.013,25013.0
1076,2022,19,5,5,5,22,yuki-tsunoda,alphatauri,rbpt,pirelli,1,10,23.688,23688.0
1076,2022,19,6,6,6,3,daniel-ricciardo,mclaren,mercedes,pirelli,1,10,26.206,26206.0
1076,2022,19,7,7,7,10,pierre-gasly,alphatauri,rbpt,pirelli,1,11,23.670,23670.0
1076,2022,19,8,8,8,44,lewis-hamilton,mercedes,mercedes,pirelli,1,12,24.362,24362.0
1076,2022,19,9,9,9,1,max-verstappen,red-bull,rbpt,pirelli,1,13,23.866,23866.0
1076,2022,19,10,10,10,63,george-russell,mercedes,mercedes,pirelli,1,13,30.038,30038.0
1076,2022,19,11,11,11,11,sergio-perez,red-bull,rbpt,pirelli,1,14,23.403,23403.0
1076,2022,19,12,12,12,4,lando-norris,mclaren,mercedes,pirelli,1,14,24.026,24026.0
1076,2022,19,13,13,13,18,lance-stroll,aston-martin,mercedes,pirelli,1,15,25.417,25417.0
1076,2022,19,14,14,14,16,charles-leclerc,ferrari,ferrari,pirelli,1,18,24.314,24314.0
1076,2022,19,15,15,15,5,sebastian-vettel,aston-martin,mercedes,pirelli,1,18,24.307,24307.0
1076,2022,19,16,16,16,14,fernando-alonso,alpine,renault,pirelli,1,18,23.870,23870.0
1076,2022,19,17,17,17,31,esteban-ocon,alpine,renault,pirelli,1,18,24.816,24816.0
1076,2022,19,18,18,18,47,mick-schumacher,haas,ferrari,pirelli,1,18,25.209,25209.0
1076,2022,19,19,19,19,20,kevin-magnussen,haas,ferrari,pirelli,1,18,29.039,29039.0
1076,2022,19,20,20,20,23,alexander-albon,williams,mercedes,pirelli,2,18,24.311,24311.0
1076,2022,19,21,21,21,6,nicholas-latifi,williams,mercedes,pirelli,2,18,24.195,24195.0
1076,2022,19,22,22,22,14,fernando-alonso,alpine,renault,pirelli,2,22,39.707,39707.0
1076,2022,19,23,23,23,24,guanyu-zhou,alfa-romeo,ferrari,pirelli,2,23,25.015,25015.0
1076,2022,19,24,24,24,10,pierre-gasly,alphatauri,rbpt,pirelli,2,32,28.918,28918.0
1076,2022,19,25,25,25,22,yuki-tsunoda,alphatauri,rbpt,pirelli,2,33,23.241,23241.0
1076,2022,19,26,26,26,47,mick-schumacher,haas,ferrari,pirelli,2,33,24.651,24651.0
1076,2022,19,27,27,27,44,lewis-hamilton,mercedes,mercedes,pirelli,2,34,24.135,24135.0
1076,2022,19,28,28,28,4,lando-norris,mclaren,mercedes,pirelli,2,34,23.702,23702.0
1076,2022,19,29,29,29,1,max-verstappen,red-bull,rbpt,pirelli,2,35,32.254,32254.0
1076,2022,19,30,30,30,16,charles-leclerc,ferrari,ferrari,pirelli,2,35,23.755,23755.0
1076,2022,19,31,31,31,3,daniel-ricciardo,mclaren,mercedes,pirelli,2,35,24.436,24436.0
1076,2022,19,32,32,32,63,george-russell,mercedes,mercedes,pirelli,2,36,24.509,24509.0
1076,2022,19,33,33,33,11,sergio-perez,red-bull,rbpt,pirelli,2,38,24.801,24801.0
1076,2022,19,34,34,34,5,sebastian-vettel,aston-martin,mercedes,pirelli,2,41,38.157,38157.0
1076,2022,19,35,35,35,31,esteban-ocon,alpine,renault,pirelli,2,45,24.711,24711.0
1076,2022,19,36,36,36,63,george-russell,mercedes,mercedes,pirelli,3,54,23.947,23947.0
1077,2022,20,1,1,1,18,lance-stroll,aston-martin,mercedes,pirelli,1,17,23.509,23509.0
1077,2022,20,2,2,2,11,sergio-perez,red-bull,rbpt,pirelli,1,23,24.892,24892.0
1077,2022,20,3,3,3,6,nicholas-latifi,williams,mercedes,pirelli,1,23,23.826,23826.0
1077,2022,20,4,4,4,47,mick-schumacher,haas,ferrari,pirelli,1,24,23.679,23679.0
1077,2022,20,5,5,5,1,max-verstappen,red-bull,rbpt,pirelli,1,25,22.487,22487.0
1077,2022,20,6,6,6,16,charles-leclerc,ferrari,ferrari,pirelli,1,28,22.193,22193.0
1077,2022,20,7,7,7,44,lewis-hamilton,mercedes,mercedes,pirelli,1,29,23.194,23194.0
1077,2022,20,8,8,8,55,carlos-sainz-jr,ferrari,ferrari,pirelli,1,29,23.469,23469.0
1077,2022,20,9,9,9,22,yuki-tsunoda,alphatauri,rbpt,pirelli,1,29,22.468,22468.0
1077,2022,20,10,10,10,4,lando-norris,mclaren,mercedes,pirelli,1,31,22.585,22585.0
1077,2022,20,11,11,11,31,esteban-ocon,alpine,renault,pirelli,1,33,22.343,22343.0
1077,2022,20,12,12,12,63,george-russell,mercedes,mercedes,pirelli,1,34,22.795,22795.0
1077,2022,20,13,13,13,5,sebastian-vettel,aston-martin,mercedes,pirelli,1,38,22.534,22534.0
1077,2022,20,14,14,14,23,alexander-albon,williams,mercedes,pirelli,1,38,23.182,23182.0
1077,2022,20,15,15,15,20,kevin-magnussen,haas,ferrari,pirelli,1,38,23.722,23722.0
1077,2022,20,16,16,16,77,valtteri-bottas,alfa-romeo,ferrari,pirelli,1,39,23.863,23863.0
1077,2022,20,17,17,17,14,fernando-alonso,alpine,renault,pirelli,1,40,23.159,23159.0
1077,2022,20,18,18,18,10,pierre-gasly,alphatauri,rbpt,pirelli,1,40,29.168,29168.0
1077,2022,20,19,19,19,18,lance-stroll,aston-martin,mercedes,pirelli,2,40,23.119,23119.0
1077,2022,20,20,20,20,3,daniel-ricciardo,mclaren,mercedes,pirelli,1,44,22.280,22280.0
1077,2022,20,21,21,21,24,guanyu-zhou,alfa-romeo,ferrari,pirelli,1,45,24.218,24218.0
1077,2022,20,22,22,22,6,nicholas-latifi,williams,mercedes,pirelli,2,52,24.039,24039.0
1077,2022,20,23,23,23,63,george-russell,mercedes,mercedes,pirelli,2,69,23.118,23118.0
1078,2022,21,1,1,1,23,alexander-albon,williams,mercedes,pirelli,1,4,24.361,24361.0
1078,2022,21,2,2,2,1,max-verstappen,red-bull,rbpt,pirelli,1,7,30.942,30942.0
1078,2022,21,3,3,3,16,charles-leclerc,ferrari,ferrari,pirelli,1,7,30.080,30080.0
1078,2022,21,4,4,4,14,fernando-alonso,alpine,renault,pirelli,1,14,23.478,23478.0
1078,2022,21,5,5,5,24,guanyu-zhou,alfa-romeo,ferrari,pirelli,1,16,24.332,24332.0
1078,2022,21,6,6,6,55,carlos-sainz-jr,ferrari,ferrari,pirelli,1,17,25.206,25206.0
1078,2022,21,7,7,7,10,pierre-gasly,alphatauri,rbpt,pirelli,1,19,23.460,23460.0
1078,2022,21,8,8,8,22,yuki-tsunoda,alphatauri,rbpt,pirelli,1,20,23.287,23287.0
1078,2022,21,9,9,9,6,nicholas-latifi,williams,mercedes,pirelli,1,20,28.807,28807.0
1078,2022,21,10,10,10,16,charles-leclerc,ferrari,ferrari,pirelli,2,21,23.172,23172.0
1078,2022,21,11,11,11,11,sergio-perez,red-bull,rbpt,pirelli,1,23,22.869,22869.0
1078,2022,21,12,12,12,1,max-verstappen,red-bull,rbpt,pirelli,2,23,31.682,31682.0
1078,2022,21,13,13,13,63,george-russell,mercedes,mercedes,pirelli,1,24,23.521,23521.0
1078,2022,21,14,14,14,4,lando-norris,mclaren,mercedes,pirelli,1,24,29.338,29338.0
1078,2022,21,15,15,15,77,valtteri-bottas,alfa-romeo,ferrari,pirelli,1,24,23.908,23908.0
1078,2022,21,16,16,16,31,esteban-ocon,alpine,renault,pirelli,1,24,23.868,23868.0
1078,2022,21,17,17,17,47,mick-schumacher,haas,ferrari,pirelli,1,24,24.487,24487.0
1078,2022,21,18,18,18,23,alexander-albon,williams,mercedes,pirelli,2,25,23.352,23352.0
1078,2022,21,19,19,19,5,sebastian-vettel,aston-martin,mercedes,pirelli,1,26,24.248,24248.0
1078,2022,21,20,20,20,44,lewis-hamilton,mercedes,mercedes,pirelli,1,29,24.081,24081.0
1078,2022,21,21,21,21,18,lance-stroll,aston-martin,mercedes,pirelli,1,29,23.469,23469.0
1078,2022,21,22,22,22,6,nicholas-latifi,williams,mercedes,pirelli,2,32,24.292,24292.0
1078,2022,21,23,23,23,14,fernando-alonso,alpine,renault,pirelli,2,35,28.855,28855.0
1078,2022,21,24,24,24,10,pierre-gasly,alphatauri,rbpt,pirelli,2,35,23.328,23328.0
1078,2022,21,25,25,25,55,carlos-sainz-jr,ferrari,ferrari,pirelli,2,36,23.483,23483.0
1078,2022,21,26,26,26,24,guanyu-zhou,alfa-romeo,ferrari,pirelli,2,37,25.111,25111.0
1078,2022,21,27,27,27,22,yuki-tsunoda,alphatauri,rbpt,pirelli,2,40,23.645,23645.0
1078,2022,21,28,28,28,16,charles-leclerc,ferrari,ferrari,pirelli,3,44,23.124,23124.0
1078,2022,21,29,29,29,77,valtteri-bottas,alfa-romeo,ferrari,pirelli,2,45,24.616,24616.0
1078,2022,21,30,30,30,5,sebastian-vettel,aston-martin,mercedes,pirelli,2,45,24.028,24028.0
1078,2022,21,31,31,31,4,lando-norris,mclaren,mercedes,pirelli,2,45,24.669,24669.0
1078,2022,21,32,32,32,47,mick-schumacher,haas,ferrari,pirelli,2,46,25.156,25156.0
1078,2022,21,33,33,33,11,sergio-perez,red-bull,rbpt,pirelli,2,47,23.152,23152.0
1078,2022,21,34,34,34,31,esteban-ocon,alpine,renault,pirelli,2,47,24.445,24445.0
1078,2022,21,35,35,35,23,alexander-albon,williams,mercedes,pirelli,3,47,23.322,23322.0
1078,2022,21,36,36,36,44,lewis-hamilton,mercedes,mercedes,pirelli,2,48,23.415,23415.0
1078,2022,21,37,37,37,1,max-verstappen,red-bull,rbpt,pirelli,3,48,24.102,24102.0
1078,2022,21,38,38,38,18,lance-stroll,aston-martin,mercedes,pirelli,2,48,23.764,23764.0
1078,2022,21,39,39,39,63,george-russell,mercedes,mercedes,pirelli,2,49,23.480,23480.0
1078,2022,21,40,40,40,14,fernando-alonso,alpine,renault,pirelli,3,52,23.790,23790.0
1078,2022,21,41,41,41,10,pierre-gasly,alphatauri,rbpt,pirelli,3,52,23.009,23009.0
1078,2022,21,42,42,42,55,carlos-sainz-jr,ferrari,ferrari,pirelli,3,53,23.816,23816.0
1078,2022,21,43,43,43,6,nicholas-latifi,williams,mercedes,pirelli,3,52,23.640,23640.0
1078,2022,21,44,44,44,22,yuki-tsunoda,alphatauri,rbpt,pirelli,3,54,23.635,23635.0
1079,2022,22,1,1,1,23,alexander-albon,williams,mercedes,pirelli,1,12,21.793,21793.0
1079,2022,22,2,2,2,18,lance-stroll,aston-martin,mercedes,pirelli,1,13,21.814,21814.0
1079,2022,22,3,3,3,31,esteban-ocon,alpine,renault,pirelli,1,14,21.895,21895.0
1079,2022,22,4,4,4,22,yuki-tsunoda,alphatauri,rbpt,pirelli,1,14,21.591,21591.0
1079,2022,22,5,5,5,47,mick-schumacher,haas,ferrari,pirelli,1,14,22.276,22276.0
1079,2022,22,6,6,6,10,pierre-gasly,alphatauri,rbpt,pirelli,1,14,21.855,21855.0
1079,2022,22,7,7,7,11,sergio-perez,red-bull,rbpt,pirelli,1,15,21.360,21360.0
1079,2022,22,8,8,8,63,george-russell,mercedes,mercedes,pirelli,1,15,24.243,24243.0
1079,2022,22,9,9,9,4,lando-norris,mclaren,mercedes,pirelli,1,15,22.234,22234.0
1079,2022,22,10,10,10,24,guanyu-zhou,alfa-romeo,ferrari,pirelli,1,15,22.435,22435.0
1079,2022,22,11,11,11,6,nicholas-latifi,williams,mercedes,pirelli,1,15,22.423,22423.0
1079,2022,22,12,12,12,55,carlos-sainz-jr,ferrari,ferrari,pirelli,1,17,21.930,21930.0
1079,2022,22,13,13,13,44,lewis-hamilton,mercedes,mercedes,pirelli,1,18,21.270,21270.0
1079,2022,22,14,14,14,14,fernando-alonso,alpine,renault,pirelli,1,19,21.740,21740.0
1079,2022,22,15,15,15,3,daniel-ricciardo,mclaren,mercedes,pirelli,1,19,21.893,21893.0
1079,2022,22,16,16,16,1,max-verstappen,red-bull,rbpt,pirelli,1,20,22.735,22735.0
1079,2022,22,17,17,17,16,charles-leclerc,ferrari,ferrari,pirelli,1,21,22.210,22210.0
1079,2022,22,18,18,18,5,sebastian-vettel,aston-martin,mercedes,pirelli,1,25,23.186,23186.0
1079,2022,22,19,19,19,20,kevin-magnussen,haas,ferrari,pirelli,1,28,22.387,22387.0
1079,2022,22,20,20,20,77,valtteri-bottas,alfa-romeo,ferrari,pirelli,1,30,22.573,22573.0
1079,2022,22,21,21,21,11,sergio-perez,red-bull,rbpt,pirelli,2,33,21.367,21367.0
1079,2022,22,22,22,22,47,mick-schumacher,haas,ferrari,pirelli,2,34,23.530,23530.0
1079,2022,22,23,23,23,23,alexander-albon,williams,mercedes,pirelli,2,35,21.798,21798.0
1079,2022,22,24,24,24,22,yuki-tsunoda,alphatauri,rbpt,pirelli,2,38,22.262,22262.0
1079,2022,22,25,25,25,55,carlos-sainz-jr,ferrari,ferrari,pirelli,2,39,21.575,21575.0
1079,2022,22,26,26,26,63,george-russell,mercedes,mercedes,pirelli,2,39,27.931,27931.0
1079,2022,22,27,27,27,6,nicholas-latifi,williams,mercedes,pirelli,2,38,25.174,25174.0
1079,2022,22,28,28,28,18,lance-stroll,aston-martin,mercedes,pirelli,2,40,21.802,21802.0
1079,2022,22,29,29,29,31,esteban-ocon,alpine,renault,pirelli,2,41,21.734,21734.0
1079,2022,22,30,30,30,4,lando-norris,mclaren,mercedes,pirelli,2,42,21.559,21559.0
1079,2022,22,31,31,31,24,guanyu-zhou,alfa-romeo,ferrari,pirelli,2,44,23.159,23159.0
1080,2023,1,1,1,1,10,pierre-gasly,alpine,renault,pirelli,1,9,25.885,25885.0
1080,2023,1,2,2,2,4,lando-norris,mclaren,mercedes,pirelli,1,10,32.766,32766.0
1080,2023,1,3,3,3,22,yuki-tsunoda,alphatauri,honda-rbpt,pirelli,1,10,25.267,25267.0
1080,2023,1,4,4,4,77,valtteri-bottas,alfa-romeo,ferrari,pirelli,1,11,25.399,25399.0
1080,2023,1,5,5,5,23,alexander-albon,williams,mercedes,pirelli,1,11,25.054,25054.0
1080,2023,1,6,6,6,27,nico-hulkenberg,haas,ferrari,pirelli,1,11,26.075,26075.0
1080,2023,1,7,7,7,21,nyck-de-vries,alphatauri,honda-rbpt,pirelli,1,11,25.018,25018.0
1080,2023,1,8,8,8,44,lewis-hamilton,mercedes,mercedes,pirelli,1,12,24.682,24682.0
1080,2023,1,9,9,9,31,esteban-ocon,alpine,renault,pirelli,1,12,24.966,24966.0
1080,2023,1,10,10,10,2,logan-sargeant,williams,mercedes,pirelli,1,12,25.600,25600.0
1080,2023,1,11,11,11,24,guanyu-zhou,alfa-romeo,ferrari,pirelli,1,12,25.787,25787.0
1080,2023,1,12,12,12,16,charles-leclerc,ferrari,ferrari,pirelli,1,13,24.345,24345.0
1080,2023,1,13,13,13,55,carlos-sainz-jr,ferrari,ferrari,pirelli,1,13,24.500,24500.0
1080,2023,1,14,14,14,63,george-russell,mercedes,mercedes,pirelli,1,13,27.062,27062.0
1080,2023,1,15,15,15,1,max-verstappen,red-bull,honda-rbpt,pirelli,1,14,24.289,24289.0
1080,2023,1,16,16,16,14,fernando-alonso,aston-martin,mercedes,pirelli,1,14,25.800,25800.0
1080,2023,1,17,17,17,18,lance-stroll,aston-martin,mercedes,pirelli,1,15,25.449,25449.0
1080,2023,1,18,18,18,20,kevin-magnussen,haas,ferrari,pirelli,1,15,25.439,25439.0
1080,2023,1,19,19,19,31,esteban-ocon,alpine,renault,pirelli,2,15,41.462,41462.0
1080,2023,1,20,20,20,11,sergio-perez,red-bull,honda-rbpt,pirelli,1,17,24.264,24264.0
1080,2023,1,21,21,21,4,lando-norris,mclaren,mercedes,pirelli,2,17,33.661,33661.0
1080,2023,1,22,22,22,10,pierre-gasly,alpine,renault,pirelli,2,25,24.879,24879.0
1080,2023,1,23,23,23,23,alexander-albon,williams,mercedes,pirelli,2,26,24.920,24920.0
1080,2023,1,24,24,24,22,yuki-tsunoda,alphatauri,honda-rbpt,pirelli,2,26,24.372,24372.0
1080,2023,1,25,25,25,27,nico-hulkenberg,haas,ferrari,pirelli,2,26,37.769,37769.0
1080,2023,1,26,26,26,21,nyck-de-vries,alphatauri,honda-rbpt,pirelli,2,27,25.234,25234.0
1080,2023,1,27,27,27,4,lando-norris,mclaren,mercedes,pirelli,3,27,33.467,33467.0
1080,2023,1,28,28,28,77,valtteri-bottas,alfa-romeo,ferrari,pirelli,2,29,25.643,25643.0
1080,2023,1,29,29,29,20,kevin-magnussen,haas,ferrari,pirelli,2,29,25.344,25344.0
1080,2023,1,30,30,30,44,lewis-hamilton,mercedes,mercedes,pirelli,2,30,24.690,24690.0
1080,2023,1,31,31,31,18,lance-stroll,aston-martin,mercedes,pirelli,2,30,24.639,24639.0
1080,2023,1,32,32,32,2,logan-sargeant,williams,mercedes,pirelli,2,30,25.670,25670.0
1080,2023,1,33,33,33,55,carlos-sainz-jr,ferrari,ferrari,pirelli,2,31,24.227,24227.0
1080,2023,1,34,34,34,63,george-russell,mercedes,mercedes,pirelli,2,31,24.406,24406.0
1080,2023,1,35,35,35,24,guanyu-zhou,alfa-romeo,ferrari,pirelli,2,32,25.282,25282.0
1080,2023,1,36,36,36,31,esteban-ocon,alpine,renault,pirelli,3,32,44.518,44518.0
1080,2023,1,37,37,37,16,charles-leclerc,ferrari,ferrari,pirelli,2,33,24.644,24644.0
1080,2023,1,38,38,38,11,sergio-perez,red-bull,honda-rbpt,pirelli,2,34,25.091,25091.0
1080,2023,1,39,39,39,14,fernando-alonso,aston-martin,mercedes,pirelli,2,34,24.869,24869.0
1080,2023,1,40,40,40,1,max-verstappen,red-bull,honda-rbpt,pirelli,2,36,24.910,24910.0
1080,2023,1,41,41,41,4,lando-norris,mclaren,mercedes,pirelli,4,37,33.236,33236.0
1080,2023,1,42,42,42,23,alexander-albon,williams,mercedes,pirelli,3,40,24.458,24458.0
1080,2023,1,43,43,43,10,pierre-gasly,alpine,renault,pirelli,3,40,24.736,24736.0
1080,2023,1,44,44,44,22,yuki-tsunoda,alphatauri,honda-rbpt,pirelli,3,40,25.818,25818.0
1080,2023,1,45,45,45,2,logan-sargeant,williams,mercedes,pirelli,3,40,25.047,25047.0
1080,2023,1,46,46,46,20,kevin-magnussen,haas,ferrari,pirelli,3,40,25.125,25125.0
1080,2023,1,47,47,47,27,nico-hulkenberg,haas,ferrari,pirelli,3,40,27.080,27080.0
1080,2023,1,48,48,48,4,lando-norris,mclaren,mercedes,pirelli,5,47,30.710,30710.0
1080,2023,1,49,49,49,24,guanyu-zhou,alfa-romeo,ferrari,pirelli,3,54,30.167,30167.0
1080,2023,1,50,50,50,4,lando-norris,mclaren,mercedes,pirelli,6,54,31.494,31494.0
1081,2023,2,1,1,1,81,oscar-piastri,mclaren,mercedes,pirelli,1,1,31.534,31534.0
1081,2023,2,2,2,2,4,lando-norris,mclaren,mercedes,pirelli,1,2,29.444,29444.0
1081,2023,2,3,3,3,20,kevin-magnussen,haas,ferrari,pirelli,1,8,20.870,20870.0
1081,2023,2,4,4,4,77,valtteri-bottas,alfa-romeo,ferrari,pirelli,1,9,21.505,21505.0
1081,2023,2,5,5,5,24,guanyu-zhou,alfa-romeo,ferrari,pirelli,1,11,21.703,21703.0
1081,2023,2,6,6,6,27,nico-hulkenberg,haas,ferrari,pirelli,1,11,21.567,21567.0
1081,2023,2,7,7,7,18,lance-stroll,aston-martin,mercedes,pirelli,1,13,21.150,21150.0
1081,2023,2,8,8,8,10,pierre-gasly,alpine,renault,pirelli,1,14,20.719,20719.0
1081,2023,2,9,9,9,55,carlos-sainz-jr,ferrari,ferrari,pirelli,1,15,20.760,20760.0
1081,2023,2,10,10,10,16,charles-leclerc,ferrari,ferrari,pirelli,1,16,20.026,20026.0
1081,2023,2,11,11,11,31,esteban-ocon,alpine,renault,pirelli,1,16,20.762,20762.0
1081,2023,2,12,12,12,22,yuki-tsunoda,alphatauri,honda-rbpt,pirelli,1,17,21.414,21414.0
1081,2023,2,13,13,13,23,alexander-albon,williams,mercedes,pirelli,1,17,21.397,21397.0
1081,2023,2,14,14,14,21,nyck-de-vries,alphatauri,honda-rbpt,pirelli,1,17,21.116,21116.0
1081,2023,2,15,15,15,77,valtteri-bottas,alfa-romeo,ferrari,pirelli,2,17,22.191,22191.0
1081,2023,2,16,16,16,11,sergio-perez,red-bull,honda-rbpt,pirelli,1,18,20.715,20715.0
1081,2023,2,17,17,17,14,fernando-alonso,aston-martin,mercedes,pirelli,1,18,26.879,26879.0
1081,2023,2,18,18,18,63,george-russell,mercedes,mercedes,pirelli,1,18,20.828,20828.0
1081,2023,2,19,19,19,1,max-verstappen,red-bull,honda-rbpt,pirelli,1,18,20.824,20824.0
1081,2023,2,20,20,20,44,lewis-hamilton,mercedes,mercedes,pirelli,1,18,21.102,21102.0
1081,2023,2,21,21,21,2,logan-sargeant,williams,mercedes,pirelli,1,18,21.064,21064.0
1081,2023,2,22,22,22,24,guanyu-zhou,alfa-romeo,ferrari,pirelli,2,18,21.282,21282.0
1081,2023,2,23,23,23,4,lando-norris,mclaren,mercedes,pirelli,2,19,21.352,21352.0
1081,2023,2,24,24,24,77,valtteri-bottas,alfa-romeo,ferrari,pirelli,3,35,21.808,21808.0
1082,2023,3,1,1,1,31,esteban-ocon,alpine,renault,pirelli,1,1,18.056,18056.0
1082,2023,3,2,2,2,24,guanyu-zhou,alfa-romeo,ferrari,pirelli,1,1,18.951,18951.0
1082,2023,3,3,3,3,2,logan-sargeant,williams,mercedes,pirelli,1,1,18.382,18382.0
1082,2023,3,4,4,4,11,sergio-perez,red-bull,honda-rbpt,pirelli,1,1,17.657,17657.0
1082,2023,3,5,5,5,77,valtteri-bottas,alfa-romeo,ferrari,pirelli,1,1,21.659,21659.0
1082,2023,3,6,6,6,2,logan-sargeant,williams,mercedes,pirelli,2,2,19.158,19158.0
1082,2023,3,7,7,7,11,sergio-perez,red-bull,honda-rbpt,pirelli,2,2,17.814,17814.0
1082,2023,3,8,8,8,63,george-russell,mercedes,mercedes,pirelli,1,7,19.146,19146.0
1082,2023,3,9,9,9,55,carlos-sainz-jr,ferrari,ferrari,pirelli,1,7,18.319,18319.0
1082,2023,3,10,10,10,20,kevin-magnussen,haas,ferrari,pirelli,1,7,20.789,20789.0
1082,2023,3,11,11,11,44,lewis-hamilton,mercedes,mercedes,pirelli,1,8,15:25.181,925181.0
1082,2023,3,12,12,12,1,max-verstappen,red-bull,honda-rbpt,pirelli,1,8,15:25.112,925112.0
1082,2023,3,13,13,13,14,fernando-alonso,aston-martin,mercedes,pirelli,1,8,15:26.940,926940.0
1082,2023,3,14,14,14,18,lance-stroll,aston-martin,mercedes,pirelli,1,8,15:27.222,927222.0
1082,2023,3,15,15,15,10,pierre-gasly,alpine,renault,pirelli,1,8,15:26.996,926996.0
1082,2023,3,16,16,16,27,nico-hulkenberg,haas,ferrari,pirelli,1,8,15:26.326,926326.0
1082,2023,3,17,17,17,63,george-russell,mercedes,mercedes,pirelli,2,8,15:30.824,930824.0
1082,2023,3,18,18,18,22,yuki-tsunoda,alphatauri,honda-rbpt,pirelli,1,8,15:31.820,931820.0
1082,2023,3,19,19,19,4,lando-norris,mclaren,mercedes,pirelli,1,8,15:34.763,934763.0
1082,2023,3,20,20,20,81,oscar-piastri,mclaren,mercedes,pirelli,1,8,15:34.541,934541.0
1082,2023,3,21,21,21,55,carlos-sainz-jr,ferrari,ferrari,pirelli,2,8,15:37.024,937024.0
1082,2023,3,22,22,22,21,nyck-de-vries,alphatauri,honda-rbpt,pirelli,1,8,15:37.874,937874.0
1082,2023,3,23,23,23,31,esteban-ocon,alpine,renault,pirelli,2,8,15:37.929,937929.0
1082,2023,3,24,24,24,11,sergio-perez,red-bull,honda-rbpt,pirelli,3,8,15:37.512,937512.0
1082,2023,3,25,25,25,24,guanyu-zhou,alfa-romeo,ferrari,pirelli,2,8,15:37.849,937849.0
1082,2023,3,26,26,26,77,valtteri-bottas,alfa-romeo,ferrari,pirelli,2,8,15:37.594,937594.0
1082,2023,3,27,27,27,2,logan-sargeant,williams,mercedes,pirelli,3,8,15:38.017,938017.0
1082,2023,3,28,28,28,20,kevin-magnussen,haas,ferrari,pirelli,2,8,15:40.228,940228.0
1082,2023,3,29,29,29,2,logan-sargeant,williams,mercedes,pirelli,4,36,19.018,19018.0
1082,2023,3,30,30,30,21,nyck-de-vries,alphatauri,honda-rbpt,pirelli,2,45,18.080,18080.0
1082,2023,3,31,31,31,77,valtteri-bottas,alfa-romeo,ferrari,pirelli,3,53,19.825,19825.0
1082,2023,3,32,32,32,81,oscar-piastri,mclaren,mercedes,pirelli,2,54,19.442,19442.0
1082,2023,3,33,33,33,24,guanyu-zhou,alfa-romeo,ferrari,pirelli,3,54,21.881,21881.0
1082,2023,3,34,34,34,22,yuki-tsunoda,alphatauri,honda-rbpt,pirelli,2,54,18.258,18258.0
1082,2023,3,35,35,35,1,max-verstappen,red-bull,honda-rbpt,pirelli,2,55,14:27.756,867756.0
1082,2023,3,36,36,36,44,lewis-hamilton,mercedes,mercedes,pirelli,2,55,14:31.670,871670.0
1082,2023,3,37,37,37,14,fernando-alonso,aston-martin,mercedes,pirelli,2,55,14:34.306,874306.0
1082,2023,3,38,38,38,77,valtteri-bottas,alfa-romeo,ferrari,pirelli,4,54,12:19.342,739342.0
1082,2023,3,39,39,39,55,carlos-sainz-jr,ferrari,ferrari,pirelli,3,55,14:34.924,874924.0
1082,2023,3,40,40,40,10,pierre-gasly,alpine,renault,pirelli,2,55,14:35.210,875210.0
1082,2023,3,41,41,41,18,lance-stroll,aston-martin,mercedes,pirelli,2,55,14:35.053,875053.0
1082,2023,3,42,42,42,11,sergio-perez,red-bull,honda-rbpt,pirelli,4,55,14:36.462,876462.0
1082,2023,3,43,43,43,2,logan-sargeant,williams,mercedes,pirelli,5,54,12:12.022,732022.0
1082,2023,3,44,44,44,4,lando-norris,mclaren,mercedes,pirelli,2,55,14:41.064,881064.0
1082,2023,3,45,45,45,27,nico-hulkenberg,haas,ferrari,pirelli,2,55,14:40.712,880712.0
1082,2023,3,46,46,46,21,nyck-de-vries,alphatauri,honda-rbpt,pirelli,3,54,12:06.783,726783.0
1082,2023,3,47,47,47,31,esteban-ocon,alpine,renault,pirelli,3,55,14:39.804,879804.0
1082,2023,3,48,48,48,81,oscar-piastri,mclaren,mercedes,pirelli,3,55,14:24.653,864653.0
1082,2023,3,49,49,49,24,guanyu-zhou,alfa-romeo,ferrari,pirelli,4,55,14:01.565,841565.0
1082,2023,3,50,50,50,22,yuki-tsunoda,alphatauri,honda-rbpt,pirelli,3,55,14:01.820,841820.0
1082,2023,3,51,51,51,77,valtteri-bottas,alfa-romeo,ferrari,pirelli,5,55,1:16.634,76634.0
1082,2023,3,52,52,52,2,logan-sargeant,williams,mercedes,pirelli,6,55,1:14.200,74200.0
1082,2023,3,53,53,53,21,nyck-de-vries,alphatauri,honda-rbpt,pirelli,4,55,1:13.234,73234.0
1082,2023,3,54,54,54,1,max-verstappen,red-bull,honda-rbpt,pirelli,3,57,30:56.502,1856502.0
1082,2023,3,55,55,55,44,lewis-hamilton,mercedes,mercedes,pirelli,3,57,30:59.435,1859435.0
1082,2023,3,56,56,56,55,carlos-sainz-jr,ferrari,ferrari,pirelli,4,57,31:01.554,1861554.0
1082,2023,3,57,57,57,27,nico-hulkenberg,haas,ferrari,pirelli,3,57,31:09.055,1869055.0
1082,2023,3,58,58,58,22,yuki-tsunoda,alphatauri,honda-rbpt,pirelli,4,57,31:11.209,1871209.0
1082,2023,3,59,59,59,4,lando-norris,mclaren,mercedes,pirelli,3,57,31:04.087,1864087.0
1082,2023,3,60,60,60,81,oscar-piastri,mclaren,mercedes,pirelli,4,57,31:06.226,1866226.0
1082,2023,3,61,61,61,24,guanyu-zhou,alfa-romeo,ferrari,pirelli,5,57,31:04.998,1864998.0
1082,2023,3,62,62,62,77,valtteri-bottas,alfa-romeo,ferrari,pirelli,6,57,31:07.182,1867182.0
1082,2023,3,63,63,63,11,sergio-perez,red-bull,honda-rbpt,pirelli,5,57,30:53.568,1853568.0
1082,2023,3,64,64,64,14,fernando-alonso,aston-martin,mercedes,pirelli,3,57,30:45.073,1845073.0
1082,2023,3,65,65,65,18,lance-stroll,aston-martin,mercedes,pirelli,3,57,30:45.925,1845925.0
1083,2023,4,1,1,1,10,pierre-gasly,alpine,renault,pirelli,1,5,20.235,20235.0
1083,2023,4,2,2,2,77,valtteri-bottas,alfa-romeo,ferrari,pirelli,1,6,20.967,20967.0
1083,2023,4,3,3,3,23,alexander-albon,williams,mercedes,pirelli,1,7,21.103,21103.0
1083,2023,4,4,4,4,22,yuki-tsunoda,alphatauri,honda-rbpt,pirelli,1,8,20.497,20497.0
1083,2023,4,5,5,5,81,oscar-piastri,mclaren,mercedes,pirelli,1,8,20.902,20902.0
1083,2023,4,6,6,6,2,logan-sargeant,williams,mercedes,pirelli,1,8,21.015,21015.0
1083,2023,4,7,7,7,44,lewis-hamilton,mercedes,mercedes,pirelli,1,9,20.324,20324.0
1083,2023,4,8,8,8,4,lando-norris,mclaren,mercedes,pirelli,1,9,20.346,20346.0
1083,2023,4,9,9,9,1,max-verstappen,red-bull,honda-rbpt,pirelli,1,10,20.707,20707.0
1083,2023,4,10,10,10,20,kevin-magnussen,haas,ferrari,pirelli,1,10,30.951,30951.0
1083,2023,4,11,11,11,11,sergio-perez,red-bull,honda-rbpt,pirelli,1,11,20.389,20389.0
1083,2023,4,12,12,12,16,charles-leclerc,ferrari,ferrari,pirelli,1,11,21.126,21126.0
1083,2023,4,13,13,13,55,carlos-sainz-jr,ferrari,ferrari,pirelli,1,11,21.970,21970.0
1083,2023,4,14,14,14,14,fernando-alonso,aston-martin,mercedes,pirelli,1,11,23.148,23148.0
1083,2023,4,15,15,15,63,george-russell,mercedes,mercedes,pirelli,1,11,20.459,20459.0
1083,2023,4,16,16,16,18,lance-stroll,aston-martin,mercedes,pirelli,1,11,23.161,23161.0
1083,2023,4,17,17,17,24,guanyu-zhou,alfa-romeo,ferrari,pirelli,1,11,22.247,22247.0
1083,2023,4,18,18,18,77,valtteri-bottas,alfa-romeo,ferrari,pirelli,2,12,22.354,22354.0
1083,2023,4,19,19,19,10,pierre-gasly,alpine,renault,pirelli,2,23,21.169,21169.0
1083,2023,4,20,20,20,77,valtteri-bottas,alfa-romeo,ferrari,pirelli,3,34,21.012,21012.0
1083,2023,4,21,21,21,63,george-russell,mercedes,mercedes,pirelli,2,49,21.389,21389.0
1083,2023,4,22,22,22,27,nico-hulkenberg,haas,ferrari,pirelli,1,49,24.748,24748.0
1083,2023,4,23,23,23,31,esteban-ocon,alpine,renault,pirelli,1,50,20.367,20367.0
1084,2023,5,1,1,1,2,logan-sargeant,williams,mercedes,pirelli,1,2,48.938,48938.0
1084,2023,5,2,2,2,4,lando-norris,mclaren,mercedes,pirelli,1,4,24.090,24090.0
1084,2023,5,3,3,3,81,oscar-piastri,mclaren,mercedes,pirelli,1,5,22.205,22205.0
1084,2023,5,4,4,4,20,kevin-magnussen,haas,ferrari,pirelli,1,14,22.616,22616.0
1084,2023,5,5,5,5,10,pierre-gasly,alpine,renault,pirelli,1,15,22.417,22417.0
1084,2023,5,6,6,6,77,valtteri-bottas,alfa-romeo,ferrari,pirelli,1,15,23.158,23158.0
1084,2023,5,7,7,7,21,nyck-de-vries,alphatauri,honda-rbpt,pirelli,1,15,23.487,23487.0
1084,2023,5,8,8,8,63,george-russell,mercedes,mercedes,pirelli,1,17,22.335,22335.0
1084,2023,5,9,9,9,16,charles-leclerc,ferrari,ferrari,pirelli,1,17,22.068,22068.0
1084,2023,5,10,10,10,55,carlos-sainz-jr,ferrari,ferrari,pirelli,1,18,22.278,22278.0
1084,2023,5,11,11,11,11,sergio-perez,red-bull,honda-rbpt,pirelli,1,20,21.884,21884.0
1084,2023,5,12,12,12,23,alexander-albon,williams,mercedes,pirelli,1,22,22.482,22482.0
1084,2023,5,13,13,13,14,fernando-alonso,aston-martin,mercedes,pirelli,1,24,22.631,22631.0
1084,2023,5,14,14,14,24,guanyu-zhou,alfa-romeo,ferrari,pirelli,1,31,22.796,22796.0
1084,2023,5,15,15,15,27,nico-hulkenberg,haas,ferrari,pirelli,1,33,23.120,23120.0
1084,2023,5,16,16,16,22,yuki-tsunoda,alphatauri,honda-rbpt,pirelli,1,36,22.390,22390.0
1084,2023,5,17,17,17,44,lewis-hamilton,mercedes,mercedes,pirelli,1,37,22.150,22150.0
1084,2023,5,18,18,18,31,esteban-ocon,alpine,renault,pirelli,1,39,21.942,21942.0
1084,2023,5,19,19,19,18,lance-stroll,aston-martin,mercedes,pirelli,1,42,22.651,22651.0
1084,2023,5,20,20,20,1,max-verstappen,red-bull,honda-rbpt,pirelli,1,45,22.688,22688.0
1085,2023,6,1,1,1,27,nico-hulkenberg,haas,ferrari,pirelli,1,1,32.494,32494.0
1085,2023,6,2,2,2,11,sergio-perez,red-bull,honda-rbpt,pirelli,1,1,24.887,24887.0
1085,2023,6,3,3,3,24,guanyu-zhou,alfa-romeo,ferrari,pirelli,1,1,26.141,26141.0
1085,2023,6,4,4,4,23,alexander-albon,williams,mercedes,pirelli,1,18,24.290,24290.0
1085,2023,6,5,5,5,2,logan-sargeant,williams,mercedes,pirelli,1,20,24.376,24376.0
1085,2023,6,6,6,6,2,logan-sargeant,williams,mercedes,pirelli,2,23,27.774,27774.0
1085,2023,6,7,7,7,44,lewis-hamilton,mercedes,mercedes,pirelli,1,31,24.594,24594.0
1085,2023,6,8,8,8,31,esteban-ocon,alpine,renault,pirelli,1,32,25.833,25833.0
1085,2023,6,9,9,9,55,carlos-sainz-jr,ferrari,ferrari,pirelli,1,33,24.252,24252.0
1085,2023,6,10,10,10,11,sergio-perez,red-bull,honda-rbpt,pirelli,2,34,32.749,32749.0
1085,2023,6,11,11,11,16,charles-leclerc,ferrari,ferrari,pirelli,1,44,24.192,24192.0
1085,2023,6,12,12,12,10,pierre-gasly,alpine,renault,pirelli,1,47,23.902,23902.0
1085,2023,6,13,13,13,4,lando-norris,mclaren,mercedes,pirelli,1,50,24.663,24663.0
1085,2023,6,14,14,14,77,valtteri-bottas,alfa-romeo,ferrari,pirelli,1,51,30.395,30395.0
1085,2023,6,15,15,15,18,lance-stroll,aston-martin,mercedes,pirelli,1,51,24.656,24656.0
1085,2023,6,16,16,16,24,guanyu-zhou,alfa-romeo,ferrari,pirelli,2,52,25.260,25260.0
1085,2023,6,17,17,17,23,alexander-albon,williams,mercedes,pirelli,2,52,26.990,26990.0
1085,2023,6,18,18,18,22,yuki-tsunoda,alphatauri,honda-rbpt,pirelli,1,53,33.706,33706.0
1085,2023,6,19,19,19,2,logan-sargeant,williams,mercedes,pirelli,3,52,25.946,25946.0
1085,2023,6,20,20,20,14,fernando-alonso,aston-martin,mercedes,pirelli,1,54,24.414,24414.0
1085,2023,6,21,21,21,21,nyck-de-vries,alphatauri,honda-rbpt,pirelli,1,53,24.539,24539.0
1085,2023,6,22,22,22,63,george-russell,mercedes,mercedes,pirelli,1,54,30.980,30980.0
1085,2023,6,23,23,23,31,esteban-ocon,alpine,renault,pirelli,2,54,24.707,24707.0
1085,2023,6,24,24,24,44,lewis-hamilton,mercedes,mercedes,pirelli,2,54,26.685,26685.0
1085,2023,6,25,25,25,10,pierre-gasly,alpine,renault,pirelli,2,54,29.949,29949.0
1085,2023,6,26,26,26,11,sergio-perez,red-bull,honda-rbpt,pirelli,3,53,24.217,24217.0
1085,2023,6,27,27,27,1,max-verstappen,red-bull,honda-rbpt,pirelli,1,55,24.798,24798.0
1085,2023,6,28,28,28,81,oscar-piastri,mclaren,mercedes,pirelli,1,54,25.851,25851.0
1085,2023,6,29,29,29,4,lando-norris,mclaren,mercedes,pirelli,2,54,33.428,33428.0
1085,2023,6,30,30,30,14,fernando-alonso,aston-martin,mercedes,pirelli,2,55,25.916,25916.0
1085,2023,6,31,31,31,27,nico-hulkenberg,haas,ferrari,pirelli,2,54,34.725,34725.0
1085,2023,6,32,32,32,16,charles-leclerc,ferrari,ferrari,pirelli,2,55,25.713,25713.0
1085,2023,6,33,33,33,55,carlos-sainz-jr,ferrari,ferrari,pirelli,2,55,29.300,29300.0
1085,2023,6,34,34,34,20,kevin-magnussen,haas,ferrari,pirelli,1,56,51.052,51052.0
1085,2023,6,35,35,35,11,sergio-perez,red-bull,honda-rbpt,pirelli,4,57,29.337,29337.0
1085,2023,6,36,36,36,27,nico-hulkenberg,haas,ferrari,pirelli,3,59,25.672,25672.0
1085,2023,6,37,37,37,11,sergio-perez,red-bull,honda-rbpt,pirelli,5,70,25.466,25466.0
1086,2023,7,1,1,1,4,lando-norris,mclaren,mercedes,pirelli,1,1,37.736,37736.0
1086,2023,7,2,2,2,77,valtteri-bottas,alfa-romeo,ferrari,pirelli,1,5,23.691,23691.0
1086,2023,7,3,3,3,27,nico-hulkenberg,haas,ferrari,pirelli,1,8,22.298,22298.0
1086,2023,7,4,4,4,24,guanyu-zhou,alfa-romeo,ferrari,pirelli,1,9,23.430,23430.0
1086,2023,7,5,5,5,21,nyck-de-vries,alphatauri,honda-rbpt,pirelli,1,9,22.522,22522.0
1086,2023,7,6,6,6,22,yuki-tsunoda,alphatauri,honda-rbpt,pirelli,1,10,22.176,22176.0
1086,2023,7,7,7,7,20,kevin-magnussen,haas,ferrari,pirelli,1,10,22.124,22124.0
1086,2023,7,8,8,8,31,esteban-ocon,alpine,renault,pirelli,1,13,22.112,22112.0
1086,2023,7,9,9,9,18,lance-stroll,aston-martin,mercedes,pirelli,1,14,22.355,22355.0
1086,2023,7,10,10,10,55,carlos-sainz-jr,ferrari,ferrari,pirelli,1,15,22.321,22321.0
1086,2023,7,11,11,11,16,charles-leclerc,ferrari,ferrari,pirelli,1,16,21.778,21778.0
1086,2023,7,12,12,12,23,alexander-albon,williams,mercedes,pirelli,1,16,23.319,23319.0
1086,2023,7,13,13,13,81,oscar-piastri,mclaren,mercedes,pirelli,1,17,22.370,22370.0
1086,2023,7,14,14,14,2,logan-sargeant,williams,mercedes,pirelli,1,17,22.583,22583.0
1086,2023,7,15,15,15,14,fernando-alonso,aston-martin,mercedes,pirelli,1,19,22.558,22558.0
1086,2023,7,16,16,16,10,pierre-gasly,alpine,renault,pirelli,1,19,23.388,23388.0
1086,2023,7,17,17,17,4,lando-norris,mclaren,mercedes,pirelli,2,22,22.850,22850.0
1086,2023,7,18,18,18,44,lewis-hamilton,mercedes,mercedes,pirelli,1,24,22.575,22575.0
1086,2023,7,19,19,19,20,kevin-magnussen,haas,ferrari,pirelli,2,24,24.800,24800.0
1086,2023,7,20,20,20,63,george-russell,mercedes,mercedes,pirelli,1,25,22.275,22275.0
1086,2023,7,21,21,21,1,max-verstappen,red-bull,honda-rbpt,pirelli,1,26,22.241,22241.0
1086,2023,7,22,22,22,27,nico-hulkenberg,haas,ferrari,pirelli,2,26,23.257,23257.0
1086,2023,7,23,23,23,11,sergio-perez,red-bull,honda-rbpt,pirelli,1,27,21.775,21775.0
1086,2023,7,24,24,24,18,lance-stroll,aston-martin,mercedes,pirelli,2,34,23.371,23371.0
1086,2023,7,25,25,25,22,yuki-tsunoda,alphatauri,honda-rbpt,pirelli,2,34,22.009,22009.0
1086,2023,7,26,26,26,31,esteban-ocon,alpine,renault,pirelli,2,35,24.110,24110.0
1086,2023,7,27,27,27,24,guanyu-zhou,alfa-romeo,ferrari,pirelli,2,36,22.889,22889.0
1086,2023,7,28,28,28,2,logan-sargeant,williams,mercedes,pirelli,2,36,23.827,23827.0
1086,2023,7,29,29,29,23,alexander-albon,williams,mercedes,pirelli,2,37,23.449,23449.0
1086,2023,7,30,30,30,21,nyck-de-vries,alphatauri,honda-rbpt,pirelli,2,38,21.976,21976.0
1086,2023,7,31,31,31,81,oscar-piastri,mclaren,mercedes,pirelli,2,39,22.862,22862.0
1086,2023,7,32,32,32,10,pierre-gasly,alpine,renault,pirelli,2,39,23.610,23610.0
1086,2023,7,33,33,33,77,valtteri-bottas,alfa-romeo,ferrari,pirelli,2,39,24.097,24097.0
1086,2023,7,34,34,34,55,carlos-sainz-jr,ferrari,ferrari,pirelli,2,41,22.375,22375.0
1086,2023,7,35,35,35,16,charles-leclerc,ferrari,ferrari,pirelli,2,41,23.003,23003.0
1086,2023,7,36,36,36,20,kevin-magnussen,haas,ferrari,pirelli,3,42,22.291,22291.0
1086,2023,7,37,37,37,27,nico-hulkenberg,haas,ferrari,pirelli,3,43,24.484,24484.0
1086,2023,7,38,38,38,14,fernando-alonso,aston-martin,mercedes,pirelli,2,44,22.896,22896.0
1086,2023,7,39,39,39,63,george-russell,mercedes,mercedes,pirelli,2,45,22.054,22054.0
1086,2023,7,40,40,40,44,lewis-hamilton,mercedes,mercedes,pirelli,2,50,22.731,22731.0
1086,2023,7,41,41,41,11,sergio-perez,red-bull,honda-rbpt,pirelli,2,50,21.537,21537.0
1086,2023,7,42,42,42,4,lando-norris,mclaren,mercedes,pirelli,3,50,22.062,22062.0
1086,2023,7,43,43,43,1,max-verstappen,red-bull,honda-rbpt,pirelli,2,52,22.357,22357.0
1087,2023,8,1,1,1,22,yuki-tsunoda,alphatauri,honda-rbpt,pirelli,1,1,23.646,23646.0
1087,2023,8,2,2,2,10,pierre-gasly,alpine,renault,pirelli,1,10,27.515,27515.0
1087,2023,8,3,3,3,27,nico-hulkenberg,haas,ferrari,pirelli,1,11,24.880,24880.0
1087,2023,8,4,4,4,18,lance-stroll,aston-martin,mercedes,pirelli,1,11,23.711,23711.0
1087,2023,8,5,5,5,21,nyck-de-vries,alphatauri,honda-rbpt,pirelli,1,11,24.960,24960.0
1087,2023,8,6,6,6,1,max-verstappen,red-bull,honda-rbpt,pirelli,1,12,23.644,23644.0
1087,2023,8,7,7,7,44,lewis-hamilton,mercedes,mercedes,pirelli,1,12,24.339,24339.0
1087,2023,8,8,8,8,14,fernando-alonso,aston-martin,mercedes,pirelli,1,12,24.031,24031.0
1087,2023,8,9,9,9,31,esteban-ocon,alpine,renault,pirelli,1,12,24.402,24402.0
1087,2023,8,10,10,10,81,oscar-piastri,mclaren,mercedes,pirelli,1,12,24.828,24828.0
1087,2023,8,11,11,11,4,lando-norris,mclaren,mercedes,pirelli,1,12,25.862,25862.0
1087,2023,8,12,12,12,23,alexander-albon,williams,mercedes,pirelli,1,12,25.064,25064.0
1087,2023,8,13,13,13,24,guanyu-zhou,alfa-romeo,ferrari,pirelli,1,12,24.161,24161.0
1087,2023,8,14,14,14,63,george-russell,mercedes,mercedes,pirelli,1,12,1:28.943,88943.0
1087,2023,8,15,15,15,18,lance-stroll,aston-martin,mercedes,pirelli,2,27,23.839,23839.0
1087,2023,8,16,16,16,27,nico-hulkenberg,haas,ferrari,pirelli,2,31,24.200,24200.0
1087,2023,8,17,17,17,24,guanyu-zhou,alfa-romeo,ferrari,pirelli,2,32,27.509,27509.0
1087,2023,8,18,18,18,10,pierre-gasly,alpine,renault,pirelli,2,33,24.117,24117.0
1087,2023,8,19,19,19,22,yuki-tsunoda,alphatauri,honda-rbpt,pirelli,2,34,27.523,27523.0
1087,2023,8,20,20,20,4,lando-norris,mclaren,mercedes,pirelli,2,35,23.570,23570.0
1087,2023,8,21,21,21,20,kevin-magnussen,haas,ferrari,pirelli,1,35,24.909,24909.0
1087,2023,8,22,22,22,31,esteban-ocon,alpine,renault,pirelli,2,36,23.698,23698.0
1087,2023,8,23,23,23,77,valtteri-bottas,alfa-romeo,ferrari,pirelli,1,36,24.038,24038.0
1087,2023,8,24,24,24,11,sergio-perez,red-bull,honda-rbpt,pirelli,1,37,23.281,23281.0
1087,2023,8,25,25,25,81,oscar-piastri,mclaren,mercedes,pirelli,2,37,23.436,23436.0
1087,2023,8,26,26,26,55,carlos-sainz-jr,ferrari,ferrari,pirelli,1,38,24.133,24133.0
1087,2023,8,27,27,27,16,charles-leclerc,ferrari,ferrari,pirelli,1,39,24.343,24343.0
1087,2023,8,28,28,28,44,lewis-hamilton,mercedes,mercedes,pirelli,2,40,23.749,23749.0
1087,2023,8,29,29,29,14,fernando-alonso,aston-martin,mercedes,pirelli,2,41,23.928,23928.0
1087,2023,8,30,30,30,1,max-verstappen,red-bull,honda-rbpt,pirelli,2,42,23.910,23910.0
1087,2023,8,31,31,31,21,nyck-de-vries,alphatauri,honda-rbpt,pirelli,2,50,23.786,23786.0
1087,2023,8,32,32,32,20,kevin-magnussen,haas,ferrari,pirelli,2,53,24.515,24515.0
1087,2023,8,33,33,33,11,sergio-perez,red-bull,honda-rbpt,pirelli,2,68,23.218,23218.0
1088,2023,9,1,1,1,20,kevin-magnussen,haas,ferrari,pirelli,1,1,26.587,26587.0
1088,2023,9,2,2,2,22,yuki-tsunoda,alphatauri,honda-rbpt,pirelli,1,1,29.691,29691.0
1088,2023,9,3,3,3,1,max-verstappen,red-bull,honda-rbpt,pirelli,1,2,16.369,16369.0
1088,2023,9,4,4,4,16,charles-leclerc,ferrari,ferrari,pirelli,1,2,16.393,16393.0
1088,2023,9,5,5,5,55,carlos-sainz-jr,ferrari,ferrari,pirelli,1,2,16.380,16380.0
1088,2023,9,6,6,6,44,lewis-hamilton,mercedes,mercedes,pirelli,1,2,16.415,16415.0
1088,2023,9,7,7,7,4,lando-norris,mclaren,mercedes,pirelli,1,2,18.076,18076.0
1088,2023,9,8,8,8,14,fernando-alonso,aston-martin,mercedes,pirelli,1,2,16.600,16600.0
1088,2023,9,9,9,9,27,nico-hulkenberg,haas,ferrari,pirelli,1,2,16.778,16778.0
1088,2023,9,10,10,10,18,lance-stroll,aston-martin,mercedes,pirelli,1,2,16.646,16646.0
1088,2023,9,11,11,11,10,pierre-gasly,alpine,renault,pirelli,1,2,16.380,16380.0
1088,2023,9,12,12,12,23,alexander-albon,williams,mercedes,pirelli,1,2,16.737,16737.0
1088,2023,9,13,13,13,63,george-russell,mercedes,mercedes,pirelli,1,2,17.946,17946.0
1088,2023,9,14,14,14,31,esteban-ocon,alpine,renault,pirelli,1,2,18.143,18143.0
1088,2023,9,15,15,15,11,sergio-perez,red-bull,honda-rbpt,pirelli,1,2,17.428,17428.0
1088,2023,9,16,16,16,24,guanyu-zhou,alfa-romeo,ferrari,pirelli,1,2,17.467,17467.0
1088,2023,9,17,17,17,81,oscar-piastri,mclaren,mercedes,pirelli,1,2,17.324,17324.0
1088,2023,9,18,18,18,2,logan-sargeant,williams,mercedes,pirelli,1,2,17.337,17337.0
1088,2023,9,19,19,19,77,valtteri-bottas,alfa-romeo,ferrari,pirelli,1,2,17.130,17130.0
1088,2023,9,20,20,20,21,nyck-de-vries,alphatauri,honda-rbpt,pirelli,1,2,17.033,17033.0
1088,2023,9,21,21,21,20,kevin-magnussen,haas,ferrari,pirelli,2,2,25.654,25654.0
1088,2023,9,22,22,22,22,yuki-tsunoda,alphatauri,honda-rbpt,pirelli,2,2,16.246,16246.0
1088,2023,9,23,23,23,24,guanyu-zhou,alfa-romeo,ferrari,pirelli,2,8,24.374,24374.0
1088,2023,9,24,24,24,27,nico-hulkenberg,haas,ferrari,pirelli,2,11,21.891,21891.0
1088,2023,9,25,25,25,21,nyck-de-vries,alphatauri,honda-rbpt,pirelli,2,12,21.333,21333.0
1088,2023,9,26,26,26,44,lewis-hamilton,mercedes,mercedes,pirelli,2,14,21.993,21993.0
1088,2023,9,27,27,27,4,lando-norris,mclaren,mercedes,pirelli,2,14,21.290,21290.0
1088,2023,9,28,28,28,10,pierre-gasly,alpine,renault,pirelli,2,14,21.814,21814.0
1088,2023,9,29,29,29,23,alexander-albon,williams,mercedes,pirelli,2,14,21.562,21562.0
1088,2023,9,30,30,30,63,george-russell,mercedes,mercedes,pirelli,2,14,22.262,22262.0
1088,2023,9,31,31,31,31,esteban-ocon,alpine,renault,pirelli,2,14,22.028,22028.0
1088,2023,9,32,32,32,81,oscar-piastri,mclaren,mercedes,pirelli,2,14,22.467,22467.0
1088,2023,9,33,33,33,2,logan-sargeant,williams,mercedes,pirelli,2,14,23.194,23194.0
1088,2023,9,34,34,34,16,charles-leclerc,ferrari,ferrari,pirelli,2,15,23.425,23425.0
1088,2023,9,35,35,35,55,carlos-sainz-jr,ferrari,ferrari,pirelli,2,15,26.283,26283.0
1088,2023,9,36,36,36,14,fernando-alonso,aston-martin,mercedes,pirelli,2,15,22.371,22371.0
1088,2023,9,37,37,37,18,lance-stroll,aston-martin,mercedes,pirelli,2,15,24.332,24332.0
1088,2023,9,38,38,38,77,valtteri-bottas,alfa-romeo,ferrari,pirelli,2,21,31.785,31785.0
1088,2023,9,39,39,39,81,oscar-piastri,mclaren,mercedes,pirelli,3,22,29.912,29912.0
1088,2023,9,40,40,40,22,yuki-tsunoda,alphatauri,honda-rbpt,pirelli,3,23,27.286,27286.0
1088,2023,9,41,41,41,1,max-verstappen,red-bull,honda-rbpt,pirelli,2,24,21.365,21365.0
1088,2023,9,42,42,42,11,sergio-perez,red-bull,honda-rbpt,pirelli,2,25,21.655,21655.0
1088,2023,9,43,43,43,20,kevin-magnussen,haas,ferrari,pirelli,3,34,22.250,22250.0
1088,2023,9,44,44,44,18,lance-stroll,aston-martin,mercedes,pirelli,3,36,22.050,22050.0
1088,2023,9,45,45,45,21,nyck-de-vries,alphatauri,honda-rbpt,pirelli,3,37,21.074,21074.0
1088,2023,9,46,46,46,24,guanyu-zhou,alfa-romeo,ferrari,pirelli,3,38,21.910,21910.0
1088,2023,9,47,47,47,31,esteban-ocon,alpine,renault,pirelli,3,40,30.427,30427.0
1088,2023,9,48,48,48,77,valtteri-bottas,alfa-romeo,ferrari,pirelli,3,40,21.975,21975.0
1088,2023,9,49,49,49,4,lando-norris,mclaren,mercedes,pirelli,3,41,22.088,22088.0
1088,2023,9,50,50,50,63,george-russell,mercedes,mercedes,pirelli,3,41,21.702,21702.0
1088,2023,9,51,51,51,23,alexander-albon,williams,mercedes,pirelli,3,41,27.683,27683.0
1088,2023,9,52,52,52,81,oscar-piastri,mclaren,mercedes,pirelli,4,41,22.313,22313.0
1088,2023,9,53,53,53,44,lewis-hamilton,mercedes,mercedes,pirelli,3,42,27.724,27724.0
1088,2023,9,54,54,54,2,logan-sargeant,williams,mercedes,pirelli,3,43,21.543,21543.0
1088,2023,9,55,55,55,22,yuki-tsunoda,alphatauri,honda-rbpt,pirelli,4,43,21.392,21392.0
1088,2023,9,56,56,56,14,fernando-alonso,aston-martin,mercedes,pirelli,3,44,21.993,21993.0
1088,2023,9,57,57,57,10,pierre-gasly,alpine,renault,pirelli,3,44,27.804,27804.0
1088,2023,9,58,58,58,55,carlos-sainz-jr,ferrari,ferrari,pirelli,3,45,28.583,28583.0
1088,2023,9,59,59,59,16,charles-leclerc,ferrari,ferrari,pirelli,3,47,21.470,21470.0
1088,2023,9,60,60,60,1,max-verstappen,red-bull,honda-rbpt,pirelli,3,49,21.641,21641.0
1088,2023,9,61,61,61,11,sergio-perez,red-bull,honda-rbpt,pirelli,3,50,21.267,21267.0
1088,2023,9,62,62,62,18,lance-stroll,aston-martin,mercedes,pirelli,4,54,21.837,21837.0
1088,2023,9,63,63,63,1,max-verstappen,red-bull,honda-rbpt,pirelli,4,69,21.328,21328.0
1089,2023,10,1,1,1,27,nico-hulkenberg,haas,ferrari,pirelli,1,7,41.972,41972.0
1089,2023,10,2,2,2,22,yuki-tsunoda,alphatauri,honda-rbpt,pirelli,1,14,28.353,28353.0
1089,2023,10,3,3,3,16,charles-leclerc,ferrari,ferrari,pirelli,1,18,28.244,28244.0
1089,2023,10,4,4,4,24,guanyu-zhou,alfa-romeo,ferrari,pirelli,1,24,29.177,29177.0
1089,2023,10,5,5,5,55,carlos-sainz-jr,ferrari,ferrari,pirelli,1,26,28.869,28869.0
1089,2023,10,6,6,6,21,nyck-de-vries,alphatauri,honda-rbpt,pirelli,1,27,28.242,28242.0
1089,2023,10,7,7,7,63,george-russell,mercedes,mercedes,pirelli,1,28,29.455,29455.0
1089,2023,10,8,8,8,11,sergio-perez,red-bull,honda-rbpt,pirelli,1,28,28.060,28060.0
1089,2023,10,9,9,9,81,oscar-piastri,mclaren,mercedes,pirelli,1,29,28.655,28655.0
1089,2023,10,10,10,10,2,logan-sargeant,williams,mercedes,pirelli,1,29,28.847,28847.0
1089,2023,10,11,11,11,10,pierre-gasly,alpine,renault,pirelli,1,31,28.458,28458.0
1089,2023,10,12,12,12,18,lance-stroll,aston-martin,mercedes,pirelli,1,31,28.561,28561.0
1089,2023,10,13,13,13,23,alexander-albon,williams,mercedes,pirelli,1,32,29.634,29634.0
1089,2023,10,14,14,14,16,charles-leclerc,ferrari,ferrari,pirelli,2,32,28.805,28805.0
1089,2023,10,15,15,15,77,valtteri-bottas,alfa-romeo,ferrari,pirelli,1,32,29.662,29662.0
1089,2023,10,16,16,16,22,yuki-tsunoda,alphatauri,honda-rbpt,pirelli,2,32,28.603,28603.0
1089,2023,10,17,17,17,21,nyck-de-vries,alphatauri,honda-rbpt,pirelli,2,32,28.413,28413.0
1089,2023,10,18,18,18,27,nico-hulkenberg,haas,ferrari,pirelli,2,32,30.003,30003.0
1089,2023,10,19,19,19,1,max-verstappen,red-bull,honda-rbpt,pirelli,1,33,29.056,29056.0
1089,2023,10,20,20,20,4,lando-norris,mclaren,mercedes,pirelli,1,33,28.438,28438.0
1089,2023,10,21,21,21,44,lewis-hamilton,mercedes,mercedes,pirelli,1,33,29.169,29169.0
1089,2023,10,22,22,22,14,fernando-alonso,aston-martin,mercedes,pirelli,1,33,28.679,28679.0
1089,2023,10,23,23,23,24,guanyu-zhou,alfa-romeo,ferrari,pirelli,2,33,28.709,28709.0
1089,2023,10,24,24,24,24,guanyu-zhou,alfa-romeo,ferrari,pirelli,3,36,34.374,34374.0
1090,2023,11,1,1,1,23,alexander-albon,williams,mercedes,pirelli,1,8,22.076,22076.0
1090,2023,11,2,2,2,22,yuki-tsunoda,alphatauri,honda-rbpt,pirelli,1,9,26.170,26170.0
1090,2023,11,3,3,3,18,lance-stroll,aston-martin,mercedes,pirelli,1,9,21.910,21910.0
1090,2023,11,4,4,4,77,valtteri-bottas,alfa-romeo,ferrari,pirelli,1,9,22.114,22114.0
1090,2023,11,5,5,5,24,guanyu-zhou,alfa-romeo,ferrari,pirelli,1,10,29.211,29211.0
1090,2023,11,6,6,6,2,logan-sargeant,williams,mercedes,pirelli,1,13,24.001,24001.0
1090,2023,11,7,7,7,20,kevin-magnussen,haas,ferrari,pirelli,1,14,22.753,22753.0
1090,2023,11,8,8,8,55,carlos-sainz-jr,ferrari,ferrari,pirelli,1,15,21.402,21402.0
1090,2023,11,9,9,9,44,lewis-hamilton,mercedes,mercedes,pirelli,1,16,21.974,21974.0
1090,2023,11,10,10,10,27,nico-hulkenberg,haas,ferrari,pirelli,1,16,22.922,22922.0
1090,2023,11,11,11,11,4,lando-norris,mclaren,mercedes,pirelli,1,17,21.541,21541.0
1090,2023,11,12,12,12,16,charles-leclerc,ferrari,ferrari,pirelli,1,17,28.404,28404.0
1090,2023,11,13,13,13,81,oscar-piastri,mclaren,mercedes,pirelli,1,18,21.171,21171.0
1090,2023,11,14,14,14,3,daniel-ricciardo,alphatauri,honda-rbpt,pirelli,1,18,21.958,21958.0
1090,2023,11,15,15,15,14,fernando-alonso,aston-martin,mercedes,pirelli,1,20,22.916,22916.0
1090,2023,11,16,16,16,1,max-verstappen,red-bull,honda-rbpt,pirelli,1,23,21.407,21407.0
1090,2023,11,17,17,17,11,sergio-perez,red-bull,honda-rbpt,pirelli,1,24,21.862,21862.0
1090,2023,11,18,18,18,63,george-russell,mercedes,mercedes,pirelli,1,28,21.886,21886.0
1090,2023,11,19,19,19,3,daniel-ricciardo,alphatauri,honda-rbpt,pirelli,2,29,22.203,22203.0
1090,2023,11,20,20,20,23,alexander-albon,williams,mercedes,pirelli,2,31,21.762,21762.0
1090,2023,11,21,21,21,18,lance-stroll,aston-martin,mercedes,pirelli,2,34,22.403,22403.0
1090,2023,11,22,22,22,2,logan-sargeant,williams,mercedes,pirelli,2,34,22.197,22197.0
1090,2023,11,23,23,23,27,nico-hulkenberg,haas,ferrari,pirelli,2,38,21.955,21955.0
1090,2023,11,24,24,24,24,guanyu-zhou,alfa-romeo,ferrari,pirelli,2,38,22.853,22853.0
1090,2023,11,25,25,25,77,valtteri-bottas,alfa-romeo,ferrari,pirelli,2,40,23.242,23242.0
1090,2023,11,26,26,26,20,kevin-magnussen,haas,ferrari,pirelli,2,41,22.152,22152.0
1090,2023,11,27,27,27,81,oscar-piastri,mclaren,mercedes,pirelli,2,42,22.030,22030.0
1090,2023,11,28,28,28,11,sergio-perez,red-bull,honda-rbpt,pirelli,2,42,20.880,20880.0
1090,2023,11,29,29,29,16,charles-leclerc,ferrari,ferrari,pirelli,2,43,21.452,21452.0
1090,2023,11,30,30,30,14,fernando-alonso,aston-martin,mercedes,pirelli,2,43,24.152,24152.0
1090,2023,11,31,31,31,4,lando-norris,mclaren,mercedes,pirelli,2,44,21.430,21430.0
1090,2023,11,32,32,32,55,carlos-sainz-jr,ferrari,ferrari,pirelli,2,44,22.051,22051.0
1090,2023,11,33,33,33,22,yuki-tsunoda,alphatauri,honda-rbpt,pirelli,2,44,21.181,21181.0
1090,2023,11,34,34,34,63,george-russell,mercedes,mercedes,pirelli,2,46,21.675,21675.0
1090,2023,11,35,35,35,44,lewis-hamilton,mercedes,mercedes,pirelli,2,49,21.728,21728.0
1090,2023,11,36,36,36,1,max-verstappen,red-bull,honda-rbpt,pirelli,2,51,21.680,21680.0
1091,2023,12,1,1,1,4,lando-norris,mclaren,mercedes,pirelli,1,5,25.012,25012.0
1091,2023,12,2,2,2,20,kevin-magnussen,haas,ferrari,pirelli,1,5,23.638,23638.0
1091,2023,12,3,3,3,3,daniel-ricciardo,alphatauri,honda-rbpt,pirelli,1,5,22.843,22843.0
1091,2023,12,4,4,4,31,esteban-ocon,alpine,renault,pirelli,1,6,23.085,23085.0
1091,2023,12,5,5,5,77,valtteri-bottas,alfa-romeo,ferrari,pirelli,1,6,23.362,23362.0
1091,2023,12,6,6,6,23,alexander-albon,williams,mercedes,pirelli,1,7,25.015,25015.0
1091,2023,12,7,7,7,55,carlos-sainz-jr,ferrari,ferrari,pirelli,1,7,23.303,23303.0
1091,2023,12,8,8,8,24,guanyu-zhou,alfa-romeo,ferrari,pirelli,1,7,24.449,24449.0
1091,2023,12,9,9,9,2,logan-sargeant,williams,mercedes,pirelli,1,8,23.570,23570.0
1091,2023,12,10,10,10,22,yuki-tsunoda,alphatauri,honda-rbpt,pirelli,1,9,22.610,22610.0
1091,2023,12,11,11,11,14,fernando-alonso,aston-martin,mercedes,pirelli,1,10,23.085,23085.0
1091,2023,12,12,12,12,44,lewis-hamilton,mercedes,mercedes,pirelli,1,12,23.090,23090.0
1091,2023,12,13,13,13,27,nico-hulkenberg,haas,ferrari,pirelli,1,12,24.571,24571.0
1091,2023,12,14,14,14,11,sergio-perez,red-bull,honda-rbpt,pirelli,1,13,23.684,23684.0
1091,2023,12,15,15,15,16,charles-leclerc,ferrari,ferrari,pirelli,1,13,23.224,23224.0
1091,2023,12,16,16,16,1,max-verstappen,red-bull,honda-rbpt,pirelli,1,14,22.887,22887.0
1091,2023,12,17,17,17,4,lando-norris,mclaren,mercedes,pirelli,2,17,23.744,23744.0
1091,2023,12,18,18,18,18,lance-stroll,aston-martin,mercedes,pirelli,1,20,25.397,25397.0
1091,2023,12,19,19,19,63,george-russell,mercedes,mercedes,pirelli,1,22,23.837,23837.0
1091,2023,12,20,20,20,3,daniel-ricciardo,alphatauri,honda-rbpt,pirelli,2,22,23.290,23290.0
1091,2023,12,21,21,21,10,pierre-gasly,alpine,renault,pirelli,1,23,25.664,25664.0
1091,2023,12,22,22,22,23,alexander-albon,williams,mercedes,pirelli,2,23,23.596,23596.0
1091,2023,12,23,23,23,22,yuki-tsunoda,alphatauri,honda-rbpt,pirelli,2,24,22.737,22737.0
1091,2023,12,24,24,24,77,valtteri-bottas,alfa-romeo,ferrari,pirelli,2,24,23.786,23786.0
1091,2023,12,25,25,25,27,nico-hulkenberg,haas,ferrari,pirelli,2,24,25.238,25238.0
1091,2023,12,26,26,26,2,logan-sargeant,williams,mercedes,pirelli,2,24,23.938,23938.0
1091,2023,12,27,27,27,31,esteban-ocon,alpine,renault,pirelli,2,25,23.339,23339.0
1091,2023,12,28,28,28,20,kevin-magnussen,haas,ferrari,pirelli,2,25,23.572,23572.0
1091,2023,12,29,29,29,24,guanyu-zhou,alfa-romeo,ferrari,pirelli,2,25,24.045,24045.0
1091,2023,12,30,30,30,44,lewis-hamilton,mercedes,mercedes,pirelli,2,27,23.023,23023.0
1091,2023,12,31,31,31,16,charles-leclerc,ferrari,ferrari,pirelli,2,28,23.148,23148.0
1091,2023,12,32,32,32,11,sergio-perez,red-bull,honda-rbpt,pirelli,2,29,22.710,22710.0
1091,2023,12,33,33,33,14,fernando-alonso,aston-martin,mercedes,pirelli,2,29,23.798,23798.0
1091,2023,12,34,34,34,1,max-verstappen,red-bull,honda-rbpt,pirelli,2,30,23.012,23012.0
1091,2023,12,35,35,35,23,alexander-albon,williams,mercedes,pirelli,3,33,23.529,23529.0
1091,2023,12,36,36,36,2,logan-sargeant,williams,mercedes,pirelli,3,34,23.109,23109.0
1091,2023,12,37,37,37,44,lewis-hamilton,mercedes,mercedes,pirelli,3,42,23.156,23156.0
1092,2023,13,1,1,1,11,sergio-perez,red-bull,honda-rbpt,pirelli,1,1,22.666,22666.0
1092,2023,13,2,2,2,16,charles-leclerc,ferrari,ferrari,pirelli,1,1,32.686,32686.0
1092,2023,13,3,3,3,10,pierre-gasly,alpine,renault,pirelli,1,1,28.469,28469.0
1092,2023,13,4,4,4,24,guanyu-zhou,alfa-romeo,ferrari,pirelli,1,1,23.088,23088.0
1092,2023,13,5,5,5,22,yuki-tsunoda,alphatauri,honda-rbpt,pirelli,1,1,32.321,32321.0
1092,2023,13,6,6,6,40,liam-lawson,alphatauri,honda-rbpt,pirelli,1,1,42.641,42641.0
1092,2023,13,7,7,7,20,kevin-magnussen,haas,ferrari,pirelli,1,1,31.341,31341.0
1092,2023,13,8,8,8,1,max-verstappen,red-bull,honda-rbpt,pirelli,1,2,20.379,20379.0
1092,2023,13,9,9,9,14,fernando-alonso,aston-martin,mercedes,pirelli,1,2,20.647,20647.0
1092,2023,13,10,10,10,55,carlos-sainz-jr,ferrari,ferrari,pirelli,1,2,20.973,20973.0
1092,2023,13,11,11,11,31,esteban-ocon,alpine,renault,pirelli,1,2,22.534,22534.0
1092,2023,13,12,12,12,4,lando-norris,mclaren,mercedes,pirelli,1,3,20.170,20170.0
1092,2023,13,13,13,13,44,lewis-hamilton,mercedes,mercedes,pirelli,1,3,20.266,20266.0
1092,2023,13,14,14,14,63,george-russell,mercedes,mercedes,pirelli,1,4,21.201,21201.0
1092,2023,13,15,15,15,18,lance-stroll,aston-martin,mercedes,pirelli,1,4,20.036,20036.0
1092,2023,13,16,16,16,20,kevin-magnussen,haas,ferrari,pirelli,2,9,20.137,20137.0
1092,2023,13,17,17,17,44,lewis-hamilton,mercedes,mercedes,pirelli,2,9,19.970,19970.0
1092,2023,13,18,18,18,18,lance-stroll,aston-martin,mercedes,pirelli,2,9,20.208,20208.0
1092,2023,13,19,19,19,24,guanyu-zhou,alfa-romeo,ferrari,pirelli,2,10,20.231,20231.0
1092,2023,13,20,20,20,14,fernando-alonso,aston-martin,mercedes,pirelli,2,10,20.109,20109.0
1092,2023,13,21,21,21,55,carlos-sainz-jr,ferrari,ferrari,pirelli,2,10,19.511,19511.0
1092,2023,13,22,22,22,22,yuki-tsunoda,alphatauri,honda-rbpt,pirelli,2,10,18.904,18904.0
1092,2023,13,23,23,23,31,esteban-ocon,alpine,renault,pirelli,2,10,19.795,19795.0
1092,2023,13,24,24,24,4,lando-norris,mclaren,mercedes,pirelli,2,10,20.395,20395.0
1092,2023,13,25,25,25,40,liam-lawson,alphatauri,honda-rbpt,pirelli,2,10,30.836,30836.0
1092,2023,13,26,26,26,63,george-russell,mercedes,mercedes,pirelli,2,10,20.148,20148.0
1092,2023,13,27,27,27,1,max-verstappen,red-bull,honda-rbpt,pirelli,2,11,19.289,19289.0
1092,2023,13,28,28,28,10,pierre-gasly,alpine,renault,pirelli,2,11,19.518,19518.0
1092,2023,13,29,29,29,16,charles-leclerc,ferrari,ferrari,pirelli,2,11,27.202,27202.0
1092,2023,13,30,30,30,11,sergio-perez,red-bull,honda-rbpt,pirelli,2,12,19.460,19460.0
1092,2023,13,31,31,31,81,oscar-piastri,mclaren,mercedes,pirelli,1,15,18.979,18979.0
1092,2023,13,32,32,32,77,valtteri-bottas,alfa-romeo,ferrari,pirelli,1,16,20.187,20187.0
1092,2023,13,33,33,33,27,nico-hulkenberg,haas,ferrari,pirelli,1,16,20.438,20438.0
1092,2023,13,34,34,34,63,george-russell,mercedes,mercedes,pirelli,3,16,19.607,19607.0
1092,2023,13,35,35,35,18,lance-stroll,aston-martin,mercedes,pirelli,3,16,19.653,19653.0
1092,2023,13,36,36,36,40,liam-lawson,alphatauri,honda-rbpt,pirelli,3,17,19.600,19600.0
1092,2023,13,37,37,37,18,lance-stroll,aston-martin,mercedes,pirelli,4,34,19.923,19923.0
1092,2023,13,38,38,38,20,kevin-magnussen,haas,ferrari,pirelli,3,35,20.510,20510.0
1092,2023,13,39,39,39,24,guanyu-zhou,alfa-romeo,ferrari,pirelli,3,37,20.469,20469.0
1092,2023,13,40,40,40,55,carlos-sainz-jr,ferrari,ferrari,pirelli,3,41,19.398,19398.0
1092,2023,13,41,41,41,4,lando-norris,mclaren,mercedes,pirelli,3,42,18.878,18878.0
1092,2023,13,42,42,42,31,esteban-ocon,alpine,renault,pirelli,3,43,19.024,19024.0
1092,2023,13,43,43,43,23,alexander-albon,williams,mercedes,pirelli,1,44,19.667,19667.0
1092,2023,13,44,44,44,11,sergio-perez,red-bull,honda-rbpt,pirelli,3,45,18.789,18789.0
1092,2023,13,45,45,45,44,lewis-hamilton,mercedes,mercedes,pirelli,3,45,19.327,19327.0
1092,2023,13,46,46,46,10,pierre-gasly,alpine,renault,pirelli,3,46,25.404,25404.0
1092,2023,13,47,47,47,81,oscar-piastri,mclaren,mercedes,pirelli,2,46,19.120,19120.0
1092,2023,13,48,48,48,40,liam-lawson,alphatauri,honda-rbpt,pirelli,4,46,19.192,19192.0
1092,2023,13,49,49,49,77,valtteri-bottas,alfa-romeo,ferrari,pirelli,2,47,20.213,20213.0
1092,2023,13,50,50,50,14,fernando-alonso,aston-martin,mercedes,pirelli,3,48,25.147,25147.0
1092,2023,13,51,51,51,27,nico-hulkenberg,haas,ferrari,pirelli,2,48,19.713,19713.0
1092,2023,13,52,52,52,1,max-verstappen,red-bull,honda-rbpt,pirelli,3,49,18.706,18706.0
1092,2023,13,53,53,53,77,valtteri-bottas,alfa-romeo,ferrari,pirelli,3,59,19.735,19735.0
1092,2023,13,54,54,54,40,liam-lawson,alphatauri,honda-rbpt,pirelli,5,59,19.307,19307.0
1092,2023,13,55,55,55,11,sergio-perez,red-bull,honda-rbpt,pirelli,4,60,27.596,27596.0
1092,2023,13,56,56,56,10,pierre-gasly,alpine,renault,pirelli,4,60,20.417,20417.0
1092,2023,13,57,57,57,55,carlos-sainz-jr,ferrari,ferrari,pirelli,4,60,19.838,19838.0
1092,2023,13,58,58,58,44,lewis-hamilton,mercedes,mercedes,pirelli,4,60,20.779,20779.0
1092,2023,13,59,59,59,63,george-russell,mercedes,mercedes,pirelli,4,60,24.019,24019.0
1092,2023,13,60,60,60,4,lando-norris,mclaren,mercedes,pirelli,4,60,19.871,19871.0
1092,2023,13,61,61,61,81,oscar-piastri,mclaren,mercedes,pirelli,3,60,22.376,22376.0
1092,2023,13,62,62,62,22,yuki-tsunoda,alphatauri,honda-rbpt,pirelli,3,60,20.602,20602.0
1092,2023,13,63,63,63,24,guanyu-zhou,alfa-romeo,ferrari,pirelli,4,60,21.439,21439.0
1092,2023,13,64,64,64,27,nico-hulkenberg,haas,ferrari,pirelli,3,60,23.582,23582.0
1092,2023,13,65,65,65,18,lance-stroll,aston-martin,mercedes,pirelli,5,60,21.532,21532.0
1092,2023,13,66,66,66,20,kevin-magnussen,haas,ferrari,pirelli,4,60,23.584,23584.0
1092,2023,13,67,67,67,1,max-verstappen,red-bull,honda-rbpt,pirelli,4,61,19.429,19429.0
1092,2023,13,68,68,68,14,fernando-alonso,aston-martin,mercedes,pirelli,4,61,20.655,20655.0
1092,2023,13,69,69,69,23,alexander-albon,williams,mercedes,pirelli,2,61,21.300,21300.0
1092,2023,13,70,70,70,31,esteban-ocon,alpine,renault,pirelli,4,61,22.096,22096.0
1092,2023,13,71,71,71,1,max-verstappen,red-bull,honda-rbpt,pirelli,5,63,20.402,20402.0
1092,2023,13,72,72,72,11,sergio-perez,red-bull,honda-rbpt,pirelli,5,63,41:01.612,2461612.0
1092,2023,13,73,73,73,4,lando-norris,mclaren,mercedes,pirelli,5,63,40:43.212,2443212.0
1092,2023,13,74,74,74,63,george-russell,mercedes,mercedes,pirelli,5,63,40:46.251,2446251.0
1092,2023,13,75,75,75,23,alexander-albon,williams,mercedes,pirelli,3,63,40:43.475,2443475.0
1092,2023,13,76,76,76,81,oscar-piastri,mclaren,mercedes,pirelli,4,63,40:34.653,2434653.0
1092,2023,13,77,77,77,31,esteban-ocon,alpine,renault,pirelli,5,63,40:32.201,2432201.0
1092,2023,13,78,78,78,22,yuki-tsunoda,alphatauri,honda-rbpt,pirelli,4,63,40:14.895,2414895.0
1092,2023,13,79,79,79,18,lance-stroll,aston-martin,mercedes,pirelli,6,63,40:10.734,2410734.0
1092,2023,13,80,80,80,27,nico-hulkenberg,haas,ferrari,pirelli,4,63,40:10.704,2410704.0
1092,2023,13,81,81,81,77,valtteri-bottas,alfa-romeo,ferrari,pirelli,4,63,40:05.113,2405113.0
1092,2023,13,82,82,82,40,liam-lawson,alphatauri,honda-rbpt,pirelli,6,63,39:56.340,2396340.0
1092,2023,13,83,83,83,20,kevin-magnussen,haas,ferrari,pirelli,5,63,39:54.733,2394733.0
1092,2023,13,84,84,84,1,max-verstappen,red-bull,honda-rbpt,pirelli,6,64,41:23.382,2483382.0
1092,2023,13,85,85,85,14,fernando-alonso,aston-martin,mercedes,pirelli,5,64,40:55.302,2455302.0
1092,2023,13,86,86,86,10,pierre-gasly,alpine,renault,pirelli,5,64,40:43.169,2443169.0
1092,2023,13,87,87,87,55,carlos-sainz-jr,ferrari,ferrari,pirelli,5,64,40:43.147,2443147.0
1092,2023,13,88,88,88,44,lewis-hamilton,mercedes,mercedes,pirelli,5,64,40:31.108,2431108.0
1092,2023,13,89,89,89,11,sergio-perez,red-bull,honda-rbpt,pirelli,6,64,35.592,35592.0
1092,2023,13,90,90,90,4,lando-norris,mclaren,mercedes,pirelli,6,64,44.272,44272.0
1092,2023,13,91,91,91,63,george-russell,mercedes,mercedes,pirelli,6,64,39.845,39845.0
1092,2023,13,92,92,92,23,alexander-albon,williams,mercedes,pirelli,4,64,39.234,39234.0
1092,2023,13,93,93,93,81,oscar-piastri,mclaren,mercedes,pirelli,5,64,38.453,38453.0
1092,2023,13,94,94,94,31,esteban-ocon,alpine,renault,pirelli,6,64,37.037,37037.0
1092,2023,13,95,95,95,22,yuki-tsunoda,alphatauri,honda-rbpt,pirelli,5,64,34.901,34901.0
1092,2023,13,96,96,96,18,lance-stroll,aston-martin,mercedes,pirelli,7,64,33.553,33553.0
1092,2023,13,97,97,97,27,nico-hulkenberg,haas,ferrari,pirelli,5,64,32.884,32884.0
1092,2023,13,98,98,98,77,valtteri-bottas,alfa-romeo,ferrari,pirelli,5,64,32.518,32518.0
1092,2023,13,99,99,99,40,liam-lawson,alphatauri,honda-rbpt,pirelli,7,64,31.306,31306.0
1092,2023,13,100,100,100,20,kevin-magnussen,haas,ferrari,pirelli,6,64,30.628,30628.0
1092,2023,13,101,101,101,63,george-russell,mercedes,mercedes,pirelli,7,67,22.379,22379.0
1093,2023,14,1,1,1,10,pierre-gasly,alpine,renault,pirelli,1,10,27.376,27376.0
1093,2023,14,2,2,2,24,guanyu-zhou,alfa-romeo,ferrari,pirelli,1,11,24.396,24396.0
1093,2023,14,3,3,3,20,kevin-magnussen,haas,ferrari,pirelli,1,12,24.660,24660.0
1093,2023,14,4,4,4,40,liam-lawson,alphatauri,honda-rbpt,pirelli,1,13,24.212,24212.0
1093,2023,14,5,5,5,27,nico-hulkenberg,haas,ferrari,pirelli,1,14,26.095,26095.0
1093,2023,14,6,6,6,2,logan-sargeant,williams,mercedes,pirelli,1,14,24.779,24779.0
1093,2023,14,7,7,7,23,alexander-albon,williams,mercedes,pirelli,1,15,24.538,24538.0
1093,2023,14,8,8,8,55,carlos-sainz-jr,ferrari,ferrari,pirelli,1,19,25.183,25183.0
1093,2023,14,9,9,9,63,george-russell,mercedes,mercedes,pirelli,1,19,24.215,24215.0
1093,2023,14,10,10,10,1,max-verstappen,red-bull,honda-rbpt,pirelli,1,20,24.228,24228.0
1093,2023,14,11,11,11,16,charles-leclerc,ferrari,ferrari,pirelli,1,20,23.931,23931.0
1093,2023,14,12,12,12,18,lance-stroll,aston-martin,mercedes,pirelli,1,20,25.667,25667.0
1093,2023,14,13,13,13,11,sergio-perez,red-bull,honda-rbpt,pirelli,1,21,23.819,23819.0
1093,2023,14,14,14,14,14,fernando-alonso,aston-martin,mercedes,pirelli,1,21,24.798,24798.0
1093,2023,14,15,15,15,4,lando-norris,mclaren,mercedes,pirelli,1,22,23.727,23727.0
1093,2023,14,16,16,16,81,oscar-piastri,mclaren,mercedes,pirelli,1,23,24.133,24133.0
1093,2023,14,17,17,17,31,esteban-ocon,alpine,renault,pirelli,1,24,24.249,24249.0
1093,2023,14,18,18,18,77,valtteri-bottas,alfa-romeo,ferrari,pirelli,1,25,24.658,24658.0
1093,2023,14,19,19,19,44,lewis-hamilton,mercedes,mercedes,pirelli,1,27,24.255,24255.0
1093,2023,14,20,20,20,10,pierre-gasly,alpine,renault,pirelli,2,31,24.686,24686.0
1093,2023,14,21,21,21,40,liam-lawson,alphatauri,honda-rbpt,pirelli,2,33,24.281,24281.0
1093,2023,14,22,22,22,24,guanyu-zhou,alfa-romeo,ferrari,pirelli,2,33,25.959,25959.0
1093,2023,14,23,23,23,20,kevin-magnussen,haas,ferrari,pirelli,2,33,24.765,24765.0
1093,2023,14,24,24,24,27,nico-hulkenberg,haas,ferrari,pirelli,2,39,24.328,24328.0
1093,2023,14,25,25,25,81,oscar-piastri,mclaren,mercedes,pirelli,2,41,31.799,31799.0
1094,2023,15,1,1,1,24,guanyu-zhou,alfa-romeo,ferrari,pirelli,1,2,30.032,30032.0
1094,2023,15,2,2,2,2,logan-sargeant,williams,mercedes,pirelli,1,19,1:03.543,63543.0
1094,2023,15,3,3,3,55,carlos-sainz-jr,ferrari,ferrari,pirelli,1,20,29.499,29499.0
1094,2023,15,4,4,4,16,charles-leclerc,ferrari,ferrari,pirelli,1,20,32.888,32888.0
1094,2023,15,5,5,5,63,george-russell,mercedes,mercedes,pirelli,1,20,29.976,29976.0
1094,2023,15,6,6,6,4,lando-norris,mclaren,mercedes,pirelli,1,20,29.485,29485.0
1094,2023,15,7,7,7,44,lewis-hamilton,mercedes,mercedes,pirelli,1,20,32.631,32631.0
1094,2023,15,8,8,8,14,fernando-alonso,aston-martin,mercedes,pirelli,1,20,30.670,30670.0
1094,2023,15,9,9,9,31,esteban-ocon,alpine,renault,pirelli,1,20,29.755,29755.0
1094,2023,15,10,10,10,20,kevin-magnussen,haas,ferrari,pirelli,1,20,31.475,31475.0
1094,2023,15,11,11,11,27,nico-hulkenberg,haas,ferrari,pirelli,1,20,35.497,35497.0
1094,2023,15,12,12,12,10,pierre-gasly,alpine,renault,pirelli,1,20,31.802,31802.0
1094,2023,15,13,13,13,40,liam-lawson,alphatauri,honda-rbpt,pirelli,1,20,32.348,32348.0
1094,2023,15,14,14,14,81,oscar-piastri,mclaren,mercedes,pirelli,1,20,29.369,29369.0
1094,2023,15,15,15,15,23,alexander-albon,williams,mercedes,pirelli,1,20,30.138,30138.0
1094,2023,15,16,16,16,24,guanyu-zhou,alfa-romeo,ferrari,pirelli,2,20,30.637,30637.0
1094,2023,15,17,17,17,11,sergio-perez,red-bull,honda-rbpt,pirelli,1,39,28.977,28977.0
1094,2023,15,18,18,18,1,max-verstappen,red-bull,honda-rbpt,pirelli,1,40,29.698,29698.0
1094,2023,15,19,19,19,77,valtteri-bottas,alfa-romeo,ferrari,pirelli,1,40,30.487,30487.0
1094,2023,15,20,20,20,23,alexander-albon,williams,mercedes,pirelli,2,43,29.787,29787.0
1094,2023,15,21,21,21,20,kevin-magnussen,haas,ferrari,pirelli,2,43,33.078,33078.0
1094,2023,15,22,22,22,2,logan-sargeant,williams,mercedes,pirelli,2,43,31.018,31018.0
1094,2023,15,23,23,23,63,george-russell,mercedes,mercedes,pirelli,2,44,30.039,30039.0
1094,2023,15,24,24,24,44,lewis-hamilton,mercedes,mercedes,pirelli,2,44,33.581,33581.0
1094,2023,15,25,25,25,14,fernando-alonso,aston-martin,mercedes,pirelli,2,44,52.708,52708.0
1095,2023,16,1,1,1,23,alexander-albon,williams,mercedes,pirelli,1,1,50.143,50143.0
1095,2023,16,2,2,2,24,guanyu-zhou,alfa-romeo,ferrari,pirelli,1,1,41.041,41041.0
1095,2023,16,3,3,3,31,esteban-ocon,alpine,renault,pirelli,1,1,27.056,27056.0
1095,2023,16,4,4,4,77,valtteri-bottas,alfa-romeo,ferrari,pirelli,1,1,55.802,55802.0
1095,2023,16,5,5,5,11,sergio-perez,red-bull,honda-rbpt,pirelli,1,2,32.450,32450.0
1095,2023,16,6,6,6,2,logan-sargeant,williams,mercedes,pirelli,1,2,32.715,32715.0
1095,2023,16,7,7,7,2,logan-sargeant,williams,mercedes,pirelli,2,5,43.868,43868.0
1095,2023,16,8,8,8,77,valtteri-bottas,alfa-romeo,ferrari,pirelli,2,6,53.512,53512.0
1095,2023,16,9,9,9,27,nico-hulkenberg,haas,ferrari,pirelli,1,8,23.520,23520.0
1095,2023,16,10,10,10,22,yuki-tsunoda,alphatauri,honda-rbpt,pirelli,1,9,22.944,22944.0
1095,2023,16,11,11,11,40,liam-lawson,alphatauri,honda-rbpt,pirelli,1,10,23.136,23136.0
1095,2023,16,12,12,12,24,guanyu-zhou,alfa-romeo,ferrari,pirelli,2,10,24.091,24091.0
1095,2023,16,13,13,13,14,fernando-alonso,aston-martin,mercedes,pirelli,1,11,24.086,24086.0
1095,2023,16,14,14,14,11,sergio-perez,red-bull,honda-rbpt,pirelli,2,12,41.499,41499.0
1095,2023,16,15,15,15,20,kevin-magnussen,haas,ferrari,pirelli,1,12,23.816,23816.0
1095,2023,16,16,16,16,81,oscar-piastri,mclaren,mercedes,pirelli,1,13,24.455,24455.0
1095,2023,16,17,17,17,23,alexander-albon,williams,mercedes,pirelli,2,13,52.165,52165.0
1095,2023,16,18,18,18,18,lance-stroll,aston-martin,mercedes,pirelli,1,14,23.441,23441.0
1095,2023,16,19,19,19,11,sergio-perez,red-bull,honda-rbpt,pirelli,3,13,41:25.913,2485913.0
1095,2023,16,20,20,20,1,max-verstappen,red-bull,honda-rbpt,pirelli,1,16,24.382,24382.0
1095,2023,16,21,21,21,44,lewis-hamilton,mercedes,mercedes,pirelli,1,16,24.841,24841.0
1095,2023,16,22,22,22,4,lando-norris,mclaren,mercedes,pirelli,1,17,23.523,23523.0
1095,2023,16,23,23,23,16,charles-leclerc,ferrari,ferrari,pirelli,1,17,23.197,23197.0
1095,2023,16,24,24,24,55,carlos-sainz-jr,ferrari,ferrari,pirelli,1,18,23.075,23075.0
1095,2023,16,25,25,25,10,pierre-gasly,alpine,renault,pirelli,1,18,24.488,24488.0
1095,2023,16,26,26,26,27,nico-hulkenberg,haas,ferrari,pirelli,2,21,23.660,23660.0
1095,2023,16,27,27,27,2,logan-sargeant,williams,mercedes,pirelli,3,21,35.182,35182.0
1095,2023,16,28,28,28,63,george-russell,mercedes,mercedes,pirelli,1,24,24.034,24034.0
1095,2023,16,29,29,29,14,fernando-alonso,aston-martin,mercedes,pirelli,2,25,24.294,24294.0
1095,2023,16,30,30,30,40,liam-lawson,alphatauri,honda-rbpt,pirelli,2,25,23.671,23671.0
1095,2023,16,31,31,31,31,esteban-ocon,alpine,renault,pirelli,2,28,23.789,23789.0
1095,2023,16,32,32,32,24,guanyu-zhou,alfa-romeo,ferrari,pirelli,3,29,24.116,24116.0
1095,2023,16,33,33,33,22,yuki-tsunoda,alphatauri,honda-rbpt,pirelli,2,30,23.327,23327.0
1095,2023,16,34,34,34,20,kevin-magnussen,haas,ferrari,pirelli,2,31,23.858,23858.0
1095,2023,16,35,35,35,16,charles-leclerc,ferrari,ferrari,pirelli,2,34,22.926,22926.0
1095,2023,16,36,36,36,44,lewis-hamilton,mercedes,mercedes,pirelli,2,34,23.631,23631.0
1095,2023,16,37,37,37,10,pierre-gasly,alpine,renault,pirelli,2,34,24.651,24651.0
1095,2023,16,38,38,38,81,oscar-piastri,mclaren,mercedes,pirelli,2,35,23.198,23198.0
1095,2023,16,39,39,39,4,lando-norris,mclaren,mercedes,pirelli,2,36,23.182,23182.0
1095,2023,16,40,40,40,1,max-verstappen,red-bull,honda-rbpt,pirelli,2,37,23.696,23696.0
1095,2023,16,41,41,41,27,nico-hulkenberg,haas,ferrari,pirelli,3,37,23.338,23338.0
1095,2023,16,42,42,42,55,carlos-sainz-jr,ferrari,ferrari,pirelli,2,38,23.374,23374.0
1095,2023,16,43,43,43,11,sergio-perez,red-bull,honda-rbpt,pirelli,4,14,30.651,30651.0
1096,2023,17,1,1,1,63,george-russell,mercedes,mercedes,pirelli,1,1,39.686,39686.0
1096,2023,17,2,2,2,77,valtteri-bottas,alfa-romeo,ferrari,pirelli,1,3,29.977,29977.0
1096,2023,17,3,3,3,20,kevin-magnussen,haas,ferrari,pirelli,1,3,28.743,28743.0
1096,2023,17,4,4,4,18,lance-stroll,aston-martin,mercedes,pirelli,1,3,28.886,28886.0
1096,2023,17,5,5,5,40,liam-lawson,alphatauri,honda-rbpt,pirelli,1,3,29.330,29330.0
1096,2023,17,6,6,6,22,yuki-tsunoda,alphatauri,honda-rbpt,pirelli,1,9,27.781,27781.0
1096,2023,17,7,7,7,31,esteban-ocon,alpine,renault,pirelli,1,10,28.961,28961.0
1096,2023,17,8,8,8,14,fernando-alonso,aston-martin,mercedes,pirelli,1,11,28.373,28373.0
1096,2023,17,9,9,9,10,pierre-gasly,alpine,renault,pirelli,1,11,28.429,28429.0
1096,2023,17,10,10,10,81,oscar-piastri,mclaren,mercedes,pirelli,1,12,28.875,28875.0
1096,2023,17,11,11,11,16,charles-leclerc,ferrari,ferrari,pirelli,1,12,28.228,28228.0
1096,2023,17,12,12,12,4,lando-norris,mclaren,mercedes,pirelli,1,13,28.134,28134.0
1096,2023,17,13,13,13,27,nico-hulkenberg,haas,ferrari,pirelli,1,13,39.879,39879.0
1096,2023,17,14,14,14,2,logan-sargeant,williams,mercedes,pirelli,1,13,29.436,29436.0
1096,2023,17,15,15,15,63,george-russell,mercedes,mercedes,pirelli,2,14,28.542,28542.0
1096,2023,17,16,16,16,1,max-verstappen,red-bull,honda-rbpt,pirelli,1,17,28.233,28233.0
1096,2023,17,17,17,17,11,sergio-perez,red-bull,honda-rbpt,pirelli,1,17,27.808,27808.0
1096,2023,17,18,18,18,23,alexander-albon,williams,mercedes,pirelli,1,18,29.253,29253.0
1096,2023,17,19,19,19,24,guanyu-zhou,alfa-romeo,ferrari,pirelli,1,18,28.984,28984.0
1096,2023,17,20,20,20,77,valtteri-bottas,alfa-romeo,ferrari,pirelli,2,21,29.387,29387.0
1096,2023,17,21,21,21,18,lance-stroll,aston-martin,mercedes,pirelli,2,21,28.156,28156.0
1096,2023,17,22,22,22,20,kevin-magnussen,haas,ferrari,pirelli,2,21,28.948,28948.0
1096,2023,17,23,23,23,40,liam-lawson,alphatauri,honda-rbpt,pirelli,2,21,28.665,28665.0
1096,2023,17,24,24,24,22,yuki-tsunoda,alphatauri,honda-rbpt,pirelli,2,22,27.596,27596.0
1096,2023,17,25,25,25,81,oscar-piastri,mclaren,mercedes,pirelli,2,25,27.868,27868.0
1096,2023,17,26,26,26,16,charles-leclerc,ferrari,ferrari,pirelli,2,25,27.873,27873.0
1096,2023,17,27,27,27,31,esteban-ocon,alpine,renault,pirelli,2,25,28.969,28969.0
1096,2023,17,28,28,28,14,fernando-alonso,aston-martin,mercedes,pirelli,2,26,28.432,28432.0
1096,2023,17,29,29,29,10,pierre-gasly,alpine,renault,pirelli,2,26,30.192,30192.0
1096,2023,17,30,30,30,2,logan-sargeant,williams,mercedes,pirelli,2,26,29.373,29373.0
1096,2023,17,31,31,31,4,lando-norris,mclaren,mercedes,pirelli,2,27,27.611,27611.0
1096,2023,17,32,32,32,27,nico-hulkenberg,haas,ferrari,pirelli,2,27,28.274,28274.0
1096,2023,17,33,33,33,11,sergio-perez,red-bull,honda-rbpt,pirelli,2,31,33.246,33246.0
1096,2023,17,34,34,34,23,alexander-albon,williams,mercedes,pirelli,2,31,28.747,28747.0
1096,2023,17,35,35,35,63,george-russell,mercedes,mercedes,pirelli,3,32,28.314,28314.0
1096,2023,17,36,36,36,1,max-verstappen,red-bull,honda-rbpt,pirelli,2,34,28.103,28103.0
1096,2023,17,37,37,37,24,guanyu-zhou,alfa-romeo,ferrari,pirelli,2,35,28.854,28854.0
1096,2023,17,38,38,38,77,valtteri-bottas,alfa-romeo,ferrari,pirelli,3,39,28.946,28946.0
1096,2023,17,39,39,39,18,lance-stroll,aston-martin,mercedes,pirelli,3,39,29.399,29399.0
1096,2023,17,40,40,40,20,kevin-magnussen,haas,ferrari,pirelli,3,39,30.331,30331.0
1096,2023,17,41,41,41,40,liam-lawson,alphatauri,honda-rbpt,pirelli,3,39,28.171,28171.0
1096,2023,17,42,42,42,27,nico-hulkenberg,haas,ferrari,pirelli,3,39,28.591,28591.0
1096,2023,17,43,43,43,22,yuki-tsunoda,alphatauri,honda-rbpt,pirelli,3,40,27.809,27809.0
1096,2023,17,44,44,44,81,oscar-piastri,mclaren,mercedes,pirelli,3,43,27.489,27489.0
1096,2023,17,45,45,45,16,charles-leclerc,ferrari,ferrari,pirelli,3,43,27.513,27513.0
1096,2023,17,46,46,46,31,esteban-ocon,alpine,renault,pirelli,3,43,29.169,29169.0
1096,2023,17,47,47,47,11,sergio-perez,red-bull,honda-rbpt,pirelli,3,43,33.165,33165.0
1096,2023,17,48,48,48,4,lando-norris,mclaren,mercedes,pirelli,3,44,27.677,27677.0
1096,2023,17,49,49,49,14,fernando-alonso,aston-martin,mercedes,pirelli,3,44,28.393,28393.0
1096,2023,17,50,50,50,10,pierre-gasly,alpine,renault,pirelli,3,44,34.856,34856.0
1096,2023,17,51,51,51,23,alexander-albon,williams,mercedes,pirelli,3,44,28.981,28981.0
1096,2023,17,52,52,52,63,george-russell,mercedes,mercedes,pirelli,4,50,28.191,28191.0
1096,2023,17,53,53,53,1,max-verstappen,red-bull,honda-rbpt,pirelli,3,51,29.726,29726.0
1096,2023,17,54,54,54,24,guanyu-zhou,alfa-romeo,ferrari,pirelli,3,52,28.815,28815.0
1097,2023,18,1,1,1,24,guanyu-zhou,alfa-romeo,ferrari,pirelli,1,9,25.636,25636.0
1097,2023,18,2,2,2,23,alexander-albon,williams,mercedes,pirelli,1,10,24.563,24563.0
1097,2023,18,3,3,3,77,valtteri-bottas,alfa-romeo,ferrari,pirelli,1,10,24.783,24783.0
1097,2023,18,4,4,4,20,kevin-magnussen,haas,ferrari,pirelli,1,10,25.067,25067.0
1097,2023,18,5,5,5,2,logan-sargeant,williams,mercedes,pirelli,1,11,24.990,24990.0
1097,2023,18,6,6,6,1,max-verstappen,red-bull,honda-rbpt,pirelli,1,16,23.756,23756.0
1097,2023,18,7,7,7,4,lando-norris,mclaren,mercedes,pirelli,1,17,24.155,24155.0
1097,2023,18,8,8,8,55,carlos-sainz-jr,ferrari,ferrari,pirelli,1,17,23.668,23668.0
1097,2023,18,9,9,9,11,sergio-perez,red-bull,honda-rbpt,pirelli,1,17,24.245,24245.0
1097,2023,18,10,10,10,22,yuki-tsunoda,alphatauri,honda-rbpt,pirelli,1,17,24.354,24354.0
1097,2023,18,11,11,11,10,pierre-gasly,alpine,renault,pirelli,1,18,23.900,23900.0
1097,2023,18,12,12,12,14,fernando-alonso,aston-martin,mercedes,pirelli,1,19,25.055,25055.0
1097,2023,18,13,13,13,27,nico-hulkenberg,haas,ferrari,pirelli,1,19,26.573,26573.0
1097,2023,18,14,14,14,44,lewis-hamilton,mercedes,mercedes,pirelli,1,20,24.916,24916.0
1097,2023,18,15,15,15,18,lance-stroll,aston-martin,mercedes,pirelli,1,20,24.457,24457.0
1097,2023,18,16,16,16,63,george-russell,mercedes,mercedes,pirelli,1,21,24.357,24357.0
1097,2023,18,17,17,17,3,daniel-ricciardo,alphatauri,honda-rbpt,pirelli,1,22,24.364,24364.0
1097,2023,18,18,18,18,16,charles-leclerc,ferrari,ferrari,pirelli,1,23,23.963,23963.0
1097,2023,18,19,19,19,24,guanyu-zhou,alfa-romeo,ferrari,pirelli,2,27,24.717,24717.0
1097,2023,18,20,20,20,77,valtteri-bottas,alfa-romeo,ferrari,pirelli,2,28,25.020,25020.0
1097,2023,18,21,21,21,23,alexander-albon,williams,mercedes,pirelli,2,29,24.354,24354.0
1097,2023,18,22,22,22,20,kevin-magnussen,haas,ferrari,pirelli,2,29,24.745,24745.0
1097,2023,18,23,23,23,2,logan-sargeant,williams,mercedes,pirelli,2,32,25.547,25547.0
1097,2023,18,24,24,24,4,lando-norris,mclaren,mercedes,pirelli,2,34,23.361,23361.0
1097,2023,18,25,25,25,22,yuki-tsunoda,alphatauri,honda-rbpt,pirelli,2,34,24.125,24125.0
1097,2023,18,26,26,26,27,nico-hulkenberg,haas,ferrari,pirelli,2,34,24.308,24308.0
1097,2023,18,27,27,27,1,max-verstappen,red-bull,honda-rbpt,pirelli,2,35,24.974,24974.0
1097,2023,18,28,28,28,55,carlos-sainz-jr,ferrari,ferrari,pirelli,2,35,23.673,23673.0
1097,2023,18,29,29,29,11,sergio-perez,red-bull,honda-rbpt,pirelli,2,37,23.747,23747.0
1097,2023,18,30,30,30,10,pierre-gasly,alpine,renault,pirelli,2,37,24.880,24880.0
1097,2023,18,31,31,31,44,lewis-hamilton,mercedes,mercedes,pirelli,2,38,24.648,24648.0
1097,2023,18,32,32,32,63,george-russell,mercedes,mercedes,pirelli,2,39,23.969,23969.0
1097,2023,18,33,33,33,18,lance-stroll,aston-martin,mercedes,pirelli,2,40,23.955,23955.0
1097,2023,18,34,34,34,14,fernando-alonso,aston-martin,mercedes,pirelli,2,42,24.823,24823.0
1097,2023,18,35,35,35,3,daniel-ricciardo,alphatauri,honda-rbpt,pirelli,2,47,26.513,26513.0
1097,2023,18,36,36,36,22,yuki-tsunoda,alphatauri,honda-rbpt,pirelli,3,54,23.472,23472.0
1098,2023,19,1,1,1,22,yuki-tsunoda,alphatauri,honda-rbpt,pirelli,1,9,30.121,30121.0
1098,2023,19,2,2,2,4,lando-norris,mclaren,mercedes,pirelli,1,11,23.408,23408.0
1098,2023,19,3,3,3,1,max-verstappen,red-bull,honda-rbpt,pirelli,1,19,22.427,22427.0
1098,2023,19,4,4,4,24,guanyu-zhou,alfa-romeo,ferrari,pirelli,1,21,22.817,22817.0
1098,2023,19,5,5,5,2,logan-sargeant,williams,mercedes,pirelli,1,22,23.945,23945.0
1098,2023,19,6,6,6,27,nico-hulkenberg,haas,ferrari,pirelli,1,23,23.144,23144.0
1098,2023,19,7,7,7,20,kevin-magnussen,haas,ferrari,pirelli,1,23,23.642,23642.0
1098,2023,19,8,8,8,44,lewis-hamilton,mercedes,mercedes,pirelli,1,24,22.210,22210.0
1098,2023,19,9,9,9,81,oscar-piastri,mclaren,mercedes,pirelli,1,25,23.734,23734.0
1098,2023,19,10,10,10,63,george-russell,mercedes,mercedes,pirelli,1,26,22.311,22311.0
1098,2023,19,11,11,11,3,daniel-ricciardo,alphatauri,honda-rbpt,pirelli,1,27,22.406,22406.0
1098,2023,19,12,12,12,10,pierre-gasly,alpine,renault,pirelli,1,28,22.627,22627.0
1098,2023,19,13,13,13,14,fernando-alonso,aston-martin,mercedes,pirelli,1,29,22.844,22844.0
1098,2023,19,14,14,14,55,carlos-sainz-jr,ferrari,ferrari,pirelli,1,30,22.067,22067.0
1098,2023,19,15,15,15,18,lance-stroll,aston-martin,mercedes,pirelli,1,30,22.582,22582.0
1098,2023,19,16,16,16,16,charles-leclerc,ferrari,ferrari,pirelli,1,31,22.248,22248.0
1098,2023,19,17,17,17,77,valtteri-bottas,alfa-romeo,ferrari,pirelli,1,31,23.638,23638.0
1098,2023,19,18,18,18,1,max-verstappen,red-bull,honda-rbpt,pirelli,2,33,22.372,22372.0
1098,2023,19,19,19,19,4,lando-norris,mclaren,mercedes,pirelli,2,33,22.563,22563.0
1098,2023,19,20,20,20,23,alexander-albon,williams,mercedes,pirelli,1,33,23.680,23680.0
1098,2023,19,21,21,21,1,max-verstappen,red-bull,honda-rbpt,pirelli,3,34,20:09.136,1209136.0
1098,2023,19,22,22,22,16,charles-leclerc,ferrari,ferrari,pirelli,2,34,20:10.512,1210512.0
1098,2023,19,23,23,23,44,lewis-hamilton,mercedes,mercedes,pirelli,2,34,20:12.908,1212908.0
1098,2023,19,24,24,24,55,carlos-sainz-jr,ferrari,ferrari,pirelli,2,34,20:15.432,1215432.0
1098,2023,19,25,25,25,3,daniel-ricciardo,alphatauri,honda-rbpt,pirelli,2,34,20:17.136,1217136.0
1098,2023,19,26,26,26,81,oscar-piastri,mclaren,mercedes,pirelli,2,34,20:19.064,1219064.0
1098,2023,19,27,27,27,63,george-russell,mercedes,mercedes,pirelli,2,34,20:18.200,1218200.0
1098,2023,19,28,28,28,22,yuki-tsunoda,alphatauri,honda-rbpt,pirelli,2,34,20:18.057,1218057.0
1098,2023,19,29,29,29,27,nico-hulkenberg,haas,ferrari,pirelli,2,34,20:19.826,1219826.0
1098,2023,19,30,30,30,4,lando-norris,mclaren,mercedes,pirelli,3,34,20:26.386,1226386.0
1098,2023,19,31,31,31,10,pierre-gasly,alpine,renault,pirelli,2,34,20:25.698,1225698.0
1098,2023,19,32,32,32,23,alexander-albon,williams,mercedes,pirelli,2,34,20:27.980,1227980.0
1098,2023,19,33,33,33,24,guanyu-zhou,alfa-romeo,ferrari,pirelli,2,34,20:29.539,1229539.0
1098,2023,19,34,34,34,31,esteban-ocon,alpine,renault,pirelli,1,34,20:26.296,1226296.0
1098,2023,19,35,35,35,2,logan-sargeant,williams,mercedes,pirelli,2,34,20:27.718,1227718.0
1098,2023,19,36,36,36,77,valtteri-bottas,alfa-romeo,ferrari,pirelli,2,34,20:29.349,1229349.0
1098,2023,19,37,37,37,18,lance-stroll,aston-martin,mercedes,pirelli,2,34,20:29.686,1229686.0
1098,2023,19,38,38,38,14,fernando-alonso,aston-martin,mercedes,pirelli,2,34,20:29.837,1229837.0
1099,2023,20,1,1,1,1,max-verstappen,red-bull,honda-rbpt,pirelli,1,1,18.535,18535.0
1099,2023,20,2,2,2,4,lando-norris,mclaren,mercedes,pirelli,1,1,19.386,19386.0
1099,2023,20,3,3,3,44,lewis-hamilton,mercedes,mercedes,pirelli,1,1,18.521,18521.0
1099,2023,20,4,4,4,14,fernando-alonso,aston-martin,mercedes,pirelli,1,1,18.487,18487.0
1099,2023,20,5,5,5,18,lance-stroll,aston-martin,mercedes,pirelli,1,1,18.504,18504.0
1099,2023,20,6,6,6,63,george-russell,mercedes,mercedes,pirelli,1,1,20.449,20449.0
1099,2023,20,7,7,7,11,sergio-perez,red-bull,honda-rbpt,pirelli,1,1,20.811,20811.0
1099,2023,20,8,8,8,55,carlos-sainz-jr,ferrari,ferrari,pirelli,1,1,23.030,23030.0
1099,2023,20,9,9,9,31,esteban-ocon,alpine,renault,pirelli,1,1,22.209,22209.0
1099,2023,20,10,10,10,81,oscar-piastri,mclaren,mercedes,pirelli,1,1,26:24.007,1584007.0
1099,2023,20,11,11,11,22,yuki-tsunoda,alphatauri,honda-rbpt,pirelli,1,1,20.969,20969.0
1099,2023,20,12,12,12,10,pierre-gasly,alpine,renault,pirelli,1,1,20.523,20523.0
1099,2023,20,13,13,13,77,valtteri-bottas,alfa-romeo,ferrari,pirelli,1,1,20.732,20732.0
1099,2023,20,14,14,14,24,guanyu-zhou,alfa-romeo,ferrari,pirelli,1,1,21.256,21256.0
1099,2023,20,15,15,15,2,logan-sargeant,williams,mercedes,pirelli,1,1,27.472,27472.0
1099,2023,20,16,16,16,3,daniel-ricciardo,alphatauri,honda-rbpt,pirelli,1,1,26:16.725,1576725.0
1099,2023,20,17,17,17,27,nico-hulkenberg,haas,ferrari,pirelli,1,1,34.261,34261.0
1099,2023,20,18,18,18,1,max-verstappen,red-bull,honda-rbpt,pirelli,2,2,23:22.632,1402632.0
1099,2023,20,19,19,19,4,lando-norris,mclaren,mercedes,pirelli,2,2,23:24.611,1404611.0
1099,2023,20,20,20,20,44,lewis-hamilton,mercedes,mercedes,pirelli,2,2,23:26.375,1406375.0
1099,2023,20,21,21,21,14,fernando-alonso,aston-martin,mercedes,pirelli,2,2,23:28.154,1408154.0
1099,2023,20,22,22,22,18,lance-stroll,aston-martin,mercedes,pirelli,2,2,23:29.984,1409984.0
1099,2023,20,23,23,23,63,george-russell,mercedes,mercedes,pirelli,2,2,23:30.984,1410984.0
1099,2023,20,24,24,24,11,sergio-perez,red-bull,honda-rbpt,pirelli,2,2,23:31.712,1411712.0
1099,2023,20,25,25,25,55,carlos-sainz-jr,ferrari,ferrari,pirelli,2,2,23:33.704,1413704.0
1099,2023,20,26,26,26,31,esteban-ocon,alpine,renault,pirelli,2,2,23:34.725,1414725.0
1099,2023,20,27,27,27,22,yuki-tsunoda,alphatauri,honda-rbpt,pirelli,2,2,23:35.420,1415420.0
1099,2023,20,28,28,28,10,pierre-gasly,alpine,renault,pirelli,2,2,23:36.706,1416706.0
1099,2023,20,29,29,29,77,valtteri-bottas,alfa-romeo,ferrari,pirelli,2,2,23:38.156,1418156.0
1099,2023,20,30,30,30,24,guanyu-zhou,alfa-romeo,ferrari,pirelli,2,2,23:39.945,1419945.0
1099,2023,20,31,31,31,2,logan-sargeant,williams,mercedes,pirelli,2,2,23:41.207,1421207.0
1099,2023,20,32,32,32,27,nico-hulkenberg,haas,ferrari,pirelli,2,2,23:41.069,1421069.0
1099,2023,20,33,33,33,81,oscar-piastri,mclaren,mercedes,pirelli,2,2,38.489,38489.0
1099,2023,20,34,34,34,3,daniel-ricciardo,alphatauri,honda-rbpt,pirelli,2,2,32.770,32770.0
1099,2023,20,35,35,35,31,esteban-ocon,alpine,renault,pirelli,3,14,24.037,24037.0
1099,2023,20,36,36,36,24,guanyu-zhou,alfa-romeo,ferrari,pirelli,3,15,23.953,23953.0
1099,2023,20,37,37,37,2,logan-sargeant,williams,mercedes,pirelli,3,17,24.367,24367.0
1099,2023,20,38,38,38,44,lewis-hamilton,mercedes,mercedes,pirelli,3,18,23.571,23571.0
1099,2023,20,39,39,39,77,valtteri-bottas,alfa-romeo,ferrari,pirelli,3,18,24.077,24077.0
1099,2023,20,40,40,40,63,george-russell,mercedes,mercedes,pirelli,3,19,23.730,23730.0
1099,2023,20,41,41,41,11,sergio-perez,red-bull,honda-rbpt,pirelli,3,20,23.164,23164.0
1099,2023,20,42,42,42,27,nico-hulkenberg,haas,ferrari,pirelli,3,21,24.401,24401.0
1099,2023,20,43,43,43,18,lance-stroll,aston-martin,mercedes,pirelli,3,22,23.558,23558.0
1099,2023,20,44,44,44,14,fernando-alonso,aston-martin,mercedes,pirelli,3,25,24.204,24204.0
1099,2023,20,45,45,45,81,oscar-piastri,mclaren,mercedes,pirelli,3,24,23.536,23536.0
1099,2023,20,46,46,46,55,carlos-sainz-jr,ferrari,ferrari,pirelli,3,26,23.557,23557.0
1099,2023,20,47,47,47,10,pierre-gasly,alpine,renault,pirelli,3,26,25.295,25295.0
1099,2023,20,48,48,48,22,yuki-tsunoda,alphatauri,honda-rbpt,pirelli,3,26,27.114,27114.0
1099,2023,20,49,49,49,1,max-verstappen,red-bull,honda-rbpt,pirelli,3,27,22.994,22994.0
1099,2023,20,50,50,50,4,lando-norris,mclaren,mercedes,pirelli,3,27,23.806,23806.0
1099,2023,20,51,51,51,3,daniel-ricciardo,alphatauri,honda-rbpt,pirelli,3,26,23.955,23955.0
1099,2023,20,52,52,52,31,esteban-ocon,alpine,renault,pirelli,4,31,24.406,24406.0
1099,2023,20,53,53,53,2,logan-sargeant,williams,mercedes,pirelli,4,44,24.137,24137.0
1099,2023,20,54,54,54,63,george-russell,mercedes,mercedes,pirelli,4,45,23.962,23962.0
1099,2023,20,55,55,55,11,sergio-perez,red-bull,honda-rbpt,pirelli,4,46,23.522,23522.0
1099,2023,20,56,56,56,44,lewis-hamilton,mercedes,mercedes,pirelli,4,46,24.074,24074.0
1099,2023,20,57,57,57,10,pierre-gasly,alpine,renault,pirelli,4,46,23.583,23583.0
1099,2023,20,58,58,58,27,nico-hulkenberg,haas,ferrari,pirelli,4,46,23.841,23841.0
1099,2023,20,59,59,59,14,fernando-alonso,aston-martin,mercedes,pirelli,4,47,23.830,23830.0
1099,2023,20,60,60,60,55,carlos-sainz-jr,ferrari,ferrari,pirelli,4,51,23.704,23704.0
1099,2023,20,61,61,61,31,esteban-ocon,alpine,renault,pirelli,5,51,23.599,23599.0
1099,2023,20,62,62,62,18,lance-stroll,aston-martin,mercedes,pirelli,4,52,25.294,25294.0
1099,2023,20,63,63,63,81,oscar-piastri,mclaren,mercedes,pirelli,4,52,23.338,23338.0
1099,2023,20,64,64,64,22,yuki-tsunoda,alphatauri,honda-rbpt,pirelli,4,55,23.453,23453.0
1099,2023,20,65,65,65,1,max-verstappen,red-bull,honda-rbpt,pirelli,4,56,23.397,23397.0
1099,2023,20,66,66,66,3,daniel-ricciardo,alphatauri,honda-rbpt,pirelli,4,55,23.508,23508.0
1099,2023,20,67,67,67,4,lando-norris,mclaren,mercedes,pirelli,4,59,23.664,23664.0
1100,2023,21,1,1,1,11,sergio-perez,red-bull,honda-rbpt,pirelli,1,1,33.599,33599.0
1100,2023,21,2,2,2,14,fernando-alonso,aston-martin,mercedes,pirelli,1,1,29.304,29304.0
1100,2023,21,3,3,3,77,valtteri-bottas,alfa-romeo,ferrari,pirelli,1,1,43.914,43914.0
1100,2023,21,4,4,4,18,lance-stroll,aston-martin,mercedes,pirelli,1,3,22.222,22222.0
1100,2023,21,5,5,5,55,carlos-sainz-jr,ferrari,ferrari,pirelli,1,3,21.261,21261.0
1100,2023,21,6,6,6,22,yuki-tsunoda,alphatauri,honda-rbpt,pirelli,1,10,20.619,20619.0
1100,2023,21,7,7,7,27,nico-hulkenberg,haas,ferrari,pirelli,1,12,22.154,22154.0
1100,2023,21,8,8,8,20,kevin-magnussen,haas,ferrari,pirelli,1,14,21.611,21611.0
1100,2023,21,9,9,9,63,george-russell,mercedes,mercedes,pirelli,1,15,21.257,21257.0
1100,2023,21,10,10,10,2,logan-sargeant,williams,mercedes,pirelli,1,15,21.367,21367.0
1100,2023,21,11,11,11,1,max-verstappen,red-bull,honda-rbpt,pirelli,1,16,26.686,26686.0
1100,2023,21,12,12,12,23,alexander-albon,williams,mercedes,pirelli,1,16,21.242,21242.0
1100,2023,21,13,13,13,81,oscar-piastri,mclaren,mercedes,pirelli,1,16,23.269,23269.0
1100,2023,21,14,14,14,10,pierre-gasly,alpine,renault,pirelli,1,17,22.262,22262.0
1100,2023,21,15,15,15,44,lewis-hamilton,mercedes,mercedes,pirelli,1,17,25.047,25047.0
1100,2023,21,16,16,16,3,daniel-ricciardo,alphatauri,honda-rbpt,pirelli,1,17,22.242,22242.0
1100,2023,21,17,17,17,31,esteban-ocon,alpine,renault,pirelli,1,20,21.763,21763.0
1100,2023,21,18,18,18,16,charles-leclerc,ferrari,ferrari,pirelli,1,21,22.559,22559.0
1100,2023,21,19,19,19,22,yuki-tsunoda,alphatauri,honda-rbpt,pirelli,2,21,20.894,20894.0
1100,2023,21,20,20,20,77,valtteri-bottas,alfa-romeo,ferrari,pirelli,2,24,21.575,21575.0
1100,2023,21,21,21,21,11,sergio-perez,red-bull,honda-rbpt,pirelli,2,26,21.568,21568.0
1100,2023,21,22,22,22,18,lance-stroll,aston-martin,mercedes,pirelli,2,26,22.570,22570.0
1100,2023,21,23,23,23,1,max-verstappen,red-bull,honda-rbpt,pirelli,2,26,21.323,21323.0
1100,2023,21,24,24,24,63,george-russell,mercedes,mercedes,pirelli,2,26,21.952,21952.0
1100,2023,21,25,25,25,55,carlos-sainz-jr,ferrari,ferrari,pirelli,2,26,22.630,22630.0
1100,2023,21,26,26,26,14,fernando-alonso,aston-martin,mercedes,pirelli,2,26,23.214,23214.0
1100,2023,21,27,27,27,24,guanyu-zhou,alfa-romeo,ferrari,pirelli,1,26,22.155,22155.0
1100,2023,21,28,28,28,20,kevin-magnussen,haas,ferrari,pirelli,2,26,21.868,21868.0
1100,2023,21,29,29,29,27,nico-hulkenberg,haas,ferrari,pirelli,2,26,25.453,25453.0
1100,2023,21,30,30,30,44,lewis-hamilton,mercedes,mercedes,pirelli,2,26,22.508,22508.0
1100,2023,21,31,31,31,81,oscar-piastri,mclaren,mercedes,pirelli,2,43,20.535,20535.0
1101,2023,22,1,1,1,20,kevin-magnussen,haas,ferrari,pirelli,1,5,22.764,22764.0
1101,2023,22,2,2,2,3,daniel-ricciardo,alphatauri,honda-rbpt,pirelli,1,7,21.692,21692.0
1101,2023,22,3,3,3,14,fernando-alonso,aston-martin,mercedes,pirelli,1,12,22.462,22462.0
1101,2023,22,4,4,4,81,oscar-piastri,mclaren,mercedes,pirelli,1,13,21.697,21697.0
1101,2023,22,5,5,5,27,nico-hulkenberg,haas,ferrari,pirelli,1,13,21.861,21861.0
1101,2023,22,6,6,6,24,guanyu-zhou,alfa-romeo,ferrari,pirelli,1,13,22.867,22867.0
1101,2023,22,7,7,7,4,lando-norris,mclaren,mercedes,pirelli,1,14,24.061,24061.0
1101,2023,22,8,8,8,63,george-russell,mercedes,mercedes,pirelli,1,14,21.650,21650.0
1101,2023,22,9,9,9,44,lewis-hamilton,mercedes,mercedes,pirelli,1,15,22.195,22195.0
1101,2023,22,10,10,10,31,esteban-ocon,alpine,renault,pirelli,1,15,22.160,22160.0
1101,2023,22,11,11,11,2,logan-sargeant,williams,mercedes,pirelli,1,15,22.124,22124.0
1101,2023,22,12,12,12,1,max-verstappen,red-bull,honda-rbpt,pirelli,1,16,21.662,21662.0
1101,2023,22,13,13,13,23,alexander-albon,williams,mercedes,pirelli,1,16,22.170,22170.0
1101,2023,22,14,14,14,16,charles-leclerc,ferrari,ferrari,pirelli,1,17,21.919,21919.0
1101,2023,22,15,15,15,11,sergio-perez,red-bull,honda-rbpt,pirelli,1,17,21.446,21446.0
1101,2023,22,16,16,16,10,pierre-gasly,alpine,renault,pirelli,1,17,23.091,23091.0
1101,2023,22,17,17,17,22,yuki-tsunoda,alphatauri,honda-rbpt,pirelli,1,22,21.486,21486.0
1101,2023,22,18,18,18,18,lance-stroll,aston-martin,mercedes,pirelli,1,22,21.866,21866.0
1101,2023,22,19,19,19,20,kevin-magnussen,haas,ferrari,pirelli,2,22,22.163,22163.0
1101,2023,22,20,20,20,55,carlos-sainz-jr,ferrari,ferrari,pirelli,1,23,21.229,21229.0
1101,2023,22,21,21,21,77,valtteri-bottas,alfa-romeo,ferrari,pirelli,1,29,22.665,22665.0
1101,2023,22,22,22,22,3,daniel-ricciardo,alphatauri,honda-rbpt,pirelli,2,31,21.740,21740.0
1101,2023,22,23,23,23,10,pierre-gasly,alpine,renault,pirelli,2,32,23.478,23478.0
1101,2023,22,24,24,24,4,lando-norris,mclaren,mercedes,pirelli,2,33,21.432,21432.0
1101,2023,22,25,25,25,27,nico-hulkenberg,haas,ferrari,pirelli,2,33,22.081,22081.0
1101,2023,22,26,26,26,63,george-russell,mercedes,mercedes,pirelli,2,34,22.084,22084.0
1101,2023,22,27,27,27,16,charles-leclerc,ferrari,ferrari,pirelli,2,35,21.246,21246.0
1101,2023,22,28,28,28,44,lewis-hamilton,mercedes,mercedes,pirelli,2,35,22.045,22045.0
1101,2023,22,29,29,29,81,oscar-piastri,mclaren,mercedes,pirelli,2,36,21.156,21156.0
1101,2023,22,30,30,30,14,fernando-alonso,aston-martin,mercedes,pirelli,2,36,21.841,21841.0
1101,2023,22,31,31,31,24,guanyu-zhou,alfa-romeo,ferrari,pirelli,2,37,22.345,22345.0
1101,2023,22,32,32,32,2,logan-sargeant,williams,mercedes,pirelli,2,41,21.880,21880.0
1101,2023,22,33,33,33,11,sergio-perez,red-bull,honda-rbpt,pirelli,2,42,21.274,21274.0
1101,2023,22,34,34,34,18,lance-stroll,aston-martin,mercedes,pirelli,2,42,21.667,21667.0
1101,2023,22,35,35,35,1,max-verstappen,red-bull,honda-rbpt,pirelli,2,43,21.275,21275.0
1101,2023,22,36,36,36,23,alexander-albon,williams,mercedes,pirelli,2,43,21.919,21919.0
1101,2023,22,37,37,37,55,carlos-sainz-jr,ferrari,ferrari,pirelli,2,56,21.564,21564.0
1102,2024,1,1,1,1,27,nico-hulkenberg,haas,ferrari,pirelli,1,1,36.604,36604.0
1102,2024,1,2,2,2,24,guanyu-zhou,kick-sauber,ferrari,pirelli,1,9,25.208,25208.0
1102,2024,1,3,3,3,18,lance-stroll,aston-martin,mercedes,pirelli,1,9,24.418,24418.0
1102,2024,1,4,4,4,31,esteban-ocon,alpine,renault,pirelli,1,10,24.877,24877.0
1102,2024,1,5,5,5,2,logan-sargeant,williams,mercedes,pirelli,1,10,35.729,35729.0
1102,2024,1,6,6,6,63,george-russell,mercedes,mercedes,pirelli,1,11,24.778,24778.0
1102,2024,1,7,7,7,16,charles-leclerc,ferrari,ferrari,pirelli,1,11,24.069,24069.0
1102,2024,1,8,8,8,20,kevin-magnussen,haas,ferrari,pirelli,1,11,25.951,25951.0
1102,2024,1,9,9,9,11,sergio-perez,red-bull,honda-rbpt,pirelli,1,12,24.516,24516.0
1102,2024,1,10,10,10,81,oscar-piastri,mclaren,mercedes,pirelli,1,12,25.450,25450.0
1102,2024,1,11,11,11,44,lewis-hamilton,mercedes,mercedes,pirelli,1,12,25.087,25087.0
1102,2024,1,12,12,12,10,pierre-gasly,alpine,renault,pirelli,1,12,29.980,29980.0
1102,2024,1,13,13,13,77,valtteri-bottas,kick-sauber,ferrari,pirelli,1,12,26.420,26420.0
1102,2024,1,14,14,14,4,lando-norris,mclaren,mercedes,pirelli,1,13,24.205,24205.0
1102,2024,1,15,15,15,3,daniel-ricciardo,rb,honda-rbpt,pirelli,1,13,24.988,24988.0
1102,2024,1,16,16,16,55,carlos-sainz-jr,ferrari,ferrari,pirelli,1,14,24.474,24474.0
1102,2024,1,17,17,17,22,yuki-tsunoda,rb,honda-rbpt,pirelli,1,14,24.724,24724.0
1102,2024,1,18,18,18,14,fernando-alonso,aston-martin,mercedes,pirelli,1,15,24.786,24786.0
1102,2024,1,19,19,19,23,alexander-albon,williams,mercedes,pirelli,1,15,24.681,24681.0
1102,2024,1,20,20,20,1,max-verstappen,red-bull,honda-rbpt,pirelli,1,17,25.064,25064.0
1102,2024,1,21,21,21,27,nico-hulkenberg,haas,ferrari,pirelli,2,20,24.768,24768.0
1102,2024,1,22,22,22,18,lance-stroll,aston-martin,mercedes,pirelli,2,27,24.545,24545.0
1102,2024,1,23,23,23,24,guanyu-zhou,kick-sauber,ferrari,pirelli,2,28,25.094,25094.0
1102,2024,1,24,24,24,2,logan-sargeant,williams,mercedes,pirelli,2,28,25.070,25070.0
1102,2024,1,25,25,25,31,esteban-ocon,alpine,renault,pirelli,2,30,25.145,25145.0
1102,2024,1,26,26,26,77,valtteri-bottas,kick-sauber,ferrari,pirelli,2,30,1:14.773,74773.0
1102,2024,1,27,27,27,63,george-russell,mercedes,mercedes,pirelli,2,31,24.866,24866.0
1102,2024,1,28,28,28,10,pierre-gasly,alpine,renault,pirelli,2,31,26.462,26462.0
1102,2024,1,29,29,29,20,kevin-magnussen,haas,ferrari,pirelli,2,32,24.446,24446.0
1102,2024,1,30,30,30,4,lando-norris,mclaren,mercedes,pirelli,2,33,24.705,24705.0
1102,2024,1,31,31,31,44,lewis-hamilton,mercedes,mercedes,pirelli,2,33,24.094,24094.0
1102,2024,1,32,32,32,16,charles-leclerc,ferrari,ferrari,pirelli,2,34,24.136,24136.0
1102,2024,1,33,33,33,81,oscar-piastri,mclaren,mercedes,pirelli,2,34,24.852,24852.0
1102,2024,1,34,34,34,22,yuki-tsunoda,rb,honda-rbpt,pirelli,2,34,24.324,24324.0
1102,2024,1,35,35,35,55,carlos-sainz-jr,ferrari,ferrari,pirelli,2,35,23.866,23866.0
1102,2024,1,36,36,36,3,daniel-ricciardo,rb,honda-rbpt,pirelli,2,35,24.856,24856.0
1102,2024,1,37,37,37,11,sergio-perez,red-bull,honda-rbpt,pirelli,2,36,24.563,24563.0
1102,2024,1,38,38,38,23,alexander-albon,williams,mercedes,pirelli,2,36,24.610,24610.0
1102,2024,1,39,39,39,1,max-verstappen,red-bull,honda-rbpt,pirelli,2,37,24.209,24209.0
1102,2024,1,40,40,40,14,fernando-alonso,aston-martin,mercedes,pirelli,2,41,25.109,25109.0
1102,2024,1,41,41,41,2,logan-sargeant,williams,mercedes,pirelli,3,40,25.346,25346.0
1102,2024,1,42,42,42,27,nico-hulkenberg,haas,ferrari,pirelli,3,41,24.387,24387.0
1102,2024,1,43,43,43,10,pierre-gasly,alpine,renault,pirelli,3,43,25.240,25240.0
1103,2024,2,1,1,1,1,max-verstappen,red-bull,honda-rbpt,pirelli,1,7,20.607,20607.0
1103,2024,2,2,2,2,11,sergio-perez,red-bull,honda-rbpt,pirelli,1,7,22.196,22196.0
1103,2024,2,3,3,3,16,charles-leclerc,ferrari,ferrari,pirelli,1,7,23.419,23419.0
1103,2024,2,4,4,4,81,oscar-piastri,mclaren,mercedes,pirelli,1,7,21.427,21427.0
1103,2024,2,5,5,5,14,fernando-alonso,aston-martin,mercedes,pirelli,1,7,22.129,22129.0
1103,2024,2,6,6,6,63,george-russell,mercedes,mercedes,pirelli,1,7,21.013,21013.0
1103,2024,2,7,7,7,38,oliver-bearman,ferrari,ferrari,pirelli,1,7,22.457,22457.0
1103,2024,2,8,8,8,22,yuki-tsunoda,rb,honda-rbpt,pirelli,1,7,21.694,21694.0
1103,2024,2,9,9,9,20,kevin-magnussen,haas,ferrari,pirelli,1,7,21.460,21460.0
1103,2024,2,10,10,10,23,alexander-albon,williams,mercedes,pirelli,1,7,21.723,21723.0
1103,2024,2,11,11,11,3,daniel-ricciardo,rb,honda-rbpt,pirelli,1,7,1:03.364,63364.0
1103,2024,2,12,12,12,31,esteban-ocon,alpine,renault,pirelli,1,7,22.502,22502.0
1103,2024,2,13,13,13,77,valtteri-bottas,kick-sauber,ferrari,pirelli,1,7,22.795,22795.0
1103,2024,2,14,14,14,2,logan-sargeant,williams,mercedes,pirelli,1,7,23.645,23645.0
1103,2024,2,15,15,15,27,nico-hulkenberg,haas,ferrari,pirelli,1,33,21.035,21035.0
1103,2024,2,16,16,16,77,valtteri-bottas,kick-sauber,ferrari,pirelli,2,35,23.281,23281.0
1103,2024,2,17,17,17,44,lewis-hamilton,mercedes,mercedes,pirelli,1,36,20.170,20170.0
1103,2024,2,18,18,18,4,lando-norris,mclaren,mercedes,pirelli,1,37,22.211,22211.0
1103,2024,2,19,19,19,24,guanyu-zhou,kick-sauber,ferrari,pirelli,1,41,46.381,46381.0
1104,2024,3,1,1,1,3,daniel-ricciardo,rb,honda-rbpt,pirelli,1,5,18.265,18265.0
1104,2024,3,2,2,2,23,alexander-albon,williams,mercedes,pirelli,1,6,17.755,17755.0
1104,2024,3,3,3,3,24,guanyu-zhou,kick-sauber,ferrari,pirelli,1,6,19.032,19032.0
1104,2024,3,4,4,4,44,lewis-hamilton,mercedes,mercedes,pirelli,1,7,17.596,17596.0
1104,2024,3,5,5,5,20,kevin-magnussen,haas,ferrari,pirelli,1,7,18.301,18301.0
1104,2024,3,6,6,6,63,george-russell,mercedes,mercedes,pirelli,1,8,18.046,18046.0
1104,2024,3,7,7,7,18,lance-stroll,aston-martin,mercedes,pirelli,1,8,17.901,17901.0
1104,2024,3,8,8,8,77,valtteri-bottas,kick-sauber,ferrari,pirelli,1,8,46.969,46969.0
1104,2024,3,9,9,9,16,charles-leclerc,ferrari,ferrari,pirelli,1,9,17.409,17409.0
1104,2024,3,10,10,10,81,oscar-piastri,mclaren,mercedes,pirelli,1,9,17.573,17573.0
1104,2024,3,11,11,11,22,yuki-tsunoda,rb,honda-rbpt,pirelli,1,9,18.523,18523.0
1104,2024,3,12,12,12,31,esteban-ocon,alpine,renault,pirelli,1,9,18.287,18287.0
1104,2024,3,13,13,13,4,lando-norris,mclaren,mercedes,pirelli,1,14,17.776,17776.0
1104,2024,3,14,14,14,11,sergio-perez,red-bull,honda-rbpt,pirelli,1,14,18.112,18112.0
1104,2024,3,15,15,15,55,carlos-sainz-jr,ferrari,ferrari,pirelli,1,16,17.599,17599.0
1104,2024,3,16,16,16,31,esteban-ocon,alpine,renault,pirelli,2,16,30.626,30626.0
1104,2024,3,17,17,17,14,fernando-alonso,aston-martin,mercedes,pirelli,1,17,18.160,18160.0
1104,2024,3,18,18,18,27,nico-hulkenberg,haas,ferrari,pirelli,1,17,18.320,18320.0
1104,2024,3,19,19,19,10,pierre-gasly,alpine,renault,pirelli,1,17,20.316,20316.0
1104,2024,3,20,20,20,23,alexander-albon,williams,mercedes,pirelli,2,27,17.745,17745.0
1104,2024,3,21,21,21,3,daniel-ricciardo,rb,honda-rbpt,pirelli,2,29,17.751,17751.0
1104,2024,3,22,22,22,20,kevin-magnussen,haas,ferrari,pirelli,2,33,18.151,18151.0
1104,2024,3,23,23,23,16,charles-leclerc,ferrari,ferrari,pirelli,2,34,17.308,17308.0
1104,2024,3,24,24,24,11,sergio-perez,red-bull,honda-rbpt,pirelli,2,35,17.222,17222.0
1104,2024,3,25,25,25,27,nico-hulkenberg,haas,ferrari,pirelli,2,35,18.145,18145.0
1104,2024,3,26,26,26,24,guanyu-zhou,kick-sauber,ferrari,pirelli,2,35,36.866,36866.0
1104,2024,3,27,27,27,22,yuki-tsunoda,rb,honda-rbpt,pirelli,2,36,17.535,17535.0
1104,2024,3,28,28,28,77,valtteri-bottas,kick-sauber,ferrari,pirelli,2,36,18.938,18938.0
1104,2024,3,29,29,29,18,lance-stroll,aston-martin,mercedes,pirelli,2,37,17.977,17977.0
1104,2024,3,30,30,30,81,oscar-piastri,mclaren,mercedes,pirelli,2,39,18.533,18533.0
1104,2024,3,31,31,31,4,lando-norris,mclaren,mercedes,pirelli,2,40,17.653,17653.0
1104,2024,3,32,32,32,55,carlos-sainz-jr,ferrari,ferrari,pirelli,2,41,17.740,17740.0
1104,2024,3,33,33,33,14,fernando-alonso,aston-martin,mercedes,pirelli,2,41,17.995,17995.0
1104,2024,3,34,34,34,10,pierre-gasly,alpine,renault,pirelli,2,41,17.682,17682.0
1104,2024,3,35,35,35,31,esteban-ocon,alpine,renault,pirelli,3,42,18.007,18007.0
1104,2024,3,36,36,36,63,george-russell,mercedes,mercedes,pirelli,2,45,17.964,17964.0
1105,2024,4,1,1,1,1,max-verstappen,red-bull,honda-rbpt,pirelli,1,1,26:15.603,1575603.0
1105,2024,4,2,2,2,11,sergio-perez,red-bull,honda-rbpt,pirelli,1,1,26:17.661,1577661.0
1105,2024,4,3,3,3,4,lando-norris,mclaren,mercedes,pirelli,1,1,26:20.116,1580116.0
1105,2024,4,4,4,4,55,carlos-sainz-jr,ferrari,ferrari,pirelli,1,1,26:20.097,1580097.0
1105,2024,4,5,5,5,14,fernando-alonso,aston-martin,mercedes,pirelli,1,1,26:20.924,1580924.0
1105,2024,4,6,6,6,81,oscar-piastri,mclaren,mercedes,pirelli,1,1,26:20.204,1580204.0
1105,2024,4,7,7,7,44,lewis-hamilton,mercedes,mercedes,pirelli,1,1,26:20.696,1580696.0
1105,2024,4,8,8,8,16,charles-leclerc,ferrari,ferrari,pirelli,1,1,26:23.333,1583333.0
1105,2024,4,9,9,9,63,george-russell,mercedes,mercedes,pirelli,1,1,26:21.238,1581238.0
1105,2024,4,10,10,10,27,nico-hulkenberg,haas,ferrari,pirelli,1,1,26:20.886,1580886.0
1105,2024,4,11,11,11,77,valtteri-bottas,kick-sauber,ferrari,pirelli,1,1,26:22.542,1582542.0
1105,2024,4,12,12,12,22,yuki-tsunoda,rb,honda-rbpt,pirelli,1,1,26:24.553,1584553.0
1105,2024,4,13,13,13,31,esteban-ocon,alpine,renault,pirelli,1,1,26:26.095,1586095.0
1105,2024,4,14,14,14,10,pierre-gasly,alpine,renault,pirelli,1,1,26:26.793,1586793.0
1105,2024,4,15,15,15,18,lance-stroll,aston-martin,mercedes,pirelli,1,1,26:25.911,1585911.0
1105,2024,4,16,16,16,20,kevin-magnussen,haas,ferrari,pirelli,1,1,26:24.630,1584630.0
1105,2024,4,17,17,17,2,logan-sargeant,williams,mercedes,pirelli,1,1,26:25.267,1585267.0
1105,2024,4,18,18,18,24,guanyu-zhou,kick-sauber,ferrari,pirelli,1,1,26:22.912,1582912.0
1105,2024,4,19,19,19,27,nico-hulkenberg,haas,ferrari,pirelli,2,5,23.622,23622.0
1105,2024,4,20,20,20,77,valtteri-bottas,kick-sauber,ferrari,pirelli,2,6,24.824,24824.0
1105,2024,4,21,21,21,22,yuki-tsunoda,rb,honda-rbpt,pirelli,2,7,23.358,23358.0
1105,2024,4,22,22,22,24,guanyu-zhou,kick-sauber,ferrari,pirelli,2,7,23.910,23910.0
1105,2024,4,23,23,23,4,lando-norris,mclaren,mercedes,pirelli,2,11,23.049,23049.0
1105,2024,4,24,24,24,24,guanyu-zhou,kick-sauber,ferrari,pirelli,3,11,26.653,26653.0
1105,2024,4,25,25,25,81,oscar-piastri,mclaren,mercedes,pirelli,2,12,23.420,23420.0
1105,2024,4,26,26,26,18,lance-stroll,aston-martin,mercedes,pirelli,2,12,23.358,23358.0
1105,2024,4,27,27,27,14,fernando-alonso,aston-martin,mercedes,pirelli,2,13,22.998,22998.0
1105,2024,4,28,28,28,11,sergio-perez,red-bull,honda-rbpt,pirelli,2,15,22.990,22990.0
1105,2024,4,29,29,29,55,carlos-sainz-jr,ferrari,ferrari,pirelli,2,15,23.136,23136.0
1105,2024,4,30,30,30,1,max-verstappen,red-bull,honda-rbpt,pirelli,2,16,23.177,23177.0
1105,2024,4,31,31,31,10,pierre-gasly,alpine,renault,pirelli,2,16,23.844,23844.0
1105,2024,4,32,32,32,31,esteban-ocon,alpine,renault,pirelli,2,19,23.394,23394.0
1105,2024,4,33,33,33,63,george-russell,mercedes,mercedes,pirelli,2,22,23.577,23577.0
1105,2024,4,34,34,34,20,kevin-magnussen,haas,ferrari,pirelli,2,22,26.198,26198.0
1105,2024,4,35,35,35,77,valtteri-bottas,kick-sauber,ferrari,pirelli,3,22,25.946,25946.0
1105,2024,4,36,36,36,2,logan-sargeant,williams,mercedes,pirelli,2,22,25.530,25530.0
1105,2024,4,37,37,37,22,yuki-tsunoda,rb,honda-rbpt,pirelli,3,22,23.486,23486.0
1105,2024,4,38,38,38,18,lance-stroll,aston-martin,mercedes,pirelli,3,22,23.238,23238.0
1105,2024,4,39,39,39,44,lewis-hamilton,mercedes,mercedes,pirelli,2,23,23.333,23333.0
1105,2024,4,40,40,40,16,charles-leclerc,ferrari,ferrari,pirelli,2,26,23.285,23285.0
1105,2024,4,41,41,41,4,lando-norris,mclaren,mercedes,pirelli,3,26,23.232,23232.0
1105,2024,4,42,42,42,81,oscar-piastri,mclaren,mercedes,pirelli,3,32,22.848,22848.0
1105,2024,4,43,43,43,10,pierre-gasly,alpine,renault,pirelli,3,32,23.102,23102.0
1105,2024,4,44,44,44,11,sergio-perez,red-bull,honda-rbpt,pirelli,3,33,22.956,22956.0
1105,2024,4,45,45,45,14,fernando-alonso,aston-martin,mercedes,pirelli,3,33,23.157,23157.0
1105,2024,4,46,46,46,27,nico-hulkenberg,haas,ferrari,pirelli,3,33,23.993,23993.0
1105,2024,4,47,47,47,31,esteban-ocon,alpine,renault,pirelli,3,33,24.181,24181.0
1105,2024,4,48,48,48,1,max-verstappen,red-bull,honda-rbpt,pirelli,3,34,23.234,23234.0
1105,2024,4,49,49,49,18,lance-stroll,aston-martin,mercedes,pirelli,4,34,22.911,22911.0
1105,2024,4,50,50,50,2,logan-sargeant,williams,mercedes,pirelli,3,34,24.220,24220.0
1105,2024,4,51,51,51,55,carlos-sainz-jr,ferrari,ferrari,pirelli,3,36,23.591,23591.0
1105,2024,4,52,52,52,63,george-russell,mercedes,mercedes,pirelli,3,37,22.991,22991.0
1105,2024,4,53,53,53,44,lewis-hamilton,mercedes,mercedes,pirelli,3,39,23.956,23956.0
1105,2024,4,54,54,54,2,logan-sargeant,williams,mercedes,pirelli,4,41,23.287,23287.0
1106,2024,5,1,1,1,27,nico-hulkenberg,haas,ferrari,pirelli,1,8,23.004,23004.0
1106,2024,5,2,2,2,22,yuki-tsunoda,rb,honda-rbpt,pirelli,1,8,23.160,23160.0
1106,2024,5,3,3,3,24,guanyu-zhou,kick-sauber,ferrari,pirelli,1,8,23.362,23362.0
1106,2024,5,4,4,4,18,lance-stroll,aston-martin,mercedes,pirelli,1,9,23.823,23823.0
1106,2024,5,5,5,5,77,valtteri-bottas,kick-sauber,ferrari,pirelli,1,9,22.949,22949.0
1106,2024,5,6,6,6,31,esteban-ocon,alpine,renault,pirelli,1,9,23.156,23156.0
1106,2024,5,7,7,7,23,alexander-albon,williams,mercedes,pirelli,1,9,23.273,23273.0
1106,2024,5,8,8,8,44,lewis-hamilton,mercedes,mercedes,pirelli,1,9,22.518,22518.0
1106,2024,5,9,9,9,14,fernando-alonso,aston-martin,mercedes,pirelli,1,11,23.049,23049.0
1106,2024,5,10,10,10,63,george-russell,mercedes,mercedes,pirelli,1,11,22.415,22415.0
1106,2024,5,11,11,11,10,pierre-gasly,alpine,renault,pirelli,1,11,39.712,39712.0
1106,2024,5,12,12,12,2,logan-sargeant,williams,mercedes,pirelli,1,12,23.229,23229.0
1106,2024,5,13,13,13,1,max-verstappen,red-bull,honda-rbpt,pirelli,1,13,22.456,22456.0
1106,2024,5,14,14,14,11,sergio-perez,red-bull,honda-rbpt,pirelli,1,13,22.027,22027.0
1106,2024,5,15,15,15,3,daniel-ricciardo,rb,honda-rbpt,pirelli,1,14,22.598,22598.0
1106,2024,5,16,16,16,81,oscar-piastri,mclaren,mercedes,pirelli,1,16,22.673,22673.0
1106,2024,5,17,17,17,55,carlos-sainz-jr,ferrari,ferrari,pirelli,1,17,22.629,22629.0
1106,2024,5,18,18,18,20,kevin-magnussen,haas,ferrari,pirelli,1,17,22.974,22974.0
1106,2024,5,19,19,19,16,charles-leclerc,ferrari,ferrari,pirelli,1,21,22.360,22360.0
1106,2024,5,20,20,20,18,lance-stroll,aston-martin,mercedes,pirelli,2,21,22.911,22911.0
1106,2024,5,21,21,21,44,lewis-hamilton,mercedes,mercedes,pirelli,2,21,22.662,22662.0
1106,2024,5,22,22,22,4,lando-norris,mclaren,mercedes,pirelli,1,22,22.161,22161.0
1106,2024,5,23,23,23,1,max-verstappen,red-bull,honda-rbpt,pirelli,2,23,22.270,22270.0
1106,2024,5,24,24,24,11,sergio-perez,red-bull,honda-rbpt,pirelli,2,23,22.371,22371.0
1106,2024,5,25,25,25,14,fernando-alonso,aston-martin,mercedes,pirelli,2,23,22.687,22687.0
1106,2024,5,26,26,26,63,george-russell,mercedes,mercedes,pirelli,2,23,22.707,22707.0
1106,2024,5,27,27,27,27,nico-hulkenberg,haas,ferrari,pirelli,2,23,23.336,23336.0
1106,2024,5,28,28,28,31,esteban-ocon,alpine,renault,pirelli,2,23,23.208,23208.0
1106,2024,5,29,29,29,22,yuki-tsunoda,rb,honda-rbpt,pirelli,2,23,22.387,22387.0
1106,2024,5,30,30,30,23,alexander-albon,williams,mercedes,pirelli,2,23,23.600,23600.0
1106,2024,5,31,31,31,24,guanyu-zhou,kick-sauber,ferrari,pirelli,2,23,25.610,25610.0
1106,2024,5,32,32,32,10,pierre-gasly,alpine,renault,pirelli,2,23,23.987,23987.0
1106,2024,5,33,33,33,81,oscar-piastri,mclaren,mercedes,pirelli,2,24,22.262,22262.0
1106,2024,5,34,34,34,2,logan-sargeant,williams,mercedes,pirelli,2,24,22.684,22684.0
1106,2024,5,35,35,35,18,lance-stroll,aston-martin,mercedes,pirelli,3,26,1:33.274,93274.0
1106,2024,5,36,36,36,20,kevin-magnussen,haas,ferrari,pirelli,2,27,25.727,25727.0
1106,2024,5,37,37,37,18,lance-stroll,aston-martin,mercedes,pirelli,4,35,34.777,34777.0
1106,2024,5,38,38,38,10,pierre-gasly,alpine,renault,pirelli,3,38,22.836,22836.0
1106,2024,5,39,39,39,24,guanyu-zhou,kick-sauber,ferrari,pirelli,3,40,23.252,23252.0
1106,2024,5,40,40,40,14,fernando-alonso,aston-martin,mercedes,pirelli,3,43,23.179,23179.0
1107,2024,6,1,1,1,23,alexander-albon,williams,mercedes,pirelli,1,10,22.828,22828.0
1107,2024,6,2,2,2,18,lance-stroll,aston-martin,mercedes,pirelli,1,11,23.038,23038.0
1107,2024,6,3,3,3,2,logan-sargeant,williams,mercedes,pirelli,1,11,22.611,22611.0
1107,2024,6,4,4,4,77,valtteri-bottas,kick-sauber,ferrari,pirelli,1,11,23.730,23730.0
1107,2024,6,5,5,5,27,nico-hulkenberg,haas,ferrari,pirelli,1,12,23.055,23055.0
1107,2024,6,6,6,6,10,pierre-gasly,alpine,renault,pirelli,1,12,22.466,22466.0
1107,2024,6,7,7,7,11,sergio-perez,red-bull,honda-rbpt,pirelli,1,17,21.695,21695.0
1107,2024,6,8,8,8,16,charles-leclerc,ferrari,ferrari,pirelli,1,19,21.825,21825.0
1107,2024,6,9,9,9,31,esteban-ocon,alpine,renault,pirelli,1,22,22.663,22663.0
1107,2024,6,10,10,10,14,fernando-alonso,aston-martin,mercedes,pirelli,1,22,22.374,22374.0
1107,2024,6,11,11,11,20,kevin-magnussen,haas,ferrari,pirelli,1,22,23.265,23265.0
1107,2024,6,12,12,12,1,max-verstappen,red-bull,honda-rbpt,pirelli,1,23,22.187,22187.0
1107,2024,6,13,13,13,63,george-russell,mercedes,mercedes,pirelli,1,24,22.800,22800.0
1107,2024,6,14,14,14,44,lewis-hamilton,mercedes,mercedes,pirelli,1,26,22.107,22107.0
1107,2024,6,15,15,15,81,oscar-piastri,mclaren,mercedes,pirelli,1,27,22.216,22216.0
1107,2024,6,16,16,16,55,carlos-sainz-jr,ferrari,ferrari,pirelli,1,27,22.805,22805.0
1107,2024,6,17,17,17,11,sergio-perez,red-bull,honda-rbpt,pirelli,2,28,22.396,22396.0
1107,2024,6,18,18,18,22,yuki-tsunoda,rb,honda-rbpt,pirelli,1,28,22.153,22153.0
1107,2024,6,19,19,19,24,guanyu-zhou,kick-sauber,ferrari,pirelli,1,28,23.017,23017.0
1107,2024,6,20,20,20,3,daniel-ricciardo,rb,honda-rbpt,pirelli,1,28,22.540,22540.0
1107,2024,6,21,21,21,27,nico-hulkenberg,haas,ferrari,pirelli,2,28,22.487,22487.0
1107,2024,6,22,22,22,18,lance-stroll,aston-martin,mercedes,pirelli,2,28,22.631,22631.0
1107,2024,6,23,23,23,20,kevin-magnussen,haas,ferrari,pirelli,2,28,29.727,29727.0
1107,2024,6,24,24,24,4,lando-norris,mclaren,mercedes,pirelli,1,29,22.041,22041.0
1107,2024,6,25,25,25,77,valtteri-bottas,kick-sauber,ferrari,pirelli,2,29,22.765,22765.0
1107,2024,6,26,26,26,20,kevin-magnussen,haas,ferrari,pirelli,3,31,30.732,30732.0
1107,2024,6,27,27,27,81,oscar-piastri,mclaren,mercedes,pirelli,2,40,30.409,30409.0
1107,2024,6,28,28,28,23,alexander-albon,williams,mercedes,pirelli,2,53,22.567,22567.0
1108,2024,7,1,1,1,14,fernando-alonso,aston-martin,mercedes,pirelli,1,7,31.368,31368.0
1108,2024,7,2,2,2,23,alexander-albon,williams,mercedes,pirelli,1,8,30.050,30050.0
1108,2024,7,3,3,3,10,pierre-gasly,alpine,renault,pirelli,1,8,30.081,30081.0
1108,2024,7,4,4,4,77,valtteri-bottas,kick-sauber,ferrari,pirelli,1,8,30.240,30240.0
1108,2024,7,5,5,5,23,alexander-albon,williams,mercedes,pirelli,2,9,33.179,33179.0
1108,2024,7,6,6,6,3,daniel-ricciardo,rb,honda-rbpt,pirelli,1,11,30.068,30068.0
1108,2024,7,7,7,7,22,yuki-tsunoda,rb,honda-rbpt,pirelli,1,12,29.628,29628.0
1108,2024,7,8,8,8,27,nico-hulkenberg,haas,ferrari,pirelli,1,13,29.749,29749.0
1108,2024,7,9,9,9,63,george-russell,mercedes,mercedes,pirelli,1,21,29.664,29664.0
1108,2024,7,10,10,10,4,lando-norris,mclaren,mercedes,pirelli,1,22,29.956,29956.0
1108,2024,7,11,11,11,81,oscar-piastri,mclaren,mercedes,pirelli,1,23,29.770,29770.0
1108,2024,7,12,12,12,1,max-verstappen,red-bull,honda-rbpt,pirelli,1,24,30.416,30416.0
1108,2024,7,13,13,13,23,alexander-albon,williams,mercedes,pirelli,3,23,38.413,38413.0
1108,2024,7,14,14,14,16,charles-leclerc,ferrari,ferrari,pirelli,1,25,30.149,30149.0
1108,2024,7,15,15,15,31,esteban-ocon,alpine,renault,pirelli,1,25,30.659,30659.0
1108,2024,7,16,16,16,55,carlos-sainz-jr,ferrari,ferrari,pirelli,1,27,30.508,30508.0
1108,2024,7,17,17,17,44,lewis-hamilton,mercedes,mercedes,pirelli,1,27,29.547,29547.0
1108,2024,7,18,18,18,23,alexander-albon,williams,mercedes,pirelli,4,28,31.131,31131.0
1108,2024,7,19,19,19,10,pierre-gasly,alpine,renault,pirelli,2,30,30.654,30654.0
1108,2024,7,20,20,20,2,logan-sargeant,williams,mercedes,pirelli,1,31,31.085,31085.0
1108,2024,7,21,21,21,24,guanyu-zhou,kick-sauber,ferrari,pirelli,1,33,30.244,30244.0
1108,2024,7,22,22,22,11,sergio-perez,red-bull,honda-rbpt,pirelli,1,37,29.669,29669.0
1108,2024,7,23,23,23,18,lance-stroll,aston-martin,mercedes,pirelli,1,37,29.971,29971.0
1108,2024,7,24,24,24,20,kevin-magnussen,haas,ferrari,pirelli,1,37,31.302,31302.0
1108,2024,7,25,25,25,14,fernando-alonso,aston-martin,mercedes,pirelli,2,40,30.483,30483.0
1108,2024,7,26,26,26,63,george-russell,mercedes,mercedes,pirelli,2,52,29.605,29605.0
1108,2024,7,27,27,27,14,fernando-alonso,aston-martin,mercedes,pirelli,3,59,29.931,29931.0
1109,2024,8,1,1,1,16,charles-leclerc,ferrari,ferrari,pirelli,1,1,39:18.026,2358026.0
1109,2024,8,2,2,2,81,oscar-piastri,mclaren,mercedes,pirelli,1,1,39:17.645,2357645.0
1109,2024,8,3,3,3,4,lando-norris,mclaren,mercedes,pirelli,1,1,39:25.538,2365538.0
1109,2024,8,4,4,4,63,george-russell,mercedes,mercedes,pirelli,1,1,39:29.363,2369363.0
1109,2024,8,5,5,5,1,max-verstappen,red-bull,honda-rbpt,pirelli,1,1,39:32.670,2372670.0
1109,2024,8,6,6,6,44,lewis-hamilton,mercedes,mercedes,pirelli,1,1,39:35.369,2375369.0
1109,2024,8,7,7,7,22,yuki-tsunoda,rb,honda-rbpt,pirelli,1,1,39:37.564,2377564.0
1109,2024,8,8,8,8,23,alexander-albon,williams,mercedes,pirelli,1,1,39:41.390,2381390.0
1109,2024,8,9,9,9,10,pierre-gasly,alpine,renault,pirelli,1,1,39:41.893,2381893.0
1109,2024,8,10,10,10,18,lance-stroll,aston-martin,mercedes,pirelli,1,1,39:43.588,2383588.0
1109,2024,8,11,11,11,3,daniel-ricciardo,rb,honda-rbpt,pirelli,1,1,39:45.823,2385823.0
1109,2024,8,12,12,12,14,fernando-alonso,aston-martin,mercedes,pirelli,1,1,39:49.467,2389467.0
1109,2024,8,13,13,13,2,logan-sargeant,williams,mercedes,pirelli,1,1,39:51.600,2391600.0
1109,2024,8,14,14,14,77,valtteri-bottas,kick-sauber,ferrari,pirelli,1,1,39:54.053,2394053.0
1109,2024,8,15,15,15,55,carlos-sainz-jr,ferrari,ferrari,pirelli,1,1,38:47.072,2327072.0
1109,2024,8,16,16,16,24,guanyu-zhou,kick-sauber,ferrari,pirelli,1,1,39:46.414,2386414.0
1109,2024,8,17,17,17,77,valtteri-bottas,kick-sauber,ferrari,pirelli,2,15,24.239,24239.0
1109,2024,8,18,18,18,18,lance-stroll,aston-martin,mercedes,pirelli,2,42,24.132,24132.0
1109,2024,8,19,19,19,18,lance-stroll,aston-martin,mercedes,pirelli,3,48,28.211,28211.0
1109,2024,8,20,20,20,44,lewis-hamilton,mercedes,mercedes,pirelli,2,51,24.232,24232.0
1109,2024,8,21,21,21,1,max-verstappen,red-bull,honda-rbpt,pirelli,2,52,23.813,23813.0
1109,2024,8,22,22,22,2,logan-sargeant,williams,mercedes,pirelli,2,57,24.384,24384.0
1109,2024,8,23,23,23,24,guanyu-zhou,kick-sauber,ferrari,pirelli,2,70,24.367,24367.0
1110,2024,9,1,1,1,20,kevin-magnussen,haas,ferrari,pirelli,1,7,30.472,30472.0
1110,2024,9,2,2,2,27,nico-hulkenberg,haas,ferrari,pirelli,1,12,24.233,24233.0
1110,2024,9,3,3,3,24,guanyu-zhou,kick-sauber,ferrari,pirelli,1,24,25.598,25598.0
1110,2024,9,4,4,4,63,george-russell,mercedes,mercedes,pirelli,1,25,24.044,24044.0
1110,2024,9,5,5,5,1,max-verstappen,red-bull,honda-rbpt,pirelli,1,25,24.306,24306.0
1110,2024,9,6,6,6,81,oscar-piastri,mclaren,mercedes,pirelli,1,25,23.977,23977.0
1110,2024,9,7,7,7,14,fernando-alonso,aston-martin,mercedes,pirelli,1,25,25.788,25788.0
1110,2024,9,8,8,8,44,lewis-hamilton,mercedes,mercedes,pirelli,1,25,23.762,23762.0
1110,2024,9,9,9,9,18,lance-stroll,aston-martin,mercedes,pirelli,1,25,24.284,24284.0
1110,2024,9,10,10,10,23,alexander-albon,williams,mercedes,pirelli,1,25,24.753,24753.0
1110,2024,9,11,11,11,16,charles-leclerc,ferrari,ferrari,pirelli,1,25,24.031,24031.0
1110,2024,9,12,12,12,55,carlos-sainz-jr,ferrari,ferrari,pirelli,1,25,27.626,27626.0
1110,2024,9,13,13,13,20,kevin-magnussen,haas,ferrari,pirelli,2,25,26.794,26794.0
1110,2024,9,14,14,14,10,pierre-gasly,alpine,renault,pirelli,1,25,24.911,24911.0
1110,2024,9,15,15,15,11,sergio-perez,red-bull,honda-rbpt,pirelli,1,25,33.762,33762.0
1110,2024,9,16,16,16,27,nico-hulkenberg,haas,ferrari,pirelli,2,25,24.668,24668.0
1110,2024,9,17,17,17,4,lando-norris,mclaren,mercedes,pirelli,1,26,23.423,23423.0
1110,2024,9,18,18,18,3,daniel-ricciardo,rb,honda-rbpt,pirelli,1,26,30.298,30298.0
1110,2024,9,19,19,19,16,charles-leclerc,ferrari,ferrari,pirelli,2,28,47.186,47186.0
1110,2024,9,20,20,20,16,charles-leclerc,ferrari,ferrari,pirelli,3,31,24.629,24629.0
1110,2024,9,21,21,21,10,pierre-gasly,alpine,renault,pirelli,2,40,24.408,24408.0
1110,2024,9,22,22,22,20,kevin-magnussen,haas,ferrari,pirelli,3,41,24.833,24833.0
1110,2024,9,23,23,23,77,valtteri-bottas,kick-sauber,ferrari,pirelli,1,42,24.929,24929.0
1110,2024,9,24,24,24,44,lewis-hamilton,mercedes,mercedes,pirelli,2,43,24.226,24226.0
1110,2024,9,25,25,25,3,daniel-ricciardo,rb,honda-rbpt,pirelli,2,43,23.860,23860.0
1110,2024,9,26,26,26,55,carlos-sainz-jr,ferrari,ferrari,pirelli,2,43,24.125,24125.0
1110,2024,9,27,27,27,11,sergio-perez,red-bull,honda-rbpt,pirelli,2,43,24.423,24423.0
1110,2024,9,28,28,28,81,oscar-piastri,mclaren,mercedes,pirelli,2,44,23.476,23476.0
1110,2024,9,29,29,29,14,fernando-alonso,aston-martin,mercedes,pirelli,2,44,24.346,24346.0
1110,2024,9,30,30,30,22,yuki-tsunoda,rb,honda-rbpt,pirelli,1,44,25.569,25569.0
1110,2024,9,31,31,31,18,lance-stroll,aston-martin,mercedes,pirelli,2,44,25.025,25025.0
1110,2024,9,32,32,32,31,esteban-ocon,alpine,renault,pirelli,1,44,24.495,24495.0
1110,2024,9,33,33,33,23,alexander-albon,williams,mercedes,pirelli,2,44,24.804,24804.0
1110,2024,9,34,34,34,27,nico-hulkenberg,haas,ferrari,pirelli,3,44,24.751,24751.0
1110,2024,9,35,35,35,24,guanyu-zhou,kick-sauber,ferrari,pirelli,2,44,1:05.564,65564.0
1110,2024,9,36,36,36,1,max-verstappen,red-bull,honda-rbpt,pirelli,2,45,24.246,24246.0
1110,2024,9,37,37,37,63,george-russell,mercedes,mercedes,pirelli,2,45,25.431,25431.0
1110,2024,9,38,38,38,4,lando-norris,mclaren,mercedes,pirelli,2,47,23.983,23983.0
1110,2024,9,39,39,39,24,guanyu-zhou,kick-sauber,ferrari,pirelli,3,52,28.375,28375.0
1110,2024,9,40,40,40,63,george-russell,mercedes,mercedes,pirelli,3,54,28.157,28157.0
1110,2024,9,41,41,41,44,lewis-hamilton,mercedes,mercedes,pirelli,3,54,28.817,28817.0
1110,2024,9,42,42,42,20,kevin-magnussen,haas,ferrari,pirelli,4,54,26.845,26845.0
1111,2024,10,1,1,1,24,guanyu-zhou,kick-sauber,ferrari,pirelli,1,9,22.523,22523.0
1111,2024,10,2,2,2,22,yuki-tsunoda,rb,honda-rbpt,pirelli,1,9,22.064,22064.0
1111,2024,10,3,3,3,20,kevin-magnussen,haas,ferrari,pirelli,1,10,23.360,23360.0
1111,2024,10,4,4,4,77,valtteri-bottas,kick-sauber,ferrari,pirelli,1,11,22.744,22744.0
1111,2024,10,5,5,5,27,nico-hulkenberg,haas,ferrari,pirelli,1,12,22.722,22722.0
1111,2024,10,6,6,6,31,esteban-ocon,alpine,renault,pirelli,1,13,21.834,21834.0
1111,2024,10,7,7,7,11,sergio-perez,red-bull,honda-rbpt,pirelli,1,13,22.181,22181.0
1111,2024,10,8,8,8,10,pierre-gasly,alpine,renault,pirelli,1,14,26.097,26097.0
1111,2024,10,9,9,9,2,logan-sargeant,williams,mercedes,pirelli,1,14,22.401,22401.0
1111,2024,10,10,10,10,63,george-russell,mercedes,mercedes,pirelli,1,15,25.023,25023.0
1111,2024,10,11,11,11,55,carlos-sainz-jr,ferrari,ferrari,pirelli,1,15,22.194,22194.0
1111,2024,10,12,12,12,44,lewis-hamilton,mercedes,mercedes,pirelli,1,16,21.840,21840.0
1111,2024,10,13,13,13,3,daniel-ricciardo,rb,honda-rbpt,pirelli,1,16,22.364,22364.0
1111,2024,10,14,14,14,1,max-verstappen,red-bull,honda-rbpt,pirelli,1,17,21.544,21544.0
1111,2024,10,15,15,15,18,lance-stroll,aston-martin,mercedes,pirelli,1,17,21.880,21880.0
1111,2024,10,16,16,16,23,alexander-albon,williams,mercedes,pirelli,1,18,23.248,23248.0
1111,2024,10,17,17,17,14,fernando-alonso,aston-martin,mercedes,pirelli,1,19,21.957,21957.0
1111,2024,10,18,18,18,81,oscar-piastri,mclaren,mercedes,pirelli,1,21,22.224,22224.0
1111,2024,10,19,19,19,4,lando-norris,mclaren,mercedes,pirelli,1,23,21.618,21618.0
1111,2024,10,20,20,20,16,charles-leclerc,ferrari,ferrari,pirelli,1,24,22.260,22260.0
1111,2024,10,21,21,21,22,yuki-tsunoda,rb,honda-rbpt,pirelli,2,27,22.084,22084.0
1111,2024,10,22,22,22,77,valtteri-bottas,kick-sauber,ferrari,pirelli,2,28,22.963,22963.0
1111,2024,10,23,23,23,20,kevin-magnussen,haas,ferrari,pirelli,2,29,28.967,28967.0
1111,2024,10,24,24,24,11,sergio-perez,red-bull,honda-rbpt,pirelli,2,31,21.464,21464.0
1111,2024,10,25,25,25,2,logan-sargeant,williams,mercedes,pirelli,2,34,22.506,22506.0
1111,2024,10,26,26,26,63,george-russell,mercedes,mercedes,pirelli,2,36,22.700,22700.0
1111,2024,10,27,27,27,55,carlos-sainz-jr,ferrari,ferrari,pirelli,2,36,22.249,22249.0
1111,2024,10,28,28,28,31,esteban-ocon,alpine,renault,pirelli,2,37,21.921,21921.0
1111,2024,10,29,29,29,18,lance-stroll,aston-martin,mercedes,pirelli,2,37,23.381,23381.0
1111,2024,10,30,30,30,10,pierre-gasly,alpine,renault,pirelli,2,38,21.687,21687.0
1111,2024,10,31,31,31,27,nico-hulkenberg,haas,ferrari,pirelli,2,38,22.518,22518.0
1111,2024,10,32,32,32,24,guanyu-zhou,kick-sauber,ferrari,pirelli,2,41,24.253,24253.0
1111,2024,10,33,33,33,3,daniel-ricciardo,rb,honda-rbpt,pirelli,2,42,22.108,22108.0
1111,2024,10,34,34,34,44,lewis-hamilton,mercedes,mercedes,pirelli,2,43,21.603,21603.0
1111,2024,10,35,35,35,1,max-verstappen,red-bull,honda-rbpt,pirelli,2,44,22.340,22340.0
1111,2024,10,36,36,36,23,alexander-albon,williams,mercedes,pirelli,2,43,21.892,21892.0
1111,2024,10,37,37,37,22,yuki-tsunoda,rb,honda-rbpt,pirelli,3,44,22.564,22564.0
1111,2024,10,38,38,38,14,fernando-alonso,aston-martin,mercedes,pirelli,2,45,22.571,22571.0
1111,2024,10,39,39,39,81,oscar-piastri,mclaren,mercedes,pirelli,2,46,22.420,22420.0
1111,2024,10,40,40,40,4,lando-norris,mclaren,mercedes,pirelli,2,47,22.631,22631.0
1111,2024,10,41,41,41,16,charles-leclerc,ferrari,ferrari,pirelli,2,47,21.624,21624.0
1111,2024,10,42,42,42,11,sergio-perez,red-bull,honda-rbpt,pirelli,3,49,21.472,21472.0
1112,2024,11,1,1,1,16,charles-leclerc,ferrari,ferrari,pirelli,1,1,31.917,31917.0
1112,2024,11,2,2,2,2,logan-sargeant,williams,mercedes,pirelli,1,1,31.722,31722.0
1112,2024,11,3,3,3,20,kevin-magnussen,haas,ferrari,pirelli,1,10,21.518,21518.0
1112,2024,11,4,4,4,3,daniel-ricciardo,rb,honda-rbpt,pirelli,1,10,21.502,21502.0
1112,2024,11,5,5,5,27,nico-hulkenberg,haas,ferrari,pirelli,1,11,22.355,22355.0
1112,2024,11,6,6,6,14,fernando-alonso,aston-martin,mercedes,pirelli,1,11,21.483,21483.0
1112,2024,11,7,7,7,23,alexander-albon,williams,mercedes,pirelli,1,12,21.878,21878.0
1112,2024,11,8,8,8,16,charles-leclerc,ferrari,ferrari,pirelli,2,16,21.685,21685.0
1112,2024,11,9,9,9,31,esteban-ocon,alpine,renault,pirelli,1,19,22.291,22291.0
1112,2024,11,10,10,10,77,valtteri-bottas,kick-sauber,ferrari,pirelli,1,19,21.918,21918.0
1112,2024,11,11,11,11,10,pierre-gasly,alpine,renault,pirelli,1,20,21.431,21431.0
1112,2024,11,12,12,12,18,lance-stroll,aston-martin,mercedes,pirelli,1,20,21.399,21399.0
1112,2024,11,13,13,13,2,logan-sargeant,williams,mercedes,pirelli,2,20,22.502,22502.0
1112,2024,11,14,14,14,44,lewis-hamilton,mercedes,mercedes,pirelli,1,21,21.563,21563.0
1112,2024,11,15,15,15,11,sergio-perez,red-bull,honda-rbpt,pirelli,1,21,21.291,21291.0
1112,2024,11,16,16,16,22,yuki-tsunoda,rb,honda-rbpt,pirelli,1,21,21.250,21250.0
1112,2024,11,17,17,17,63,george-russell,mercedes,mercedes,pirelli,1,22,21.673,21673.0
1112,2024,11,18,18,18,55,carlos-sainz-jr,ferrari,ferrari,pirelli,1,22,21.226,21226.0
1112,2024,11,19,19,19,1,max-verstappen,red-bull,honda-rbpt,pirelli,1,23,21.899,21899.0
1112,2024,11,20,20,20,4,lando-norris,mclaren,mercedes,pirelli,1,23,21.617,21617.0
1112,2024,11,21,21,21,81,oscar-piastri,mclaren,mercedes,pirelli,1,25,20.978,20978.0
1112,2024,11,22,22,22,24,guanyu-zhou,kick-sauber,ferrari,pirelli,1,28,23.198,23198.0
1112,2024,11,23,23,23,16,charles-leclerc,ferrari,ferrari,pirelli,3,33,22.243,22243.0
1112,2024,11,24,24,24,14,fernando-alonso,aston-martin,mercedes,pirelli,2,35,33.947,33947.0
1112,2024,11,25,25,25,3,daniel-ricciardo,rb,honda-rbpt,pirelli,2,37,21.093,21093.0
1112,2024,11,26,26,26,20,kevin-magnussen,haas,ferrari,pirelli,2,38,21.832,21832.0
1112,2024,11,27,27,27,27,nico-hulkenberg,haas,ferrari,pirelli,2,39,21.814,21814.0
1112,2024,11,28,28,28,23,alexander-albon,williams,mercedes,pirelli,2,39,21.692,21692.0
1112,2024,11,29,29,29,10,pierre-gasly,alpine,renault,pirelli,2,42,22.043,22043.0
1112,2024,11,30,30,30,77,valtteri-bottas,kick-sauber,ferrari,pirelli,2,42,21.991,21991.0
1112,2024,11,31,31,31,31,esteban-ocon,alpine,renault,pirelli,2,43,21.231,21231.0
1112,2024,11,32,32,32,18,lance-stroll,aston-martin,mercedes,pirelli,2,43,21.302,21302.0
1112,2024,11,33,33,33,22,yuki-tsunoda,rb,honda-rbpt,pirelli,2,44,23.444,23444.0
1112,2024,11,34,34,34,63,george-russell,mercedes,mercedes,pirelli,2,46,21.229,21229.0
1112,2024,11,35,35,35,55,carlos-sainz-jr,ferrari,ferrari,pirelli,2,47,21.283,21283.0
1112,2024,11,36,36,36,2,logan-sargeant,williams,mercedes,pirelli,3,49,22.093,22093.0
1112,2024,11,37,37,37,1,max-verstappen,red-bull,honda-rbpt,pirelli,2,51,25.841,25841.0
1112,2024,11,38,38,38,4,lando-norris,mclaren,mercedes,pirelli,2,51,21.411,21411.0
1112,2024,11,39,39,39,81,oscar-piastri,mclaren,mercedes,pirelli,2,51,20.775,20775.0
1112,2024,11,40,40,40,11,sergio-perez,red-bull,honda-rbpt,pirelli,2,51,27.500,27500.0
1112,2024,11,41,41,41,16,charles-leclerc,ferrari,ferrari,pirelli,4,51,20.903,20903.0
1112,2024,11,42,42,42,24,guanyu-zhou,kick-sauber,ferrari,pirelli,2,51,21.594,21594.0
1112,2024,11,43,43,43,44,lewis-hamilton,mercedes,mercedes,pirelli,2,53,27.281,27281.0
1112,2024,11,44,44,44,1,max-verstappen,red-bull,honda-rbpt,pirelli,3,64,22.729,22729.0
1112,2024,11,45,45,45,14,fernando-alonso,aston-martin,mercedes,pirelli,3,68,22.487,22487.0
1113,2024,12,1,1,1,24,guanyu-zhou,kick-sauber,ferrari,pirelli,1,12,29.178,29178.0
1113,2024,12,2,2,2,16,charles-leclerc,ferrari,ferrari,pirelli,1,19,28.481,28481.0
1113,2024,12,3,3,3,11,sergio-perez,red-bull,honda-rbpt,pirelli,1,19,28.391,28391.0
1113,2024,12,4,4,4,31,esteban-ocon,alpine,renault,pirelli,1,19,28.495,28495.0
1113,2024,12,5,5,5,24,guanyu-zhou,kick-sauber,ferrari,pirelli,2,19,29.838,29838.0
1113,2024,12,6,6,6,31,esteban-ocon,alpine,renault,pirelli,2,21,28.276,28276.0
1113,2024,12,7,7,7,1,max-verstappen,red-bull,honda-rbpt,pirelli,1,26,28.365,28365.0
1113,2024,12,8,8,8,55,carlos-sainz-jr,ferrari,ferrari,pirelli,1,26,29.199,29199.0
1113,2024,12,9,9,9,27,nico-hulkenberg,haas,ferrari,pirelli,1,26,29.412,29412.0
1113,2024,12,10,10,10,18,lance-stroll,aston-martin,mercedes,pirelli,1,26,29.023,29023.0
1113,2024,12,11,11,11,3,daniel-ricciardo,rb,honda-rbpt,pirelli,1,26,28.875,28875.0
1113,2024,12,12,12,12,77,valtteri-bottas,kick-sauber,ferrari,pirelli,1,26,30.628,30628.0
1113,2024,12,13,13,13,4,lando-norris,mclaren,mercedes,pirelli,1,27,28.661,28661.0
1113,2024,12,14,14,14,44,lewis-hamilton,mercedes,mercedes,pirelli,1,27,28.929,28929.0
1113,2024,12,15,15,15,63,george-russell,mercedes,mercedes,pirelli,1,27,32.045,32045.0
1113,2024,12,16,16,16,14,fernando-alonso,aston-martin,mercedes,pirelli,1,27,29.341,29341.0
1113,2024,12,17,17,17,22,yuki-tsunoda,rb,honda-rbpt,pirelli,1,27,30.000,30000.0
1113,2024,12,18,18,18,23,alexander-albon,williams,mercedes,pirelli,1,27,34.742,34742.0
1113,2024,12,19,19,19,31,esteban-ocon,alpine,renault,pirelli,3,26,29.289,29289.0
1113,2024,12,20,20,20,20,kevin-magnussen,haas,ferrari,pirelli,1,27,30.308,30308.0
1113,2024,12,21,21,21,2,logan-sargeant,williams,mercedes,pirelli,1,27,32.801,32801.0
1113,2024,12,22,22,22,24,guanyu-zhou,kick-sauber,ferrari,pirelli,3,26,29.125,29125.0
1113,2024,12,23,23,23,81,oscar-piastri,mclaren,mercedes,pirelli,1,28,29.541,29541.0
1113,2024,12,24,24,24,16,charles-leclerc,ferrari,ferrari,pirelli,2,27,29.233,29233.0
1113,2024,12,25,25,25,11,sergio-perez,red-bull,honda-rbpt,pirelli,2,28,32.313,32313.0
1113,2024,12,26,26,26,20,kevin-magnussen,haas,ferrari,pirelli,2,37,29.884,29884.0
1113,2024,12,27,27,27,3,daniel-ricciardo,rb,honda-rbpt,pirelli,2,37,29.873,29873.0
1113,2024,12,28,28,28,77,valtteri-bottas,kick-sauber,ferrari,pirelli,2,37,31.527,31527.0
1113,2024,12,29,29,29,44,lewis-hamilton,mercedes,mercedes,pirelli,2,38,30.038,30038.0
1113,2024,12,30,30,30,1,max-verstappen,red-bull,honda-rbpt,pirelli,2,38,29.076,29076.0
1113,2024,12,31,31,31,81,oscar-piastri,mclaren,mercedes,pirelli,2,38,29.200,29200.0
1113,2024,12,32,32,32,16,charles-leclerc,ferrari,ferrari,pirelli,3,37,29.166,29166.0
1113,2024,12,33,33,33,11,sergio-perez,red-bull,honda-rbpt,pirelli,3,37,29.300,29300.0
1113,2024,12,34,34,34,14,fernando-alonso,aston-martin,mercedes,pirelli,2,38,29.686,29686.0
1113,2024,12,35,35,35,22,yuki-tsunoda,rb,honda-rbpt,pirelli,2,38,29.658,29658.0
1113,2024,12,36,36,36,23,alexander-albon,williams,mercedes,pirelli,2,38,29.410,29410.0
1113,2024,12,37,37,37,2,logan-sargeant,williams,mercedes,pirelli,2,38,29.444,29444.0
1113,2024,12,38,38,38,4,lando-norris,mclaren,mercedes,pirelli,2,39,30.387,30387.0
1113,2024,12,39,39,39,24,guanyu-zhou,kick-sauber,ferrari,pirelli,4,37,33.083,33083.0
1113,2024,12,40,40,40,55,carlos-sainz-jr,ferrari,ferrari,pirelli,2,39,29.097,29097.0
1113,2024,12,41,41,41,27,nico-hulkenberg,haas,ferrari,pirelli,2,39,30.265,30265.0
1113,2024,12,42,42,42,18,lance-stroll,aston-martin,mercedes,pirelli,2,39,29.469,29469.0
1113,2024,12,43,43,43,31,esteban-ocon,alpine,renault,pirelli,4,38,29.086,29086.0
1113,2024,12,44,44,44,11,sergio-perez,red-bull,honda-rbpt,pirelli,4,47,28.871,28871.0
1113,2024,12,45,45,45,55,carlos-sainz-jr,ferrari,ferrari,pirelli,3,50,28.706,28706.0
1114,2024,13,1,1,1,27,nico-hulkenberg,haas,ferrari,pirelli,1,2,22.287,22287.0
1114,2024,13,2,2,2,20,kevin-magnussen,haas,ferrari,pirelli,1,6,21.871,21871.0
1114,2024,13,3,3,3,23,alexander-albon,williams,mercedes,pirelli,1,6,22.091,22091.0
1114,2024,13,4,4,4,31,esteban-ocon,alpine,renault,pirelli,1,6,21.829,21829.0
1114,2024,13,5,5,5,14,fernando-alonso,aston-martin,mercedes,pirelli,1,7,22.542,22542.0
1114,2024,13,6,6,6,3,daniel-ricciardo,rb,honda-rbpt,pirelli,1,7,21.084,21084.0
1114,2024,13,7,7,7,24,guanyu-zhou,kick-sauber,ferrari,pirelli,1,7,21.993,21993.0
1114,2024,13,8,8,8,2,logan-sargeant,williams,mercedes,pirelli,1,8,21.757,21757.0
1114,2024,13,9,9,9,18,lance-stroll,aston-martin,mercedes,pirelli,1,14,23.237,23237.0
1114,2024,13,10,10,10,44,lewis-hamilton,mercedes,mercedes,pirelli,1,16,21.306,21306.0
1114,2024,13,11,11,11,77,valtteri-bottas,kick-sauber,ferrari,pirelli,1,16,22.146,22146.0
1114,2024,13,12,12,12,4,lando-norris,mclaren,mercedes,pirelli,1,17,21.861,21861.0
1114,2024,13,13,13,13,81,oscar-piastri,mclaren,mercedes,pirelli,1,18,21.641,21641.0
1114,2024,13,14,14,14,1,max-verstappen,red-bull,honda-rbpt,pirelli,1,21,22.101,22101.0
1114,2024,13,15,15,15,55,carlos-sainz-jr,ferrari,ferrari,pirelli,1,21,21.655,21655.0
1114,2024,13,16,16,16,16,charles-leclerc,ferrari,ferrari,pirelli,1,23,21.894,21894.0
1114,2024,13,17,17,17,11,sergio-perez,red-bull,honda-rbpt,pirelli,1,28,21.395,21395.0
1114,2024,13,18,18,18,10,pierre-gasly,alpine,renault,pirelli,1,28,21.405,21405.0
1114,2024,13,19,19,19,3,daniel-ricciardo,rb,honda-rbpt,pirelli,2,28,21.378,21378.0
1114,2024,13,20,20,20,22,yuki-tsunoda,rb,honda-rbpt,pirelli,1,29,21.467,21467.0
1114,2024,13,21,21,21,27,nico-hulkenberg,haas,ferrari,pirelli,2,29,22.472,22472.0
1114,2024,13,22,22,22,23,alexander-albon,williams,mercedes,pirelli,2,29,23.410,23410.0
1114,2024,13,23,23,23,31,esteban-ocon,alpine,renault,pirelli,2,30,21.444,21444.0
1114,2024,13,24,24,24,63,george-russell,mercedes,mercedes,pirelli,1,33,21.369,21369.0
1114,2024,13,25,25,25,2,logan-sargeant,williams,mercedes,pirelli,2,33,21.398,21398.0
1114,2024,13,26,26,26,20,kevin-magnussen,haas,ferrari,pirelli,2,34,22.531,22531.0
1114,2024,13,27,27,27,24,guanyu-zhou,kick-sauber,ferrari,pirelli,2,36,22.183,22183.0
1114,2024,13,28,28,28,14,fernando-alonso,aston-martin,mercedes,pirelli,2,37,21.800,21800.0
1114,2024,13,29,29,29,44,lewis-hamilton,mercedes,mercedes,pirelli,2,40,21.910,21910.0
1114,2024,13,30,30,30,16,charles-leclerc,ferrari,ferrari,pirelli,2,40,21.723,21723.0
1114,2024,13,31,31,31,4,lando-norris,mclaren,mercedes,pirelli,2,45,21.249,21249.0
1114,2024,13,32,32,32,18,lance-stroll,aston-martin,mercedes,pirelli,2,45,22.276,22276.0
1114,2024,13,33,33,33,77,valtteri-bottas,kick-sauber,ferrari,pirelli,2,45,21.981,21981.0
1114,2024,13,34,34,34,81,oscar-piastri,mclaren,mercedes,pirelli,2,47,21.823,21823.0
1114,2024,13,35,35,35,55,carlos-sainz-jr,ferrari,ferrari,pirelli,2,47,21.439,21439.0
1114,2024,13,36,36,36,11,sergio-perez,red-bull,honda-rbpt,pirelli,2,47,21.056,21056.0
1114,2024,13,37,37,37,1,max-verstappen,red-bull,honda-rbpt,pirelli,2,49,21.344,21344.0
1114,2024,13,38,38,38,63,george-russell,mercedes,mercedes,pirelli,2,53,21.328,21328.0
1114,2024,13,39,39,39,2,logan-sargeant,williams,mercedes,pirelli,3,63,21.908,21908.0
1114,2024,13,40,40,40,31,esteban-ocon,alpine,renault,pirelli,3,64,21.330,21330.0
1115,2024,14,1,1,1,27,nico-hulkenberg,haas,ferrari,pirelli,1,7,23.562,23562.0
1115,2024,14,2,2,2,23,alexander-albon,williams,mercedes,pirelli,1,8,23.606,23606.0
1115,2024,14,3,3,3,3,daniel-ricciardo,rb,honda-rbpt,pirelli,1,8,22.643,22643.0
1115,2024,14,4,4,4,2,logan-sargeant,williams,mercedes,pirelli,1,8,23.338,23338.0
1115,2024,14,5,5,5,10,pierre-gasly,alpine,renault,pirelli,1,9,22.900,22900.0
1115,2024,14,6,6,6,63,george-russell,mercedes,mercedes,pirelli,1,10,22.686,22686.0
1115,2024,14,7,7,7,1,max-verstappen,red-bull,honda-rbpt,pirelli,1,10,23.214,23214.0
1115,2024,14,8,8,8,44,lewis-hamilton,mercedes,mercedes,pirelli,1,11,23.188,23188.0
1115,2024,14,9,9,9,11,sergio-perez,red-bull,honda-rbpt,pirelli,1,11,22.692,22692.0
1115,2024,14,10,10,10,81,oscar-piastri,mclaren,mercedes,pirelli,1,11,22.623,22623.0
1115,2024,14,11,11,11,77,valtteri-bottas,kick-sauber,ferrari,pirelli,1,11,23.147,23147.0
1115,2024,14,12,12,12,16,charles-leclerc,ferrari,ferrari,pirelli,1,12,22.942,22942.0
1115,2024,14,13,13,13,31,esteban-ocon,alpine,renault,pirelli,1,12,23.366,23366.0
1115,2024,14,14,14,14,18,lance-stroll,aston-martin,mercedes,pirelli,1,12,23.010,23010.0
1115,2024,14,15,15,15,14,fernando-alonso,aston-martin,mercedes,pirelli,1,13,23.075,23075.0
1115,2024,14,16,16,16,4,lando-norris,mclaren,mercedes,pirelli,1,15,22.682,22682.0
1115,2024,14,17,17,17,22,yuki-tsunoda,rb,honda-rbpt,pirelli,1,15,23.452,23452.0
1115,2024,14,18,18,18,20,kevin-magnussen,haas,ferrari,pirelli,1,17,23.619,23619.0
1115,2024,14,19,19,19,55,carlos-sainz-jr,ferrari,ferrari,pirelli,1,20,23.080,23080.0
1115,2024,14,20,20,20,27,nico-hulkenberg,haas,ferrari,pirelli,2,20,23.268,23268.0
1115,2024,14,21,21,21,11,sergio-perez,red-bull,honda-rbpt,pirelli,2,21,22.648,22648.0
1115,2024,14,22,22,22,3,daniel-ricciardo,rb,honda-rbpt,pirelli,2,21,22.328,22328.0
1115,2024,14,23,23,23,23,alexander-albon,williams,mercedes,pirelli,2,23,23.146,23146.0
1115,2024,14,24,24,24,2,logan-sargeant,williams,mercedes,pirelli,2,24,23.692,23692.0
1115,2024,14,25,25,25,16,charles-leclerc,ferrari,ferrari,pirelli,2,25,23.330,23330.0
1115,2024,14,26,26,26,44,lewis-hamilton,mercedes,mercedes,pirelli,2,26,22.704,22704.0
1115,2024,14,27,27,27,1,max-verstappen,red-bull,honda-rbpt,pirelli,2,28,22.943,22943.0
1115,2024,14,28,28,28,55,carlos-sainz-jr,ferrari,ferrari,pirelli,2,28,23.089,23089.0
1115,2024,14,29,29,29,10,pierre-gasly,alpine,renault,pirelli,2,28,22.844,22844.0
1115,2024,14,30,30,30,4,lando-norris,mclaren,mercedes,pirelli,2,29,22.610,22610.0
1115,2024,14,31,31,31,81,oscar-piastri,mclaren,mercedes,pirelli,2,30,24.125,24125.0
1115,2024,14,32,32,32,31,esteban-ocon,alpine,renault,pirelli,2,30,23.546,23546.0
1115,2024,14,33,33,33,77,valtteri-bottas,kick-sauber,ferrari,pirelli,2,35,22.949,22949.0
1115,2024,14,34,34,34,11,sergio-perez,red-bull,honda-rbpt,pirelli,3,42,22.632,22632.0
1116,2024,15,1,1,1,23,alexander-albon,williams,mercedes,pirelli,1,12,21.258,21258.0
1116,2024,15,2,2,2,27,nico-hulkenberg,haas,ferrari,pirelli,1,14,21.619,21619.0
1116,2024,15,3,3,3,22,yuki-tsunoda,rb,honda-rbpt,pirelli,1,14,21.249,21249.0
1116,2024,15,4,4,4,77,valtteri-bottas,kick-sauber,ferrari,pirelli,1,15,21.095,21095.0
1116,2024,15,5,5,5,24,guanyu-zhou,kick-sauber,ferrari,pirelli,1,18,21.214,21214.0
1116,2024,15,6,6,6,2,logan-sargeant,williams,mercedes,pirelli,1,22,22.030,22030.0
1116,2024,15,7,7,7,44,lewis-hamilton,mercedes,mercedes,pirelli,1,23,21.168,21168.0
1116,2024,15,8,8,8,16,charles-leclerc,ferrari,ferrari,pirelli,1,24,20.841,20841.0
1116,2024,15,9,9,9,63,george-russell,mercedes,mercedes,pirelli,1,25,21.846,21846.0
1116,2024,15,10,10,10,1,max-verstappen,red-bull,honda-rbpt,pirelli,1,27,20.785,20785.0
1116,2024,15,11,11,11,4,lando-norris,mclaren,mercedes,pirelli,1,28,21.536,21536.0
1116,2024,15,12,12,12,11,sergio-perez,red-bull,honda-rbpt,pirelli,1,29,22.934,22934.0
1116,2024,15,13,13,13,3,daniel-ricciardo,rb,honda-rbpt,pirelli,1,29,20.942,20942.0
1116,2024,15,14,14,14,55,carlos-sainz-jr,ferrari,ferrari,pirelli,1,30,20.840,20840.0
1116,2024,15,15,15,15,18,lance-stroll,aston-martin,mercedes,pirelli,1,30,21.385,21385.0
1116,2024,15,16,16,16,31,esteban-ocon,alpine,renault,pirelli,1,30,21.015,21015.0
1116,2024,15,17,17,17,14,fernando-alonso,aston-martin,mercedes,pirelli,1,31,21.348,21348.0
1116,2024,15,18,18,18,10,pierre-gasly,alpine,renault,pirelli,1,32,22.646,22646.0
1116,2024,15,19,19,19,22,yuki-tsunoda,rb,honda-rbpt,pirelli,2,32,20.880,20880.0
1116,2024,15,20,20,20,81,oscar-piastri,mclaren,mercedes,pirelli,1,33,20.969,20969.0
1116,2024,15,21,21,21,20,kevin-magnussen,haas,ferrari,pirelli,1,40,21.403,21403.0
1116,2024,15,22,22,22,77,valtteri-bottas,kick-sauber,ferrari,pirelli,2,43,21.273,21273.0
1116,2024,15,23,23,23,44,lewis-hamilton,mercedes,mercedes,pirelli,2,48,21.026,21026.0
1116,2024,15,24,24,24,24,guanyu-zhou,kick-sauber,ferrari,pirelli,2,51,22.044,22044.0
1116,2024,15,25,25,25,63,george-russell,mercedes,mercedes,pirelli,2,54,21.159,21159.0
1116,2024,15,26,26,26,23,alexander-albon,williams,mercedes,pirelli,2,54,21.016,21016.0
1117,2024,16,1,1,1,27,nico-hulkenberg,haas,ferrari,pirelli,1,5,38.875,38875.0
1117,2024,16,2,2,2,10,pierre-gasly,alpine,renault,pirelli,1,10,24.335,24335.0
1117,2024,16,3,3,3,63,george-russell,mercedes,mercedes,pirelli,1,11,32.696,32696.0
1117,2024,16,4,4,4,3,daniel-ricciardo,rb,honda-rbpt,pirelli,1,11,30.317,30317.0
1117,2024,16,5,5,5,14,fernando-alonso,aston-martin,mercedes,pirelli,1,12,24.866,24866.0
1117,2024,16,6,6,6,4,lando-norris,mclaren,mercedes,pirelli,1,14,24.169,24169.0
1117,2024,16,7,7,7,20,kevin-magnussen,haas,ferrari,pirelli,1,14,25.672,25672.0
1117,2024,16,8,8,8,16,charles-leclerc,ferrari,ferrari,pirelli,1,15,24.551,24551.0
1117,2024,16,9,9,9,44,lewis-hamilton,mercedes,mercedes,pirelli,1,15,24.469,24469.0
1117,2024,16,10,10,10,24,guanyu-zhou,kick-sauber,ferrari,pirelli,1,15,27.138,27138.0
1117,2024,16,11,11,11,81,oscar-piastri,mclaren,mercedes,pirelli,1,16,23.793,23793.0
1117,2024,16,12,12,12,43,franco-colapinto,williams,mercedes,pirelli,1,16,25.147,25147.0
1117,2024,16,13,13,13,23,alexander-albon,williams,mercedes,pirelli,1,17,24.801,24801.0
1117,2024,16,14,14,14,55,carlos-sainz-jr,ferrari,ferrari,pirelli,1,19,24.313,24313.0
1117,2024,16,15,15,15,18,lance-stroll,aston-martin,mercedes,pirelli,1,19,24.980,24980.0
1117,2024,16,16,16,16,1,max-verstappen,red-bull,honda-rbpt,pirelli,1,22,28.198,28198.0
1117,2024,16,17,17,17,11,sergio-perez,red-bull,honda-rbpt,pirelli,1,23,24.728,24728.0
1117,2024,16,18,18,18,10,pierre-gasly,alpine,renault,pirelli,2,30,24.203,24203.0
1117,2024,16,19,19,19,31,esteban-ocon,alpine,renault,pirelli,1,31,24.146,24146.0
1117,2024,16,20,20,20,4,lando-norris,mclaren,mercedes,pirelli,2,32,24.870,24870.0
1117,2024,16,21,21,21,27,nico-hulkenberg,haas,ferrari,pirelli,2,32,36.576,36576.0
1117,2024,16,22,22,22,63,george-russell,mercedes,mercedes,pirelli,2,33,26.297,26297.0
1117,2024,16,23,23,23,77,valtteri-bottas,kick-sauber,ferrari,pirelli,1,33,24.410,24410.0
1117,2024,16,24,24,24,11,sergio-perez,red-bull,honda-rbpt,pirelli,2,35,24.030,24030.0
1117,2024,16,25,25,25,14,fernando-alonso,aston-martin,mercedes,pirelli,2,35,24.501,24501.0
1117,2024,16,26,26,26,18,lance-stroll,aston-martin,mercedes,pirelli,2,36,24.209,24209.0
1117,2024,16,27,27,27,44,lewis-hamilton,mercedes,mercedes,pirelli,2,37,24.155,24155.0
1117,2024,16,28,28,28,81,oscar-piastri,mclaren,mercedes,pirelli,2,38,24.670,24670.0
1117,2024,16,29,29,29,1,max-verstappen,red-bull,honda-rbpt,pirelli,2,41,24.150,24150.0
1117,2024,16,30,30,30,18,lance-stroll,aston-martin,mercedes,pirelli,3,50,25.269,25269.0
1118,2024,17,1,1,1,18,lance-stroll,aston-martin,mercedes,pirelli,1,1,21.123,21123.0
1118,2024,17,2,2,2,43,franco-colapinto,williams,mercedes,pirelli,1,10,20.596,20596.0
1118,2024,17,3,3,3,14,fernando-alonso,aston-martin,mercedes,pirelli,1,11,20.073,20073.0
1118,2024,17,4,4,4,77,valtteri-bottas,kick-sauber,ferrari,pirelli,1,11,20.045,20045.0
1118,2024,17,5,5,5,1,max-verstappen,red-bull,honda-rbpt,pirelli,1,12,21.145,21145.0
1118,2024,17,6,6,6,63,george-russell,mercedes,mercedes,pirelli,1,12,19.954,19954.0
1118,2024,17,7,7,7,44,lewis-hamilton,mercedes,mercedes,pirelli,1,12,21.289,21289.0
1118,2024,17,8,8,8,22,yuki-tsunoda,rb,honda-rbpt,pirelli,1,12,20.922,20922.0
1118,2024,17,9,9,9,11,sergio-perez,red-bull,honda-rbpt,pirelli,1,13,20.630,20630.0
1118,2024,17,10,10,10,50,oliver-bearman,haas,ferrari,pirelli,1,14,21.276,21276.0
1118,2024,17,11,11,11,81,oscar-piastri,mclaren,mercedes,pirelli,1,15,20.181,20181.0
1118,2024,17,12,12,12,27,nico-hulkenberg,haas,ferrari,pirelli,1,15,21.617,21617.0
1118,2024,17,13,13,13,16,charles-leclerc,ferrari,ferrari,pirelli,1,16,20.671,20671.0
1118,2024,17,14,14,14,55,carlos-sainz-jr,ferrari,ferrari,pirelli,1,17,21.483,21483.0
1118,2024,17,15,15,15,18,lance-stroll,aston-martin,mercedes,pirelli,2,22,20.214,20214.0
1118,2024,17,16,16,16,23,alexander-albon,williams,mercedes,pirelli,1,31,20.287,20287.0
1118,2024,17,17,17,17,24,guanyu-zhou,kick-sauber,ferrari,pirelli,1,34,20.520,20520.0
1118,2024,17,18,18,18,4,lando-norris,mclaren,mercedes,pirelli,1,37,19.712,19712.0
1118,2024,17,19,19,19,1,max-verstappen,red-bull,honda-rbpt,pirelli,2,49,20.725,20725.0
1118,2024,17,20,20,20,3,daniel-ricciardo,rb,honda-rbpt,pirelli,1,49,21.984,21984.0
1118,2024,17,21,21,21,31,esteban-ocon,alpine,renault,pirelli,1,49,20.634,20634.0
1118,2024,17,22,22,22,10,pierre-gasly,alpine,renault,pirelli,1,50,20.257,20257.0
1119,2024,18,1,1,1,3,daniel-ricciardo,rb,honda-rbpt,pirelli,1,10,30.316,30316.0
1119,2024,18,2,2,2,23,alexander-albon,williams,mercedes,pirelli,1,11,29.126,29126.0
1119,2024,18,3,3,3,55,carlos-sainz-jr,ferrari,ferrari,pirelli,1,13,29.385,29385.0
1119,2024,18,4,4,4,44,lewis-hamilton,mercedes,mercedes,pirelli,1,17,29.272,29272.0
1119,2024,18,5,5,5,14,fernando-alonso,aston-martin,mercedes,pirelli,1,25,29.251,29251.0
1119,2024,18,6,6,6,18,lance-stroll,aston-martin,mercedes,pirelli,1,26,29.816,29816.0
1119,2024,18,7,7,7,63,george-russell,mercedes,mercedes,pirelli,1,27,28.739,28739.0
1119,2024,18,8,8,8,11,sergio-perez,red-bull,honda-rbpt,pirelli,1,28,28.990,28990.0
1119,2024,18,9,9,9,20,kevin-magnussen,haas,ferrari,pirelli,1,28,29.707,29707.0
1119,2024,18,10,10,10,1,max-verstappen,red-bull,honda-rbpt,pirelli,1,29,29.655,29655.0
1119,2024,18,11,11,11,27,nico-hulkenberg,haas,ferrari,pirelli,1,29,29.808,29808.0
1119,2024,18,12,12,12,43,franco-colapinto,williams,mercedes,pirelli,1,29,29.772,29772.0
1119,2024,18,13,13,13,31,esteban-ocon,alpine,renault,pirelli,1,29,29.601,29601.0
1119,2024,18,14,14,14,4,lando-norris,mclaren,mercedes,pirelli,1,30,29.091,29091.0
1119,2024,18,15,15,15,22,yuki-tsunoda,rb,honda-rbpt,pirelli,1,33,29.662,29662.0
1119,2024,18,16,16,16,77,valtteri-bottas,kick-sauber,ferrari,pirelli,1,33,30.423,30423.0
1119,2024,18,17,17,17,24,guanyu-zhou,kick-sauber,ferrari,pirelli,1,34,29.360,29360.0
1119,2024,18,18,18,18,16,charles-leclerc,ferrari,ferrari,pirelli,1,36,29.042,29042.0
1119,2024,18,19,19,19,10,pierre-gasly,alpine,renault,pirelli,1,37,31.509,31509.0
1119,2024,18,20,20,20,81,oscar-piastri,mclaren,mercedes,pirelli,1,38,29.152,29152.0
1119,2024,18,21,21,21,3,daniel-ricciardo,rb,honda-rbpt,pirelli,2,46,29.066,29066.0
1119,2024,18,22,22,22,20,kevin-magnussen,haas,ferrari,pirelli,2,49,31.291,31291.0
1119,2024,18,23,23,23,3,daniel-ricciardo,rb,honda-rbpt,pirelli,3,58,29.653,29653.0
1120,2024,19,1,1,1,23,alexander-albon,williams,mercedes,pirelli,1,3,34.983,34983.0
1120,2024,19,2,2,2,24,guanyu-zhou,kick-sauber,ferrari,pirelli,1,13,24.433,24433.0
1120,2024,19,3,3,3,77,valtteri-bottas,kick-sauber,ferrari,pirelli,1,15,24.439,24439.0
1120,2024,19,4,4,4,20,kevin-magnussen,haas,ferrari,pirelli,1,17,23.966,23966.0
1120,2024,19,5,5,5,10,pierre-gasly,alpine,renault,pirelli,1,18,28.228,28228.0
1120,2024,19,6,6,6,22,yuki-tsunoda,rb,honda-rbpt,pirelli,1,18,24.193,24193.0
1120,2024,19,7,7,7,55,carlos-sainz-jr,ferrari,ferrari,pirelli,1,21,23.963,23963.0
1120,2024,19,8,8,8,1,max-verstappen,red-bull,honda-rbpt,pirelli,1,25,24.228,24228.0
1120,2024,19,9,9,9,16,charles-leclerc,ferrari,ferrari,pirelli,1,26,23.817,23817.0
1120,2024,19,10,10,10,11,sergio-perez,red-bull,honda-rbpt,pirelli,1,26,23.580,23580.0
1120,2024,19,11,11,11,14,fernando-alonso,aston-martin,mercedes,pirelli,1,26,24.247,24247.0
1120,2024,19,12,12,12,27,nico-hulkenberg,haas,ferrari,pirelli,1,27,24.500,24500.0
1120,2024,19,13,13,13,18,lance-stroll,aston-martin,mercedes,pirelli,1,27,26.399,26399.0
1120,2024,19,14,14,14,4,lando-norris,mclaren,mercedes,pirelli,1,31,23.731,23731.0
1120,2024,19,15,15,15,31,esteban-ocon,alpine,renault,pirelli,1,31,24.156,24156.0
1120,2024,19,16,16,16,81,oscar-piastri,mclaren,mercedes,pirelli,1,32,24.107,24107.0
1120,2024,19,17,17,17,23,alexander-albon,williams,mercedes,pirelli,2,33,24.391,24391.0
1120,2024,19,18,18,18,24,guanyu-zhou,kick-sauber,ferrari,pirelli,2,35,24.890,24890.0
1120,2024,19,19,19,19,30,liam-lawson,rb,honda-rbpt,pirelli,1,36,23.839,23839.0
1120,2024,19,20,20,20,20,kevin-magnussen,haas,ferrari,pirelli,2,38,24.087,24087.0
1120,2024,19,21,21,21,43,franco-colapinto,williams,mercedes,pirelli,1,39,23.971,23971.0
1120,2024,19,22,22,22,63,george-russell,mercedes,mercedes,pirelli,1,40,29.327,29327.0
1120,2024,19,23,23,23,31,esteban-ocon,alpine,renault,pirelli,2,51,26.175,26175.0
1121,2024,20,1,1,1,11,sergio-perez,red-bull,honda-rbpt,pirelli,1,20,27.730,27730.0
1121,2024,20,2,2,2,1,max-verstappen,red-bull,honda-rbpt,pirelli,1,26,43.730,43730.0
1121,2024,20,3,3,3,18,lance-stroll,aston-martin,mercedes,pirelli,1,26,22.592,22592.0
1121,2024,20,4,4,4,44,lewis-hamilton,mercedes,mercedes,pirelli,1,28,22.538,22538.0
1121,2024,20,5,5,5,10,pierre-gasly,alpine,renault,pirelli,1,28,23.204,23204.0
1121,2024,20,6,6,6,27,nico-hulkenberg,haas,ferrari,pirelli,1,29,23.077,23077.0
1121,2024,20,7,7,7,4,lando-norris,mclaren,mercedes,pirelli,1,30,22.111,22111.0
1121,2024,20,8,8,8,20,kevin-magnussen,haas,ferrari,pirelli,1,30,23.332,23332.0
1121,2024,20,9,9,9,16,charles-leclerc,ferrari,ferrari,pirelli,1,31,22.860,22860.0
1121,2024,20,10,10,10,63,george-russell,mercedes,mercedes,pirelli,1,31,22.462,22462.0
1121,2024,20,11,11,11,55,carlos-sainz-jr,ferrari,ferrari,pirelli,1,32,22.249,22249.0
1121,2024,20,12,12,12,81,oscar-piastri,mclaren,mercedes,pirelli,1,39,21.825,21825.0
1121,2024,20,13,13,13,30,liam-lawson,rb,honda-rbpt,pirelli,1,39,22.586,22586.0
1121,2024,20,14,14,14,24,guanyu-zhou,kick-sauber,ferrari,pirelli,1,43,22.935,22935.0
1121,2024,20,15,15,15,11,sergio-perez,red-bull,honda-rbpt,pirelli,2,43,22.174,22174.0
1121,2024,20,16,16,16,43,franco-colapinto,williams,mercedes,pirelli,1,47,23.895,23895.0
1121,2024,20,17,17,17,31,esteban-ocon,alpine,renault,pirelli,1,48,23.245,23245.0
1121,2024,20,18,18,18,77,valtteri-bottas,kick-sauber,ferrari,pirelli,1,49,22.505,22505.0
1121,2024,20,19,19,19,30,liam-lawson,rb,honda-rbpt,pirelli,2,65,30.299,30299.0
1121,2024,20,20,20,20,16,charles-leclerc,ferrari,ferrari,pirelli,2,69,22.690,22690.0
1121,2024,20,21,21,21,11,sergio-perez,red-bull,honda-rbpt,pirelli,3,68,21.920,21920.0
1122,2024,21,1,1,1,16,charles-leclerc,ferrari,ferrari,pirelli,1,24,24.573,24573.0
1122,2024,21,2,2,2,27,nico-hulkenberg,haas,ferrari,pirelli,1,25,25.369,25369.0
1122,2024,21,3,3,3,43,franco-colapinto,williams,mercedes,pirelli,1,26,25.287,25287.0
1122,2024,21,4,4,4,81,oscar-piastri,mclaren,mercedes,pirelli,1,27,26.050,26050.0
1122,2024,21,5,5,5,14,fernando-alonso,aston-martin,mercedes,pirelli,1,27,25.107,25107.0
1122,2024,21,6,6,6,50,oliver-bearman,haas,ferrari,pirelli,1,27,35.755,35755.0
1122,2024,21,7,7,7,44,lewis-hamilton,mercedes,mercedes,pirelli,1,27,25.205,25205.0
1122,2024,21,8,8,8,55,carlos-sainz-jr,ferrari,ferrari,pirelli,1,27,25.920,25920.0
1122,2024,21,9,9,9,11,sergio-perez,red-bull,honda-rbpt,pirelli,1,27,26.692,26692.0
1122,2024,21,10,10,10,24,guanyu-zhou,kick-sauber,ferrari,pirelli,1,27,25.248,25248.0
1122,2024,21,11,11,11,63,george-russell,mercedes,mercedes,pirelli,1,28,25.698,25698.0
1122,2024,21,12,12,12,4,lando-norris,mclaren,mercedes,pirelli,1,28,24.764,24764.0
1122,2024,21,13,13,13,22,yuki-tsunoda,rb,honda-rbpt,pirelli,1,28,25.431,25431.0
1122,2024,21,14,14,14,30,liam-lawson,rb,honda-rbpt,pirelli,1,28,28.167,28167.0
1122,2024,21,15,15,15,27,nico-hulkenberg,haas,ferrari,pirelli,2,27,58.984,58984.0
1122,2024,21,16,16,16,24,guanyu-zhou,kick-sauber,ferrari,pirelli,2,28,27.067,27067.0
1122,2024,21,17,17,17,43,franco-colapinto,williams,mercedes,pirelli,2,30,25.239,25239.0
1122,2024,21,18,18,18,27,nico-hulkenberg,haas,ferrari,pirelli,3,29,28.590,28590.0
1122,2024,21,19,19,19,31,esteban-ocon,alpine,renault,pirelli,1,32,23:28.695,1408695.0
1122,2024,21,20,20,20,1,max-verstappen,red-bull,honda-rbpt,pirelli,1,32,23:29.303,1409303.0
1122,2024,21,21,21,21,24,guanyu-zhou,kick-sauber,ferrari,pirelli,3,31,21:23.154,1283154.0
1122,2024,21,22,22,22,10,pierre-gasly,alpine,renault,pirelli,1,32,23:27.586,1407586.0
1122,2024,21,23,23,23,4,lando-norris,mclaren,mercedes,pirelli,2,32,23:35.363,1415363.0
1122,2024,21,24,24,24,63,george-russell,mercedes,mercedes,pirelli,2,32,23:35.838,1415838.0
1122,2024,21,25,25,25,22,yuki-tsunoda,rb,honda-rbpt,pirelli,2,32,23:39.030,1419030.0
1122,2024,21,26,26,26,16,charles-leclerc,ferrari,ferrari,pirelli,2,32,23:40.260,1420260.0
1122,2024,21,27,27,27,81,oscar-piastri,mclaren,mercedes,pirelli,2,32,23:40.270,1420270.0
1122,2024,21,28,28,28,14,fernando-alonso,aston-martin,mercedes,pirelli,2,32,23:42.872,1422872.0
1122,2024,21,29,29,29,30,liam-lawson,rb,honda-rbpt,pirelli,2,32,23:42.722,1422722.0
1122,2024,21,30,30,30,44,lewis-hamilton,mercedes,mercedes,pirelli,2,32,23:45.703,1425703.0
1122,2024,21,31,31,31,77,valtteri-bottas,kick-sauber,ferrari,pirelli,1,32,23:42.094,1422094.0
1122,2024,21,32,32,32,55,carlos-sainz-jr,ferrari,ferrari,pirelli,2,32,23:44.659,1424659.0
1122,2024,21,33,33,33,11,sergio-perez,red-bull,honda-rbpt,pirelli,2,32,23:45.215,1425215.0
1122,2024,21,34,34,34,50,oliver-bearman,haas,ferrari,pirelli,2,32,23:44.737,1424737.0
1122,2024,21,35,35,35,24,guanyu-zhou,kick-sauber,ferrari,pirelli,4,32,1:08.542,68542.0
1123,2024,22,1,1,1,14,fernando-alonso,aston-martin,mercedes,pirelli,1,4,21.407,21407.0
1123,2024,22,2,2,2,16,charles-leclerc,ferrari,ferrari,pirelli,1,9,21.329,21329.0
1123,2024,22,3,3,3,4,lando-norris,mclaren,mercedes,pirelli,1,9,21.194,21194.0
1123,2024,22,4,4,4,23,alexander-albon,williams,mercedes,pirelli,1,9,22.012,22012.0
1123,2024,22,5,5,5,18,lance-stroll,aston-martin,mercedes,pirelli,1,9,34.863,34863.0
1123,2024,22,6,6,6,55,carlos-sainz-jr,ferrari,ferrari,pirelli,1,10,21.048,21048.0
1123,2024,22,7,7,7,10,pierre-gasly,alpine,renault,pirelli,1,10,22.179,22179.0
1123,2024,22,8,8,8,22,yuki-tsunoda,rb,honda-rbpt,pirelli,1,10,21.168,21168.0
1123,2024,22,9,9,9,81,oscar-piastri,mclaren,mercedes,pirelli,1,10,27.732,27732.0
1123,2024,22,10,10,10,1,max-verstappen,red-bull,honda-rbpt,pirelli,1,11,20.697,20697.0
1123,2024,22,11,11,11,31,esteban-ocon,alpine,renault,pirelli,1,11,15.790,15790.0
1123,2024,22,12,12,12,24,guanyu-zhou,kick-sauber,ferrari,pirelli,1,11,22.960,22960.0
1123,2024,22,13,13,13,30,liam-lawson,rb,honda-rbpt,pirelli,1,11,21.049,21049.0
1123,2024,22,14,14,14,63,george-russell,mercedes,mercedes,pirelli,1,12,21.072,21072.0
1123,2024,22,15,15,15,31,esteban-ocon,alpine,renault,pirelli,2,12,21.142,21142.0
1123,2024,22,16,16,16,44,lewis-hamilton,mercedes,mercedes,pirelli,1,13,21.067,21067.0
1123,2024,22,17,17,17,27,nico-hulkenberg,haas,ferrari,pirelli,1,14,21.511,21511.0
1123,2024,22,18,18,18,43,franco-colapinto,williams,mercedes,pirelli,1,16,21.170,21170.0
1123,2024,22,19,19,19,11,sergio-perez,red-bull,honda-rbpt,pirelli,1,17,21.294,21294.0
1123,2024,22,20,20,20,20,kevin-magnussen,haas,ferrari,pirelli,1,17,21.963,21963.0
1123,2024,22,21,21,21,77,valtteri-bottas,kick-sauber,ferrari,pirelli,1,17,21.623,21623.0
1123,2024,22,22,22,22,14,fernando-alonso,aston-martin,mercedes,pirelli,2,24,21.407,21407.0
1123,2024,22,23,23,23,81,oscar-piastri,mclaren,mercedes,pirelli,2,25,21.082,21082.0
1123,2024,22,24,24,24,43,franco-colapinto,williams,mercedes,pirelli,2,26,21.221,21221.0
1123,2024,22,25,25,25,1,max-verstappen,red-bull,honda-rbpt,pirelli,2,27,22.254,22254.0
1123,2024,22,26,26,26,44,lewis-hamilton,mercedes,mercedes,pirelli,2,27,21.355,21355.0
1123,2024,22,27,27,27,55,carlos-sainz-jr,ferrari,ferrari,pirelli,2,28,20.879,20879.0
1123,2024,22,28,28,28,18,lance-stroll,aston-martin,mercedes,pirelli,2,28,21.588,21588.0
1123,2024,22,29,29,29,22,yuki-tsunoda,rb,honda-rbpt,pirelli,2,29,21.208,21208.0
1123,2024,22,30,30,30,4,lando-norris,mclaren,mercedes,pirelli,2,30,20.668,20668.0
1123,2024,22,31,31,31,16,charles-leclerc,ferrari,ferrari,pirelli,2,31,21.585,21585.0
1123,2024,22,32,32,32,63,george-russell,mercedes,mercedes,pirelli,2,32,20.975,20975.0
1123,2024,22,33,33,33,11,sergio-perez,red-bull,honda-rbpt,pirelli,2,32,21.034,21034.0
1123,2024,22,34,34,34,27,nico-hulkenberg,haas,ferrari,pirelli,2,33,21.702,21702.0
1123,2024,22,35,35,35,24,guanyu-zhou,kick-sauber,ferrari,pirelli,2,34,21.761,21761.0
1123,2024,22,36,36,36,77,valtteri-bottas,kick-sauber,ferrari,pirelli,2,35,22.821,22821.0
1123,2024,22,37,37,37,30,liam-lawson,rb,honda-rbpt,pirelli,2,38,20.642,20642.0
1123,2024,22,38,38,38,31,esteban-ocon,alpine,renault,pirelli,3,45,21.858,21858.0
1123,2024,22,39,39,39,4,lando-norris,mclaren,mercedes,pirelli,3,48,21.059,21059.0
1124,2024,23,1,1,1,18,lance-stroll,aston-martin,mercedes,pirelli,1,1,29.783,29783.0
1124,2024,23,2,2,2,27,nico-hulkenberg,haas,ferrari,pirelli,1,1,32.957,32957.0
1124,2024,23,3,3,3,18,lance-stroll,aston-martin,mercedes,pirelli,2,7,41.674,41674.0
1124,2024,23,4,4,4,63,george-russell,mercedes,mercedes,pirelli,1,23,32.309,32309.0
1124,2024,23,5,5,5,77,valtteri-bottas,kick-sauber,ferrari,pirelli,1,24,29.034,29034.0
1124,2024,23,6,6,6,20,kevin-magnussen,haas,ferrari,pirelli,1,27,28.543,28543.0
1124,2024,23,7,7,7,27,nico-hulkenberg,haas,ferrari,pirelli,2,31,28.343,28343.0
1124,2024,23,8,8,8,81,oscar-piastri,mclaren,mercedes,pirelli,1,34,27.818,27818.0
1124,2024,23,9,9,9,55,carlos-sainz-jr,ferrari,ferrari,pirelli,1,34,36.143,36143.0
1124,2024,23,10,10,10,44,lewis-hamilton,mercedes,mercedes,pirelli,1,34,37.915,37915.0
1124,2024,23,11,11,11,1,max-verstappen,red-bull,honda-rbpt,pirelli,1,35,28.303,28303.0
1124,2024,23,12,12,12,4,lando-norris,mclaren,mercedes,pirelli,1,35,28.024,28024.0
1124,2024,23,13,13,13,16,charles-leclerc,ferrari,ferrari,pirelli,1,35,28.460,28460.0
1124,2024,23,14,14,14,11,sergio-perez,red-bull,honda-rbpt,pirelli,1,35,28.088,28088.0
1124,2024,23,15,15,15,10,pierre-gasly,alpine,renault,pirelli,1,35,28.792,28792.0
1124,2024,23,16,16,16,63,george-russell,mercedes,mercedes,pirelli,2,35,27.870,27870.0
1124,2024,23,17,17,17,14,fernando-alonso,aston-martin,mercedes,pirelli,1,35,28.628,28628.0
1124,2024,23,18,18,18,24,guanyu-zhou,kick-sauber,ferrari,pirelli,1,35,29.085,29085.0
1124,2024,23,19,19,19,22,yuki-tsunoda,rb,honda-rbpt,pirelli,1,35,29.024,29024.0
1124,2024,23,20,20,20,23,alexander-albon,williams,mercedes,pirelli,1,35,29.179,29179.0
1124,2024,23,21,21,21,30,liam-lawson,rb,honda-rbpt,pirelli,1,35,45.049,45049.0
1124,2024,23,22,22,22,1,max-verstappen,red-bull,honda-rbpt,pirelli,2,36,23.884,23884.0
1124,2024,23,23,23,23,44,lewis-hamilton,mercedes,mercedes,pirelli,2,35,23.412,23412.0
1124,2024,23,24,24,24,77,valtteri-bottas,kick-sauber,ferrari,pirelli,2,35,28.968,28968.0
1124,2024,23,25,25,25,4,lando-norris,mclaren,mercedes,pirelli,2,36,25.592,25592.0
1124,2024,23,26,26,26,16,charles-leclerc,ferrari,ferrari,pirelli,2,36,25.675,25675.0
1124,2024,23,27,27,27,81,oscar-piastri,mclaren,mercedes,pirelli,2,36,22.867,22867.0
1124,2024,23,28,28,28,11,sergio-perez,red-bull,honda-rbpt,pirelli,2,36,22.705,22705.0
1124,2024,23,29,29,29,10,pierre-gasly,alpine,renault,pirelli,2,36,22.717,22717.0
1124,2024,23,30,30,30,63,george-russell,mercedes,mercedes,pirelli,3,36,22.763,22763.0
1124,2024,23,31,31,31,55,carlos-sainz-jr,ferrari,ferrari,pirelli,2,36,22.776,22776.0
1124,2024,23,32,32,32,14,fernando-alonso,aston-martin,mercedes,pirelli,2,36,28.592,28592.0
1124,2024,23,33,33,33,24,guanyu-zhou,kick-sauber,ferrari,pirelli,2,36,23.228,23228.0
1124,2024,23,34,34,34,20,kevin-magnussen,haas,ferrari,pirelli,2,36,22.696,22696.0
1124,2024,23,35,35,35,22,yuki-tsunoda,rb,honda-rbpt,pirelli,2,36,22.714,22714.0
1124,2024,23,36,36,36,23,alexander-albon,williams,mercedes,pirelli,2,36,22.710,22710.0
1124,2024,23,37,37,37,27,nico-hulkenberg,haas,ferrari,pirelli,3,36,23.810,23810.0
1124,2024,23,38,38,38,30,liam-lawson,rb,honda-rbpt,pirelli,2,36,22.737,22737.0
1124,2024,23,39,39,39,1,max-verstappen,red-bull,honda-rbpt,pirelli,3,37,22.703,22703.0
1124,2024,23,40,40,40,44,lewis-hamilton,mercedes,mercedes,pirelli,3,36,26.815,26815.0
1124,2024,23,41,41,41,4,lando-norris,mclaren,mercedes,pirelli,3,37,28.746,28746.0
1124,2024,23,42,42,42,77,valtteri-bottas,kick-sauber,ferrari,pirelli,3,36,28.140,28140.0
1124,2024,23,43,43,43,16,charles-leclerc,ferrari,ferrari,pirelli,3,37,28.983,28983.0
1124,2024,23,44,44,44,81,oscar-piastri,mclaren,mercedes,pirelli,3,37,29.326,29326.0
1124,2024,23,45,45,45,11,sergio-perez,red-bull,honda-rbpt,pirelli,3,37,29.459,29459.0
1124,2024,23,46,46,46,10,pierre-gasly,alpine,renault,pirelli,3,37,30.488,30488.0
1124,2024,23,47,47,47,63,george-russell,mercedes,mercedes,pirelli,4,37,34.037,34037.0
1124,2024,23,48,48,48,55,carlos-sainz-jr,ferrari,ferrari,pirelli,3,37,34.356,34356.0
1124,2024,23,49,49,49,24,guanyu-zhou,kick-sauber,ferrari,pirelli,3,37,34.818,34818.0
1124,2024,23,50,50,50,14,fernando-alonso,aston-martin,mercedes,pirelli,3,37,32.811,32811.0
1124,2024,23,51,51,51,20,kevin-magnussen,haas,ferrari,pirelli,3,37,33.363,33363.0
1124,2024,23,52,52,52,22,yuki-tsunoda,rb,honda-rbpt,pirelli,3,37,35.849,35849.0
1124,2024,23,53,53,53,23,alexander-albon,williams,mercedes,pirelli,3,37,36.548,36548.0
1124,2024,23,54,54,54,27,nico-hulkenberg,haas,ferrari,pirelli,4,37,37.692,37692.0
1124,2024,23,55,55,55,30,liam-lawson,rb,honda-rbpt,pirelli,3,37,26.790,26790.0
1124,2024,23,56,56,56,22,yuki-tsunoda,rb,honda-rbpt,pirelli,4,40,29.271,29271.0
1124,2024,23,57,57,57,30,liam-lawson,rb,honda-rbpt,pirelli,4,40,34.655,34655.0
1124,2024,23,58,58,58,4,lando-norris,mclaren,mercedes,pirelli,4,45,36.069,36069.0
1124,2024,23,59,59,59,44,lewis-hamilton,mercedes,mercedes,pirelli,4,47,22.705,22705.0
1124,2024,23,60,60,60,23,alexander-albon,williams,mercedes,pirelli,4,55,39.687,39687.0
1125,2024,24,1,1,1,43,franco-colapinto,williams,mercedes,pirelli,1,3,24.941,24941.0
1125,2024,24,2,2,2,81,oscar-piastri,mclaren,mercedes,pirelli,1,4,23.582,23582.0
1125,2024,24,3,3,3,77,valtteri-bottas,kick-sauber,ferrari,pirelli,1,6,41.144,41144.0
1125,2024,24,4,4,4,18,lance-stroll,aston-martin,mercedes,pirelli,1,11,23.266,23266.0
1125,2024,24,5,5,5,20,kevin-magnussen,haas,ferrari,pirelli,1,12,26.363,26363.0
1125,2024,24,6,6,6,24,guanyu-zhou,kick-sauber,ferrari,pirelli,1,12,23.024,23024.0
1125,2024,24,7,7,7,23,alexander-albon,williams,mercedes,pirelli,1,12,22.065,22065.0
1125,2024,24,8,8,8,27,nico-hulkenberg,haas,ferrari,pirelli,1,13,21.530,21530.0
1125,2024,24,9,9,9,14,fernando-alonso,aston-martin,mercedes,pirelli,1,13,23.326,23326.0
1125,2024,24,10,10,10,10,pierre-gasly,alpine,renault,pirelli,1,14,22.059,22059.0
1125,2024,24,11,11,11,16,charles-leclerc,ferrari,ferrari,pirelli,1,20,21.869,21869.0
1125,2024,24,12,12,12,22,yuki-tsunoda,rb,honda-rbpt,pirelli,1,22,21.869,21869.0
1125,2024,24,13,13,13,61,jack-doohan,alpine,renault,pirelli,1,22,22.080,22080.0
1125,2024,24,14,14,14,30,liam-lawson,rb,honda-rbpt,pirelli,1,23,23.415,23415.0
1125,2024,24,15,15,15,30,liam-lawson,rb,honda-rbpt,pirelli,2,24,22.565,22565.0
1125,2024,24,16,16,16,55,carlos-sainz-jr,ferrari,ferrari,pirelli,1,25,21.280,21280.0
1125,2024,24,17,17,17,4,lando-norris,mclaren,mercedes,pirelli,1,26,21.276,21276.0
1125,2024,24,18,18,18,63,george-russell,mercedes,mercedes,pirelli,1,26,21.656,21656.0
1125,2024,24,19,19,19,1,max-verstappen,red-bull,honda-rbpt,pirelli,1,29,32.652,32652.0
1125,2024,24,20,20,20,20,kevin-magnussen,haas,ferrari,pirelli,2,29,21.678,21678.0
1125,2024,24,21,21,21,30,liam-lawson,rb,honda-rbpt,pirelli,3,29,32.317,32317.0
1125,2024,24,22,22,22,20,kevin-magnussen,haas,ferrari,pirelli,3,30,22.815,22815.0
1125,2024,24,23,23,23,81,oscar-piastri,mclaren,mercedes,pirelli,2,32,32.774,32774.0
1125,2024,24,24,24,24,18,lance-stroll,aston-martin,mercedes,pirelli,2,32,22.053,22053.0
1125,2024,24,25,25,25,44,lewis-hamilton,mercedes,mercedes,pirelli,1,34,21.694,21694.0
1125,2024,24,26,26,26,14,fernando-alonso,aston-martin,mercedes,pirelli,2,37,22.437,22437.0
1125,2024,24,27,27,27,24,guanyu-zhou,kick-sauber,ferrari,pirelli,2,39,28.765,28765.0
1125,2024,24,28,28,28,20,kevin-magnussen,haas,ferrari,pirelli,4,55,22.090,22090.0
1126,2025,1,1,1,1,4,lando-norris,mclaren,mercedes,pirelli,1,2,13.341,13341.0
1126,2025,1,2,2,2,1,max-verstappen,red-bull,honda-rbpt,pirelli,1,2,13.416,13416.0
1126,2025,1,3,3,3,81,oscar-piastri,mclaren,mercedes,pirelli,1,2,13.078,13078.0
1126,2025,1,4,4,4,63,george-russell,mercedes,mercedes,pirelli,1,2,13.672,13672.0
1126,2025,1,5,5,5,16,charles-leclerc,ferrari,ferrari,pirelli,1,2,14.182,14182.0
1126,2025,1,6,6,6,22,yuki-tsunoda,racing-bulls,honda-rbpt,pirelli,1,2,14.957,14957.0
1126,2025,1,7,7,7,23,alexander-albon,williams,mercedes,pirelli,1,2,15.020,15020.0
1126,2025,1,8,8,8,44,lewis-hamilton,ferrari,ferrari,pirelli,1,2,15.002,15002.0
1126,2025,1,9,9,9,10,pierre-gasly,alpine,renault,pirelli,1,2,15.104,15104.0
1126,2025,1,10,10,10,14,fernando-alonso,aston-martin,mercedes,pirelli,1,2,15.535,15535.0
1126,2025,1,11,11,11,18,lance-stroll,aston-martin,mercedes,pirelli,1,2,15.505,15505.0
1126,2025,1,12,12,12,27,nico-hulkenberg,kick-sauber,ferrari,pirelli,1,2,15.130,15130.0
1126,2025,1,13,13,13,12,kimi-antonelli,mercedes,mercedes,pirelli,1,2,14.658,14658.0
1126,2025,1,14,14,14,5,gabriel-bortoleto,kick-sauber,ferrari,pirelli,1,2,14.432,14432.0
1126,2025,1,15,15,15,31,esteban-ocon,haas,ferrari,pirelli,1,2,14.395,14395.0
1126,2025,1,16,16,16,30,liam-lawson,red-bull,honda-rbpt,pirelli,1,2,14.790,14790.0
1126,2025,1,17,17,17,87,oliver-bearman,haas,ferrari,pirelli,1,2,14.605,14605.0
1126,2025,1,18,18,18,4,lando-norris,mclaren,mercedes,pirelli,2,3,12.910,12910.0
1126,2025,1,19,19,19,1,max-verstappen,red-bull,honda-rbpt,pirelli,2,3,13.740,13740.0
1126,2025,1,20,20,20,81,oscar-piastri,mclaren,mercedes,pirelli,2,3,13.838,13838.0
1126,2025,1,21,21,21,63,george-russell,mercedes,mercedes,pirelli,2,3,14.104,14104.0
1126,2025,1,22,22,22,16,charles-leclerc,ferrari,ferrari,pirelli,2,3,14.621,14621.0
1126,2025,1,23,23,23,22,yuki-tsunoda,racing-bulls,honda-rbpt,pirelli,2,3,15.223,15223.0
1126,2025,1,24,24,24,23,alexander-albon,williams,mercedes,pirelli,2,3,16.993,16993.0
1126,2025,1,25,25,25,44,lewis-hamilton,ferrari,ferrari,pirelli,2,3,16.191,16191.0
1126,2025,1,26,26,26,10,pierre-gasly,alpine,renault,pirelli,2,3,15.744,15744.0
1126,2025,1,27,27,27,14,fernando-alonso,aston-martin,mercedes,pirelli,2,3,16.241,16241.0
1126,2025,1,28,28,28,18,lance-stroll,aston-martin,mercedes,pirelli,2,3,16.014,16014.0
1126,2025,1,29,29,29,27,nico-hulkenberg,kick-sauber,ferrari,pirelli,2,3,15.971,15971.0
1126,2025,1,30,30,30,12,kimi-antonelli,mercedes,mercedes,pirelli,2,3,16.374,16374.0
1126,2025,1,31,31,31,5,gabriel-bortoleto,kick-sauber,ferrari,pirelli,2,3,16.363,16363.0
1126,2025,1,32,32,32,31,esteban-ocon,haas,ferrari,pirelli,2,3,16.477,16477.0
1126,2025,1,33,33,33,30,liam-lawson,red-bull,honda-rbpt,pirelli,2,3,16.309,16309.0
1126,2025,1,34,34,34,87,oliver-bearman,haas,ferrari,pirelli,2,3,16.347,16347.0
1126,2025,1,35,35,35,4,lando-norris,mclaren,mercedes,pirelli,3,4,12.804,12804.0
1126,2025,1,36,36,36,1,max-verstappen,red-bull,honda-rbpt,pirelli,3,4,12.938,12938.0
1126,2025,1,37,37,37,81,oscar-piastri,mclaren,mercedes,pirelli,3,4,12.816,12816.0
1126,2025,1,38,38,38,63,george-russell,mercedes,mercedes,pirelli,3,4,13.696,13696.0
1126,2025,1,39,39,39,16,charles-leclerc,ferrari,ferrari,pirelli,3,4,14.129,14129.0
1126,2025,1,40,40,40,22,yuki-tsunoda,racing-bulls,honda-rbpt,pirelli,3,4,13.605,13605.0
1126,2025,1,41,41,41,23,alexander-albon,williams,mercedes,pirelli,3,4,14.285,14285.0
1126,2025,1,42,42,42,44,lewis-hamilton,ferrari,ferrari,pirelli,3,4,14.789,14789.0
1126,2025,1,43,43,43,10,pierre-gasly,alpine,renault,pirelli,3,4,14.710,14710.0
1126,2025,1,44,44,44,14,fernando-alonso,aston-martin,mercedes,pirelli,3,4,15.034,15034.0
1126,2025,1,45,45,45,18,lance-stroll,aston-martin,mercedes,pirelli,3,4,14.451,14451.0
1126,2025,1,46,46,46,27,nico-hulkenberg,kick-sauber,ferrari,pirelli,3,4,14.198,14198.0
1126,2025,1,47,47,47,12,kimi-antonelli,mercedes,mercedes,pirelli,3,4,13.975,13975.0
1126,2025,1,48,48,48,5,gabriel-bortoleto,kick-sauber,ferrari,pirelli,3,4,14.206,14206.0
1126,2025,1,49,49,49,31,esteban-ocon,haas,ferrari,pirelli,3,4,19.649,19649.0
1126,2025,1,50,50,50,30,liam-lawson,red-bull,honda-rbpt,pirelli,3,4,18.880,18880.0
1126,2025,1,51,51,51,87,oliver-bearman,haas,ferrari,pirelli,3,4,22.494,22494.0
1126,2025,1,52,52,52,22,yuki-tsunoda,racing-bulls,honda-rbpt,pirelli,4,33,18.997,18997.0
1126,2025,1,53,53,53,23,alexander-albon,williams,mercedes,pirelli,4,33,18.573,18573.0
1126,2025,1,54,54,54,44,lewis-hamilton,ferrari,ferrari,pirelli,4,33,18.526,18526.0
1126,2025,1,55,55,55,10,pierre-gasly,alpine,renault,pirelli,4,33,19.589,19589.0
1126,2025,1,56,56,56,12,kimi-antonelli,mercedes,mercedes,pirelli,4,33,18.912,18912.0
1126,2025,1,57,57,57,18,lance-stroll,aston-martin,mercedes,pirelli,4,33,18.802,18802.0
1126,2025,1,58,58,58,27,nico-hulkenberg,kick-sauber,ferrari,pirelli,4,33,21.123,21123.0
1126,2025,1,59,59,59,5,gabriel-bortoleto,kick-sauber,ferrari,pirelli,4,33,24.073,24073.0
1126,2025,1,60,60,60,4,lando-norris,mclaren,mercedes,pirelli,4,34,18.464,18464.0
1126,2025,1,61,61,61,81,oscar-piastri,mclaren,mercedes,pirelli,4,34,19.719,19719.0
1126,2025,1,62,62,62,30,liam-lawson,red-bull,honda-rbpt,pirelli,4,33,20.067,20067.0
1126,2025,1,63,63,63,1,max-verstappen,red-bull,honda-rbpt,pirelli,4,34,18.700,18700.0
1126,2025,1,64,64,64,63,george-russell,mercedes,mercedes,pirelli,4,34,19.125,19125.0
1126,2025,1,65,65,65,16,charles-leclerc,ferrari,ferrari,pirelli,4,34,18.154,18154.0
1126,2025,1,66,66,66,31,esteban-ocon,haas,ferrari,pirelli,4,39,18.778,18778.0
1126,2025,1,67,67,67,87,oliver-bearman,haas,ferrari,pirelli,4,39,22.441,22441.0
1126,2025,1,68,68,68,4,lando-norris,mclaren,mercedes,pirelli,5,44,18.031,18031.0
1126,2025,1,69,69,69,63,george-russell,mercedes,mercedes,pirelli,5,44,19.378,19378.0
1126,2025,1,70,70,70,23,alexander-albon,williams,mercedes,pirelli,5,44,18.952,18952.0
1126,2025,1,71,71,71,12,kimi-antonelli,mercedes,mercedes,pirelli,5,44,21.946,21946.0
1126,2025,1,72,72,72,18,lance-stroll,aston-martin,mercedes,pirelli,5,44,18.901,18901.0
1126,2025,1,73,73,73,27,nico-hulkenberg,kick-sauber,ferrari,pirelli,5,44,20.209,20209.0
1126,2025,1,74,74,74,5,gabriel-bortoleto,kick-sauber,ferrari,pirelli,5,44,26.214,26214.0
1126,2025,1,75,75,75,81,oscar-piastri,mclaren,mercedes,pirelli,5,44,19.850,19850.0
1126,2025,1,76,76,76,87,oliver-bearman,haas,ferrari,pirelli,5,44,19.370,19370.0
1126,2025,1,77,77,77,1,max-verstappen,red-bull,honda-rbpt,pirelli,5,46,18.721,18721.0
1126,2025,1,78,78,78,10,pierre-gasly,alpine,renault,pirelli,5,46,19.482,19482.0
1126,2025,1,79,79,79,31,esteban-ocon,haas,ferrari,pirelli,5,46,19.858,19858.0
1126,2025,1,80,80,80,44,lewis-hamilton,ferrari,ferrari,pirelli,5,47,20.802,20802.0
1126,2025,1,81,81,81,16,charles-leclerc,ferrari,ferrari,pirelli,5,47,24.528,24528.0
1126,2025,1,82,82,82,22,yuki-tsunoda,racing-bulls,honda-rbpt,pirelli,5,47,19.312,19312.0
1127,2025,2,1,1,1,5,gabriel-bortoleto,kick-sauber,ferrari,pirelli,1,1,23.385,23385.0
1127,2025,2,2,2,2,10,pierre-gasly,alpine,renault,pirelli,1,10,23.138,23138.0
1127,2025,2,3,3,3,22,yuki-tsunoda,racing-bulls,honda-rbpt,pirelli,1,11,22.519,22519.0
1127,2025,2,4,4,4,31,esteban-ocon,haas,ferrari,pirelli,1,11,23.114,23114.0
1127,2025,2,5,5,5,7,jack-doohan,alpine,renault,pirelli,1,11,22.793,22793.0
1127,2025,2,6,6,6,12,kimi-antonelli,mercedes,mercedes,pirelli,1,12,22.675,22675.0
1127,2025,2,7,7,7,6,isack-hadjar,racing-bulls,honda-rbpt,pirelli,1,12,22.896,22896.0
1127,2025,2,8,8,8,44,lewis-hamilton,ferrari,ferrari,pirelli,1,13,22.388,22388.0
1127,2025,2,9,9,9,1,max-verstappen,red-bull,honda-rbpt,pirelli,1,13,22.454,22454.0
1127,2025,2,10,10,10,81,oscar-piastri,mclaren,mercedes,pirelli,1,14,23.938,23938.0
1127,2025,2,11,11,11,63,george-russell,mercedes,mercedes,pirelli,1,14,22.324,22324.0
1127,2025,2,12,12,12,4,lando-norris,mclaren,mercedes,pirelli,1,15,22.213,22213.0
1127,2025,2,13,13,13,16,charles-leclerc,ferrari,ferrari,pirelli,1,15,22.151,22151.0
1127,2025,2,14,14,14,55,carlos-sainz-jr,williams,mercedes,pirelli,1,17,22.721,22721.0
1127,2025,2,15,15,15,30,liam-lawson,red-bull,honda-rbpt,pirelli,1,18,22.536,22536.0
1127,2025,2,16,16,16,23,alexander-albon,williams,mercedes,pirelli,1,20,23.362,23362.0
1127,2025,2,17,17,17,27,nico-hulkenberg,kick-sauber,ferrari,pirelli,1,20,22.959,22959.0
1127,2025,2,18,18,18,87,oliver-bearman,haas,ferrari,pirelli,1,26,22.808,22808.0
1127,2025,2,19,19,19,5,gabriel-bortoleto,kick-sauber,ferrari,pirelli,2,26,22.790,22790.0
1127,2025,2,20,20,20,30,liam-lawson,red-bull,honda-rbpt,pirelli,2,30,22.355,22355.0
1127,2025,2,21,21,21,6,isack-hadjar,racing-bulls,honda-rbpt,pirelli,2,33,22.234,22234.0
1127,2025,2,22,22,22,22,yuki-tsunoda,racing-bulls,honda-rbpt,pirelli,2,35,22.583,22583.0
1127,2025,2,23,23,23,18,lance-stroll,aston-martin,mercedes,pirelli,1,36,22.995,22995.0
1127,2025,2,24,24,24,44,lewis-hamilton,ferrari,ferrari,pirelli,2,37,22.364,22364.0
1127,2025,2,25,25,25,22,yuki-tsunoda,racing-bulls,honda-rbpt,pirelli,3,46,38.102,38102.0
1128,2025,3,1,1,1,18,lance-stroll,aston-martin,mercedes,pirelli,1,9,23.724,23724.0
1128,2025,3,2,2,2,7,jack-doohan,alpine,renault,pirelli,1,15,23.382,23382.0
1128,2025,3,3,3,3,63,george-russell,mercedes,mercedes,pirelli,1,19,23.184,23184.0
1128,2025,3,4,4,4,81,oscar-piastri,mclaren,mercedes,pirelli,1,20,23.037,23037.0
1128,2025,3,5,5,5,1,max-verstappen,red-bull,honda-rbpt,pirelli,1,21,24.397,24397.0
1128,2025,3,6,6,6,4,lando-norris,mclaren,mercedes,pirelli,1,21,23.222,23222.0
1128,2025,3,7,7,7,16,charles-leclerc,ferrari,ferrari,pirelli,1,21,23.346,23346.0
1128,2025,3,8,8,8,27,nico-hulkenberg,kick-sauber,ferrari,pirelli,1,22,23.515,23515.0
1128,2025,3,9,9,9,87,oliver-bearman,haas,ferrari,pirelli,1,23,24.834,24834.0
1128,2025,3,10,10,10,22,yuki-tsunoda,red-bull,honda-rbpt,pirelli,1,23,24.181,24181.0
1128,2025,3,11,11,11,23,alexander-albon,williams,mercedes,pirelli,1,24,23.093,23093.0
1128,2025,3,12,12,12,14,fernando-alonso,aston-martin,mercedes,pirelli,1,24,25.708,25708.0
1128,2025,3,13,13,13,10,pierre-gasly,alpine,renault,pirelli,1,24,26.041,26041.0
1128,2025,3,14,14,14,6,isack-hadjar,racing-bulls,honda-rbpt,pirelli,1,25,23.333,23333.0
1128,2025,3,15,15,15,44,lewis-hamilton,ferrari,ferrari,pirelli,1,30,22.937,22937.0
1128,2025,3,16,16,16,18,lance-stroll,aston-martin,mercedes,pirelli,2,30,23.608,23608.0
1128,2025,3,17,17,17,12,kimi-antonelli,mercedes,mercedes,pirelli,1,31,24.380,24380.0
1128,2025,3,18,18,18,5,gabriel-bortoleto,kick-sauber,ferrari,pirelli,1,31,23.419,23419.0
1128,2025,3,19,19,19,31,esteban-ocon,haas,ferrari,pirelli,1,32,24.464,24464.0
1128,2025,3,20,20,20,30,liam-lawson,racing-bulls,honda-rbpt,pirelli,1,33,23.662,23662.0
1128,2025,3,21,21,21,55,carlos-sainz-jr,williams,mercedes,pirelli,1,33,23.337,23337.0
1129,2025,4,1,1,1,27,nico-hulkenberg,kick-sauber,ferrari,pirelli,1,5,24.229,24229.0
1129,2025,4,2,2,2,6,isack-hadjar,racing-bulls,honda-rbpt,pirelli,1,6,25.265,25265.0
1129,2025,4,3,3,3,31,esteban-ocon,haas,ferrari,pirelli,1,8,24.876,24876.0
1129,2025,4,4,4,4,7,jack-doohan,alpine,renault,pirelli,1,9,24.791,24791.0
1129,2025,4,5,5,5,4,lando-norris,mclaren,mercedes,pirelli,1,10,29.822,29822.0
1129,2025,4,6,6,6,10,pierre-gasly,alpine,renault,pirelli,1,10,25.033,25033.0
1129,2025,4,7,7,7,1,max-verstappen,red-bull,honda-rbpt,pirelli,1,10,26.518,26518.0
1129,2025,4,8,8,8,22,yuki-tsunoda,red-bull,honda-rbpt,pirelli,1,11,26.493,26493.0
1129,2025,4,9,9,9,12,kimi-antonelli,mercedes,mercedes,pirelli,1,12,24.807,24807.0
1129,2025,4,10,10,10,18,lance-stroll,aston-martin,mercedes,pirelli,1,12,24.611,24611.0
1129,2025,4,11,11,11,63,george-russell,mercedes,mercedes,pirelli,1,13,24.044,24044.0
1129,2025,4,12,12,12,5,gabriel-bortoleto,kick-sauber,ferrari,pirelli,1,13,24.143,24143.0
1129,2025,4,13,13,13,81,oscar-piastri,mclaren,mercedes,pirelli,1,14,24.498,24498.0
1129,2025,4,14,14,14,55,carlos-sainz-jr,williams,mercedes,pirelli,1,14,24.600,24600.0
1129,2025,4,15,15,15,87,oliver-bearman,haas,ferrari,pirelli,1,14,24.562,24562.0
1129,2025,4,16,16,16,30,liam-lawson,racing-bulls,honda-rbpt,pirelli,1,14,25.242,25242.0
1129,2025,4,17,17,17,23,alexander-albon,williams,mercedes,pirelli,1,16,25.394,25394.0
1129,2025,4,18,18,18,14,fernando-alonso,aston-martin,mercedes,pirelli,1,16,24.826,24826.0
1129,2025,4,19,19,19,16,charles-leclerc,ferrari,ferrari,pirelli,1,17,24.802,24802.0
1129,2025,4,20,20,20,44,lewis-hamilton,ferrari,ferrari,pirelli,1,17,24.340,24340.0
1129,2025,4,21,21,21,1,max-verstappen,red-bull,honda-rbpt,pirelli,2,26,28.067,28067.0
1129,2025,4,22,22,22,31,esteban-ocon,haas,ferrari,pirelli,2,27,24.832,24832.0
1129,2025,4,23,23,23,12,kimi-antonelli,mercedes,mercedes,pirelli,2,27,24.506,24506.0
1129,2025,4,24,24,24,27,nico-hulkenberg,kick-sauber,ferrari,pirelli,2,27,24.291,24291.0
1129,2025,4,25,25,25,10,pierre-gasly,alpine,renault,pirelli,2,28,24.958,24958.0
1129,2025,4,26,26,26,7,jack-doohan,alpine,renault,pirelli,2,28,25.093,25093.0
1129,2025,4,27,27,27,6,isack-hadjar,racing-bulls,honda-rbpt,pirelli,2,28,24.640,24640.0
1129,2025,4,28,28,28,81,oscar-piastri,mclaren,mercedes,pirelli,2,32,24.900,24900.0
1129,2025,4,29,29,29,63,george-russell,mercedes,mercedes,pirelli,2,32,24.100,24100.0
1129,2025,4,30,30,30,16,charles-leclerc,ferrari,ferrari,pirelli,2,32,24.241,24241.0
1129,2025,4,31,31,31,4,lando-norris,mclaren,mercedes,pirelli,2,32,24.035,24035.0
1129,2025,4,32,32,32,44,lewis-hamilton,ferrari,ferrari,pirelli,2,32,24.350,24350.0
1129,2025,4,33,33,33,55,carlos-sainz-jr,williams,mercedes,pirelli,2,32,24.315,24315.0
1129,2025,4,34,34,34,22,yuki-tsunoda,red-bull,honda-rbpt,pirelli,2,32,24.771,24771.0
1129,2025,4,35,35,35,23,alexander-albon,williams,mercedes,pirelli,2,32,25.990,25990.0
1129,2025,4,36,36,36,87,oliver-bearman,haas,ferrari,pirelli,2,32,24.895,24895.0
1129,2025,4,37,37,37,12,kimi-antonelli,mercedes,mercedes,pirelli,3,32,24.693,24693.0
1129,2025,4,38,38,38,14,fernando-alonso,aston-martin,mercedes,pirelli,2,32,24.846,24846.0
1129,2025,4,39,39,39,30,liam-lawson,racing-bulls,honda-rbpt,pirelli,2,32,24.191,24191.0
1129,2025,4,40,40,40,18,lance-stroll,aston-martin,mercedes,pirelli,2,32,24.592,24592.0
1129,2025,4,41,41,41,5,gabriel-bortoleto,kick-sauber,ferrari,pirelli,2,32,25.396,25396.0
1129,2025,4,42,42,42,55,carlos-sainz-jr,williams,mercedes,pirelli,3,44,37.116,37116.0
1130,2025,5,1,1,1,7,jack-doohan,alpine,renault,pirelli,1,1,20.571,20571.0
1130,2025,5,2,2,2,31,esteban-ocon,haas,ferrari,pirelli,1,1,21.512,21512.0
1130,2025,5,3,3,3,5,gabriel-bortoleto,kick-sauber,ferrari,pirelli,1,1,21.854,21854.0
1130,2025,5,4,4,4,87,oliver-bearman,haas,ferrari,pirelli,1,18,22.095,22095.0
1130,2025,5,5,5,5,81,oscar-piastri,mclaren,mercedes,pirelli,1,19,21.388,21388.0
1130,2025,5,6,6,6,12,kimi-antonelli,mercedes,mercedes,pirelli,1,19,20.399,20399.0
1130,2025,5,7,7,7,14,fernando-alonso,aston-martin,mercedes,pirelli,1,19,21.891,21891.0
1130,2025,5,8,8,8,63,george-russell,mercedes,mercedes,pirelli,1,20,20.329,20329.0
1130,2025,5,9,9,9,30,liam-lawson,racing-bulls,honda-rbpt,pirelli,1,20,20.534,20534.0
1130,2025,5,10,10,10,1,max-verstappen,red-bull,honda-rbpt,pirelli,1,21,26.030,26030.0
1130,2025,5,11,11,11,55,carlos-sainz-jr,williams,mercedes,pirelli,1,21,24.148,24148.0
1130,2025,5,12,12,12,23,alexander-albon,williams,mercedes,pirelli,1,22,22.135,22135.0
1130,2025,5,13,13,13,44,lewis-hamilton,ferrari,ferrari,pirelli,1,23,20.144,20144.0
1130,2025,5,14,14,14,16,charles-leclerc,ferrari,ferrari,pirelli,1,29,20.131,20131.0
1130,2025,5,15,15,15,7,jack-doohan,alpine,renault,pirelli,2,32,21.521,21521.0
1130,2025,5,16,16,16,27,nico-hulkenberg,kick-sauber,ferrari,pirelli,1,33,20.441,20441.0
1130,2025,5,17,17,17,4,lando-norris,mclaren,mercedes,pirelli,1,34,20.427,20427.0
1130,2025,5,18,18,18,6,isack-hadjar,racing-bulls,honda-rbpt,pirelli,1,34,20.827,20827.0
1130,2025,5,19,19,19,18,lance-stroll,aston-martin,mercedes,pirelli,1,39,20.487,20487.0
1131,2025,6,1,1,1,5,gabriel-bortoleto,kick-sauber,ferrari,pirelli,1,19,22.188,22188.0
1131,2025,6,2,2,2,18,lance-stroll,aston-martin,mercedes,pirelli,1,20,22.317,22317.0
1131,2025,6,3,3,3,6,isack-hadjar,racing-bulls,honda-rbpt,pirelli,1,22,22.115,22115.0
1131,2025,6,4,4,4,31,esteban-ocon,haas,ferrari,pirelli,1,23,23.162,23162.0
1131,2025,6,5,5,5,12,kimi-antonelli,mercedes,mercedes,pirelli,1,25,24.383,24383.0
1131,2025,6,6,6,6,55,carlos-sainz-jr,williams,mercedes,pirelli,1,25,22.415,22415.0
1131,2025,6,7,7,7,1,max-verstappen,red-bull,honda-rbpt,pirelli,1,26,22.501,22501.0
1131,2025,6,8,8,8,23,alexander-albon,williams,mercedes,pirelli,1,26,21.906,21906.0
1131,2025,6,9,9,9,22,yuki-tsunoda,red-bull,honda-rbpt,pirelli,1,27,22.560,22560.0
1131,2025,6,10,10,10,44,lewis-hamilton,ferrari,ferrari,pirelli,1,28,23.104,23104.0
1131,2025,6,11,11,11,14,fernando-alonso,aston-martin,mercedes,pirelli,1,28,23.602,23602.0
1131,2025,6,12,12,12,30,liam-lawson,racing-bulls,honda-rbpt,pirelli,1,28,22.439,22439.0
1131,2025,6,13,13,13,81,oscar-piastri,mclaren,mercedes,pirelli,1,29,22.106,22106.0
1131,2025,6,14,14,14,4,lando-norris,mclaren,mercedes,pirelli,1,29,22.044,22044.0
1131,2025,6,15,15,15,63,george-russell,mercedes,mercedes,pirelli,1,29,24.257,24257.0
1131,2025,6,16,16,16,16,charles-leclerc,ferrari,ferrari,pirelli,1,29,22.183,22183.0
1131,2025,6,17,17,17,10,pierre-gasly,alpine,renault,pirelli,1,32,22.060,22060.0
1131,2025,6,18,18,18,27,nico-hulkenberg,kick-sauber,ferrari,pirelli,1,36,22.108,22108.0
1132,2025,7,1,1,1,31,esteban-ocon,haas,ferrari,pirelli,1,1,30.506,30506.0
1132,2025,7,2,2,2,10,pierre-gasly,alpine,renault,pirelli,1,9,31.488,31488.0
1132,2025,7,3,3,3,16,charles-leclerc,ferrari,ferrari,pirelli,1,10,29.634,29634.0
1132,2025,7,4,4,4,30,liam-lawson,racing-bulls,honda-rbpt,pirelli,1,10,29.695,29695.0
1132,2025,7,5,5,5,63,george-russell,mercedes,mercedes,pirelli,1,11,29.784,29784.0
1132,2025,7,6,6,6,55,carlos-sainz-jr,williams,mercedes,pirelli,1,11,30.080,30080.0
1132,2025,7,7,7,7,14,fernando-alonso,aston-martin,mercedes,pirelli,1,12,30.163,30163.0
1132,2025,7,8,8,8,5,gabriel-bortoleto,kick-sauber,ferrari,pirelli,1,12,30.906,30906.0
1132,2025,7,9,9,9,81,oscar-piastri,mclaren,mercedes,pirelli,1,13,30.973,30973.0
1132,2025,7,10,10,10,18,lance-stroll,aston-martin,mercedes,pirelli,1,14,31.218,31218.0
1132,2025,7,11,11,11,43,franco-colapinto,alpine,renault,pirelli,1,22,30.317,30317.0
1132,2025,7,12,12,12,4,lando-norris,mclaren,mercedes,pirelli,1,28,29.513,29513.0
1132,2025,7,13,13,13,1,max-verstappen,red-bull,honda-rbpt,pirelli,1,29,29.991,29991.0
1132,2025,7,14,14,14,23,alexander-albon,williams,mercedes,pirelli,1,29,30.471,30471.0
1132,2025,7,15,15,15,6,isack-hadjar,racing-bulls,honda-rbpt,pirelli,1,29,30.123,30123.0
1132,2025,7,16,16,16,44,lewis-hamilton,ferrari,ferrari,pirelli,1,29,29.949,29949.0
1132,2025,7,17,17,17,12,kimi-antonelli,mercedes,mercedes,pirelli,1,29,30.051,30051.0
1132,2025,7,18,18,18,16,charles-leclerc,ferrari,ferrari,pirelli,2,29,31.898,31898.0
1132,2025,7,19,19,19,27,nico-hulkenberg,kick-sauber,ferrari,pirelli,1,29,30.184,30184.0
1132,2025,7,20,20,20,87,oliver-bearman,haas,ferrari,pirelli,1,29,31.414,31414.0
1132,2025,7,21,21,21,63,george-russell,mercedes,mercedes,pirelli,2,29,30.754,30754.0
1132,2025,7,22,22,22,22,yuki-tsunoda,red-bull,honda-rbpt,pirelli,1,29,29.807,29807.0
1132,2025,7,23,23,23,55,carlos-sainz-jr,williams,mercedes,pirelli,2,29,30.635,30635.0
1132,2025,7,24,24,24,10,pierre-gasly,alpine,renault,pirelli,2,29,32.003,32003.0
1132,2025,7,25,25,25,30,liam-lawson,racing-bulls,honda-rbpt,pirelli,2,29,30.291,30291.0
1132,2025,7,26,26,26,5,gabriel-bortoleto,kick-sauber,ferrari,pirelli,2,29,30.605,30605.0
1132,2025,7,27,27,27,81,oscar-piastri,mclaren,mercedes,pirelli,2,30,30.609,30609.0
1132,2025,7,28,28,28,87,oliver-bearman,haas,ferrari,pirelli,2,31,56.757,56757.0
1132,2025,7,29,29,29,1,max-verstappen,red-bull,honda-rbpt,pirelli,2,46,29.657,29657.0
1132,2025,7,30,30,30,4,lando-norris,mclaren,mercedes,pirelli,2,46,31.675,31675.0
1132,2025,7,31,31,31,44,lewis-hamilton,ferrari,ferrari,pirelli,2,46,29.950,29950.0
1132,2025,7,32,32,32,6,isack-hadjar,racing-bulls,honda-rbpt,pirelli,2,46,30.096,30096.0
1132,2025,7,33,33,33,14,fernando-alonso,aston-martin,mercedes,pirelli,2,46,30.886,30886.0
1132,2025,7,34,34,34,18,lance-stroll,aston-martin,mercedes,pirelli,2,46,34.496,34496.0
1132,2025,7,35,35,35,43,franco-colapinto,alpine,renault,pirelli,2,46,31.107,31107.0
1132,2025,7,36,36,36,5,gabriel-bortoleto,kick-sauber,ferrari,pirelli,3,46,29.917,29917.0
1132,2025,7,37,37,37,23,alexander-albon,williams,mercedes,pirelli,2,47,29.786,29786.0
1133,2025,8,1,1,1,22,yuki-tsunoda,red-bull,honda-rbpt,pirelli,1,1,24.525,24525.0
1133,2025,8,2,2,2,10,pierre-gasly,alpine,renault,pirelli,1,1,24.376,24376.0
1133,2025,8,3,3,3,87,oliver-bearman,haas,ferrari,pirelli,1,1,50.191,50191.0
1133,2025,8,4,4,4,5,gabriel-bortoleto,kick-sauber,ferrari,pirelli,1,1,37.243,37243.0
1133,2025,8,5,5,5,27,nico-hulkenberg,kick-sauber,ferrari,pirelli,1,12,24.065,24065.0
1133,2025,8,6,6,6,43,franco-colapinto,alpine,renault,pirelli,1,13,24.355,24355.0
1133,2025,8,7,7,7,6,isack-hadjar,racing-bulls,honda-rbpt,pirelli,1,14,24.311,24311.0
1133,2025,8,8,8,8,14,fernando-alonso,aston-martin,mercedes,pirelli,1,16,25.375,25375.0
1133,2025,8,9,9,9,31,esteban-ocon,haas,ferrari,pirelli,1,16,25.575,25575.0
1133,2025,8,10,10,10,18,lance-stroll,aston-martin,mercedes,pirelli,1,17,23.978,23978.0
1133,2025,8,11,11,11,87,oliver-bearman,haas,ferrari,pirelli,2,17,24.580,24580.0
1133,2025,8,12,12,12,44,lewis-hamilton,ferrari,ferrari,pirelli,1,18,23.565,23565.0
1133,2025,8,13,13,13,4,lando-norris,mclaren,mercedes,pirelli,1,19,24.545,24545.0
1133,2025,8,14,14,14,6,isack-hadjar,racing-bulls,honda-rbpt,pirelli,2,19,24.031,24031.0
1133,2025,8,15,15,15,81,oscar-piastri,mclaren,mercedes,pirelli,1,20,25.756,25756.0
1133,2025,8,16,16,16,16,charles-leclerc,ferrari,ferrari,pirelli,1,22,23.576,23576.0
1133,2025,8,17,17,17,5,gabriel-bortoleto,kick-sauber,ferrari,pirelli,2,26,24.483,24483.0
1133,2025,8,18,18,18,43,franco-colapinto,alpine,renault,pirelli,2,26,24.497,24497.0
1133,2025,8,19,19,19,1,max-verstappen,red-bull,honda-rbpt,pirelli,1,28,24.114,24114.0
1133,2025,8,20,20,20,31,esteban-ocon,haas,ferrari,pirelli,2,28,24.773,24773.0
1133,2025,8,21,21,21,30,liam-lawson,racing-bulls,honda-rbpt,pirelli,1,31,24.206,24206.0
1133,2025,8,22,22,22,23,alexander-albon,williams,mercedes,pirelli,1,32,23.927,23927.0
1133,2025,8,23,23,23,5,gabriel-bortoleto,kick-sauber,ferrari,pirelli,3,35,24.246,24246.0
1133,2025,8,24,24,24,30,liam-lawson,racing-bulls,honda-rbpt,pirelli,2,40,24.320,24320.0
1133,2025,8,25,25,25,23,alexander-albon,williams,mercedes,pirelli,2,40,24.190,24190.0
1133,2025,8,26,26,26,27,nico-hulkenberg,kick-sauber,ferrari,pirelli,2,44,24.397,24397.0
1133,2025,8,27,27,27,81,oscar-piastri,mclaren,mercedes,pirelli,2,48,23.908,23908.0
1133,2025,8,28,28,28,16,charles-leclerc,ferrari,ferrari,pirelli,2,49,23.678,23678.0
1133,2025,8,29,29,29,55,carlos-sainz-jr,williams,mercedes,pirelli,1,48,24.498,24498.0
1133,2025,8,30,30,30,4,lando-norris,mclaren,mercedes,pirelli,2,50,23.704,23704.0
1133,2025,8,31,31,31,55,carlos-sainz-jr,williams,mercedes,pirelli,2,53,24.049,24049.0
1133,2025,8,32,32,32,44,lewis-hamilton,ferrari,ferrari,pirelli,2,56,24.256,24256.0
1133,2025,8,33,33,33,63,george-russell,mercedes,mercedes,pirelli,2,62,25.063,25063.0
1133,2025,8,34,34,34,18,lance-stroll,aston-martin,mercedes,pirelli,2,64,25.916,25916.0
1133,2025,8,35,35,35,63,george-russell,mercedes,mercedes,pirelli,3,68,24.025,24025.0
1133,2025,8,36,36,36,12,kimi-antonelli,mercedes,mercedes,pirelli,1,69,24.457,24457.0
1133,2025,8,37,37,37,12,kimi-antonelli,mercedes,mercedes,pirelli,2,71,24.837,24837.0
1133,2025,8,38,38,38,22,yuki-tsunoda,red-bull,honda-rbpt,pirelli,2,73,24.086,24086.0
1133,2025,8,39,39,39,1,max-verstappen,red-bull,honda-rbpt,pirelli,2,77,23.950,23950.0
1134,2025,9,1,1,1,23,alexander-albon,williams,mercedes,pirelli,1,6,30.823,30823.0
1134,2025,9,2,2,2,87,oliver-bearman,haas,ferrari,pirelli,1,8,22.009,22009.0
1134,2025,9,3,3,3,22,yuki-tsunoda,red-bull,honda-rbpt,pirelli,1,8,21.868,21868.0
1134,2025,9,4,4,4,27,nico-hulkenberg,kick-sauber,ferrari,pirelli,1,9,22.233,22233.0
1134,2025,9,5,5,5,55,carlos-sainz-jr,williams,mercedes,pirelli,1,9,30.547,30547.0
1134,2025,9,6,6,6,10,pierre-gasly,alpine,renault,pirelli,1,10,22.224,22224.0
1134,2025,9,7,7,7,1,max-verstappen,red-bull,honda-rbpt,pirelli,1,13,21.869,21869.0
1134,2025,9,8,8,8,43,franco-colapinto,alpine,renault,pirelli,1,14,22.491,22491.0
1134,2025,9,9,9,9,14,fernando-alonso,aston-martin,mercedes,pirelli,1,15,22.782,22782.0
1134,2025,9,10,10,10,44,lewis-hamilton,ferrari,ferrari,pirelli,1,16,21.957,21957.0
1134,2025,9,11,11,11,16,charles-leclerc,ferrari,ferrari,pirelli,1,17,21.863,21863.0
1134,2025,9,12,12,12,30,liam-lawson,racing-bulls,honda-rbpt,pirelli,1,18,22.039,22039.0
1134,2025,9,13,13,13,6,isack-hadjar,racing-bulls,honda-rbpt,pirelli,1,19,21.769,21769.0
1134,2025,9,14,14,14,5,gabriel-bortoleto,kick-sauber,ferrari,pirelli,1,19,22.041,22041.0
1134,2025,9,15,15,15,63,george-russell,mercedes,mercedes,pirelli,1,20,21.739,21739.0
1134,2025,9,16,16,16,31,esteban-ocon,haas,ferrari,pirelli,1,20,22.554,22554.0
1134,2025,9,17,17,17,4,lando-norris,mclaren,mercedes,pirelli,1,21,22.454,22454.0
1134,2025,9,18,18,18,12,kimi-antonelli,mercedes,mercedes,pirelli,1,21,22.234,22234.0
1134,2025,9,19,19,19,81,oscar-piastri,mclaren,mercedes,pirelli,1,22,21.858,21858.0
1134,2025,9,20,20,20,22,yuki-tsunoda,red-bull,honda-rbpt,pirelli,2,24,22.056,22056.0
1134,2025,9,21,21,21,23,alexander-albon,williams,mercedes,pirelli,2,26,37.674,37674.0
1134,2025,9,22,22,22,1,max-verstappen,red-bull,honda-rbpt,pirelli,2,29,21.933,21933.0
1134,2025,9,23,23,23,10,pierre-gasly,alpine,renault,pirelli,2,31,22.006,22006.0
1134,2025,9,24,24,24,55,carlos-sainz-jr,williams,mercedes,pirelli,2,34,22.346,22346.0
1134,2025,9,25,25,25,87,oliver-bearman,haas,ferrari,pirelli,2,35,22.270,22270.0
1134,2025,9,26,26,26,16,charles-leclerc,ferrari,ferrari,pirelli,2,40,21.893,21893.0
1134,2025,9,27,27,27,43,franco-colapinto,alpine,renault,pirelli,2,39,22.119,22119.0
1134,2025,9,28,28,28,63,george-russell,mercedes,mercedes,pirelli,2,41,21.752,21752.0
1134,2025,9,29,29,29,14,fernando-alonso,aston-martin,mercedes,pirelli,2,42,22.242,22242.0
1134,2025,9,30,30,30,31,esteban-ocon,haas,ferrari,pirelli,2,43,22.468,22468.0
1134,2025,9,31,31,31,30,liam-lawson,racing-bulls,honda-rbpt,pirelli,2,44,22.127,22127.0
1134,2025,9,32,32,32,22,yuki-tsunoda,red-bull,honda-rbpt,pirelli,3,44,21.822,21822.0
1134,2025,9,33,33,33,27,nico-hulkenberg,kick-sauber,ferrari,pirelli,2,45,21.849,21849.0
1134,2025,9,34,34,34,44,lewis-hamilton,ferrari,ferrari,pirelli,2,46,24.416,24416.0
1134,2025,9,35,35,35,1,max-verstappen,red-bull,honda-rbpt,pirelli,3,47,21.802,21802.0
1134,2025,9,36,36,36,4,lando-norris,mclaren,mercedes,pirelli,2,48,21.863,21863.0
1134,2025,9,37,37,37,6,isack-hadjar,racing-bulls,honda-rbpt,pirelli,2,48,22.019,22019.0
1134,2025,9,38,38,38,81,oscar-piastri,mclaren,mercedes,pirelli,2,49,21.838,21838.0
1134,2025,9,39,39,39,12,kimi-antonelli,mercedes,mercedes,pirelli,2,49,23.457,23457.0
1134,2025,9,40,40,40,5,gabriel-bortoleto,kick-sauber,ferrari,pirelli,2,49,22.953,22953.0
1134,2025,9,41,41,41,81,oscar-piastri,mclaren,mercedes,pirelli,3,55,22.748,22748.0
1134,2025,9,42,42,42,4,lando-norris,mclaren,mercedes,pirelli,3,55,23.562,23562.0
1134,2025,9,43,43,43,1,max-verstappen,red-bull,honda-rbpt,pirelli,4,55,22.197,22197.0
1134,2025,9,44,44,44,14,fernando-alonso,aston-martin,mercedes,pirelli,3,54,22.216,22216.0
1134,2025,9,45,45,45,87,oliver-bearman,haas,ferrari,pirelli,3,54,22.765,22765.0
1134,2025,9,46,46,46,22,yuki-tsunoda,red-bull,honda-rbpt,pirelli,4,54,22.283,22283.0
1134,2025,9,47,47,47,16,charles-leclerc,ferrari,ferrari,pirelli,3,55,22.383,22383.0
1134,2025,9,48,48,48,63,george-russell,mercedes,mercedes,pirelli,3,55,23.167,23167.0
1134,2025,9,49,49,49,44,lewis-hamilton,ferrari,ferrari,pirelli,3,55,22.830,22830.0
1134,2025,9,50,50,50,43,franco-colapinto,alpine,renault,pirelli,3,54,21.874,21874.0
1134,2025,9,51,51,51,6,isack-hadjar,racing-bulls,honda-rbpt,pirelli,3,55,21.841,21841.0
1134,2025,9,52,52,52,10,pierre-gasly,alpine,renault,pirelli,3,55,22.818,22818.0
1134,2025,9,53,53,53,55,carlos-sainz-jr,williams,mercedes,pirelli,3,55,21.984,21984.0
1134,2025,9,54,54,54,27,nico-hulkenberg,kick-sauber,ferrari,pirelli,3,56,21.904,21904.0
1135,2025,10,1,1,1,1,max-verstappen,red-bull,honda-rbpt,pirelli,1,12,23.604,23604.0
1135,2025,10,2,2,2,63,george-russell,mercedes,mercedes,pirelli,1,13,23.231,23231.0
1135,2025,10,3,3,3,6,isack-hadjar,racing-bulls,honda-rbpt,pirelli,1,13,24.130,24130.0
1135,2025,10,4,4,4,12,kimi-antonelli,mercedes,mercedes,pirelli,1,14,23.320,23320.0
1135,2025,10,5,5,5,43,franco-colapinto,alpine,renault,pirelli,1,14,24.735,24735.0
1135,2025,10,6,6,6,44,lewis-hamilton,ferrari,ferrari,pirelli,1,15,23.604,23604.0
1135,2025,10,7,7,7,14,fernando-alonso,aston-martin,mercedes,pirelli,1,15,24.021,24021.0
1135,2025,10,8,8,8,81,oscar-piastri,mclaren,mercedes,pirelli,1,16,23.245,23245.0
1135,2025,10,9,9,9,87,oliver-bearman,haas,ferrari,pirelli,1,18,23.562,23562.0
1135,2025,10,10,10,10,27,nico-hulkenberg,kick-sauber,ferrari,pirelli,1,19,23.476,23476.0
1135,2025,10,11,11,11,23,alexander-albon,williams,mercedes,pirelli,1,23,23.898,23898.0
1135,2025,10,12,12,12,18,lance-stroll,aston-martin,mercedes,pirelli,1,24,23.742,23742.0
1135,2025,10,13,13,13,16,charles-leclerc,ferrari,ferrari,pirelli,1,28,23.360,23360.0
1135,2025,10,14,14,14,4,lando-norris,mclaren,mercedes,pirelli,1,29,23.223,23223.0
1135,2025,10,15,15,15,1,max-verstappen,red-bull,honda-rbpt,pirelli,2,37,23.121,23121.0
1135,2025,10,16,16,16,12,kimi-antonelli,mercedes,mercedes,pirelli,2,38,23.416,23416.0
1135,2025,10,17,17,17,30,liam-lawson,racing-bulls,honda-rbpt,pirelli,1,38,23.280,23280.0
1135,2025,10,18,18,18,63,george-russell,mercedes,mercedes,pirelli,2,42,24.262,24262.0
1135,2025,10,19,19,19,81,oscar-piastri,mclaren,mercedes,pirelli,2,45,23.174,23174.0
1135,2025,10,20,20,20,44,lewis-hamilton,ferrari,ferrari,pirelli,2,45,23.338,23338.0
1135,2025,10,21,21,21,4,lando-norris,mclaren,mercedes,pirelli,2,47,23.471,23471.0
1135,2025,10,22,22,22,5,gabriel-bortoleto,kick-sauber,ferrari,pirelli,1,49,23.715,23715.0
1135,2025,10,23,23,23,14,fernando-alonso,aston-martin,mercedes,pirelli,2,50,23.409,23409.0
1135,2025,10,24,24,24,18,lance-stroll,aston-martin,mercedes,pirelli,2,51,34.742,34742.0
1135,2025,10,25,25,25,16,charles-leclerc,ferrari,ferrari,pirelli,2,53,23.859,23859.0
1135,2025,10,26,26,26,10,pierre-gasly,alpine,renault,pirelli,1,53,23.987,23987.0
1135,2025,10,27,27,27,22,yuki-tsunoda,red-bull,honda-rbpt,pirelli,1,56,25.178,25178.0
1135,2025,10,28,28,28,31,esteban-ocon,haas,ferrari,pirelli,1,57,24.452,24452.0
1135,2025,10,29,29,29,55,carlos-sainz-jr,williams,mercedes,pirelli,1,57,23.269,23269.0
1135,2025,10,30,30,30,81,oscar-piastri,mclaren,mercedes,pirelli,3,67,26.385,26385.0
1135,2025,10,31,31,31,87,oliver-bearman,haas,ferrari,pirelli,2,66,27.985,27985.0
1135,2025,10,32,32,32,6,isack-hadjar,racing-bulls,honda-rbpt,pirelli,2,66,23.693,23693.0
1135,2025,10,33,33,33,18,lance-stroll,aston-martin,mercedes,pirelli,3,66,23.772,23772.0
1136,2025,11,1,1,1,6,isack-hadjar,racing-bulls,honda-rbpt,pirelli,1,2,21.297,21297.0
1136,2025,11,2,2,2,87,oliver-bearman,haas,ferrari,pirelli,1,11,21.910,21910.0
1136,2025,11,3,3,3,10,pierre-gasly,alpine,renault,pirelli,1,12,21.959,21959.0
1136,2025,11,4,4,4,27,nico-hulkenberg,kick-sauber,ferrari,pirelli,1,12,21.236,21236.0
1136,2025,11,5,5,5,23,alexander-albon,williams,mercedes,pirelli,1,13,21.210,21210.0
1136,2025,11,6,6,6,43,franco-colapinto,alpine,renault,pirelli,1,13,23.038,23038.0
1136,2025,11,7,7,7,63,george-russell,mercedes,mercedes,pirelli,1,18,21.344,21344.0
1136,2025,11,8,8,8,22,yuki-tsunoda,red-bull,honda-rbpt,pirelli,1,18,21.492,21492.0
1136,2025,11,9,9,9,31,esteban-ocon,haas,ferrari,pirelli,1,19,23.188,23188.0
1136,2025,11,10,10,10,4,lando-norris,mclaren,mercedes,pirelli,1,20,22.131,22131.0
1136,2025,11,11,11,11,5,gabriel-bortoleto,kick-sauber,ferrari,pirelli,1,21,21.676,21676.0
1136,2025,11,12,12,12,81,oscar-piastri,mclaren,mercedes,pirelli,1,24,22.599,22599.0
1136,2025,11,13,13,13,16,charles-leclerc,ferrari,ferrari,pirelli,1,25,21.308,21308.0
1136,2025,11,14,14,14,44,lewis-hamilton,ferrari,ferrari,pirelli,1,26,21.287,21287.0
1136,2025,11,15,15,15,18,lance-stroll,aston-martin,mercedes,pirelli,1,26,22.907,22907.0
1136,2025,11,16,16,16,6,isack-hadjar,racing-bulls,honda-rbpt,pirelli,2,28,21.680,21680.0
1136,2025,11,17,17,17,22,yuki-tsunoda,red-bull,honda-rbpt,pirelli,2,30,30.000,30000.0
1136,2025,11,18,18,18,30,liam-lawson,racing-bulls,honda-rbpt,pirelli,1,32,21.434,21434.0
1136,2025,11,19,19,19,14,fernando-alonso,aston-martin,mercedes,pirelli,1,33,21.865,21865.0
1136,2025,11,20,20,20,10,pierre-gasly,alpine,renault,pirelli,2,38,22.105,22105.0
1136,2025,11,21,21,21,87,oliver-bearman,haas,ferrari,pirelli,2,39,21.771,21771.0
1136,2025,11,22,22,22,43,franco-colapinto,alpine,renault,pirelli,2,39,21.087,21087.0
1136,2025,11,23,23,23,27,nico-hulkenberg,kick-sauber,ferrari,pirelli,2,42,21.045,21045.0
1136,2025,11,24,24,24,63,george-russell,mercedes,mercedes,pirelli,2,45,21.854,21854.0
1136,2025,11,25,25,25,16,charles-leclerc,ferrari,ferrari,pirelli,2,49,21.536,21536.0
1136,2025,11,26,26,26,5,gabriel-bortoleto,kick-sauber,ferrari,pirelli,2,49,21.286,21286.0
1136,2025,11,27,27,27,44,lewis-hamilton,ferrari,ferrari,pirelli,2,50,21.158,21158.0
1136,2025,11,28,28,28,31,esteban-ocon,haas,ferrari,pirelli,2,50,22.284,22284.0
1136,2025,11,29,29,29,4,lando-norris,mclaren,mercedes,pirelli,2,52,21.427,21427.0
1136,2025,11,30,30,30,81,oscar-piastri,mclaren,mercedes,pirelli,2,53,21.033,21033.0
1136,2025,11,31,31,31,18,lance-stroll,aston-martin,mercedes,pirelli,2,53,21.763,21763.0
1136,2025,11,32,32,32,22,yuki-tsunoda,red-bull,honda-rbpt,pirelli,3,60,32.643,32643.0
1137,2025,12,1,1,1,12,kimi-antonelli,mercedes,mercedes,pirelli,1,2,28.721,28721.0
1137,2025,12,2,2,2,18,lance-stroll,aston-martin,mercedes,pirelli,1,6,29.125,29125.0
1137,2025,12,3,3,3,27,nico-hulkenberg,kick-sauber,ferrari,pirelli,1,9,29.736,29736.0
1137,2025,12,4,4,4,12,kimi-antonelli,mercedes,mercedes,pirelli,2,9,28.707,28707.0
1137,2025,12,5,5,5,18,lance-stroll,aston-martin,mercedes,pirelli,2,10,28.853,28853.0
1137,2025,12,6,6,6,63,george-russell,mercedes,mercedes,pirelli,1,10,28.647,28647.0
1137,2025,12,7,7,7,16,charles-leclerc,ferrari,ferrari,pirelli,1,10,29.089,29089.0
1137,2025,12,8,8,8,6,isack-hadjar,racing-bulls,honda-rbpt,pirelli,1,10,28.523,28523.0
1137,2025,12,9,9,9,87,oliver-bearman,haas,ferrari,pirelli,1,10,29.201,29201.0
1137,2025,12,10,10,10,81,oscar-piastri,mclaren,mercedes,pirelli,1,11,29.491,29491.0
1137,2025,12,11,11,11,4,lando-norris,mclaren,mercedes,pirelli,1,11,30.630,30630.0
1137,2025,12,12,12,12,1,max-verstappen,red-bull,honda-rbpt,pirelli,1,11,28.182,28182.0
1137,2025,12,13,13,13,44,lewis-hamilton,ferrari,ferrari,pirelli,1,11,28.917,28917.0
1137,2025,12,14,14,14,10,pierre-gasly,alpine,renault,pirelli,1,11,28.912,28912.0
1137,2025,12,15,15,15,14,fernando-alonso,aston-martin,mercedes,pirelli,1,11,28.707,28707.0
1137,2025,12,16,16,16,55,carlos-sainz-jr,williams,mercedes,pirelli,1,11,29.554,29554.0
1137,2025,12,17,17,17,22,yuki-tsunoda,red-bull,honda-rbpt,pirelli,1,11,28.544,28544.0
1137,2025,12,18,18,18,23,alexander-albon,williams,mercedes,pirelli,1,12,29.251,29251.0
1137,2025,12,19,19,19,31,esteban-ocon,haas,ferrari,pirelli,1,18,29.562,29562.0
1137,2025,12,20,20,20,12,kimi-antonelli,mercedes,mercedes,pirelli,3,20,29.728,29728.0
1137,2025,12,21,21,21,14,fernando-alonso,aston-martin,mercedes,pirelli,2,37,28.534,28534.0
1137,2025,12,22,22,22,63,george-russell,mercedes,mercedes,pirelli,2,38,28.205,28205.0
1137,2025,12,23,23,23,44,lewis-hamilton,ferrari,ferrari,pirelli,2,41,29.127,29127.0
1137,2025,12,24,24,24,18,lance-stroll,aston-martin,mercedes,pirelli,3,41,28.553,28553.0
1137,2025,12,25,25,25,1,max-verstappen,red-bull,honda-rbpt,pirelli,2,41,29.689,29689.0
1137,2025,12,26,26,26,10,pierre-gasly,alpine,renault,pirelli,2,41,28.469,28469.0
1137,2025,12,27,27,27,55,carlos-sainz-jr,williams,mercedes,pirelli,2,41,28.655,28655.0
1137,2025,12,28,28,28,87,oliver-bearman,haas,ferrari,pirelli,2,41,29.090,29090.0
1137,2025,12,29,29,29,27,nico-hulkenberg,kick-sauber,ferrari,pirelli,2,42,29.952,29952.0
1137,2025,12,30,30,30,16,charles-leclerc,ferrari,ferrari,pirelli,2,42,28.840,28840.0
1137,2025,12,31,31,31,23,alexander-albon,williams,mercedes,pirelli,2,42,29.292,29292.0
1137,2025,12,32,32,32,31,esteban-ocon,haas,ferrari,pirelli,2,42,28.646,28646.0
1137,2025,12,33,33,33,81,oscar-piastri,mclaren,mercedes,pirelli,2,43,40.280,40280.0
1137,2025,12,34,34,34,4,lando-norris,mclaren,mercedes,pirelli,2,44,28.214,28214.0
1138,2025,13,1,1,1,44,lewis-hamilton,ferrari,ferrari,pirelli,1,11,23.284,23284.0
1138,2025,13,2,2,2,10,pierre-gasly,alpine,renault,pirelli,1,11,26.825,26825.0
1138,2025,13,3,3,3,27,nico-hulkenberg,kick-sauber,ferrari,pirelli,1,11,23.599,23599.0
1138,2025,13,4,4,4,14,fernando-alonso,aston-martin,mercedes,pirelli,1,11,23.404,23404.0
1138,2025,13,5,5,5,81,oscar-piastri,mclaren,mercedes,pirelli,1,12,23.844,23844.0
1138,2025,13,6,6,6,16,charles-leclerc,ferrari,ferrari,pirelli,1,12,23.806,23806.0
1138,2025,13,7,7,7,1,max-verstappen,red-bull,honda-rbpt,pirelli,1,12,25.913,25913.0
1138,2025,13,8,8,8,63,george-russell,mercedes,mercedes,pirelli,1,12,23.635,23635.0
1138,2025,13,9,9,9,23,alexander-albon,williams,mercedes,pirelli,1,12,24.029,24029.0
1138,2025,13,10,10,10,30,liam-lawson,racing-bulls,honda-rbpt,pirelli,1,12,23.269,23269.0
1138,2025,13,11,11,11,5,gabriel-bortoleto,kick-sauber,ferrari,pirelli,1,12,23.274,23274.0
1138,2025,13,12,12,12,87,oliver-bearman,haas,ferrari,pirelli,1,12,24.130,24130.0
1138,2025,13,13,13,13,43,franco-colapinto,alpine,renault,pirelli,1,12,23.665,23665.0
1138,2025,13,14,14,14,55,carlos-sainz-jr,williams,mercedes,pirelli,1,12,27.528,27528.0
1138,2025,13,15,15,15,18,lance-stroll,aston-martin,mercedes,pirelli,1,12,23.787,23787.0
1138,2025,13,16,16,16,12,kimi-antonelli,mercedes,mercedes,pirelli,1,12,23.609,23609.0
1138,2025,13,17,17,17,4,lando-norris,mclaren,mercedes,pirelli,1,13,24.376,24376.0
1138,2025,13,18,18,18,22,yuki-tsunoda,red-bull,honda-rbpt,pirelli,1,13,23.330,23330.0
1138,2025,13,19,19,19,6,isack-hadjar,racing-bulls,honda-rbpt,pirelli,1,13,23.580,23580.0
1138,2025,13,20,20,20,31,esteban-ocon,haas,ferrari,pirelli,1,13,23.802,23802.0
1138,2025,13,21,21,21,6,isack-hadjar,racing-bulls,honda-rbpt,pirelli,2,20,23.376,23376.0
1138,2025,13,22,22,22,55,carlos-sainz-jr,williams,mercedes,pirelli,2,26,23.770,23770.0
1138,2025,13,23,23,23,43,franco-colapinto,alpine,renault,pirelli,2,28,23.449,23449.0
1138,2025,13,24,24,24,14,fernando-alonso,aston-martin,mercedes,pirelli,2,29,23.692,23692.0
1138,2025,13,25,25,25,12,kimi-antonelli,mercedes,mercedes,pirelli,2,30,23.059,23059.0
1138,2025,13,26,26,26,27,nico-hulkenberg,kick-sauber,ferrari,pirelli,2,32,23.890,23890.0
1139,2025,14,1,1,1,27,nico-hulkenberg,kick-sauber,ferrari,pirelli,1,5,21.594,21594.0
1139,2025,14,2,2,2,43,franco-colapinto,alpine,renault,pirelli,1,13,30.248,30248.0
1139,2025,14,3,3,3,31,esteban-ocon,haas,ferrari,pirelli,1,14,22.444,22444.0
1139,2025,14,4,4,4,23,alexander-albon,williams,mercedes,pirelli,1,14,21.345,21345.0
1139,2025,14,5,5,5,55,carlos-sainz-jr,williams,mercedes,pirelli,1,15,21.670,21670.0
1139,2025,14,6,6,6,1,max-verstappen,red-bull,honda-rbpt,pirelli,1,17,21.433,21433.0
1139,2025,14,7,7,7,81,oscar-piastri,mclaren,mercedes,pirelli,1,18,21.145,21145.0
1139,2025,14,8,8,8,16,charles-leclerc,ferrari,ferrari,pirelli,1,19,21.130,21130.0
1139,2025,14,9,9,9,63,george-russell,mercedes,mercedes,pirelli,1,19,21.703,21703.0
1139,2025,14,10,10,10,22,yuki-tsunoda,red-bull,honda-rbpt,pirelli,1,20,21.295,21295.0
1139,2025,14,11,11,11,12,kimi-antonelli,mercedes,mercedes,pirelli,1,21,22.328,22328.0
1139,2025,14,12,12,12,87,oliver-bearman,haas,ferrari,pirelli,1,30,21.754,21754.0
1139,2025,14,13,13,13,4,lando-norris,mclaren,mercedes,pirelli,1,31,20.940,20940.0
1139,2025,14,14,14,14,10,pierre-gasly,alpine,renault,pirelli,1,32,21.699,21699.0
1139,2025,14,15,15,15,6,isack-hadjar,racing-bulls,honda-rbpt,pirelli,1,33,21.096,21096.0
1139,2025,14,16,16,16,43,franco-colapinto,alpine,renault,pirelli,2,35,26.280,26280.0
1139,2025,14,17,17,17,18,lance-stroll,aston-martin,mercedes,pirelli,1,36,21.464,21464.0
1139,2025,14,18,18,18,22,yuki-tsunoda,red-bull,honda-rbpt,pirelli,2,37,21.541,21541.0
1139,2025,14,19,19,19,23,alexander-albon,williams,mercedes,pirelli,2,38,22.726,22726.0
1139,2025,14,20,20,20,14,fernando-alonso,aston-martin,mercedes,pirelli,1,39,22.204,22204.0
1139,2025,14,21,21,21,16,charles-leclerc,ferrari,ferrari,pirelli,2,40,21.136,21136.0
1139,2025,14,22,22,22,5,gabriel-bortoleto,kick-sauber,ferrari,pirelli,1,40,21.773,21773.0
1139,2025,14,23,23,23,30,liam-lawson,racing-bulls,honda-rbpt,pirelli,1,40,22.136,22136.0
1139,2025,14,24,24,24,27,nico-hulkenberg,kick-sauber,ferrari,pirelli,2,41,28.777,28777.0
1139,2025,14,25,25,25,44,lewis-hamilton,ferrari,ferrari,pirelli,1,42,21.150,21150.0
1139,2025,14,26,26,26,63,george-russell,mercedes,mercedes,pirelli,2,43,21.450,21450.0
1139,2025,14,27,27,27,81,oscar-piastri,mclaren,mercedes,pirelli,2,45,20.940,20940.0
1139,2025,14,28,28,28,1,max-verstappen,red-bull,honda-rbpt,pirelli,2,48,21.258,21258.0
1139,2025,14,29,29,29,55,carlos-sainz-jr,williams,mercedes,pirelli,2,51,21.423,21423.0
1140,2025,15,1,1,1,18,lance-stroll,aston-martin,mercedes,pirelli,1,8,17.561,17561.0
1140,2025,15,2,2,2,14,fernando-alonso,aston-martin,mercedes,pirelli,1,18,17.417,17417.0
1140,2025,15,3,3,3,22,yuki-tsunoda,red-bull,honda-rbpt,pirelli,1,19,18.348,18348.0
1140,2025,15,4,4,4,43,franco-colapinto,alpine,renault,pirelli,1,19,17.986,17986.0
1140,2025,15,5,5,5,27,nico-hulkenberg,kick-sauber,ferrari,pirelli,1,19,17.602,17602.0
1140,2025,15,6,6,6,16,charles-leclerc,ferrari,ferrari,pirelli,1,22,17.081,17081.0
1140,2025,15,7,7,7,5,gabriel-bortoleto,kick-sauber,ferrari,pirelli,1,22,17.908,17908.0
1140,2025,15,8,8,8,81,oscar-piastri,mclaren,mercedes,pirelli,1,23,17.375,17375.0
1140,2025,15,9,9,9,4,lando-norris,mclaren,mercedes,pirelli,1,23,20.042,20042.0
1140,2025,15,10,10,10,1,max-verstappen,red-bull,honda-rbpt,pirelli,1,23,18.740,18740.0
1140,2025,15,11,11,11,6,isack-hadjar,racing-bulls,honda-rbpt,pirelli,1,23,17.414,17414.0
1140,2025,15,12,12,12,63,george-russell,mercedes,mercedes,pirelli,1,23,18.832,18832.0
1140,2025,15,13,13,13,30,liam-lawson,racing-bulls,honda-rbpt,pirelli,1,23,17.549,17549.0
1140,2025,15,14,14,14,55,carlos-sainz-jr,williams,mercedes,pirelli,1,23,17.670,17670.0
1140,2025,15,15,15,15,23,alexander-albon,williams,mercedes,pirelli,1,23,19.692,19692.0
1140,2025,15,16,16,16,12,kimi-antonelli,mercedes,mercedes,pirelli,1,23,17.476,17476.0
1140,2025,15,17,17,17,10,pierre-gasly,alpine,renault,pirelli,1,23,19.223,19223.0
1140,2025,15,18,18,18,55,carlos-sainz-jr,williams,mercedes,pirelli,2,27,29.443,29443.0
1140,2025,15,19,19,19,30,liam-lawson,racing-bulls,honda-rbpt,pirelli,2,27,22.209,22209.0
1140,2025,15,20,20,20,14,fernando-alonso,aston-martin,mercedes,pirelli,2,40,17.949,17949.0
1140,2025,15,21,21,21,12,kimi-antonelli,mercedes,mercedes,pirelli,2,51,17.365,17365.0
1140,2025,15,22,22,22,16,charles-leclerc,ferrari,ferrari,pirelli,2,52,17.042,17042.0
1140,2025,15,23,23,23,55,carlos-sainz-jr,williams,mercedes,pirelli,3,51,30.340,30340.0
1140,2025,15,24,24,24,18,lance-stroll,aston-martin,mercedes,pirelli,2,52,17.598,17598.0
1140,2025,15,25,25,25,31,esteban-ocon,haas,ferrari,pirelli,1,52,18.270,18270.0
1140,2025,15,26,26,26,81,oscar-piastri,mclaren,mercedes,pirelli,2,53,18.589,18589.0
1140,2025,15,27,27,27,4,lando-norris,mclaren,mercedes,pirelli,2,53,22.608,22608.0
1140,2025,15,28,28,28,1,max-verstappen,red-bull,honda-rbpt,pirelli,2,53,18.261,18261.0
1140,2025,15,29,29,29,6,isack-hadjar,racing-bulls,honda-rbpt,pirelli,2,53,18.535,18535.0
1140,2025,15,30,30,30,63,george-russell,mercedes,mercedes,pirelli,2,53,17.344,17344.0
1140,2025,15,31,31,31,23,alexander-albon,williams,mercedes,pirelli,2,53,17.840,17840.0
1140,2025,15,32,32,32,12,kimi-antonelli,mercedes,mercedes,pirelli,3,53,21.360,21360.0
1140,2025,15,33,33,33,30,liam-lawson,racing-bulls,honda-rbpt,pirelli,3,52,18.552,18552.0
1140,2025,15,34,34,34,87,oliver-bearman,haas,ferrari,pirelli,1,53,18.622,18622.0
1140,2025,15,35,35,35,22,yuki-tsunoda,red-bull,honda-rbpt,pirelli,2,53,18.147,18147.0
1140,2025,15,36,36,36,43,franco-colapinto,alpine,renault,pirelli,2,53,17.586,17586.0
1140,2025,15,37,37,37,27,nico-hulkenberg,kick-sauber,ferrari,pirelli,2,53,17.944,17944.0
1140,2025,15,38,38,38,5,gabriel-bortoleto,kick-sauber,ferrari,pirelli,2,60,17.491,17491.0
1140,2025,15,39,39,39,43,franco-colapinto,alpine,renault,pirelli,3,65,18.077,18077.0
1140,2025,15,40,40,40,55,carlos-sainz-jr,williams,mercedes,pirelli,4,65,18.043,18043.0
1141,2025,16,1,1,1,30,liam-lawson,racing-bulls,honda-rbpt,pirelli,1,9,24.156,24156.0
1141,2025,16,2,2,2,87,oliver-bearman,haas,ferrari,pirelli,1,18,25.372,25372.0
1141,2025,16,3,3,3,22,yuki-tsunoda,red-bull,honda-rbpt,pirelli,1,19,24.372,24372.0
1141,2025,16,4,4,4,14,fernando-alonso,aston-martin,mercedes,pirelli,1,20,25.160,25160.0
1141,2025,16,5,5,5,5,gabriel-bortoleto,kick-sauber,ferrari,pirelli,1,20,26.143,26143.0
1141,2025,16,6,6,6,63,george-russell,mercedes,mercedes,pirelli,1,27,25.021,25021.0
1141,2025,16,7,7,7,12,kimi-antonelli,mercedes,mercedes,pirelli,1,28,24.916,24916.0
1141,2025,16,8,8,8,55,carlos-sainz-jr,williams,mercedes,pirelli,1,30,24.605,24605.0
1141,2025,16,9,9,9,6,isack-hadjar,racing-bulls,honda-rbpt,pirelli,1,32,24.326,24326.0
1141,2025,16,10,10,10,16,charles-leclerc,ferrari,ferrari,pirelli,1,33,24.235,24235.0
1141,2025,16,11,11,11,43,franco-colapinto,alpine,renault,pirelli,1,33,24.971,24971.0
1141,2025,16,12,12,12,1,max-verstappen,red-bull,honda-rbpt,pirelli,1,37,24.545,24545.0
1141,2025,16,13,13,13,44,lewis-hamilton,ferrari,ferrari,pirelli,1,38,23.971,23971.0
1141,2025,16,14,14,14,23,alexander-albon,williams,mercedes,pirelli,1,41,24.717,24717.0
1141,2025,16,15,15,15,81,oscar-piastri,mclaren,mercedes,pirelli,1,45,23.602,23602.0
1141,2025,16,16,16,16,4,lando-norris,mclaren,mercedes,pirelli,1,46,27.498,27498.0
1141,2025,16,17,17,17,18,lance-stroll,aston-martin,mercedes,pirelli,1,49,38.418,38418.0
1141,2025,16,18,18,18,10,pierre-gasly,alpine,renault,pirelli,1,49,25.012,25012.0
1141,2025,16,19,19,19,31,esteban-ocon,haas,ferrari,pirelli,1,51,30.754,30754.0
1142,2025,17,1,1,1,31,esteban-ocon,haas,ferrari,pirelli,1,1,20.691,20691.0
1142,2025,17,2,2,2,23,alexander-albon,williams,mercedes,pirelli,1,1,20.758,20758.0
1142,2025,17,3,3,3,31,esteban-ocon,haas,ferrari,pirelli,2,2,20.759,20759.0
1142,2025,17,4,4,4,23,alexander-albon,williams,mercedes,pirelli,2,15,20.489,20489.0
1142,2025,17,5,5,5,43,franco-colapinto,alpine,renault,pirelli,1,16,21.088,21088.0
1142,2025,17,6,6,6,12,kimi-antonelli,mercedes,mercedes,pirelli,1,18,20.669,20669.0
1142,2025,17,7,7,7,16,charles-leclerc,ferrari,ferrari,pirelli,1,19,20.542,20542.0
1142,2025,17,8,8,8,30,liam-lawson,racing-bulls,honda-rbpt,pirelli,1,20,20.283,20283.0
1142,2025,17,9,9,9,14,fernando-alonso,aston-martin,mercedes,pirelli,1,21,25.768,25768.0
1142,2025,17,10,10,10,5,gabriel-bortoleto,kick-sauber,ferrari,pirelli,1,26,20.845,20845.0
1142,2025,17,11,11,11,55,carlos-sainz-jr,williams,mercedes,pirelli,1,27,20.508,20508.0
1142,2025,17,12,12,12,87,oliver-bearman,haas,ferrari,pirelli,1,28,21.194,21194.0
1142,2025,17,13,13,13,6,isack-hadjar,racing-bulls,honda-rbpt,pirelli,1,29,20.294,20294.0
1142,2025,17,14,14,14,10,pierre-gasly,alpine,renault,pirelli,1,35,21.500,21500.0
1142,2025,17,15,15,15,44,lewis-hamilton,ferrari,ferrari,pirelli,1,36,20.062,20062.0
1142,2025,17,16,16,16,27,nico-hulkenberg,kick-sauber,ferrari,pirelli,1,36,19.970,19970.0
1142,2025,17,17,17,17,4,lando-norris,mclaren,mercedes,pirelli,1,37,21.975,21975.0
1142,2025,17,18,18,18,18,lance-stroll,aston-martin,mercedes,pirelli,1,37,21.820,21820.0
1142,2025,17,19,19,19,22,yuki-tsunoda,red-bull,honda-rbpt,pirelli,1,38,20.323,20323.0
1142,2025,17,20,20,20,63,george-russell,mercedes,mercedes,pirelli,1,39,19.809,19809.0
1142,2025,17,21,21,21,1,max-verstappen,red-bull,honda-rbpt,pirelli,1,40,20.221,20221.0
1143,2025,18,1,1,1,5,gabriel-bortoleto,kick-sauber,ferrari,pirelli,1,13,32.856,32856.0
1143,2025,18,2,2,2,22,yuki-tsunoda,red-bull,honda-rbpt,pirelli,1,13,24.610,24610.0
1143,2025,18,3,3,3,43,franco-colapinto,alpine,renault,pirelli,1,14,24.040,24040.0
1143,2025,18,4,4,4,1,max-verstappen,red-bull,honda-rbpt,pirelli,1,19,24.008,24008.0
1143,2025,18,5,5,5,6,isack-hadjar,racing-bulls,honda-rbpt,pirelli,1,20,23.827,23827.0
1143,2025,18,6,6,6,16,charles-leclerc,ferrari,ferrari,pirelli,1,21,23.630,23630.0
1143,2025,18,7,7,7,87,oliver-bearman,haas,ferrari,pirelli,1,23,23.979,23979.0
1143,2025,18,8,8,8,44,lewis-hamilton,ferrari,ferrari,pirelli,1,24,24.794,24794.0
1143,2025,18,9,9,9,10,pierre-gasly,alpine,renault,pirelli,1,24,25.583,25583.0
1143,2025,18,10,10,10,63,george-russell,mercedes,mercedes,pirelli,1,25,23.966,23966.0
1143,2025,18,11,11,11,12,kimi-antonelli,mercedes,mercedes,pirelli,1,25,23.806,23806.0
1143,2025,18,12,12,12,27,nico-hulkenberg,kick-sauber,ferrari,pirelli,1,25,24.193,24193.0
1143,2025,18,13,13,13,4,lando-norris,mclaren,mercedes,pirelli,1,26,23.314,23314.0
1143,2025,18,14,14,14,81,oscar-piastri,mclaren,mercedes,pirelli,1,27,26.637,26637.0
1143,2025,18,15,15,15,14,fernando-alonso,aston-martin,mercedes,pirelli,1,27,30.749,30749.0
1143,2025,18,16,16,16,31,esteban-ocon,haas,ferrari,pirelli,1,30,25.078,25078.0
1143,2025,18,17,17,17,18,lance-stroll,aston-martin,mercedes,pirelli,1,38,24.012,24012.0
1143,2025,18,18,18,18,23,alexander-albon,williams,mercedes,pirelli,1,42,25.732,25732.0
1143,2025,18,19,19,19,27,nico-hulkenberg,kick-sauber,ferrari,pirelli,2,44,31.894,31894.0
1143,2025,18,20,20,20,44,lewis-hamilton,ferrari,ferrari,pirelli,2,46,23.344,23344.0
1143,2025,18,21,21,21,30,liam-lawson,racing-bulls,honda-rbpt,pirelli,1,48,24.027,24027.0
1143,2025,18,22,22,22,55,carlos-sainz-jr,williams,mercedes,pirelli,1,50,24.075,24075.0
1143,2025,18,23,23,23,10,pierre-gasly,alpine,renault,pirelli,2,51,25.188,25188.0
1144,2025,19,1,1,1,23,alexander-albon,williams,mercedes,pirelli,1,7,23.763,23763.0
1144,2025,19,2,2,2,5,gabriel-bortoleto,kick-sauber,ferrari,pirelli,1,14,25.567,25567.0
1144,2025,19,3,3,3,16,charles-leclerc,ferrari,ferrari,pirelli,1,22,23.718,23718.0
1144,2025,19,4,4,4,31,esteban-ocon,haas,ferrari,pirelli,1,24,25.060,25060.0
1144,2025,19,5,5,5,10,pierre-gasly,alpine,renault,pirelli,1,27,26.631,26631.0
1144,2025,19,6,6,6,18,lance-stroll,aston-martin,mercedes,pirelli,1,28,24.192,24192.0
1144,2025,19,7,7,7,6,isack-hadjar,racing-bulls,honda-rbpt,pirelli,1,28,23.831,23831.0
1144,2025,19,8,8,8,22,yuki-tsunoda,red-bull,honda-rbpt,pirelli,1,29,24.539,24539.0
1144,2025,19,9,9,9,81,oscar-piastri,mclaren,mercedes,pirelli,1,30,23.452,23452.0
1144,2025,19,10,10,10,87,oliver-bearman,haas,ferrari,pirelli,1,30,24.110,24110.0
1144,2025,19,11,11,11,14,fernando-alonso,aston-martin,mercedes,pirelli,1,30,24.054,24054.0
1144,2025,19,12,12,12,30,liam-lawson,racing-bulls,honda-rbpt,pirelli,1,30,23.681,23681.0
1144,2025,19,13,13,13,44,lewis-hamilton,ferrari,ferrari,pirelli,1,31,23.937,23937.0
1144,2025,19,14,14,14,12,kimi-antonelli,mercedes,mercedes,pirelli,1,31,23.949,23949.0
1144,2025,19,15,15,15,4,lando-norris,mclaren,mercedes,pirelli,1,32,24.580,24580.0
1144,2025,19,16,16,16,43,franco-colapinto,alpine,renault,pirelli,1,32,24.045,24045.0
1144,2025,19,17,17,17,1,max-verstappen,red-bull,honda-rbpt,pirelli,1,33,23.987,23987.0
1144,2025,19,18,18,18,63,george-russell,mercedes,mercedes,pirelli,1,33,23.555,23555.0
1144,2025,19,19,19,19,27,nico-hulkenberg,kick-sauber,ferrari,pirelli,1,33,23.753,23753.0
1144,2025,19,20,20,20,23,alexander-albon,williams,mercedes,pirelli,2,36,24.582,24582.0
1144,2025,19,21,21,21,5,gabriel-bortoleto,kick-sauber,ferrari,pirelli,2,36,24.007,24007.0
1145,2025,20,1,1,1,30,liam-lawson,racing-bulls,honda-rbpt,pirelli,1,2,34.212,34212.0
1145,2025,20,2,2,2,55,carlos-sainz-jr,williams,mercedes,pirelli,1,17,22.502,22502.0
1145,2025,20,3,3,3,14,fernando-alonso,aston-martin,mercedes,pirelli,1,20,26.816,26816.0
1145,2025,20,4,4,4,12,kimi-antonelli,mercedes,mercedes,pirelli,1,22,22.476,22476.0
1145,2025,20,5,5,5,44,lewis-hamilton,ferrari,ferrari,pirelli,1,23,33.308,33308.0
1145,2025,20,6,6,6,87,oliver-bearman,haas,ferrari,pirelli,1,24,22.647,22647.0
1145,2025,20,7,7,7,81,oscar-piastri,mclaren,mercedes,pirelli,1,24,23.211,23211.0
1145,2025,20,8,8,8,63,george-russell,mercedes,mercedes,pirelli,1,25,22.347,22347.0
1145,2025,20,9,9,9,18,lance-stroll,aston-martin,mercedes,pirelli,1,26,22.071,22071.0
1145,2025,20,10,10,10,31,esteban-ocon,haas,ferrari,pirelli,1,27,23.203,23203.0
1145,2025,20,11,11,11,16,charles-leclerc,ferrari,ferrari,pirelli,1,31,22.215,22215.0
1145,2025,20,12,12,12,10,pierre-gasly,alpine,renault,pirelli,1,33,22.834,22834.0
1145,2025,20,13,13,13,4,lando-norris,mclaren,mercedes,pirelli,1,34,22.567,22567.0
1145,2025,20,14,14,14,6,isack-hadjar,racing-bulls,honda-rbpt,pirelli,1,34,22.196,22196.0
1145,2025,20,15,15,15,22,yuki-tsunoda,red-bull,honda-rbpt,pirelli,1,36,31.630,31630.0
1145,2025,20,16,16,16,1,max-verstappen,red-bull,honda-rbpt,pirelli,1,37,22.762,22762.0
1145,2025,20,17,17,17,5,gabriel-bortoleto,kick-sauber,ferrari,pirelli,1,37,22.410,22410.0
1145,2025,20,18,18,18,23,alexander-albon,williams,mercedes,pirelli,1,41,22.040,22040.0
1145,2025,20,19,19,19,18,lance-stroll,aston-martin,mercedes,pirelli,2,43,23.713,23713.0
1145,2025,20,20,20,20,55,carlos-sainz-jr,williams,mercedes,pirelli,2,46,30.546,30546.0
1145,2025,20,21,21,21,12,kimi-antonelli,mercedes,mercedes,pirelli,2,47,24.523,24523.0
1145,2025,20,22,22,22,81,oscar-piastri,mclaren,mercedes,pirelli,2,47,22.159,22159.0
1145,2025,20,23,23,23,44,lewis-hamilton,ferrari,ferrari,pirelli,2,47,23.342,23342.0
1145,2025,20,24,24,24,87,oliver-bearman,haas,ferrari,pirelli,2,48,22.174,22174.0
1145,2025,20,25,25,25,63,george-russell,mercedes,mercedes,pirelli,2,48,22.470,22470.0
1145,2025,20,26,26,26,43,franco-colapinto,alpine,renault,pirelli,1,48,22.789,22789.0
1146,2025,21,1,1,1,22,yuki-tsunoda,red-bull,honda-rbpt,pirelli,1,2,22.974,22974.0
1146,2025,21,2,2,2,44,lewis-hamilton,ferrari,ferrari,pirelli,1,2,40.076,40076.0
1146,2025,21,3,3,3,1,max-verstappen,red-bull,honda-rbpt,pirelli,1,7,23.197,23197.0
1146,2025,21,4,4,4,31,esteban-ocon,haas,ferrari,pirelli,1,8,24.204,24204.0
1146,2025,21,5,5,5,44,lewis-hamilton,ferrari,ferrari,pirelli,2,14,23.426,23426.0
1146,2025,21,6,6,6,87,oliver-bearman,haas,ferrari,pirelli,1,17,23.748,23748.0
1146,2025,21,7,7,7,55,carlos-sainz-jr,williams,mercedes,pirelli,1,17,26.064,26064.0
1146,2025,21,8,8,8,6,isack-hadjar,racing-bulls,honda-rbpt,pirelli,1,18,23.708,23708.0
1146,2025,21,9,9,9,10,pierre-gasly,alpine,renault,pirelli,1,18,23.673,23673.0
1146,2025,21,10,10,10,30,liam-lawson,racing-bulls,honda-rbpt,pirelli,1,19,22.899,22899.0
1146,2025,21,11,11,11,12,kimi-antonelli,mercedes,mercedes,pirelli,1,21,23.356,23356.0
1146,2025,21,12,12,12,22,yuki-tsunoda,red-bull,honda-rbpt,pirelli,2,24,34.185,34185.0
1146,2025,21,13,13,13,14,fernando-alonso,aston-martin,mercedes,pirelli,1,28,23.942,23942.0
1146,2025,21,14,14,14,18,lance-stroll,aston-martin,mercedes,pirelli,1,29,23.760,23760.0
1146,2025,21,15,15,15,43,franco-colapinto,alpine,renault,pirelli,1,29,23.710,23710.0
1146,2025,21,16,16,16,4,lando-norris,mclaren,mercedes,pirelli,1,30,23.490,23490.0
1146,2025,21,17,17,17,44,lewis-hamilton,ferrari,ferrari,pirelli,3,32,30.752,30752.0
1146,2025,21,18,18,18,63,george-russell,mercedes,mercedes,pirelli,1,34,23.358,23358.0
1146,2025,21,19,19,19,1,max-verstappen,red-bull,honda-rbpt,pirelli,2,34,23.058,23058.0
1146,2025,21,20,20,20,23,alexander-albon,williams,mercedes,pirelli,1,35,23.061,23061.0
1146,2025,21,21,21,21,27,nico-hulkenberg,kick-sauber,ferrari,pirelli,1,36,23.086,23086.0
1146,2025,21,22,22,22,6,isack-hadjar,racing-bulls,honda-rbpt,pirelli,2,37,23.460,23460.0
1146,2025,21,23,23,23,81,oscar-piastri,mclaren,mercedes,pirelli,1,38,34.644,34644.0
1146,2025,21,24,24,24,55,carlos-sainz-jr,williams,mercedes,pirelli,2,38,23.234,23234.0
1146,2025,21,25,25,25,10,pierre-gasly,alpine,renault,pirelli,2,39,23.648,23648.0
1146,2025,21,26,26,26,87,oliver-bearman,haas,ferrari,pirelli,2,42,24.654,24654.0
1146,2025,21,27,27,27,43,franco-colapinto,alpine,renault,pirelli,2,43,26.124,26124.0
1146,2025,21,28,28,28,14,fernando-alonso,aston-martin,mercedes,pirelli,2,46,23.563,23563.0
1146,2025,21,29,29,29,12,kimi-antonelli,mercedes,mercedes,pirelli,2,47,23.401,23401.0
1146,2025,21,30,30,30,31,esteban-ocon,haas,ferrari,pirelli,2,47,24.177,24177.0
1146,2025,21,31,31,31,22,yuki-tsunoda,red-bull,honda-rbpt,pirelli,3,47,33.841,33841.0
1146,2025,21,32,32,32,63,george-russell,mercedes,mercedes,pirelli,2,48,23.128,23128.0
1146,2025,21,33,33,33,4,lando-norris,mclaren,mercedes,pirelli,2,50,23.238,23238.0
1146,2025,21,34,34,34,81,oscar-piastri,mclaren,mercedes,pirelli,2,51,23.113,23113.0
1146,2025,21,35,35,35,1,max-verstappen,red-bull,honda-rbpt,pirelli,3,54,23.311,23311.0
1146,2025,21,36,36,36,18,lance-stroll,aston-martin,mercedes,pirelli,2,54,22.968,22968.0
1146,2025,21,37,37,37,23,alexander-albon,williams,mercedes,pirelli,2,55,23.112,23112.0
1147,2025,22,1,1,1,22,yuki-tsunoda,red-bull,honda-rbpt,pirelli,1,1,21.383,21383.0
1147,2025,22,2,2,2,5,gabriel-bortoleto,kick-sauber,ferrari,pirelli,1,1,33.230,33230.0
1147,2025,22,3,3,3,12,kimi-antonelli,mercedes,mercedes,pirelli,1,2,21.968,21968.0
1147,2025,22,4,4,4,30,liam-lawson,racing-bulls,honda-rbpt,pirelli,1,2,32.736,32736.0
1147,2025,22,5,5,5,10,pierre-gasly,alpine,renault,pirelli,1,2,23.903,23903.0
1147,2025,22,6,6,6,23,alexander-albon,williams,mercedes,pirelli,1,13,23.361,23361.0
1147,2025,22,7,7,7,23,alexander-albon,williams,mercedes,pirelli,2,14,30.065,30065.0
1147,2025,22,8,8,8,14,fernando-alonso,aston-martin,mercedes,pirelli,1,16,21.068,21068.0
1147,2025,22,9,9,9,63,george-russell,mercedes,mercedes,pirelli,1,17,20.929,20929.0
1147,2025,22,10,10,10,87,oliver-bearman,haas,ferrari,pirelli,1,17,21.491,21491.0
1147,2025,22,11,11,11,6,isack-hadjar,racing-bulls,honda-rbpt,pirelli,1,20,21.324,21324.0
1147,2025,22,12,12,12,81,oscar-piastri,mclaren,mercedes,pirelli,1,21,21.371,21371.0
1147,2025,22,13,13,13,4,lando-norris,mclaren,mercedes,pirelli,1,22,21.049,21049.0
1147,2025,22,14,14,14,55,carlos-sainz-jr,williams,mercedes,pirelli,1,22,21.164,21164.0
1147,2025,22,15,15,15,16,charles-leclerc,ferrari,ferrari,pirelli,1,24,21.351,21351.0
1147,2025,22,16,16,16,1,max-verstappen,red-bull,honda-rbpt,pirelli,1,25,21.708,21708.0
1147,2025,22,17,17,17,43,franco-colapinto,alpine,renault,pirelli,1,25,22.842,22842.0
1147,2025,22,18,18,18,31,esteban-ocon,haas,ferrari,pirelli,1,27,22.389,22389.0
1147,2025,22,19,19,19,22,yuki-tsunoda,red-bull,honda-rbpt,pirelli,2,27,20.680,20680.0
1147,2025,22,20,20,20,30,liam-lawson,racing-bulls,honda-rbpt,pirelli,2,28,21.287,21287.0
1147,2025,22,21,21,21,44,lewis-hamilton,ferrari,ferrari,pirelli,1,29,21.638,21638.0
1147,2025,22,22,22,22,27,nico-hulkenberg,kick-sauber,ferrari,pirelli,1,30,22.333,22333.0
1147,2025,22,23,23,23,23,alexander-albon,williams,mercedes,pirelli,3,34,29.308,29308.0
1148,2025,23,1,1,1,1,max-verstappen,red-bull,honda-rbpt,pirelli,1,7,29.970,29970.0
1148,2025,23,2,2,2,12,kimi-antonelli,mercedes,mercedes,pirelli,1,7,32.002,32002.0
1148,2025,23,3,3,3,55,carlos-sainz-jr,williams,mercedes,pirelli,1,7,28.560,28560.0
1148,2025,23,4,4,4,14,fernando-alonso,aston-martin,mercedes,pirelli,1,7,28.288,28288.0
1148,2025,23,5,5,5,63,george-russell,mercedes,mercedes,pirelli,1,7,33.241,33241.0
1148,2025,23,6,6,6,6,isack-hadjar,racing-bulls,honda-rbpt,pirelli,1,7,28.815,28815.0
1148,2025,23,7,7,7,16,charles-leclerc,ferrari,ferrari,pirelli,1,7,30.395,30395.0
1148,2025,23,8,8,8,87,oliver-bearman,haas,ferrari,pirelli,1,7,28.837,28837.0
1148,2025,23,9,9,9,44,lewis-hamilton,ferrari,ferrari,pirelli,1,7,32.166,32166.0
1148,2025,23,10,10,10,30,liam-lawson,racing-bulls,honda-rbpt,pirelli,1,7,28.993,28993.0
1148,2025,23,11,11,11,22,yuki-tsunoda,red-bull,honda-rbpt,pirelli,1,7,29.188,29188.0
1148,2025,23,12,12,12,23,alexander-albon,williams,mercedes,pirelli,1,7,28.890,28890.0
1148,2025,23,13,13,13,5,gabriel-bortoleto,kick-sauber,ferrari,pirelli,1,7,28.471,28471.0
1148,2025,23,14,14,14,18,lance-stroll,aston-martin,mercedes,pirelli,1,7,28.124,28124.0
1148,2025,23,15,15,15,43,franco-colapinto,alpine,renault,pirelli,1,7,29.538,29538.0
1148,2025,23,16,16,16,10,pierre-gasly,alpine,renault,pirelli,1,7,31.343,31343.0
1148,2025,23,17,17,17,31,esteban-ocon,haas,ferrari,pirelli,1,8,34.006,34006.0
1148,2025,23,18,18,18,31,esteban-ocon,haas,ferrari,pirelli,2,9,34.540,34540.0
1148,2025,23,19,19,19,81,oscar-piastri,mclaren,mercedes,pirelli,1,24,29.047,29047.0
1148,2025,23,20,20,20,18,lance-stroll,aston-martin,mercedes,pirelli,2,24,28.064,28064.0
1148,2025,23,21,21,21,4,lando-norris,mclaren,mercedes,pirelli,1,25,27.938,27938.0
1148,2025,23,22,22,22,1,max-verstappen,red-bull,honda-rbpt,pirelli,2,32,28.168,28168.0
1148,2025,23,23,23,23,55,carlos-sainz-jr,williams,mercedes,pirelli,2,32,28.181,28181.0
1148,2025,23,24,24,24,12,kimi-antonelli,mercedes,mercedes,pirelli,2,32,28.544,28544.0
1148,2025,23,25,25,25,14,fernando-alonso,aston-martin,mercedes,pirelli,2,32,28.935,28935.0
1148,2025,23,26,26,26,6,isack-hadjar,racing-bulls,honda-rbpt,pirelli,2,32,27.931,27931.0
1148,2025,23,27,27,27,63,george-russell,mercedes,mercedes,pirelli,2,32,29.077,29077.0
1148,2025,23,28,28,28,16,charles-leclerc,ferrari,ferrari,pirelli,2,32,28.999,28999.0
1148,2025,23,29,29,29,87,oliver-bearman,haas,ferrari,pirelli,2,32,45.232,45232.0
1148,2025,23,30,30,30,30,liam-lawson,racing-bulls,honda-rbpt,pirelli,2,32,28.078,28078.0
1148,2025,23,31,31,31,22,yuki-tsunoda,red-bull,honda-rbpt,pirelli,2,32,28.330,28330.0
1148,2025,23,32,32,32,23,alexander-albon,williams,mercedes,pirelli,2,32,29.457,29457.0
1148,2025,23,33,33,33,44,lewis-hamilton,ferrari,ferrari,pirelli,2,32,28.541,28541.0
1148,2025,23,34,34,34,5,gabriel-bortoleto,kick-sauber,ferrari,pirelli,2,32,28.234,28234.0
1148,2025,23,35,35,35,43,franco-colapinto,alpine,renault,pirelli,2,32,28.942,28942.0
1148,2025,23,36,36,36,10,pierre-gasly,alpine,renault,pirelli,2,32,30.559,30559.0
1148,2025,23,37,37,37,31,esteban-ocon,haas,ferrari,pirelli,3,34,30.469,30469.0
1148,2025,23,38,38,38,87,oliver-bearman,haas,ferrari,pirelli,3,40,37.513,37513.0
1148,2025,23,39,39,39,81,oscar-piastri,mclaren,mercedes,pirelli,2,42,27.853,27853.0
1148,2025,23,40,40,40,4,lando-norris,mclaren,mercedes,pirelli,2,44,28.243,28243.0
1148,2025,23,41,41,41,18,lance-stroll,aston-martin,mercedes,pirelli,3,49,35.671,35671.0
1149,2025,24,1,1,1,27,nico-hulkenberg,kick-sauber,ferrari,pirelli,1,7,21.619,21619.0
1149,2025,24,2,2,2,44,lewis-hamilton,ferrari,ferrari,pirelli,1,8,21.601,21601.0
1149,2025,24,3,3,3,23,alexander-albon,williams,mercedes,pirelli,1,8,21.551,21551.0
1149,2025,24,4,4,4,10,pierre-gasly,alpine,renault,pirelli,1,13,22.585,22585.0
1149,2025,24,5,5,5,63,george-russell,mercedes,mercedes,pirelli,1,14,21.979,21979.0
1149,2025,24,6,6,6,6,isack-hadjar,racing-bulls,honda-rbpt,pirelli,1,14,21.932,21932.0
1149,2025,24,7,7,7,87,oliver-bearman,haas,ferrari,pirelli,1,14,22.263,22263.0
1149,2025,24,8,8,8,5,gabriel-bortoleto,kick-sauber,ferrari,pirelli,1,15,22.121,22121.0
1149,2025,24,9,9,9,43,franco-colapinto,alpine,renault,pirelli,1,15,21.953,21953.0
1149,2025,24,10,10,10,4,lando-norris,mclaren,mercedes,pirelli,1,16,21.323,21323.0
1149,2025,24,11,11,11,16,charles-leclerc,ferrari,ferrari,pirelli,1,16,21.692,21692.0
1149,2025,24,12,12,12,14,fernando-alonso,aston-martin,mercedes,pirelli,1,16,23.267,23267.0
1149,2025,24,13,13,13,55,carlos-sainz-jr,williams,mercedes,pirelli,1,18,21.799,21799.0
1149,2025,24,14,14,14,31,esteban-ocon,haas,ferrari,pirelli,1,19,22.254,22254.0
1149,2025,24,15,15,15,30,liam-lawson,racing-bulls,honda-rbpt,pirelli,1,21,28.369,28369.0
1149,2025,24,16,16,16,1,max-verstappen,red-bull,honda-rbpt,pirelli,1,23,21.703,21703.0
1149,2025,24,17,17,17,44,lewis-hamilton,ferrari,ferrari,pirelli,2,31,21.417,21417.0
1149,2025,24,18,18,18,22,yuki-tsunoda,red-bull,honda-rbpt,pirelli,1,32,27.041,27041.0
1149,2025,24,19,19,19,12,kimi-antonelli,mercedes,mercedes,pirelli,1,32,22.155,22155.0
1149,2025,24,20,20,20,23,alexander-albon,williams,mercedes,pirelli,2,33,21.495,21495.0
1149,2025,24,21,21,21,16,charles-leclerc,ferrari,ferrari,pirelli,2,39,20.902,20902.0
1149,2025,24,22,22,22,4,lando-norris,mclaren,mercedes,pirelli,2,40,21.407,21407.0
1149,2025,24,23,23,23,10,pierre-gasly,alpine,renault,pirelli,2,40,22.234,22234.0
1149,2025,24,24,24,24,43,franco-colapinto,alpine,renault,pirelli,2,40,22.955,22955.0
1149,2025,24,25,25,25,81,oscar-piastri,mclaren,mercedes,pirelli,1,41,21.565,21565.0
1149,2025,24,26,26,26,18,lance-stroll,aston-martin,mercedes,pirelli,1,42,21.535,21535.0
1149,2025,24,27,27,27,27,nico-hulkenberg,kick-sauber,ferrari,pirelli,2,42,21.468,21468.0
1150,2026,1,1,1,1,43,franco-colapinto,alpine,mercedes,pirelli,1,9,27.733,27733.0
1150,2026,1,2,2,2,1,lando-norris,mclaren,mercedes,pirelli,1,11,18.266,18266.0
1150,2026,1,3,3,3,31,esteban-ocon,haas,ferrari,pirelli,1,11,18.570,18570.0
1150,2026,1,4,4,4,10,pierre-gasly,alpine,mercedes,pirelli,1,11,18.672,18672.0
1150,2026,1,5,5,5,55,carlos-sainz-jr,williams,mercedes,pirelli,1,11,19.859,19859.0
1150,2026,1,6,6,6,30,liam-lawson,racing-bulls,red-bull-ford,pirelli,1,11,19.112,19112.0
1150,2026,1,7,7,7,14,fernando-alonso,aston-martin,honda,pirelli,1,11,25.895,25895.0
1150,2026,1,8,8,8,18,lance-stroll,aston-martin,honda,pirelli,1,11,36.686,36686.0
1150,2026,1,9,9,9,63,george-russell,mercedes,mercedes,pirelli,1,12,17.794,17794.0
1150,2026,1,10,10,10,12,kimi-antonelli,mercedes,mercedes,pirelli,1,12,20.985,20985.0
1150,2026,1,11,11,11,23,alexander-albon,williams,mercedes,pirelli,1,12,18.118,18118.0
1150,2026,1,12,12,12,77,valtteri-bottas,cadillac,ferrari,pirelli,1,12,30.387,30387.0
1150,2026,1,13,13,13,41,arvid-lindblad,racing-bulls,red-bull-ford,pirelli,1,18,18.506,18506.0
1150,2026,1,14,14,14,3,max-verstappen,red-bull,red-bull-ford,pirelli,1,18,19.070,19070.0
1150,2026,1,15,15,15,87,oliver-bearman,haas,ferrari,pirelli,1,18,18.774,18774.0
1150,2026,1,16,16,16,5,gabriel-bortoleto,audi,audi,pirelli,1,18,18.916,18916.0
1150,2026,1,17,17,17,11,sergio-perez,cadillac,ferrari,pirelli,1,18,21.371,21371.0
1150,2026,1,18,18,18,16,charles-leclerc,ferrari,ferrari,pirelli,1,25,17.664,17664.0
1150,2026,1,19,19,19,18,lance-stroll,aston-martin,honda,pirelli,2,26,33.182,33182.0
1150,2026,1,20,20,20,44,lewis-hamilton,ferrari,ferrari,pirelli,1,28,17.741,17741.0
1150,2026,1,21,21,21,5,gabriel-bortoleto,audi,audi,pirelli,2,33,22.619,22619.0
1150,2026,1,22,22,22,23,alexander-albon,williams,mercedes,pirelli,2,33,18.404,18404.0
1150,2026,1,23,23,23,55,carlos-sainz-jr,williams,mercedes,pirelli,2,33,25.939,25939.0
1150,2026,1,24,24,24,30,liam-lawson,racing-bulls,red-bull-ford,pirelli,2,33,18.190,18190.0
1150,2026,1,25,25,25,1,lando-norris,mclaren,mercedes,pirelli,2,34,17.649,17649.0
1150,2026,1,26,26,26,3,max-verstappen,red-bull,red-bull-ford,pirelli,2,41,18.078,18078.0
1150,2026,1,27,27,27,11,sergio-perez,cadillac,ferrari,pirelli,2,43,18.951,18951.0
1150,2026,1,28,28,28,55,carlos-sainz-jr,williams,mercedes,pirelli,3,45,34.615,34615.0
1150,2026,1,29,29,29,43,franco-colapinto,alpine,mercedes,pirelli,2,46,18.561,18561.0
1150,2026,1,30,30,30,18,lance-stroll,aston-martin,honda,pirelli,4,39,22.469,22469.0
1151,2026,2,1,1,1,6,isack-hadjar,red-bull,red-bull-ford,pirelli,1,1,23.062,23062.0
1151,2026,2,2,2,2,3,max-verstappen,red-bull,red-bull-ford,pirelli,1,9,23.678,23678.0
1151,2026,2,3,3,3,30,liam-lawson,racing-bulls,red-bull-ford,pirelli,1,9,22.721,22721.0
1151,2026,2,4,4,4,55,carlos-sainz-jr,williams,mercedes,pirelli,1,9,23.106,23106.0
1151,2026,2,5,5,5,12,kimi-antonelli,mercedes,mercedes,pirelli,1,10,23.005,23005.0
1151,2026,2,6,6,6,63,george-russell,mercedes,mercedes,pirelli,1,10,23.390,23390.0
1151,2026,2,7,7,7,44,lewis-hamilton,ferrari,ferrari,pirelli,1,10,22.433,22433.0
1151,2026,2,8,8,8,16,charles-leclerc,ferrari,ferrari,pirelli,1,10,25.633,25633.0
1151,2026,2,9,9,9,10,pierre-gasly,alpine,mercedes,pirelli,1,10,23.539,23539.0
1151,2026,2,10,10,10,87,oliver-bearman,haas,ferrari,pirelli,1,10,22.967,22967.0
1151,2026,2,11,11,11,77,valtteri-bottas,cadillac,ferrari,pirelli,1,10,27.795,27795.0
1151,2026,2,12,12,12,6,isack-hadjar,red-bull,red-bull-ford,pirelli,2,10,25.748,25748.0
1151,2026,2,13,13,13,11,sergio-perez,cadillac,ferrari,pirelli,1,11,26.213,26213.0
1151,2026,2,14,14,14,31,esteban-ocon,haas,ferrari,pirelli,1,29,25.997,25997.0
1151,2026,2,15,15,15,14,fernando-alonso,aston-martin,honda,pirelli,1,31,23.291,23291.0
1151,2026,2,16,16,16,43,franco-colapinto,alpine,mercedes,pirelli,1,32,23.195,23195.0
1151,2026,2,17,17,17,27,nico-hulkenberg,audi,audi,pirelli,1,35,37.358,37358.0
1151,2026,2,18,18,18,41,arvid-lindblad,racing-bulls,red-bull-ford,pirelli,1,42,23.290,23290.0
1151,2026,2,19,19,19,31,esteban-ocon,haas,ferrari,pirelli,2,46,47.067,47067.0
1152,2026,3,1,1,1,1,lando-norris,mclaren,mercedes,pirelli,1,16,23.316,23316.0
1152,2026,3,2,2,2,87,oliver-bearman,haas,ferrari,pirelli,1,16,25.081,25081.0
1152,2026,3,3,3,3,16,charles-leclerc,ferrari,ferrari,pirelli,1,17,22.992,22992.0
1152,2026,3,4,4,4,43,franco-colapinto,alpine,mercedes,pirelli,1,17,23.649,23649.0
1152,2026,3,5,5,5,81,oscar-piastri,mclaren,mercedes,pirelli,1,18,23.444,23444.0
1152,2026,3,6,6,6,41,arvid-lindblad,racing-bulls,red-bull-ford,pirelli,1,18,26.335,26335.0
1152,2026,3,7,7,7,31,esteban-ocon,haas,ferrari,pirelli,1,19,24.629,24629.0
1152,2026,3,8,8,8,6,isack-hadjar,red-bull,red-bull-ford,pirelli,1,19,23.698,23698.0
1152,2026,3,9,9,9,77,valtteri-bottas,cadillac,ferrari,pirelli,1,19,25.129,25129.0
1152,2026,3,10,10,10,63,george-russell,mercedes,mercedes,pirelli,1,21,22.937,22937.0
1152,2026,3,11,11,11,11,sergio-perez,cadillac,ferrari,pirelli,1,21,27.307,27307.0
1152,2026,3,12,12,12,18,lance-stroll,aston-martin,honda,pirelli,1,21,25.083,25083.0
1152,2026,3,13,13,13,14,fernando-alonso,aston-martin,honda,pirelli,1,21,26.458,26458.0
1152,2026,3,14,14,14,12,kimi-antonelli,mercedes,mercedes,pirelli,1,22,23.288,23288.0
1152,2026,3,15,15,15,44,lewis-hamilton,ferrari,ferrari,pirelli,1,22,22.891,22891.0
1152,2026,3,16,16,16,10,pierre-gasly,alpine,mercedes,pirelli,1,22,24.304,24304.0
1152,2026,3,17,17,17,3,max-verstappen,red-bull,red-bull-ford,pirelli,1,22,24.490,24490.0
1152,2026,3,18,18,18,30,liam-lawson,racing-bulls,red-bull-ford,pirelli,1,22,24.165,24165.0
1152,2026,3,19,19,19,5,gabriel-bortoleto,audi,audi,pirelli,1,22,24.630,24630.0
1152,2026,3,20,20,20,55,carlos-sainz-jr,williams,mercedes,pirelli,1,22,24.396,24396.0
1152,2026,3,21,21,21,23,alexander-albon,williams,mercedes,pirelli,1,22,24.600,24600.0
1152,2026,3,22,22,22,27,nico-hulkenberg,audi,audi,pirelli,1,23,23.999,23999.0
1152,2026,3,23,23,23,14,fernando-alonso,aston-martin,honda,pirelli,2,23,24.014,24014.0
1152,2026,3,24,24,24,18,lance-stroll,aston-martin,honda,pirelli,2,24,23.501,23501.0
1152,2026,3,25,25,25,23,alexander-albon,williams,mercedes,pirelli,2,45,23.072,23072.0
1152,2026,3,26,26,26,23,alexander-albon,williams,mercedes,pirelli,3,49,24.337,24337.0
1153,2026,4,1,1,1,27,nico-hulkenberg,audi,audi,pirelli,1,1,33.710,33710.0
1153,2026,4,2,2,2,3,max-verstappen,red-bull,red-bull-ford,pirelli,1,6,22.547,22547.0
1153,2026,4,3,3,3,77,valtteri-bottas,cadillac,ferrari,pirelli,1,6,23.529,23529.0
1153,2026,4,4,4,4,63,george-russell,mercedes,mercedes,pirelli,1,20,22.042,22042.0
1153,2026,4,5,5,5,16,charles-leclerc,ferrari,ferrari,pirelli,1,21,23.386,23386.0
1153,2026,4,6,6,6,77,valtteri-bottas,cadillac,ferrari,pirelli,2,21,23.827,23827.0
1153,2026,4,7,7,7,18,lance-stroll,aston-martin,honda,pirelli,1,21,22.630,22630.0
1153,2026,4,8,8,8,12,kimi-antonelli,mercedes,mercedes,pirelli,1,26,22.128,22128.0
1153,2026,4,9,9,9,87,oliver-bearman,haas,ferrari,pirelli,1,26,23.474,23474.0
1153,2026,4,10,10,10,1,lando-norris,mclaren,mercedes,pirelli,1,27,22.565,22565.0
1153,2026,4,11,11,11,44,lewis-hamilton,ferrari,ferrari,pirelli,1,27,23.779,23779.0
1153,2026,4,12,12,12,23,alexander-albon,williams,mercedes,pirelli,1,27,23.016,23016.0
1153,2026,4,13,13,13,81,oscar-piastri,mclaren,mercedes,pirelli,1,28,23.024,23024.0
1153,2026,4,14,14,14,55,carlos-sainz-jr,williams,mercedes,pirelli,1,28,23.595,23595.0
1153,2026,4,15,15,15,41,arvid-lindblad,racing-bulls,red-bull-ford,pirelli,1,28,22.731,22731.0
1153,2026,4,16,16,16,11,sergio-perez,cadillac,ferrari,pirelli,1,29,23.228,23228.0
1153,2026,4,17,17,17,43,franco-colapinto,alpine,mercedes,pirelli,1,31,23.093,23093.0
1153,2026,4,18,18,18,31,esteban-ocon,haas,ferrari,pirelli,1,31,24.027,24027.0
1153,2026,4,19,19,19,5,gabriel-bortoleto,audi,audi,pirelli,1,32,23.986,23986.0
1153,2026,4,20,20,20,18,lance-stroll,aston-martin,honda,pirelli,2,37,22.090,22090.0
1153,2026,4,21,21,21,14,fernando-alonso,aston-martin,honda,pirelli,1,41,23.160,23160.0
1154,2026,5,1,1,1,81,oscar-piastri,mclaren,mercedes,pirelli,1,1,24.121,24121.0
1154,2026,5,2,2,2,1,lando-norris,mclaren,mercedes,pirelli,1,2,23.418,23418.0
1154,2026,5,3,3,3,27,nico-hulkenberg,audi,audi,pirelli,1,2,24.952,24952.0
1154,2026,5,4,4,4,5,gabriel-bortoleto,audi,audi,pirelli,1,2,28.178,28178.0
1154,2026,5,5,5,5,55,carlos-sainz-jr,williams,mercedes,pirelli,1,2,24.751,24751.0
1154,2026,5,6,6,6,11,sergio-perez,cadillac,ferrari,pirelli,1,2,25.737,25737.0
1154,2026,5,7,7,7,77,valtteri-bottas,cadillac,ferrari,pirelli,1,3,28.257,28257.0
1154,2026,5,8,8,8,77,valtteri-bottas,cadillac,ferrari,pirelli,2,9,24.847,24847.0
1154,2026,5,9,9,9,81,oscar-piastri,mclaren,mercedes,pirelli,2,12,36.627,36627.0
1154,2026,5,10,10,10,18,lance-stroll,aston-martin,honda,pirelli,1,14,24.249,24249.0
1154,2026,5,11,11,11,1,lando-norris,mclaren,mercedes,pirelli,2,15,28.859,28859.0
1154,2026,5,12,12,12,11,sergio-perez,cadillac,ferrari,pirelli,2,15,25.153,25153.0
1154,2026,5,13,13,13,31,esteban-ocon,haas,ferrari,pirelli,1,16,24.833,24833.0
1154,2026,5,14,14,14,5,gabriel-bortoleto,audi,audi,pirelli,2,18,24.766,24766.0
1154,2026,5,15,15,15,27,nico-hulkenberg,audi,audi,pirelli,2,20,31.024,31024.0
1154,2026,5,16,16,16,14,fernando-alonso,aston-martin,honda,pirelli,1,20,24.709,24709.0
1154,2026,5,17,17,17,43,franco-colapinto,alpine,mercedes,pirelli,1,30,25.640,25640.0
1154,2026,5,18,18,18,11,sergio-perez,cadillac,ferrari,pirelli,3,29,24.984,24984.0
1154,2026,5,19,19,19,30,liam-lawson,racing-bulls,red-bull-ford,pirelli,1,30,24.177,24177.0
1154,2026,5,20,20,20,10,pierre-gasly,alpine,mercedes,pirelli,1,30,25.644,25644.0
1154,2026,5,21,21,21,12,kimi-antonelli,mercedes,mercedes,pirelli,1,31,25.153,25153.0
1154,2026,5,22,22,22,3,max-verstappen,red-bull,red-bull-ford,pirelli,1,31,25.199,25199.0
1154,2026,5,23,23,23,44,lewis-hamilton,ferrari,ferrari,pirelli,1,31,25.936,25936.0
1154,2026,5,24,24,24,16,charles-leclerc,ferrari,ferrari,pirelli,1,31,30.114,30114.0
1154,2026,5,25,25,25,6,isack-hadjar,red-bull,red-bull-ford,pirelli,1,31,24.902,24902.0
1154,2026,5,26,26,26,77,valtteri-bottas,cadillac,ferrari,pirelli,3,29,24.413,24413.0
1154,2026,5,27,27,27,31,esteban-ocon,haas,ferrari,pirelli,2,30,35.351,35351.0
1154,2026,5,28,28,28,18,lance-stroll,aston-martin,honda,pirelli,2,49,24.146,24146.0
1154,2026,5,29,29,29,81,oscar-piastri,mclaren,mercedes,pirelli,3,51,36.103,36103.0
1154,2026,5,30,30,30,77,valtteri-bottas,cadillac,ferrari,pirelli,4,49,31.102,31102.0
1155,2026,6,1,1,1,77,valtteri-bottas,cadillac,ferrari,pirelli,1,1,26.759,26759.0
1155,2026,6,2,2,2,87,oliver-bearman,haas,ferrari,pirelli,1,1,32.127,32127.0
1155,2026,6,3,3,3,5,gabriel-bortoleto,audi,audi,pirelli,1,1,25.927,25927.0
1155,2026,6,4,4,4,14,fernando-alonso,aston-martin,honda,pirelli,1,3,24.975,24975.0
1155,2026,6,5,5,5,11,sergio-perez,cadillac,ferrari,pirelli,1,4,27.138,27138.0
1155,2026,6,6,6,6,18,lance-stroll,aston-martin,honda,pirelli,1,4,24.803,24803.0
1155,2026,6,7,7,7,31,esteban-ocon,haas,ferrari,pirelli,1,9,25.482,25482.0
1155,2026,6,8,8,8,27,nico-hulkenberg,audi,audi,pirelli,1,12,24.810,24810.0
1155,2026,6,9,9,9,44,lewis-hamilton,ferrari,ferrari,pirelli,1,28,24.138,24138.0
1155,2026,6,10,10,10,63,george-russell,mercedes,mercedes,pirelli,1,31,24.029,24029.0
1155,2026,6,11,11,11,6,isack-hadjar,red-bull,red-bull-ford,pirelli,1,32,24.784,24784.0
1155,2026,6,12,12,12,16,charles-leclerc,ferrari,ferrari,pirelli,1,35,25.377,25377.0
1155,2026,6,13,13,13,43,franco-colapinto,alpine,mercedes,pirelli,1,35,25.797,25797.0
1155,2026,6,14,14,14,12,kimi-antonelli,mercedes,mercedes,pirelli,1,37,24.136,24136.0
1155,2026,6,15,15,15,23,alexander-albon,williams,mercedes,pirelli,1,43,25.553,25553.0
1155,2026,6,16,16,16,5,gabriel-bortoleto,audi,audi,pirelli,2,43,24.690,24690.0
1155,2026,6,17,17,17,30,liam-lawson,racing-bulls,red-bull-ford,pirelli,1,44,25.622,25622.0
1155,2026,6,18,18,18,10,pierre-gasly,alpine,mercedes,pirelli,1,45,25.547,25547.0
1155,2026,6,19,19,19,81,oscar-piastri,mclaren,mercedes,pirelli,1,48,24.244,24244.0
1155,2026,6,20,20,20,55,carlos-sainz-jr,williams,mercedes,pirelli,1,52,25.662,25662.0
1155,2026,6,21,21,21,81,oscar-piastri,mclaren,mercedes,pirelli,2,59,31.421,31421.0
1155,2026,6,22,22,22,44,lewis-hamilton,ferrari,ferrari,pirelli,2,60,31.227,31227.0
1155,2026,6,23,23,23,16,charles-leclerc,ferrari,ferrari,pirelli,2,60,34.907,34907.0
1155,2026,6,24,24,24,14,fernando-alonso,aston-martin,honda,pirelli,2,58,26.334,26334.0
1155,2026,6,25,25,25,12,kimi-antonelli,mercedes,mercedes,pirelli,2,61,26.878,26878.0
1155,2026,6,26,26,26,63,george-russell,mercedes,mercedes,pirelli,2,60,35.258,35258.0
1155,2026,6,27,27,27,11,sergio-perez,cadillac,ferrari,pirelli,3,59,26.005,26005.0
1155,2026,6,28,28,28,5,gabriel-bortoleto,audi,audi,pirelli,4,59,24.824,24824.0
1156,2026,7,1,1,1,44,lewis-hamilton,ferrari,ferrari,pirelli,1,11,22.480,22480.0
1156,2026,7,2,2,2,30,liam-lawson,racing-bulls,red-bull-ford,pirelli,1,11,25.983,25983.0
1156,2026,7,3,3,3,63,george-russell,mercedes,mercedes,pirelli,1,12,22.080,22080.0
1156,2026,7,4,4,4,3,max-verstappen,red-bull,red-bull-ford,pirelli,1,12,22.273,22273.0
1156,2026,7,5,5,5,43,franco-colapinto,alpine,mercedes,pirelli,1,12,22.983,22983.0
1156,2026,7,6,6,6,11,sergio-perez,cadillac,ferrari,pirelli,1,12,24.805,24805.0
1156,2026,7,7,7,7,1,lando-norris,mclaren,mercedes,pirelli,1,13,21.791,21791.0
1156,2026,7,8,8,8,27,nico-hulkenberg,audi,audi,pirelli,1,13,22.869,22869.0
1156,2026,7,9,9,9,31,esteban-ocon,haas,ferrari,pirelli,1,13,23.256,23256.0
1156,2026,7,10,10,10,23,alexander-albon,williams,mercedes,pirelli,1,13,24.005,24005.0
1156,2026,7,11,11,11,12,kimi-antonelli,mercedes,mercedes,pirelli,1,14,22.038,22038.0
1156,2026,7,12,12,12,81,oscar-piastri,mclaren,mercedes,pirelli,1,14,21.776,21776.0
1156,2026,7,13,13,13,10,pierre-gasly,alpine,mercedes,pirelli,1,14,22.682,22682.0
1156,2026,7,14,14,14,55,carlos-sainz-jr,williams,mercedes,pirelli,1,14,22.977,22977.0
1156,2026,7,15,15,15,77,valtteri-bottas,cadillac,ferrari,pirelli,1,14,23.280,23280.0
1156,2026,7,16,16,16,6,isack-hadjar,red-bull,red-bull-ford,pirelli,1,15,22.444,22444.0
1156,2026,7,17,17,17,5,gabriel-bortoleto,audi,audi,pirelli,1,15,22.783,22783.0
1156,2026,7,18,18,18,16,charles-leclerc,ferrari,ferrari,pirelli,1,16,22.249,22249.0
1156,2026,7,19,19,19,87,oliver-bearman,haas,ferrari,pirelli,1,18,23.118,23118.0
1156,2026,7,20,20,20,14,fernando-alonso,aston-martin,honda,pirelli,1,21,22.220,22220.0
1156,2026,7,21,21,21,41,arvid-lindblad,racing-bulls,red-bull-ford,pirelli,1,22,22.476,22476.0
1156,2026,7,22,22,22,44,lewis-hamilton,ferrari,ferrari,pirelli,2,27,22.477,22477.0
1156,2026,7,23,23,23,3,max-verstappen,red-bull,red-bull-ford,pirelli,2,29,24.189,24189.0
1156,2026,7,24,24,24,23,alexander-albon,williams,mercedes,pirelli,2,29,22.027,22027.0
1156,2026,7,25,25,25,55,carlos-sainz-jr,williams,mercedes,pirelli,2,30,22.595,22595.0
1156,2026,7,26,26,26,11,sergio-perez,cadillac,ferrari,pirelli,2,31,24.432,24432.0
1156,2026,7,27,27,27,6,isack-hadjar,red-bull,red-bull-ford,pirelli,2,32,22.528,22528.0
1156,2026,7,28,28,28,5,gabriel-bortoleto,audi,audi,pirelli,2,33,22.285,22285.0
1156,2026,7,29,29,29,43,franco-colapinto,alpine,mercedes,pirelli,2,34,22.290,22290.0
1156,2026,7,30,30,30,1,lando-norris,mclaren,mercedes,pirelli,2,35,22.041,22041.0
1156,2026,7,31,31,31,31,esteban-ocon,haas,ferrari,pirelli,2,34,26.449,26449.0
1156,2026,7,32,32,32,30,liam-lawson,racing-bulls,red-bull-ford,pirelli,2,35,23.172,23172.0
1156,2026,7,33,33,33,63,george-russell,mercedes,mercedes,pirelli,2,36,21.677,21677.0
1156,2026,7,34,34,34,81,oscar-piastri,mclaren,mercedes,pirelli,2,36,22.661,22661.0
1156,2026,7,35,35,35,12,kimi-antonelli,mercedes,mercedes,pirelli,2,37,22.210,22210.0
1156,2026,7,36,36,36,41,arvid-lindblad,racing-bulls,red-bull-ford,pirelli,2,37,24.010,24010.0
1156,2026,7,37,37,37,16,charles-leclerc,ferrari,ferrari,pirelli,2,39,22.125,22125.0
1156,2026,7,38,38,38,3,max-verstappen,red-bull,red-bull-ford,pirelli,3,40,22.786,22786.0
1156,2026,7,39,39,39,87,oliver-bearman,haas,ferrari,pirelli,2,39,23.901,23901.0
1156,2026,7,40,40,40,11,sergio-perez,cadillac,ferrari,pirelli,3,39,23.912,23912.0
1156,2026,7,41,41,41,44,lewis-hamilton,ferrari,ferrari,pirelli,3,41,22.837,22837.0
1156,2026,7,42,42,42,10,pierre-gasly,alpine,mercedes,pirelli,2,40,23.310,23310.0
1156,2026,7,43,43,43,5,gabriel-bortoleto,audi,audi,pirelli,3,53,25.915,25915.0
1156,2026,7,44,44,44,55,carlos-sainz-jr,williams,mercedes,pirelli,3,55,22.772,22772.0
1156,2026,7,45,45,45,6,isack-hadjar,red-bull,red-bull-ford,pirelli,3,58,21.949,21949.0
1156,2026,7,46,46,46,31,esteban-ocon,haas,ferrari,pirelli,3,58,22.965,22965.0
1156,2026,7,47,47,47,23,alexander-albon,williams,mercedes,pirelli,4,50,22.703,22703.0
1157,2026,8,1,1,1,44,lewis-hamilton,ferrari,ferrari,pirelli,1,12,21.369,21369.0
1157,2026,8,2,2,2,16,charles-leclerc,ferrari,ferrari,pirelli,1,13,21.731,21731.0
1157,2026,8,3,3,3,10,pierre-gasly,alpine,mercedes,pirelli,1,13,21.600,21600.0
1157,2026,8,4,4,4,55,carlos-sainz-jr,williams,mercedes,pirelli,1,14,21.371,21371.0
1157,2026,8,5,5,5,5,gabriel-bortoleto,audi,audi,pirelli,1,17,22.605,22605.0
1157,2026,8,6,6,6,3,max-verstappen,red-bull,red-bull-ford,pirelli,1,18,21.317,21317.0
1157,2026,8,7,7,7,6,isack-hadjar,red-bull,red-bull-ford,pirelli,1,18,21.770,21770.0
1157,2026,8,8,8,8,41,arvid-lindblad,racing-bulls,red-bull-ford,pirelli,1,18,21.408,21408.0
1157,2026,8,9,9,9,31,esteban-ocon,haas,ferrari,pirelli,1,18,21.878,21878.0
1157,2026,8,10,10,10,23,alexander-albon,williams,mercedes,pirelli,1,18,21.249,21249.0
1157,2026,8,11,11,11,63,george-russell,mercedes,mercedes,pirelli,1,19,21.204,21204.0
1157,2026,8,12,12,12,81,oscar-piastri,mclaren,mercedes,pirelli,1,19,22.077,22077.0
1157,2026,8,13,13,13,30,liam-lawson,racing-bulls,red-bull-ford,pirelli,1,19,22.022,22022.0
1157,2026,8,14,14,14,43,franco-colapinto,alpine,mercedes,pirelli,1,20,21.561,21561.0
1157,2026,8,15,15,15,1,lando-norris,mclaren,mercedes,pirelli,1,21,21.578,21578.0
1157,2026,8,16,16,16,27,nico-hulkenberg,audi,audi,pirelli,1,21,21.585,21585.0
1157,2026,8,17,17,17,12,kimi-antonelli,mercedes,mercedes,pirelli,1,24,21.413,21413.0
1157,2026,8,18,18,18,87,oliver-bearman,haas,ferrari,pirelli,1,24,21.593,21593.0
1157,2026,8,19,19,19,14,fernando-alonso,aston-martin,honda,pirelli,1,24,22.358,22358.0
1157,2026,8,20,20,20,18,lance-stroll,aston-martin,honda,pirelli,1,24,23.522,23522.0
1157,2026,8,21,21,21,44,lewis-hamilton,ferrari,ferrari,pirelli,2,25,21.250,21250.0
1157,2026,8,22,22,22,31,esteban-ocon,haas,ferrari,pirelli,2,33,25.455,25455.0
1157,2026,8,23,23,23,16,charles-leclerc,ferrari,ferrari,pirelli,2,37,21.020,21020.0
1157,2026,8,24,24,24,23,alexander-albon,williams,mercedes,pirelli,2,37,21.270,21270.0
1157,2026,8,25,25,25,10,pierre-gasly,alpine,mercedes,pirelli,2,38,21.212,21212.0
1157,2026,8,26,26,26,6,isack-hadjar,red-bull,red-bull-ford,pirelli,2,40,21.268,21268.0
1157,2026,8,27,27,27,81,oscar-piastri,mclaren,mercedes,pirelli,2,42,21.209,21209.0
1157,2026,8,28,28,28,44,lewis-hamilton,ferrari,ferrari,pirelli,3,42,21.267,21267.0
1157,2026,8,29,29,29,63,george-russell,mercedes,mercedes,pirelli,2,43,21.221,21221.0
1157,2026,8,30,30,30,5,gabriel-bortoleto,audi,audi,pirelli,2,44,21.877,21877.0
1157,2026,8,31,31,31,30,liam-lawson,racing-bulls,red-bull-ford,pirelli,2,45,21.545,21545.0
1157,2026,8,32,32,32,27,nico-hulkenberg,audi,audi,pirelli,2,45,22.591,22591.0
1157,2026,8,33,33,33,87,oliver-bearman,haas,ferrari,pirelli,2,45,22.044,22044.0
1157,2026,8,34,34,34,41,arvid-lindblad,racing-bulls,red-bull-ford,pirelli,2,46,21.551,21551.0
1157,2026,8,35,35,35,1,lando-norris,mclaren,mercedes,pirelli,2,47,21.816,21816.0
1157,2026,8,36,36,36,43,franco-colapinto,alpine,mercedes,pirelli,2,46,21.446,21446.0
1157,2026,8,37,37,37,3,max-verstappen,red-bull,red-bull-ford,pirelli,2,49,21.252,21252.0
1157,2026,8,38,38,38,12,kimi-antonelli,mercedes,mercedes,pirelli,2,51,21.502,21502.0
1157,2026,8,39,39,39,14,fernando-alonso,aston-martin,honda,pirelli,2,49,28.713,28713.0
1157,2026,8,40,40,40,10,pierre-gasly,alpine,mercedes,pirelli,3,51,21.580,21580.0
1157,2026,8,41,41,41,16,charles-leclerc,ferrari,ferrari,pirelli,3,59,22.738,22738.0
1158,2026,9,1,1,1,23,alexander-albon,williams,mercedes,pirelli,1,1,44.179,44179.0
1158,2026,9,2,2,2,81,oscar-piastri,mclaren,mercedes,pirelli,1,2,40.553,40553.0
1158,2026,9,3,3,3,23,alexander-albon,williams,mercedes,pirelli,2,14,41.291,41291.0
1158,2026,9,4,4,4,3,max-verstappen,red-bull,red-bull-ford,pirelli,1,17,28.738,28738.0
1158,2026,9,5,5,5,27,nico-hulkenberg,audi,audi,pirelli,1,17,28.979,28979.0
1158,2026,9,6,6,6,18,lance-stroll,aston-martin,honda,pirelli,1,18,28.734,28734.0
1158,2026,9,7,7,7,6,isack-hadjar,red-bull,red-bull-ford,pirelli,1,19,29.972,29972.0
1158,2026,9,8,8,8,55,carlos-sainz-jr,williams,mercedes,pirelli,1,20,28.894,28894.0
1158,2026,9,9,9,9,14,fernando-alonso,aston-martin,honda,pirelli,1,20,28.732,28732.0
1158,2026,9,10,10,10,31,esteban-ocon,haas,ferrari,pirelli,1,21,43.253,43253.0
1158,2026,9,11,11,11,11,sergio-perez,cadillac,ferrari,pirelli,1,21,29.374,29374.0
1158,2026,9,12,12,12,43,franco-colapinto,alpine,mercedes,pirelli,1,22,29.360,29360.0
1158,2026,9,13,13,13,44,lewis-hamilton,ferrari,ferrari,pirelli,1,23,34.864,34864.0
1158,2026,9,14,14,14,63,george-russell,mercedes,mercedes,pirelli,1,23,28.663,28663.0
1158,2026,9,15,15,15,10,pierre-gasly,alpine,mercedes,pirelli,1,23,33.608,33608.0
1158,2026,9,16,16,16,23,alexander-albon,williams,mercedes,pirelli,3,23,39.601,39601.0
1158,2026,9,17,17,17,16,charles-leclerc,ferrari,ferrari,pirelli,1,25,28.444,28444.0
1158,2026,9,18,18,18,5,gabriel-bortoleto,audi,audi,pirelli,1,26,28.662,28662.0
1158,2026,9,19,19,19,41,arvid-lindblad,racing-bulls,red-bull-ford,pirelli,1,27,28.974,28974.0
1158,2026,9,20,20,20,1,lando-norris,mclaren,mercedes,pirelli,1,28,28.833,28833.0
1158,2026,9,21,21,21,30,liam-lawson,racing-bulls,red-bull-ford,pirelli,1,28,28.746,28746.0
1158,2026,9,22,22,22,87,oliver-bearman,haas,ferrari,pirelli,1,29,29.971,29971.0
1158,2026,9,23,23,23,77,valtteri-bottas,cadillac,ferrari,pirelli,1,29,31.599,31599.0
1158,2026,9,24,24,24,63,george-russell,mercedes,mercedes,pirelli,2,34,28.337,28337.0
1158,2026,9,25,25,25,27,nico-hulkenberg,audi,audi,pirelli,2,34,35.858,35858.0
1158,2026,9,26,26,26,12,kimi-antonelli,mercedes,mercedes,pirelli,1,35,28.948,28948.0
1158,2026,9,27,27,27,81,oscar-piastri,mclaren,mercedes,pirelli,2,36,29.515,29515.0
1158,2026,9,28,28,28,23,alexander-albon,williams,mercedes,pirelli,4,35,31.474,31474.0
1158,2026,9,29,29,29,3,max-verstappen,red-bull,red-bull-ford,pirelli,2,38,28.950,28950.0
1158,2026,9,30,30,30,1,lando-norris,mclaren,mercedes,pirelli,2,38,29.818,29818.0
1158,2026,9,31,31,31,12,kimi-antonelli,mercedes,mercedes,pirelli,2,41,41.215,41215.0
1158,2026,9,32,32,32,23,alexander-albon,williams,mercedes,pirelli,5,40,32.582,32582.0
1158,2026,9,33,33,33,12,kimi-antonelli,mercedes,mercedes,pirelli,3,43,33.650,33650.0
1158,2026,9,34,34,34,6,isack-hadjar,red-bull,red-bull-ford,pirelli,3,47,29.672,29672.0
1158,2026,9,35,35,35,11,sergio-perez,cadillac,ferrari,pirelli,2,46,29.866,29866.0
1158,2026,9,36,36,36,30,liam-lawson,racing-bulls,red-bull-ford,pirelli,2,47,28.577,28577.0
1158,2026,9,37,37,37,41,arvid-lindblad,racing-bulls,red-bull-ford,pirelli,2,47,32.143,32143.0
1158,2026,9,38,38,38,5,gabriel-bortoleto,audi,audi,pirelli,2,47,29.926,29926.0
1158,2026,9,39,39,39,77,valtteri-bottas,cadillac,ferrari,pirelli,2,46,29.584,29584.0
1158,2026,9,40,40,40,43,franco-colapinto,alpine,mercedes,pirelli,2,47,29.461,29461.0
1158,2026,9,41,41,41,16,charles-leclerc,ferrari,ferrari,pirelli,2,48,28.887,28887.0
1158,2026,9,42,42,42,44,lewis-hamilton,ferrari,ferrari,pirelli,2,48,28.732,28732.0
1158,2026,9,43,43,43,81,oscar-piastri,mclaren,mercedes,pirelli,3,47,29.081,29081.0
1158,2026,9,44,44,44,14,fernando-alonso,aston-martin,honda,pirelli,2,46,29.964,29964.0
1158,2026,9,45,45,45,18,lance-stroll,aston-martin,honda,pirelli,2,46,46.234,46234.0
1158,2026,9,46,46,46,87,oliver-bearman,haas,ferrari,pirelli,2,47,30.274,30274.0
1158,2026,9,47,47,47,31,esteban-ocon,haas,ferrari,pirelli,2,47,31.212,31212.0
1158,2026,9,48,48,48,1,lando-norris,mclaren,mercedes,pirelli,3,48,28.475,28475.0
1158,2026,9,49,49,49,10,pierre-gasly,alpine,mercedes,pirelli,2,48,28.737,28737.0
1158,2026,9,50,50,50,55,carlos-sainz-jr,williams,mercedes,pirelli,2,48,29.219,29219.0
1159,2026,10,1,1,1,87,oliver-bearman,haas,ferrari,pirelli,1,1,26.554,26554.0
1159,2026,10,2,2,2,6,isack-hadjar,red-bull,red-bull-ford,pirelli,1,1,24.156,24156.0
1159,2026,10,3,3,3,11,sergio-perez,cadillac,ferrari,pirelli,1,1,25.372,25372.0
1159,2026,10,4,4,4,77,valtteri-bottas,cadillac,ferrari,pirelli,1,1,30.594,30594.0
1159,2026,10,5,5,5,31,esteban-ocon,haas,ferrari,pirelli,1,1,33.740,33740.0
1159,2026,10,6,6,6,6,isack-hadjar,red-bull,red-bull-ford,pirelli,2,2,22.997,22997.0
1159,2026,10,7,7,7,11,sergio-perez,cadillac,ferrari,pirelli,2,12,27.617,27617.0
1159,2026,10,8,8,8,10,pierre-gasly,alpine,mercedes,pirelli,1,14,24.177,24177.0
1159,2026,10,9,9,9,55,carlos-sainz-jr,williams,mercedes,pirelli,1,14,34.841,34841.0
1159,2026,10,10,10,10,30,liam-lawson,racing-bulls,red-bull-ford,pirelli,1,15,23.722,23722.0
1159,2026,10,11,11,11,43,franco-colapinto,alpine,mercedes,pirelli,1,15,24.146,24146.0
1159,2026,10,12,12,12,41,arvid-lindblad,racing-bulls,red-bull-ford,pirelli,1,16,24.810,24810.0
1159,2026,10,13,13,13,31,esteban-ocon,haas,ferrari,pirelli,2,16,24.124,24124.0
1159,2026,10,14,14,14,3,max-verstappen,red-bull,red-bull-ford,pirelli,1,17,23.128,23128.0
1159,2026,10,15,15,15,18,lance-stroll,aston-martin,honda,pirelli,1,17,31.649,31649.0
1159,2026,10,16,16,16,12,kimi-antonelli,mercedes,mercedes,pirelli,1,18,23.093,23093.0
1159,2026,10,17,17,17,23,alexander-albon,williams,mercedes,pirelli,1,18,22.638,22638.0
1159,2026,10,18,18,18,14,fernando-alonso,aston-martin,honda,pirelli,1,19,23.190,23190.0
1159,2026,10,19,19,19,16,charles-leclerc,ferrari,ferrari,pirelli,1,20,23.164,23164.0
1159,2026,10,20,20,20,44,lewis-hamilton,ferrari,ferrari,pirelli,1,20,32.201,32201.0
1159,2026,10,21,21,21,81,oscar-piastri,mclaren,mercedes,pirelli,1,20,23.292,23292.0
1159,2026,10,22,22,22,6,isack-hadjar,red-bull,red-bull-ford,pirelli,3,20,24.727,24727.0
1159,2026,10,23,23,23,5,gabriel-bortoleto,audi,audi,pirelli,1,20,23.127,23127.0
1159,2026,10,24,24,24,27,nico-hulkenberg,audi,audi,pirelli,1,20,26.098,26098.0
1159,2026,10,25,25,25,87,oliver-bearman,haas,ferrari,pirelli,2,20,28.982,28982.0
1159,2026,10,26,26,26,1,lando-norris,mclaren,mercedes,pirelli,1,30,28.314,28314.0
1159,2026,10,27,27,27,14,fernando-alonso,aston-martin,honda,pirelli,2,31,24.746,24746.0
1159,2026,10,28,28,28,77,valtteri-bottas,cadillac,ferrari,pirelli,2,32,25.910,25910.0
1160,2026,11,1,1,1,18,lance-stroll,aston-martin,honda,pirelli,1,8,21.789,21789.0
1160,2026,11,2,2,2,44,lewis-hamilton,ferrari,ferrari,pirelli,1,13,21.748,21748.0
1160,2026,11,3,3,3,3,max-verstappen,red-bull,red-bull-ford,pirelli,1,14,21.625,21625.0
1160,2026,11,4,4,4,43,franco-colapinto,alpine,mercedes,pirelli,1,15,22.995,22995.0
1160,2026,11,5,5,5,81,oscar-piastri,mclaren,mercedes,pirelli,1,16,21.765,21765.0
1160,2026,11,6,6,6,16,charles-leclerc,ferrari,ferrari,pirelli,1,16,21.931,21931.0
1160,2026,11,7,7,7,10,pierre-gasly,alpine,mercedes,pirelli,1,16,21.458,21458.0
1160,2026,11,8,8,8,1,lando-norris,mclaren,mercedes,pirelli,1,17,22.147,22147.0
1160,2026,11,9,9,9,31,esteban-ocon,haas,ferrari,pirelli,1,17,22.505,22505.0
1160,2026,11,10,10,10,55,carlos-sainz-jr,williams,mercedes,pirelli,1,18,21.614,21614.0
1160,2026,11,11,11,11,6,isack-hadjar,red-bull,red-bull-ford,pirelli,1,19,21.822,21822.0
1160,2026,11,12,12,12,27,nico-hulkenberg,audi,audi,pirelli,1,19,21.420,21420.0
1160,2026,11,13,13,13,41,arvid-lindblad,racing-bulls,red-bull-ford,pirelli,1,20,21.395,21395.0
1160,2026,11,14,14,14,30,liam-lawson,racing-bulls,red-bull-ford,pirelli,1,21,21.923,21923.0
1160,2026,11,15,15,15,11,sergio-perez,cadillac,ferrari,pirelli,1,21,23.212,23212.0
1160,2026,11,16,16,16,12,kimi-antonelli,mercedes,mercedes,pirelli,1,22,21.326,21326.0
1160,2026,11,17,17,17,87,oliver-bearman,haas,ferrari,pirelli,1,22,22.504,22504.0
1160,2026,11,18,18,18,23,alexander-albon,williams,mercedes,pirelli,1,26,22.105,22105.0
1160,2026,11,19,19,19,63,george-russell,mercedes,mercedes,pirelli,1,27,22.247,22247.0
1160,2026,11,20,20,20,5,gabriel-bortoleto,audi,audi,pirelli,1,29,21.749,21749.0
1160,2026,11,21,21,21,44,lewis-hamilton,ferrari,ferrari,pirelli,2,30,21.693,21693.0
1160,2026,11,22,22,22,81,oscar-piastri,mclaren,mercedes,pirelli,2,33,21.720,21720.0
1160,2026,11,23,23,23,14,fernando-alonso,aston-martin,honda,pirelli,1,34,22.175,22175.0
1160,2026,11,24,24,24,31,esteban-ocon,haas,ferrari,pirelli,2,35,22.399,22399.0
1160,2026,11,25,25,25,16,charles-leclerc,ferrari,ferrari,pirelli,2,36,21.763,21763.0
1160,2026,11,26,26,26,18,lance-stroll,aston-martin,honda,pirelli,2,37,24.241,24241.0
1160,2026,11,27,27,27,43,franco-colapinto,alpine,mercedes,pirelli,2,37,22.206,22206.0
1160,2026,11,28,28,28,1,lando-norris,mclaren,mercedes,pirelli,2,39,22.112,22112.0
1160,2026,11,29,29,29,27,nico-hulkenberg,audi,audi,pirelli,2,39,22.186,22186.0
1160,2026,11,30,30,30,10,pierre-gasly,alpine,mercedes,pirelli,2,39,21.574,21574.0
1160,2026,11,31,31,31,3,max-verstappen,red-bull,red-bull-ford,pirelli,2,41,22.015,22015.0
1160,2026,11,32,32,32,6,isack-hadjar,red-bull,red-bull-ford,pirelli,2,42,22.211,22211.0
1160,2026,11,33,33,33,30,liam-lawson,racing-bulls,red-bull-ford,pirelli,2,42,21.598,21598.0
1160,2026,11,34,34,34,87,oliver-bearman,haas,ferrari,pirelli,2,42,22.336,22336.0
1160,2026,11,35,35,35,55,carlos-sainz-jr,williams,mercedes,pirelli,2,43,28.658,28658.0
1160,2026,11,36,36,36,11,sergio-perez,cadillac,ferrari,pirelli,2,46,24.261,24261.0
1160,2026,11,37,37,37,63,george-russell,mercedes,mercedes,pirelli,2,54,22.019,22019.0
1160,2026,11,38,38,38,23,alexander-albon,williams,mercedes,pirelli,2,54,22.757,22757.0
1160,2026,11,39,39,39,1,lando-norris,mclaren,mercedes,pirelli,3,56,21.878,21878.0
1160,2026,11,40,40,40,55,carlos-sainz-jr,williams,mercedes,pirelli,3,54,22.082,22082.0
1160,2026,11,41,41,41,44,lewis-hamilton,ferrari,ferrari,pirelli,3,56,22.420,22420.0
1160,2026,11,42,42,42,16,charles-leclerc,ferrari,ferrari,pirelli,3,56,21.945,21945.0
1160,2026,11,43,43,43,10,pierre-gasly,alpine,mercedes,pirelli,3,55,21.740,21740.0
1160,2026,11,44,44,44,14,fernando-alonso,aston-martin,honda,pirelli,2,55,22.613,22613.0
1161,2026,12,1,1,1,5,gabriel-bortoleto,audi,audi,pirelli,2,11,18.074,18074.0
1161,2026,12,2,2,2,18,lance-stroll,aston-martin,honda,pirelli,2,15,17.645,17645.0
1161,2026,12,3,3,3,31,esteban-ocon,haas,ferrari,pirelli,2,16,18.662,18662.0
1161,2026,12,4,4,4,63,george-russell,mercedes,mercedes,pirelli,2,17,18.010,18010.0
1161,2026,12,5,5,5,81,oscar-piastri,mclaren,mercedes,pirelli,2,18,20.267,20267.0
1161,2026,12,6,6,6,10,pierre-gasly,alpine,mercedes,pirelli,2,18,18.003,18003.0
1161,2026,12,7,7,7,22,yuki-tsunoda,racing-bulls,red-bull-ford,pirelli,2,18,18.019,18019.0
1161,2026,12,8,8,8,27,nico-hulkenberg,audi,audi,pirelli,2,19,17.082,17082.0
1161,2026,12,9,9,9,12,kimi-antonelli,mercedes,mercedes,pirelli,2,21,18.797,18797.0
1161,2026,12,10,10,10,1,lando-norris,mclaren,mercedes,pirelli,2,21,18.074,18074.0
1161,2026,12,11,11,11,16,charles-leclerc,ferrari,ferrari,pirelli,2,21,19.770,19770.0
1161,2026,12,12,12,12,30,liam-lawson,red-bull,red-bull-ford,pirelli,2,21,18.668,18668.0
1161,2026,12,13,13,13,43,franco-colapinto,alpine,mercedes,pirelli,3,21,19.477,19477.0
1161,2026,12,14,14,14,44,lewis-hamilton,ferrari,ferrari,pirelli,2,25,17.872,17872.0
1161,2026,12,15,15,15,23,alexander-albon,williams,mercedes,pirelli,2,26,17.592,17592.0
1161,2026,12,16,16,16,77,valtteri-bottas,cadillac,ferrari,pirelli,2,28,20.045,20045.0
1161,2026,12,17,17,17,11,sergio-perez,cadillac,ferrari,pirelli,2,29,18.424,18424.0
1161,2026,12,18,18,18,55,carlos-sainz-jr,williams,mercedes,pirelli,2,30,17.814,17814.0
1161,2026,12,19,19,19,14,fernando-alonso,aston-martin,honda,pirelli,2,34,17.606,17606.0
1161,2026,12,20,20,20,5,gabriel-bortoleto,audi,audi,pirelli,3,34,17.519,17519.0
1161,2026,12,21,21,21,18,lance-stroll,aston-martin,honda,pirelli,3,35,17.200,17200.0
1161,2026,12,22,22,22,41,arvid-lindblad,racing-bulls,red-bull-ford,pirelli,3,36,18.578,18578.0
1161,2026,12,23,23,23,31,esteban-ocon,haas,ferrari,pirelli,3,36,17.965,17965.0
1161,2026,12,24,24,24,12,kimi-antonelli,mercedes,mercedes,pirelli,3,40,17.767,17767.0
1161,2026,12,25,25,25,63,george-russell,mercedes,mercedes,pirelli,3,40,17.451,17451.0
1161,2026,12,26,26,26,16,charles-leclerc,ferrari,ferrari,pirelli,3,43,18.746,18746.0
1161,2026,12,27,27,27,81,oscar-piastri,mclaren,mercedes,pirelli,3,44,18.100,18100.0
1161,2026,12,28,28,28,22,yuki-tsunoda,racing-bulls,red-bull-ford,pirelli,3,44,17.824,17824.0
1161,2026,12,29,29,29,43,franco-colapinto,alpine,mercedes,pirelli,4,45,18.355,18355.0
1161,2026,12,30,30,30,1,lando-norris,mclaren,mercedes,pirelli,3,47,17.552,17552.0
1161,2026,12,31,31,31,10,pierre-gasly,alpine,mercedes,pirelli,3,46,18.116,18116.0
1161,2026,12,32,32,32,30,liam-lawson,red-bull,red-bull-ford,pirelli,3,47,18.256,18256.0
1161,2026,12,33,33,33,27,nico-hulkenberg,audi,audi,pirelli,3,48,17.771,17771.0
1161,2026,12,34,34,34,23,alexander-albon,williams,mercedes,pirelli,3,49,17.482,17482.0
1161,2026,12,35,35,35,77,valtteri-bottas,cadillac,ferrari,pirelli,3,51,19.658,19658.0
1161,2026,12,36,36,36,11,sergio-perez,cadillac,ferrari,pirelli,3,52,18.564,18564.0
1161,2026,12,37,37,37,5,gabriel-bortoleto,audi,audi,pirelli,4,53,19.215,19215.0
1161,2026,12,38,38,38,44,lewis-hamilton,ferrari,ferrari,pirelli,3,55,18.710,18710.0
1161,2026,12,39,39,39,16,charles-leclerc,ferrari,ferrari,pirelli,4,55,18.730,18730.0
1161,2026,12,40,40,40,81,oscar-piastri,mclaren,mercedes,pirelli,4,55,17.851,17851.0
1161,2026,12,41,41,41,12,kimi-antonelli,mercedes,mercedes,pirelli,4,56,19.142,19142.0
1161,2026,12,42,42,42,55,carlos-sainz-jr,williams,mercedes,pirelli,3,65,18.047,18047.0
1162,2026,13,1,1,1,30,liam-lawson,red-bull,red-bull-ford,pirelli,2,12,31.197,31197.0
1162,2026,13,2,2,2,30,liam-lawson,red-bull,red-bull-ford,pirelli,2,12,31.197,31197.0
1162,2026,13,3,3,3,27,nico-hulkenberg,audi,audi,pirelli,2,27,24.246,24246.0
1162,2026,13,4,4,4,27,nico-hulkenberg,audi,audi,pirelli,2,27,24.246,24246.0
1162,2026,13,5,5,5,55,carlos-sainz-jr,williams,mercedes,pirelli,2,27,24.570,24570.0
1162,2026,13,6,6,6,55,carlos-sainz-jr,williams,mercedes,pirelli,2,27,24.570,24570.0
1162,2026,13,7,7,7,31,esteban-ocon,haas,ferrari,pirelli,2,27,27.286,27286.0
1162,2026,13,8,8,8,31,esteban-ocon,haas,ferrari,pirelli,2,27,27.286,27286.0
1162,2026,13,9,9,9,11,sergio-perez,cadillac,ferrari,pirelli,2,27,28.458,28458.0
1162,2026,13,10,10,10,11,sergio-perez,cadillac,ferrari,pirelli,2,27,28.458,28458.0
1162,2026,13,11,11,11,77,valtteri-bottas,cadillac,ferrari,pirelli,2,27,35.251,35251.0
1162,2026,13,12,12,12,77,valtteri-bottas,cadillac,ferrari,pirelli,2,27,35.251,35251.0
1162,2026,13,13,13,13,12,kimi-antonelli,mercedes,mercedes,pirelli,2,28,24.963,24963.0
1162,2026,13,14,14,14,12,kimi-antonelli,mercedes,mercedes,pirelli,2,28,24.963,24963.0
1162,2026,13,15,15,15,3,max-verstappen,red-bull,red-bull-ford,pirelli,2,28,24.933,24933.0
1162,2026,13,16,16,16,3,max-verstappen,red-bull,red-bull-ford,pirelli,2,28,24.933,24933.0
1162,2026,13,17,17,17,23,alexander-albon,williams,mercedes,pirelli,2,46,26.394,26394.0
1162,2026,13,18,18,18,23,alexander-albon,williams,mercedes,pirelli,2,46,26.394,26394.0
