raceId,year,round,positionDisplayOrder,positionNumber,positionText,driverNumber,driverId,constructorId,engineManufacturerId,tyreManufacturerId,time,timeMillis,q1,q1Millis,q2,q2Millis,q3,q3Millis,gap,gapMillis,interval,intervalMillis,laps
898,2014,1,1,1.0,1,44,lewis-hamilton,mercedes,mercedes,pirelli,,,1:31.699,91699.0,1:42.890,102890.0,1:44.231,104231.0,,,,,22.0
898,2014,1,2,2.0,2,3,daniel-ricciardo,red-bull,renault,pirelli,,,1:30.775,90775.0,1:42.295,102295.0,1:44.548,104548.0,+0.317,317.0,+0.317,317.0,20.0
898,2014,1,3,3.0,3,6,nico-rosberg,mercedes,mercedes,pirelli,,,1:32.564,92564.0,1:42.264,102264.0,1:44.595,104595.0,+0.364,364.0,+0.047,47.0,21.0
898,2014,1,4,4.0,4,20,kevin-magnussen,mclaren,mercedes,pirelli,,,1:30.949,90949.0,1:43.247,103247.0,1:45.745,105745.0,+1.514,1514.0,+1.150,1150.0,19.0
898,2014,1,5,5.0,5,14,fernando-alonso,ferrari,ferrari,pirelli,,,1:31.388,91388.0,1:42.805,102805.0,1:45.819,105819.0,+1.588,1588.0,+0.074,74.0,21.0
898,2014,1,6,6.0,6,25,jean-eric-vergne,toro-rosso,renault,pirelli,,,1:33.488,93488.0,1:43.849,103849.0,1:45.864,105864.0,+1.633,1633.0,+0.045,45.0,21.0
898,2014,1,7,7.0,7,27,nico-hulkenberg,force-india,mercedes,pirelli,,,1:33.893,93893.0,1:43.658,103658.0,1:46.030,106030.0,+1.799,1799.0,+0.166,166.0,20.0
898,2014,1,8,8.0,8,26,daniil-kvyat,toro-rosso,renault,pirelli,,,1:33.777,93777.0,1:44.331,104331.0,1:47.368,107368.0,+3.137,3137.0,+1.338,1338.0,20.0
898,2014,1,9,9.0,9,19,felipe-massa,williams,mercedes,pirelli,,,1:31.228,91228.0,1:44.242,104242.0,1:48.079,108079.0,+3.848,3848.0,+0.711,711.0,21.0
898,2014,1,10,10.0,10,77,valtteri-bottas,williams,mercedes,pirelli,,,1:31.601,91601.0,1:43.852,103852.0,1:48.147,108147.0,+3.916,3916.0,+0.068,68.0,19.0
898,2014,1,11,11.0,11,22,jenson-button,mclaren,mercedes,pirelli,,,1:31.396,91396.0,1:44.437,104437.0,,,,,,,13.0
898,2014,1,12,12.0,12,7,kimi-raikkonen,ferrari,ferrari,pirelli,,,1:32.439,92439.0,1:44.494,104494.0,,,,,,,13.0
898,2014,1,13,13.0,13,1,sebastian-vettel,red-bull,renault,pirelli,,,1:31.931,91931.0,1:44.668,104668.0,,,,,,,13.0
898,2014,1,14,14.0,14,99,adrian-sutil,sauber,ferrari,pirelli,,,1:33.673,93673.0,1:45.655,105655.0,,,,,,,12.0
898,2014,1,15,15.0,15,10,kamui-kobayashi,caterham,renault,pirelli,,,1:34.274,94274.0,1:45.867,105867.0,,,,,,,13.0
898,2014,1,16,16.0,16,11,sergio-perez,force-india,mercedes,pirelli,,,1:34.141,94141.0,1:47.293,107293.0,,,,,,,13.0
898,2014,1,17,17.0,17,4,max-chilton,marussia,ferrari,pirelli,,,1:34.293,94293.0,,,,,,,,,5.0
898,2014,1,18,18.0,18,17,jules-bianchi,marussia,ferrari,pirelli,,,1:34.794,94794.0,,,,,,,,,5.0
898,2014,1,19,19.0,19,21,esteban-gutierrez,sauber,ferrari,pirelli,,,1:35.117,95117.0,,,,,,,,,7.0
898,2014,1,20,20.0,20,9,marcus-ericsson,caterham,renault,pirelli,,,1:35.157,95157.0,,,,,,,,,5.0
898,2014,1,21,21.0,21,8,romain-grosjean,lotus-f1,renault,pirelli,,,1:36.993,96993.0,,,,,,,,,6.0
898,2014,1,22,,NC,13,pastor-maldonado,lotus-f1,renault,pirelli,,,,,,,,,,,,,3.0
899,2014,2,1,1.0,1,44,lewis-hamilton,mercedes,mercedes,pirelli,,,1:57.202,117202.0,1:59.041,119041.0,1:59.431,119431.0,,,,,22.0
899,2014,2,2,2.0,2,1,sebastian-vettel,red-bull,renault,pirelli,,,1:57.654,117654.0,1:59.399,119399.0,1:59.486,119486.0,+0.055,55.0,+0.055,55.0,20.0
899,2014,2,3,3.0,3,6,nico-rosberg,mercedes,mercedes,pirelli,,,1:57.183,117183.0,1:59.445,119445.0,2:00.050,120050.0,+0.619,619.0,+0.564,564.0,23.0
899,2014,2,4,4.0,4,14,fernando-alonso,ferrari,ferrari,pirelli,,,1:58.889,118889.0,2:01.356,121356.0,2:00.175,120175.0,+0.744,744.0,+0.125,125.0,22.0
899,2014,2,5,5.0,5,3,daniel-ricciardo,red-bull,renault,pirelli,,,1:58.913,118913.0,2:00.147,120147.0,2:00.541,120541.0,+1.110,1110.0,+0.366,366.0,20.0
899,2014,2,6,6.0,6,7,kimi-raikkonen,ferrari,ferrari,pirelli,,,1:59.257,119257.0,2:01.532,121532.0,2:01.218,121218.0,+1.787,1787.0,+0.677,677.0,21.0
899,2014,2,7,7.0,7,27,nico-hulkenberg,force-india,mercedes,pirelli,,,1:58.883,118883.0,2:00.839,120839.0,2:01.712,121712.0,+2.281,2281.0,+0.494,494.0,23.0
899,2014,2,8,8.0,8,20,kevin-magnussen,mclaren,mercedes,pirelli,,,2:00.358,120358.0,2:02.094,122094.0,2:02.213,122213.0,+2.782,2782.0,+0.501,501.0,20.0
899,2014,2,9,9.0,9,25,jean-eric-vergne,toro-rosso,renault,pirelli,,,2:01.689,121689.0,2:02.096,122096.0,2:03.078,123078.0,+3.647,3647.0,+0.865,865.0,23.0
899,2014,2,10,10.0,10,22,jenson-button,mclaren,mercedes,pirelli,,,2:00.889,120889.0,2:01.810,121810.0,2:04.053,124053.0,+4.622,4622.0,+0.975,975.0,22.0
899,2014,2,11,11.0,11,26,daniil-kvyat,toro-rosso,renault,pirelli,,,2:01.175,121175.0,2:02.351,122351.0,,,,,,,16.0
899,2014,2,12,12.0,12,21,esteban-gutierrez,sauber,ferrari,pirelli,,,2:01.134,121134.0,2:02.369,122369.0,,,,,,,16.0
899,2014,2,13,13.0,13,19,felipe-massa,williams,mercedes,pirelli,,,2:00.047,120047.0,2:02.460,122460.0,,,,,,,16.0
899,2014,2,14,14.0,14,11,sergio-perez,force-india,mercedes,pirelli,,,2:00.076,120076.0,2:02.511,122511.0,,,,,,,15.0
899,2014,2,15,15.0,15,77,valtteri-bottas,williams,mercedes,pirelli,,,1:59.709,119709.0,2:02.756,122756.0,,,,,,,17.0
899,2014,2,16,16.0,16,8,romain-grosjean,lotus-f1,renault,pirelli,,,2:00.202,120202.0,2:02.885,122885.0,,,,,,,17.0
899,2014,2,17,17.0,17,13,pastor-maldonado,lotus-f1,renault,pirelli,,,2:02.074,122074.0,,,,,,,,,8.0
899,2014,2,18,18.0,18,99,adrian-sutil,sauber,ferrari,pirelli,,,2:02.131,122131.0,,,,,,,,,7.0
899,2014,2,19,19.0,19,17,jules-bianchi,marussia,ferrari,pirelli,,,2:02.702,122702.0,,,,,,,,,8.0
899,2014,2,20,20.0,20,10,kamui-kobayashi,caterham,renault,pirelli,,,2:03.595,123595.0,,,,,,,,,8.0
899,2014,2,21,21.0,21,4,max-chilton,marussia,ferrari,pirelli,,,2:04.388,124388.0,,,,,,,,,8.0
899,2014,2,22,22.0,22,9,marcus-ericsson,caterham,renault,pirelli,,,2:04.407,124407.0,,,,,,,,,7.0
900,2014,3,1,1.0,1,6,nico-rosberg,mercedes,mercedes,pirelli,,,1:35.439,95439.0,1:33.708,93708.0,1:33.185,93185.0,,,,,12.0
900,2014,3,2,2.0,2,44,lewis-hamilton,mercedes,mercedes,pirelli,,,1:35.323,95323.0,1:33.872,93872.0,1:33.464,93464.0,+0.279,279.0,+0.279,279.0,12.0
900,2014,3,3,3.0,3,3,daniel-ricciardo,red-bull,renault,pirelli,,,1:36.220,96220.0,1:34.592,94592.0,1:34.051,94051.0,+0.866,866.0,+0.587,587.0,16.0
900,2014,3,4,4.0,4,77,valtteri-bottas,williams,mercedes,pirelli,,,1:34.934,94934.0,1:34.842,94842.0,1:34.247,94247.0,+1.062,1062.0,+0.196,196.0,15.0
900,2014,3,5,5.0,5,11,sergio-perez,force-india,mercedes,pirelli,,,1:34.998,94998.0,1:34.747,94747.0,1:34.346,94346.0,+1.161,1161.0,+0.099,99.0,19.0
900,2014,3,6,6.0,6,7,kimi-raikkonen,ferrari,ferrari,pirelli,,,1:35.234,95234.0,1:34.925,94925.0,1:34.368,94368.0,+1.183,1183.0,+0.022,22.0,15.0
900,2014,3,7,7.0,7,22,jenson-button,mclaren,mercedes,pirelli,,,1:35.699,95699.0,1:34.714,94714.0,1:34.387,94387.0,+1.202,1202.0,+0.019,19.0,17.0
900,2014,3,8,8.0,8,19,felipe-massa,williams,mercedes,pirelli,,,1:35.085,95085.0,1:34.842,94842.0,1:34.511,94511.0,+1.326,1326.0,+0.124,124.0,14.0
900,2014,3,9,9.0,9,20,kevin-magnussen,mclaren,mercedes,pirelli,,,1:35.288,95288.0,1:34.904,94904.0,1:34.712,94712.0,+1.527,1527.0,+0.201,201.0,17.0
900,2014,3,10,10.0,10,14,fernando-alonso,ferrari,ferrari,pirelli,,,1:35.251,95251.0,1:34.723,94723.0,1:34.992,94992.0,+1.807,1807.0,+0.280,280.0,17.0
900,2014,3,11,11.0,11,1,sebastian-vettel,red-bull,renault,pirelli,,,1:35.549,95549.0,1:34.985,94985.0,,,,,,,9.0
900,2014,3,12,12.0,12,27,nico-hulkenberg,force-india,mercedes,pirelli,,,1:34.874,94874.0,1:35.116,95116.0,,,,,,,12.0
900,2014,3,13,13.0,13,26,daniil-kvyat,toro-rosso,renault,pirelli,,,1:35.395,95395.0,1:35.145,95145.0,,,,,,,14.0
900,2014,3,14,14.0,14,25,jean-eric-vergne,toro-rosso,renault,pirelli,,,1:35.815,95815.0,1:35.286,95286.0,,,,,,,14.0
900,2014,3,15,15.0,15,21,esteban-gutierrez,sauber,ferrari,pirelli,,,1:36.567,96567.0,1:35.891,95891.0,,,,,,,14.0
900,2014,3,16,16.0,16,8,romain-grosjean,lotus-f1,renault,pirelli,,,1:36.654,96654.0,1:35.908,95908.0,,,,,,,10.0
900,2014,3,17,17.0,17,13,pastor-maldonado,lotus-f1,renault,pirelli,,,1:36.663,96663.0,,,,,,,,,7.0
900,2014,3,18,18.0,18,99,adrian-sutil,sauber,ferrari,pirelli,,,1:36.840,96840.0,,,,,,,,,5.0
900,2014,3,19,19.0,19,10,kamui-kobayashi,caterham,renault,pirelli,,,1:37.085,97085.0,,,,,,,,,6.0
900,2014,3,20,20.0,20,17,jules-bianchi,marussia,ferrari,pirelli,,,1:37.310,97310.0,,,,,,,,,6.0
900,2014,3,21,21.0,21,9,marcus-ericsson,caterham,renault,pirelli,,,1:37.875,97875.0,,,,,,,,,7.0
900,2014,3,22,22.0,22,4,max-chilton,marussia,ferrari,pirelli,,,1:37.913,97913.0,,,,,,,,,6.0
901,2014,4,1,1.0,1,44,lewis-hamilton,mercedes,mercedes,pirelli,,,1:55.516,115516.0,1:54.029,114029.0,1:53.860,113860.0,,,,,21.0
901,2014,4,2,2.0,2,3,daniel-ricciardo,red-bull,renault,pirelli,,,1:56.641,116641.0,1:55.302,115302.0,1:54.455,114455.0,+0.595,595.0,+0.595,595.0,23.0
901,2014,4,3,3.0,3,1,sebastian-vettel,red-bull,renault,pirelli,,,1:55.926,115926.0,1:54.499,114499.0,1:54.960,114960.0,+1.100,1100.0,+0.505,505.0,23.0
901,2014,4,4,4.0,4,6,nico-rosberg,mercedes,mercedes,pirelli,,,1:56.058,116058.0,1:55.294,115294.0,1:55.143,115143.0,+1.283,1283.0,+0.183,183.0,22.0
901,2014,4,5,5.0,5,14,fernando-alonso,ferrari,ferrari,pirelli,,,1:56.961,116961.0,1:55.765,115765.0,1:55.637,115637.0,+1.777,1777.0,+0.494,494.0,21.0
901,2014,4,6,6.0,6,19,felipe-massa,williams,mercedes,pirelli,,,1:56.850,116850.0,1:56.757,116757.0,1:56.147,116147.0,+2.287,2287.0,+0.510,510.0,24.0
901,2014,4,7,7.0,7,77,valtteri-bottas,williams,mercedes,pirelli,,,1:56.501,116501.0,1:56.253,116253.0,1:56.282,116282.0,+2.422,2422.0,+0.135,135.0,24.0
901,2014,4,8,8.0,8,27,nico-hulkenberg,force-india,mercedes,pirelli,,,1:55.913,115913.0,1:56.847,116847.0,1:56.366,116366.0,+2.506,2506.0,+0.084,84.0,23.0
901,2014,4,9,9.0,9,25,jean-eric-vergne,toro-rosso,renault,pirelli,,,1:57.477,117477.0,1:56.584,116584.0,1:56.773,116773.0,+2.913,2913.0,+0.407,407.0,23.0
901,2014,4,10,10.0,10,8,romain-grosjean,lotus-f1,renault,pirelli,,,1:58.411,118411.0,1:56.407,116407.0,1:57.079,117079.0,+3.219,3219.0,+0.306,306.0,22.0
901,2014,4,11,11.0,11,7,kimi-raikkonen,ferrari,ferrari,pirelli,,,1:58.279,118279.0,1:56.860,116860.0,,,,,,,17.0
901,2014,4,12,12.0,12,22,jenson-button,mclaren,mercedes,pirelli,,,1:57.783,117783.0,1:56.963,116963.0,,,,,,,17.0
901,2014,4,13,13.0,13,26,daniil-kvyat,toro-rosso,renault,pirelli,,,1:57.261,117261.0,1:57.289,117289.0,,,,,,,18.0
901,2014,4,14,14.0,14,99,adrian-sutil,sauber,ferrari,pirelli,,,1:58.138,118138.0,1:57.393,117393.0,,,,,,,17.0
901,2014,4,15,15.0,15,20,kevin-magnussen,mclaren,mercedes,pirelli,,,1:57.369,117369.0,1:57.675,117675.0,,,,,,,17.0
901,2014,4,16,16.0,16,11,sergio-perez,force-india,mercedes,pirelli,,,1:58.362,118362.0,1:58.264,118264.0,,,,,,,17.0
901,2014,4,17,17.0,17,21,esteban-gutierrez,sauber,ferrari,pirelli,,,1:58.988,118988.0,,,,,,,,,10.0
901,2014,4,18,18.0,18,10,kamui-kobayashi,caterham,renault,pirelli,,,1:59.260,119260.0,,,,,,,,,10.0
901,2014,4,19,19.0,19,17,jules-bianchi,marussia,ferrari,pirelli,,,1:59.326,119326.0,,,,,,,,,10.0
901,2014,4,20,20.0,20,9,marcus-ericsson,caterham,renault,pirelli,,,2:00.646,120646.0,,,,,,,,,10.0
901,2014,4,21,21.0,21,4,max-chilton,marussia,ferrari,pirelli,,,2:00.865,120865.0,,,,,,,,,10.0
901,2014,4,22,,NC,13,pastor-maldonado,lotus-f1,renault,pirelli,,,,,,,,,,,,,
902,2014,5,1,1.0,1,44,lewis-hamilton,mercedes,mercedes,pirelli,,,1:27.238,87238.0,1:26.210,86210.0,1:25.232,85232.0,,,,,16.0
902,2014,5,2,2.0,2,6,nico-rosberg,mercedes,mercedes,pirelli,,,1:26.764,86764.0,1:26.088,86088.0,1:25.400,85400.0,+0.168,168.0,+0.168,168.0,19.0
902,2014,5,3,3.0,3,3,daniel-ricciardo,red-bull,renault,pirelli,,,1:28.053,88053.0,1:26.613,86613.0,1:26.285,86285.0,+1.053,1053.0,+0.885,885.0,16.0
902,2014,5,4,4.0,4,77,valtteri-bottas,williams,mercedes,pirelli,,,1:28.198,88198.0,1:27.563,87563.0,1:26.632,86632.0,+1.400,1400.0,+0.347,347.0,17.0
902,2014,5,5,5.0,5,8,romain-grosjean,lotus-f1,renault,pirelli,,,1:28.472,88472.0,1:27.258,87258.0,1:26.960,86960.0,+1.728,1728.0,+0.328,328.0,18.0
902,2014,5,6,6.0,6,7,kimi-raikkonen,ferrari,ferrari,pirelli,,,1:28.308,88308.0,1:27.335,87335.0,1:27.104,87104.0,+1.872,1872.0,+0.144,144.0,18.0
902,2014,5,7,7.0,7,14,fernando-alonso,ferrari,ferrari,pirelli,,,1:28.329,88329.0,1:27.602,87602.0,1:27.140,87140.0,+1.908,1908.0,+0.036,36.0,16.0
902,2014,5,8,8.0,8,22,jenson-button,mclaren,mercedes,pirelli,,,1:28.279,88279.0,1:27.570,87570.0,1:27.335,87335.0,+2.103,2103.0,+0.195,195.0,18.0
902,2014,5,9,9.0,9,19,felipe-massa,williams,mercedes,pirelli,,,1:28.061,88061.0,1:27.016,87016.0,1:27.402,87402.0,+2.170,2170.0,+0.067,67.0,16.0
902,2014,5,10,10.0,10,1,sebastian-vettel,red-bull,renault,pirelli,,,1:27.958,87958.0,1:27.052,87052.0,,,,,,,11.0
902,2014,5,11,11.0,11,27,nico-hulkenberg,force-india,mercedes,pirelli,,,1:28.155,88155.0,1:27.685,87685.0,,,,,,,13.0
902,2014,5,12,12.0,12,11,sergio-perez,force-india,mercedes,pirelli,,,1:28.469,88469.0,1:28.002,88002.0,,,,,,,16.0
902,2014,5,13,13.0,13,26,daniil-kvyat,toro-rosso,renault,pirelli,,,1:28.074,88074.0,1:28.039,88039.0,,,,,,,12.0
902,2014,5,14,14.0,14,21,esteban-gutierrez,sauber,ferrari,pirelli,,,1:28.374,88374.0,1:28.280,88280.0,,,,,,,12.0
902,2014,5,15,15.0,15,20,kevin-magnussen,mclaren,mercedes,pirelli,,,1:28.389,88389.0,,,,,,,,,10.0
902,2014,5,16,16.0,16,25,jean-eric-vergne,toro-rosso,renault,pirelli,,,1:28.194,88194.0,,,,,,,,,6.0
902,2014,5,17,17.0,17,99,adrian-sutil,sauber,ferrari,pirelli,,,1:28.563,88563.0,,,,,,,,,9.0
902,2014,5,18,18.0,18,4,max-chilton,marussia,ferrari,pirelli,,,1:29.586,89586.0,,,,,,,,,6.0
902,2014,5,19,19.0,19,17,jules-bianchi,marussia,ferrari,pirelli,,,1:30.177,90177.0,,,,,,,,,6.0
902,2014,5,20,20.0,20,9,marcus-ericsson,caterham,renault,pirelli,,,1:30.312,90312.0,,,,,,,,,8.0
902,2014,5,21,21.0,21,10,kamui-kobayashi,caterham,renault,pirelli,,,1:30.375,90375.0,,,,,,,,,6.0
902,2014,5,22,,NC,13,pastor-maldonado,lotus-f1,renault,pirelli,,,,,,,,,,,,,2.0
903,2014,6,1,1.0,1,6,nico-rosberg,mercedes,mercedes,pirelli,,,1:17.678,77678.0,1:16.465,76465.0,1:15.989,75989.0,,,,,26.0
903,2014,6,2,2.0,2,44,lewis-hamilton,mercedes,mercedes,pirelli,,,1:17.823,77823.0,1:16.354,76354.0,1:16.048,76048.0,+0.059,59.0,+0.059,59.0,27.0
903,2014,6,3,3.0,3,3,daniel-ricciardo,red-bull,renault,pirelli,,,1:17.900,77900.0,1:17.233,77233.0,1:16.384,76384.0,+0.395,395.0,+0.336,336.0,22.0
903,2014,6,4,4.0,4,1,sebastian-vettel,red-bull,renault,pirelli,,,1:18.383,78383.0,1:17.074,77074.0,1:16.547,76547.0,+0.558,558.0,+0.163,163.0,25.0
903,2014,6,5,5.0,5,14,fernando-alonso,ferrari,ferrari,pirelli,,,1:17.853,77853.0,1:17.200,77200.0,1:16.686,76686.0,+0.697,697.0,+0.139,139.0,27.0
903,2014,6,6,6.0,6,7,kimi-raikkonen,ferrari,ferrari,pirelli,,,1:17.902,77902.0,1:17.398,77398.0,1:17.389,77389.0,+1.400,1400.0,+0.703,703.0,27.0
903,2014,6,7,7.0,7,25,jean-eric-vergne,toro-rosso,renault,pirelli,,,1:17.557,77557.0,1:17.657,77657.0,1:17.540,77540.0,+1.551,1551.0,+0.151,151.0,26.0
903,2014,6,8,8.0,8,20,kevin-magnussen,mclaren,mercedes,pirelli,,,1:17.978,77978.0,1:17.609,77609.0,1:17.555,77555.0,+1.566,1566.0,+0.015,15.0,25.0
903,2014,6,9,9.0,9,26,daniil-kvyat,toro-rosso,renault,pirelli,,,1:18.616,78616.0,1:17.594,77594.0,1:18.090,78090.0,+2.101,2101.0,+0.535,535.0,23.0
903,2014,6,10,10.0,10,11,sergio-perez,force-india,mercedes,pirelli,,,1:18.108,78108.0,1:17.755,77755.0,1:18.327,78327.0,+2.338,2338.0,+0.237,237.0,26.0
903,2014,6,11,11.0,11,27,nico-hulkenberg,force-india,mercedes,pirelli,,,1:18.432,78432.0,1:17.846,77846.0,,,,,,,20.0
903,2014,6,12,12.0,12,22,jenson-button,mclaren,mercedes,pirelli,,,1:17.890,77890.0,1:17.988,77988.0,,,,,,,20.0
903,2014,6,13,13.0,13,77,valtteri-bottas,williams,mercedes,pirelli,,,1:18.407,78407.0,1:18.082,78082.0,,,,,,,20.0
903,2014,6,14,14.0,14,8,romain-grosjean,lotus-f1,renault,pirelli,,,1:18.335,78335.0,1:18.196,78196.0,,,,,,,23.0
903,2014,6,15,15.0,15,13,pastor-maldonado,lotus-f1,renault,pirelli,,,1:18.585,78585.0,1:18.356,78356.0,,,,,,,21.0
903,2014,6,16,16.0,16,19,felipe-massa,williams,mercedes,pirelli,,,1:18.209,78209.0,,,,,,,,,10.0
903,2014,6,17,17.0,17,21,esteban-gutierrez,sauber,ferrari,pirelli,,,1:18.741,78741.0,,,,,,,,,11.0
903,2014,6,18,18.0,18,99,adrian-sutil,sauber,ferrari,pirelli,,,1:18.745,78745.0,,,,,,,,,11.0
903,2014,6,19,19.0,19,17,jules-bianchi,marussia,ferrari,pirelli,,,1:19.332,79332.0,,,,,,,,,10.0
903,2014,6,20,20.0,20,4,max-chilton,marussia,ferrari,pirelli,,,1:19.928,79928.0,,,,,,,,,9.0
903,2014,6,21,21.0,21,10,kamui-kobayashi,caterham,renault,pirelli,,,1:20.133,80133.0,,,,,,,,,9.0
903,2014,6,22,22.0,22,9,marcus-ericsson,caterham,renault,pirelli,,,1:21.732,81732.0,,,,,,,,,9.0
904,2014,7,1,1.0,1,6,nico-rosberg,mercedes,mercedes,pirelli,,,1:16.471,76471.0,1:15.289,75289.0,1:14.874,74874.0,,,,,19.0
904,2014,7,2,2.0,2,44,lewis-hamilton,mercedes,mercedes,pirelli,,,1:15.750,75750.0,1:15.054,75054.0,1:14.953,74953.0,+0.079,79.0,+0.079,79.0,20.0
904,2014,7,3,3.0,3,1,sebastian-vettel,red-bull,renault,pirelli,,,1:17.470,77470.0,1:16.109,76109.0,1:15.548,75548.0,+0.674,674.0,+0.595,595.0,18.0
904,2014,7,4,4.0,4,77,valtteri-bottas,williams,mercedes,pirelli,,,1:16.772,76772.0,1:15.806,75806.0,1:15.550,75550.0,+0.676,676.0,+0.002,2.0,21.0
904,2014,7,5,5.0,5,19,felipe-massa,williams,mercedes,pirelli,,,1:16.666,76666.0,1:15.773,75773.0,1:15.578,75578.0,+0.704,704.0,+0.028,28.0,21.0
904,2014,7,6,6.0,6,3,daniel-ricciardo,red-bull,renault,pirelli,,,1:17.113,77113.0,1:15.897,75897.0,1:15.589,75589.0,+0.715,715.0,+0.011,11.0,20.0
904,2014,7,7,7.0,7,14,fernando-alonso,ferrari,ferrari,pirelli,,,1:17.010,77010.0,1:16.131,76131.0,1:15.814,75814.0,+0.940,940.0,+0.225,225.0,17.0
904,2014,7,8,8.0,8,25,jean-eric-vergne,toro-rosso,renault,pirelli,,,1:17.178,77178.0,1:16.255,76255.0,1:16.162,76162.0,+1.288,1288.0,+0.348,348.0,24.0
904,2014,7,9,9.0,9,22,jenson-button,mclaren,mercedes,pirelli,,,1:16.631,76631.0,1:16.214,76214.0,1:16.182,76182.0,+1.308,1308.0,+0.020,20.0,20.0
904,2014,7,10,10.0,10,7,kimi-raikkonen,ferrari,ferrari,pirelli,,,1:17.013,77013.0,1:16.245,76245.0,1:16.214,76214.0,+1.340,1340.0,+0.032,32.0,17.0
904,2014,7,11,11.0,11,27,nico-hulkenberg,force-india,mercedes,pirelli,,,1:16.897,76897.0,1:16.300,76300.0,,,,,,,21.0
904,2014,7,12,12.0,12,20,kevin-magnussen,mclaren,mercedes,pirelli,,,1:16.446,76446.0,1:16.310,76310.0,,,,,,,15.0
904,2014,7,13,13.0,13,11,sergio-perez,force-india,mercedes,pirelli,,,1:18.235,78235.0,1:16.472,76472.0,,,,,,,19.0
904,2014,7,14,14.0,14,8,romain-grosjean,lotus-f1,renault,pirelli,,,1:17.732,77732.0,1:16.687,76687.0,,,,,,,19.0
904,2014,7,15,15.0,15,26,daniil-kvyat,toro-rosso,renault,pirelli,,,1:16.938,76938.0,1:16.713,76713.0,,,,,,,19.0
904,2014,7,16,16.0,16,99,adrian-sutil,sauber,ferrari,pirelli,,,1:17.519,77519.0,1:17.314,77314.0,,,,,,,16.0
904,2014,7,17,17.0,17,13,pastor-maldonado,lotus-f1,renault,pirelli,,,1:18.328,78328.0,,,,,,,,,10.0
904,2014,7,18,18.0,18,4,max-chilton,marussia,ferrari,pirelli,,,1:18.348,78348.0,,,,,,,,,6.0
904,2014,7,19,19.0,19,17,jules-bianchi,marussia,ferrari,pirelli,,,1:18.359,78359.0,,,,,,,,,5.0
904,2014,7,20,20.0,20,10,kamui-kobayashi,caterham,renault,pirelli,,,1:19.278,79278.0,,,,,,,,,8.0
904,2014,7,21,21.0,21,9,marcus-ericsson,caterham,renault,pirelli,,,1:19.820,79820.0,,,,,,,,,10.0
904,2014,7,22,,NC,21,esteban-gutierrez,sauber,ferrari,pirelli,,,,,,,,,,,,,
905,2014,8,1,1.0,1,19,felipe-massa,williams,mercedes,pirelli,,,1:10.292,70292.0,1:09.239,69239.0,1:08.759,68759.0,,,,,19.0
905,2014,8,2,2.0,2,77,valtteri-bottas,williams,mercedes,pirelli,,,1:10.356,70356.0,1:09.096,69096.0,1:08.846,68846.0,+0.087,87.0,+0.087,87.0,19.0
905,2014,8,3,3.0,3,6,nico-rosberg,mercedes,mercedes,pirelli,,,1:09.695,69695.0,1:08.974,68974.0,1:08.944,68944.0,+0.185,185.0,+0.098,98.0,17.0
905,2014,8,4,4.0,4,14,fernando-alonso,ferrari,ferrari,pirelli,,,1:10.405,70405.0,1:09.479,69479.0,1:09.285,69285.0,+0.526,526.0,+0.341,341.0,25.0
905,2014,8,5,5.0,5,3,daniel-ricciardo,red-bull,renault,pirelli,,,1:10.395,70395.0,1:09.638,69638.0,1:09.466,69466.0,+0.707,707.0,+0.181,181.0,22.0
905,2014,8,6,6.0,6,20,kevin-magnussen,mclaren,mercedes,pirelli,,,1:10.081,70081.0,1:09.473,69473.0,1:09.515,69515.0,+0.756,756.0,+0.049,49.0,29.0
905,2014,8,7,7.0,7,26,daniil-kvyat,toro-rosso,renault,pirelli,,,1:09.678,69678.0,1:09.490,69490.0,1:09.619,69619.0,+0.860,860.0,+0.104,104.0,21.0
905,2014,8,8,8.0,8,7,kimi-raikkonen,ferrari,ferrari,pirelli,,,1:10.285,70285.0,1:09.657,69657.0,1:10.795,70795.0,+2.036,2036.0,+1.176,1176.0,23.0
905,2014,8,9,9.0,9,44,lewis-hamilton,mercedes,mercedes,pirelli,,,1:09.514,69514.0,1:09.092,69092.0,,,,,,,15.0
905,2014,8,10,10.0,10,27,nico-hulkenberg,force-india,mercedes,pirelli,,,1:10.389,70389.0,1:09.624,69624.0,,,,,,,23.0
905,2014,8,11,11.0,11,11,sergio-perez,force-india,mercedes,pirelli,,,1:10.124,70124.0,1:09.754,69754.0,,,,,,,18.0
905,2014,8,12,12.0,12,22,jenson-button,mclaren,mercedes,pirelli,,,1:10.252,70252.0,1:09.780,69780.0,,,,,,,22.0
905,2014,8,13,13.0,13,1,sebastian-vettel,red-bull,renault,pirelli,,,1:10.630,70630.0,1:09.801,69801.0,,,,,,,15.0
905,2014,8,14,14.0,14,13,pastor-maldonado,lotus-f1,renault,pirelli,,,1:10.821,70821.0,1:09.939,69939.0,,,,,,,18.0
905,2014,8,15,15.0,15,25,jean-eric-vergne,toro-rosso,renault,pirelli,,,1:10.161,70161.0,1:10.073,70073.0,,,,,,,19.0
905,2014,8,16,16.0,16,8,romain-grosjean,lotus-f1,renault,pirelli,,,1:10.461,70461.0,1:10.642,70642.0,,,,,,,21.0
905,2014,8,17,17.0,17,99,adrian-sutil,sauber,ferrari,pirelli,,,1:10.825,70825.0,,,,,,,,,10.0
905,2014,8,18,18.0,18,21,esteban-gutierrez,sauber,ferrari,pirelli,,,1:11.349,71349.0,,,,,,,,,10.0
905,2014,8,19,19.0,19,17,jules-bianchi,marussia,ferrari,pirelli,,,1:11.412,71412.0,,,,,,,,,9.0
905,2014,8,20,20.0,20,10,kamui-kobayashi,caterham,renault,pirelli,,,1:11.673,71673.0,,,,,,,,,10.0
905,2014,8,21,21.0,21,4,max-chilton,marussia,ferrari,pirelli,,,1:11.775,71775.0,,,,,,,,,10.0
905,2014,8,22,22.0,22,9,marcus-ericsson,caterham,renault,pirelli,,,1:12.673,72673.0,,,,,,,,,11.0
906,2014,9,1,1.0,1,6,nico-rosberg,mercedes,mercedes,pirelli,,,1:40.380,100380.0,1:35.179,95179.0,1:35.766,95766.0,,,,,21.0
906,2014,9,2,2.0,2,1,sebastian-vettel,red-bull,renault,pirelli,,,1:45.086,105086.0,1:36.410,96410.0,1:37.386,97386.0,+1.620,1620.0,+1.620,1620.0,19.0
906,2014,9,3,3.0,3,22,jenson-button,mclaren,mercedes,pirelli,,,1:44.425,104425.0,1:36.579,96579.0,1:38.200,98200.0,+2.434,2434.0,+0.814,814.0,24.0
906,2014,9,4,4.0,4,27,nico-hulkenberg,force-india,mercedes,pirelli,,,1:41.271,101271.0,1:37.112,97112.0,1:38.329,98329.0,+2.563,2563.0,+0.129,129.0,19.0
906,2014,9,5,5.0,5,20,kevin-magnussen,mclaren,mercedes,pirelli,,,1:42.507,102507.0,1:37.370,97370.0,1:38.417,98417.0,+2.651,2651.0,+0.088,88.0,23.0
906,2014,9,6,6.0,6,44,lewis-hamilton,mercedes,mercedes,pirelli,,,1:41.058,101058.0,1:34.870,94870.0,1:39.232,99232.0,+3.466,3466.0,+0.815,815.0,19.0
906,2014,9,7,7.0,7,11,sergio-perez,force-india,mercedes,pirelli,,,1:42.146,102146.0,1:37.350,97350.0,1:40.457,100457.0,+4.691,4691.0,+1.225,1225.0,20.0
906,2014,9,8,8.0,8,3,daniel-ricciardo,red-bull,renault,pirelli,,,1:44.710,104710.0,1:38.166,98166.0,1:40.606,100606.0,+4.840,4840.0,+0.149,149.0,18.0
906,2014,9,9,9.0,9,26,daniil-kvyat,toro-rosso,renault,pirelli,,,1:41.032,101032.0,1:36.813,96813.0,1:40.707,100707.0,+4.941,4941.0,+0.101,101.0,21.0
906,2014,9,10,10.0,10,25,jean-eric-vergne,toro-rosso,renault,pirelli,,,1:43.040,103040.0,1:37.800,97800.0,1:40.855,100855.0,+5.089,5089.0,+0.148,148.0,21.0
906,2014,9,11,11.0,11,8,romain-grosjean,lotus-f1,renault,pirelli,,,1:43.121,103121.0,1:38.496,98496.0,,,,,,,17.0
906,2014,9,12,12.0,12,17,jules-bianchi,marussia,ferrari,pirelli,,,1:41.169,101169.0,1:38.709,98709.0,,,,,,,17.0
906,2014,9,13,13.0,13,4,max-chilton,marussia,ferrari,pirelli,,,1:42.082,102082.0,1:39.800,99800.0,,,,,,,14.0
906,2014,9,14,14.0,14,21,esteban-gutierrez,sauber,ferrari,pirelli,,,1:43.285,103285.0,1:40.912,100912.0,,,,,,,16.0
906,2014,9,15,15.0,15,99,adrian-sutil,sauber,ferrari,pirelli,,,1:42.603,102603.0,,,,,,,,,8.0
906,2014,9,16,16.0,16,77,valtteri-bottas,williams,mercedes,pirelli,,,1:45.318,105318.0,,,,,,,,,5.0
906,2014,9,17,17.0,17,19,felipe-massa,williams,mercedes,pirelli,,,1:45.695,105695.0,,,,,,,,,5.0
906,2014,9,18,18.0,18,14,fernando-alonso,ferrari,ferrari,pirelli,,,1:45.935,105935.0,,,,,,,,,6.0
906,2014,9,19,19.0,19,7,kimi-raikkonen,ferrari,ferrari,pirelli,,,1:46.684,106684.0,,,,,,,,,7.0
906,2014,9,20,,NC,9,marcus-ericsson,caterham,renault,pirelli,,,1:49.421,109421.0,,,,,,,,,7.0
906,2014,9,21,,NC,10,kamui-kobayashi,caterham,renault,pirelli,,,1:49.625,109625.0,,,,,,,,,6.0
906,2014,9,22,,EX,13,pastor-maldonado,lotus-f1,renault,pirelli,,,1:43.892,103892.0,1:44.018,104018.0,,,,,,,15.0
907,2014,10,1,1.0,1,6,nico-rosberg,mercedes,mercedes,pirelli,,,1:17.631,77631.0,1:17.109,77109.0,1:16.540,76540.0,,,,,17.0
907,2014,10,2,2.0,2,77,valtteri-bottas,williams,mercedes,pirelli,,,1:18.215,78215.0,1:17.353,77353.0,1:16.759,76759.0,+0.219,219.0,+0.219,219.0,15.0
907,2014,10,3,3.0,3,19,felipe-massa,williams,mercedes,pirelli,,,1:18.381,78381.0,1:17.370,77370.0,1:17.078,77078.0,+0.538,538.0,+0.319,319.0,21.0
907,2014,10,4,4.0,4,20,kevin-magnussen,mclaren,mercedes,pirelli,,,1:18.260,78260.0,1:17.788,77788.0,1:17.214,77214.0,+0.674,674.0,+0.136,136.0,17.0
907,2014,10,5,5.0,5,3,daniel-ricciardo,red-bull,renault,pirelli,,,1:18.117,78117.0,1:17.855,77855.0,1:17.273,77273.0,+0.733,733.0,+0.059,59.0,19.0
907,2014,10,6,6.0,6,1,sebastian-vettel,red-bull,renault,pirelli,,,1:18.194,78194.0,1:17.646,77646.0,1:17.577,77577.0,+1.037,1037.0,+0.304,304.0,16.0
907,2014,10,7,7.0,7,14,fernando-alonso,ferrari,ferrari,pirelli,,,1:18.389,78389.0,1:17.866,77866.0,1:17.649,77649.0,+1.109,1109.0,+0.072,72.0,19.0
907,2014,10,8,8.0,8,26,daniil-kvyat,toro-rosso,renault,pirelli,,,1:18.530,78530.0,1:18.103,78103.0,1:17.965,77965.0,+1.425,1425.0,+0.316,316.0,22.0
907,2014,10,9,9.0,9,27,nico-hulkenberg,force-india,mercedes,pirelli,,,1:18.927,78927.0,1:18.017,78017.0,1:18.014,78014.0,+1.474,1474.0,+0.049,49.0,21.0
907,2014,10,10,10.0,10,11,sergio-perez,force-india,mercedes,pirelli,,,1:18.916,78916.0,1:18.161,78161.0,1:18.035,78035.0,+1.495,1495.0,+0.021,21.0,21.0
907,2014,10,11,11.0,11,22,jenson-button,mclaren,mercedes,pirelli,,,1:18.425,78425.0,1:18.193,78193.0,,,,,,,15.0
907,2014,10,12,12.0,12,7,kimi-raikkonen,ferrari,ferrari,pirelli,,,1:18.534,78534.0,1:18.273,78273.0,,,,,,,13.0
907,2014,10,13,13.0,13,25,jean-eric-vergne,toro-rosso,renault,pirelli,,,1:18.496,78496.0,1:18.285,78285.0,,,,,,,14.0
907,2014,10,14,14.0,14,21,esteban-gutierrez,sauber,ferrari,pirelli,,,1:18.739,78739.0,1:18.787,78787.0,,,,,,,14.0
907,2014,10,15,15.0,15,8,romain-grosjean,lotus-f1,renault,pirelli,,,1:18.894,78894.0,1:18.983,78983.0,,,,,,,14.0
907,2014,10,16,16.0,16,44,lewis-hamilton,mercedes,mercedes,pirelli,,,1:18.683,78683.0,,,,,,,,,5.0
907,2014,10,17,17.0,17,99,adrian-sutil,sauber,ferrari,pirelli,,,1:19.142,79142.0,,,,,,,,,8.0
907,2014,10,18,18.0,18,17,jules-bianchi,marussia,ferrari,pirelli,,,1:19.676,79676.0,,,,,,,,,8.0
907,2014,10,19,19.0,19,13,pastor-maldonado,lotus-f1,renault,pirelli,,,1:20.195,80195.0,,,,,,,,,7.0
907,2014,10,20,20.0,20,10,kamui-kobayashi,caterham,renault,pirelli,,,1:20.408,80408.0,,,,,,,,,7.0
907,2014,10,21,21.0,21,4,max-chilton,marussia,ferrari,pirelli,,,1:20.489,80489.0,,,,,,,,,9.0
907,2014,10,22,,NC,9,marcus-ericsson,caterham,renault,pirelli,,,,,,,,,,,,,
908,2014,11,1,1.0,1,6,nico-rosberg,mercedes,mercedes,pirelli,,,1:25.227,85227.0,1:23.310,83310.0,1:22.715,82715.0,,,,,20.0
908,2014,11,2,2.0,2,1,sebastian-vettel,red-bull,renault,pirelli,,,1:25.662,85662.0,1:23.606,83606.0,1:23.201,83201.0,+0.486,486.0,+0.486,486.0,16.0
908,2014,11,3,3.0,3,77,valtteri-bottas,williams,mercedes,pirelli,,,1:25.690,85690.0,1:23.776,83776.0,1:23.354,83354.0,+0.639,639.0,+0.153,153.0,19.0
908,2014,11,4,4.0,4,3,daniel-ricciardo,red-bull,renault,pirelli,,,1:25.495,85495.0,1:23.676,83676.0,1:23.391,83391.0,+0.676,676.0,+0.037,37.0,18.0
908,2014,11,5,5.0,5,14,fernando-alonso,ferrari,ferrari,pirelli,,,1:26.087,86087.0,1:24.249,84249.0,1:23.909,83909.0,+1.194,1194.0,+0.518,518.0,17.0
908,2014,11,6,6.0,6,19,felipe-massa,williams,mercedes,pirelli,,,1:26.592,86592.0,1:24.030,84030.0,1:24.223,84223.0,+1.508,1508.0,+0.314,314.0,19.0
908,2014,11,7,7.0,7,22,jenson-button,mclaren,mercedes,pirelli,,,1:26.612,86612.0,1:24.502,84502.0,1:24.294,84294.0,+1.579,1579.0,+0.071,71.0,21.0
908,2014,11,8,8.0,8,25,jean-eric-vergne,toro-rosso,renault,pirelli,,,1:24.941,84941.0,1:24.637,84637.0,1:24.720,84720.0,+2.005,2005.0,+0.426,426.0,19.0
908,2014,11,9,9.0,9,27,nico-hulkenberg,force-india,mercedes,pirelli,,,1:26.149,86149.0,1:24.647,84647.0,1:24.775,84775.0,+2.060,2060.0,+0.055,55.0,22.0
908,2014,11,10,10.0,10,20,kevin-magnussen,mclaren,mercedes,pirelli,,,1:26.578,86578.0,1:24.585,84585.0,,,,,,,13.0
908,2014,11,11,11.0,11,26,daniil-kvyat,toro-rosso,renault,pirelli,,,1:25.361,85361.0,1:24.706,84706.0,,,,,,,14.0
908,2014,11,12,12.0,12,99,adrian-sutil,sauber,ferrari,pirelli,,,1:26.027,86027.0,1:25.136,85136.0,,,,,,,12.0
908,2014,11,13,13.0,13,11,sergio-perez,force-india,mercedes,pirelli,,,1:25.910,85910.0,1:25.211,85211.0,,,,,,,11.0
908,2014,11,14,14.0,14,21,esteban-gutierrez,sauber,ferrari,pirelli,,,1:25.709,85709.0,1:25.260,85260.0,,,,,,,10.0
908,2014,11,15,15.0,15,8,romain-grosjean,lotus-f1,renault,pirelli,,,1:26.136,86136.0,1:25.337,85337.0,,,,,,,16.0
908,2014,11,16,16.0,16,17,jules-bianchi,marussia,ferrari,pirelli,,,1:26.728,86728.0,1:27.419,87419.0,,,,,,,14.0
908,2014,11,17,17.0,17,7,kimi-raikkonen,ferrari,ferrari,pirelli,,,1:26.792,86792.0,,,,,,,,,5.0
908,2014,11,18,18.0,18,10,kamui-kobayashi,caterham,renault,pirelli,,,1:27.139,87139.0,,,,,,,,,10.0
908,2014,11,19,19.0,19,4,max-chilton,marussia,ferrari,pirelli,,,1:27.819,87819.0,,,,,,,,,7.0
908,2014,11,20,20.0,20,9,marcus-ericsson,caterham,renault,pirelli,,,1:28.643,88643.0,,,,,,,,,10.0
908,2014,11,21,,NC,44,lewis-hamilton,mercedes,mercedes,pirelli,,,,,,,,,,,,,2.0
908,2014,11,22,,NC,13,pastor-maldonado,lotus-f1,renault,pirelli,,,,,,,,,,,,,1.0
909,2014,12,1,1.0,1,6,nico-rosberg,mercedes,mercedes,pirelli,,,2:07.130,127130.0,2:06.723,126723.0,2:05.591,125591.0,,,,,22.0
909,2014,12,2,2.0,2,44,lewis-hamilton,mercedes,mercedes,pirelli,,,2:07.280,127280.0,2:06.609,126609.0,2:05.819,125819.0,+0.228,228.0,+0.228,228.0,22.0
909,2014,12,3,3.0,3,1,sebastian-vettel,red-bull,renault,pirelli,,,2:10.105,130105.0,2:08.868,128868.0,2:07.717,127717.0,+2.126,2126.0,+1.898,1898.0,24.0
909,2014,12,4,4.0,4,14,fernando-alonso,ferrari,ferrari,pirelli,,,2:10.197,130197.0,2:08.450,128450.0,2:07.786,127786.0,+2.195,2195.0,+0.069,69.0,21.0
909,2014,12,5,5.0,5,3,daniel-ricciardo,red-bull,renault,pirelli,,,2:10.089,130089.0,2:08.989,128989.0,2:07.911,127911.0,+2.320,2320.0,+0.125,125.0,21.0
909,2014,12,6,6.0,6,77,valtteri-bottas,williams,mercedes,pirelli,,,2:09.250,129250.0,2:08.451,128451.0,2:08.049,128049.0,+2.458,2458.0,+0.138,138.0,23.0
909,2014,12,7,7.0,7,20,kevin-magnussen,mclaren,mercedes,pirelli,,,2:11.081,131081.0,2:08.901,128901.0,2:08.679,128679.0,+3.088,3088.0,+0.630,630.0,22.0
909,2014,12,8,8.0,8,7,kimi-raikkonen,ferrari,ferrari,pirelli,,,2:09.885,129885.0,2:08.646,128646.0,2:08.780,128780.0,+3.189,3189.0,+0.101,101.0,21.0
909,2014,12,9,9.0,9,19,felipe-massa,williams,mercedes,pirelli,,,2:08.403,128403.0,2:08.833,128833.0,2:09.178,129178.0,+3.587,3587.0,+0.398,398.0,20.0
909,2014,12,10,10.0,10,22,jenson-button,mclaren,mercedes,pirelli,,,2:10.529,130529.0,2:09.272,129272.0,2:09.776,129776.0,+4.185,4185.0,+0.598,598.0,22.0
909,2014,12,11,11.0,11,26,daniil-kvyat,toro-rosso,renault,pirelli,,,2:10.445,130445.0,2:09.377,129377.0,,,,,,,16.0
909,2014,12,12,12.0,12,25,jean-eric-vergne,toro-rosso,renault,pirelli,,,2:09.811,129811.0,2:09.805,129805.0,,,,,,,13.0
909,2014,12,13,13.0,13,11,sergio-perez,force-india,mercedes,pirelli,,,2:10.666,130666.0,2:10.084,130084.0,,,,,,,16.0
909,2014,12,14,14.0,14,99,adrian-sutil,sauber,ferrari,pirelli,,,2:11.051,131051.0,2:10.238,130238.0,,,,,,,17.0
909,2014,12,15,15.0,15,8,romain-grosjean,lotus-f1,renault,pirelli,,,2:10.898,130898.0,2:11.087,131087.0,,,,,,,16.0
909,2014,12,16,16.0,16,17,jules-bianchi,marussia,ferrari,pirelli,,,2:11.051,131051.0,2:12.470,132470.0,,,,,,,14.0
909,2014,12,17,17.0,17,13,pastor-maldonado,lotus-f1,renault,pirelli,,,2:11.261,131261.0,,,,,,,,,9.0
909,2014,12,18,18.0,18,27,nico-hulkenberg,force-india,mercedes,pirelli,,,2:11.267,131267.0,,,,,,,,,8.0
909,2014,12,19,19.0,19,4,max-chilton,marussia,ferrari,pirelli,,,2:12.566,132566.0,,,,,,,,,8.0
909,2014,12,20,20.0,20,21,esteban-gutierrez,sauber,ferrari,pirelli,,,2:13.414,133414.0,,,,,,,,,4.0
909,2014,12,21,21.0,21,45,andre-lotterer,caterham,renault,pirelli,,,2:13.469,133469.0,,,,,,,,,9.0
909,2014,12,22,22.0,22,9,marcus-ericsson,caterham,renault,pirelli,,,2:14.438,134438.0,,,,,,,,,9.0
910,2014,13,1,1.0,1,44,lewis-hamilton,mercedes,mercedes,pirelli,,,1:25.363,85363.0,1:24.560,84560.0,1:24.109,84109.0,,,,,20.0
910,2014,13,2,2.0,2,6,nico-rosberg,mercedes,mercedes,pirelli,,,1:25.493,85493.0,1:24.600,84600.0,1:24.383,84383.0,+0.274,274.0,+0.274,274.0,19.0
910,2014,13,3,3.0,3,77,valtteri-bottas,williams,mercedes,pirelli,,,1:26.012,86012.0,1:24.858,84858.0,1:24.697,84697.0,+0.588,588.0,+0.314,314.0,16.0
910,2014,13,4,4.0,4,19,felipe-massa,williams,mercedes,pirelli,,,1:25.528,85528.0,1:25.046,85046.0,1:24.865,84865.0,+0.756,756.0,+0.168,168.0,17.0
910,2014,13,5,5.0,5,20,kevin-magnussen,mclaren,mercedes,pirelli,,,1:26.337,86337.0,1:25.973,85973.0,1:25.314,85314.0,+1.205,1205.0,+0.449,449.0,18.0
910,2014,13,6,6.0,6,22,jenson-button,mclaren,mercedes,pirelli,,,1:26.328,86328.0,1:25.630,85630.0,1:25.379,85379.0,+1.270,1270.0,+0.065,65.0,18.0
910,2014,13,7,7.0,7,14,fernando-alonso,ferrari,ferrari,pirelli,,,1:26.514,86514.0,1:25.525,85525.0,1:25.430,85430.0,+1.321,1321.0,+0.051,51.0,17.0
910,2014,13,8,8.0,8,1,sebastian-vettel,red-bull,renault,pirelli,,,1:26.631,86631.0,1:25.769,85769.0,1:25.436,85436.0,+1.327,1327.0,+0.006,6.0,18.0
910,2014,13,9,9.0,9,3,daniel-ricciardo,red-bull,renault,pirelli,,,1:26.721,86721.0,1:25.946,85946.0,1:25.709,85709.0,+1.600,1600.0,+0.273,273.0,17.0
910,2014,13,10,10.0,10,11,sergio-perez,force-india,mercedes,pirelli,,,1:26.569,86569.0,1:25.863,85863.0,1:25.944,85944.0,+1.835,1835.0,+0.235,235.0,23.0
910,2014,13,11,11.0,11,26,daniil-kvyat,toro-rosso,renault,pirelli,,,1:26.261,86261.0,1:26.070,86070.0,,,,,,,16.0
910,2014,13,12,12.0,12,7,kimi-raikkonen,ferrari,ferrari,pirelli,,,1:26.689,86689.0,1:26.110,86110.0,,,,,,,13.0
910,2014,13,13,13.0,13,25,jean-eric-vergne,toro-rosso,renault,pirelli,,,1:26.140,86140.0,1:26.157,86157.0,,,,,,,15.0
910,2014,13,14,14.0,14,27,nico-hulkenberg,force-india,mercedes,pirelli,,,1:26.371,86371.0,1:26.279,86279.0,,,,,,,18.0
910,2014,13,15,15.0,15,99,adrian-sutil,sauber,ferrari,pirelli,,,1:27.034,87034.0,1:26.588,86588.0,,,,,,,17.0
910,2014,13,16,16.0,16,21,esteban-gutierrez,sauber,ferrari,pirelli,,,1:26.999,86999.0,1:26.692,86692.0,,,,,,,17.0
910,2014,13,17,17.0,17,13,pastor-maldonado,lotus-f1,renault,pirelli,,,1:27.520,87520.0,,,,,,,,,8.0
910,2014,13,18,18.0,18,8,romain-grosjean,lotus-f1,renault,pirelli,,,1:27.632,87632.0,,,,,,,,,5.0
910,2014,13,19,19.0,19,10,kamui-kobayashi,caterham,renault,pirelli,,,1:27.671,87671.0,,,,,,,,,9.0
910,2014,13,20,20.0,20,17,jules-bianchi,marussia,ferrari,pirelli,,,1:27.738,87738.0,,,,,,,,,8.0
910,2014,13,21,21.0,21,4,max-chilton,marussia,ferrari,pirelli,,,1:28.247,88247.0,,,,,,,,,8.0
910,2014,13,22,22.0,22,9,marcus-ericsson,caterham,renault,pirelli,,,1:28.562,88562.0,,,,,,,,,9.0
911,2014,14,1,1.0,1,44,lewis-hamilton,mercedes,mercedes,pirelli,,,1:46.921,106921.0,1:46.287,106287.0,1:45.681,105681.0,,,,,17.0
911,2014,14,2,2.0,2,6,nico-rosberg,mercedes,mercedes,pirelli,,,1:47.244,107244.0,1:45.825,105825.0,1:45.688,105688.0,+0.007,7.0,+0.007,7.0,19.0
911,2014,14,3,3.0,3,3,daniel-ricciardo,red-bull,renault,pirelli,,,1:47.488,107488.0,1:46.493,106493.0,1:45.854,105854.0,+0.173,173.0,+0.166,166.0,12.0
911,2014,14,4,4.0,4,1,sebastian-vettel,red-bull,renault,pirelli,,,1:47.476,107476.0,1:46.586,106586.0,1:45.902,105902.0,+0.221,221.0,+0.048,48.0,15.0
911,2014,14,5,5.0,5,14,fernando-alonso,ferrari,ferrari,pirelli,,,1:46.889,106889.0,1:46.328,106328.0,1:45.907,105907.0,+0.226,226.0,+0.005,5.0,16.0
911,2014,14,6,6.0,6,19,felipe-massa,williams,mercedes,pirelli,,,1:47.615,107615.0,1:46.472,106472.0,1:46.000,106000.0,+0.319,319.0,+0.093,93.0,20.0
911,2014,14,7,7.0,7,7,kimi-raikkonen,ferrari,ferrari,pirelli,,,1:46.685,106685.0,1:46.359,106359.0,1:46.170,106170.0,+0.489,489.0,+0.170,170.0,14.0
911,2014,14,8,8.0,8,77,valtteri-bottas,williams,mercedes,pirelli,,,1:47.196,107196.0,1:46.622,106622.0,1:46.187,106187.0,+0.506,506.0,+0.017,17.0,18.0
911,2014,14,9,9.0,9,20,kevin-magnussen,mclaren,mercedes,pirelli,,,1:47.976,107976.0,1:46.700,106700.0,1:46.250,106250.0,+0.569,569.0,+0.063,63.0,18.0
911,2014,14,10,10.0,10,26,daniil-kvyat,toro-rosso,renault,pirelli,,,1:47.656,107656.0,1:46.926,106926.0,1:47.362,107362.0,+1.681,1681.0,+1.112,1112.0,21.0
911,2014,14,11,11.0,11,22,jenson-button,mclaren,mercedes,pirelli,,,1:47.161,107161.0,1:46.943,106943.0,,,,,,,12.0
911,2014,14,12,12.0,12,25,jean-eric-vergne,toro-rosso,renault,pirelli,,,1:47.407,107407.0,1:46.989,106989.0,,,,,,,14.0
911,2014,14,13,13.0,13,27,nico-hulkenberg,force-india,mercedes,pirelli,,,1:47.370,107370.0,1:47.308,107308.0,,,,,,,13.0
911,2014,14,14,14.0,14,21,esteban-gutierrez,sauber,ferrari,pirelli,,,1:47.970,107970.0,1:47.333,107333.0,,,,,,,9.0
911,2014,14,15,15.0,15,11,sergio-perez,force-india,mercedes,pirelli,,,1:48.143,108143.0,1:47.575,107575.0,,,,,,,13.0
911,2014,14,16,16.0,16,8,romain-grosjean,lotus-f1,renault,pirelli,,,1:47.862,107862.0,1:47.812,107812.0,,,,,,,14.0
911,2014,14,17,17.0,17,99,adrian-sutil,sauber,ferrari,pirelli,,,1:48.324,108324.0,,,,,,,,,6.0
911,2014,14,18,18.0,18,13,pastor-maldonado,lotus-f1,renault,pirelli,,,1:49.063,109063.0,,,,,,,,,8.0
911,2014,14,19,19.0,19,17,jules-bianchi,marussia,ferrari,pirelli,,,1:49.440,109440.0,,,,,,,,,7.0
911,2014,14,20,20.0,20,10,kamui-kobayashi,caterham,renault,pirelli,,,1:50.405,110405.0,,,,,,,,,8.0
911,2014,14,21,21.0,21,4,max-chilton,marussia,ferrari,pirelli,,,1:50.473,110473.0,,,,,,,,,7.0
911,2014,14,22,22.0,22,9,marcus-ericsson,caterham,renault,pirelli,,,1:52.287,112287.0,,,,,,,,,5.0
912,2014,15,1,1.0,1,6,nico-rosberg,mercedes,mercedes,pirelli,,,1:33.671,93671.0,1:32.950,92950.0,1:32.506,92506.0,,,,,13.0
912,2014,15,2,2.0,2,44,lewis-hamilton,mercedes,mercedes,pirelli,,,1:33.611,93611.0,1:32.982,92982.0,1:32.703,92703.0,+0.197,197.0,+0.197,197.0,13.0
912,2014,15,3,3.0,3,77,valtteri-bottas,williams,mercedes,pirelli,,,1:34.301,94301.0,1:33.443,93443.0,1:33.128,93128.0,+0.622,622.0,+0.425,425.0,16.0
912,2014,15,4,4.0,4,19,felipe-massa,williams,mercedes,pirelli,,,1:34.483,94483.0,1:33.551,93551.0,1:33.527,93527.0,+1.021,1021.0,+0.399,399.0,16.0
912,2014,15,5,5.0,5,14,fernando-alonso,ferrari,ferrari,pirelli,,,1:34.497,94497.0,1:33.675,93675.0,1:33.740,93740.0,+1.234,1234.0,+0.213,213.0,16.0
912,2014,15,6,6.0,6,3,daniel-ricciardo,red-bull,renault,pirelli,,,1:35.593,95593.0,1:34.466,94466.0,1:34.075,94075.0,+1.569,1569.0,+0.335,335.0,17.0
912,2014,15,7,7.0,7,20,kevin-magnussen,mclaren,mercedes,pirelli,,,1:34.930,94930.0,1:34.229,94229.0,1:34.242,94242.0,+1.736,1736.0,+0.167,167.0,16.0
912,2014,15,8,8.0,8,22,jenson-button,mclaren,mercedes,pirelli,,,1:35.150,95150.0,1:34.648,94648.0,1:34.317,94317.0,+1.811,1811.0,+0.075,75.0,17.0
912,2014,15,9,9.0,9,1,sebastian-vettel,red-bull,renault,pirelli,,,1:35.517,95517.0,1:34.784,94784.0,1:34.432,94432.0,+1.926,1926.0,+0.115,115.0,17.0
912,2014,15,10,10.0,10,7,kimi-raikkonen,ferrari,ferrari,pirelli,,,1:34.984,94984.0,1:34.771,94771.0,1:34.548,94548.0,+2.042,2042.0,+0.116,116.0,16.0
912,2014,15,11,11.0,11,25,jean-eric-vergne,toro-rosso,renault,pirelli,,,1:35.155,95155.0,1:34.984,94984.0,,,,,,,14.0
912,2014,15,12,12.0,12,11,sergio-perez,force-india,mercedes,pirelli,,,1:35.439,95439.0,1:35.089,95089.0,,,,,,,13.0
912,2014,15,13,13.0,13,26,daniil-kvyat,toro-rosso,renault,pirelli,,,1:35.210,95210.0,1:35.092,95092.0,,,,,,,13.0
912,2014,15,14,14.0,14,27,nico-hulkenberg,force-india,mercedes,pirelli,,,1:35.000,95000.0,1:35.099,95099.0,,,,,,,13.0
912,2014,15,15,15.0,15,99,adrian-sutil,sauber,ferrari,pirelli,,,1:35.736,95736.0,1:35.364,95364.0,,,,,,,14.0
912,2014,15,16,16.0,16,21,esteban-gutierrez,sauber,ferrari,pirelli,,,1:35.308,95308.0,1:35.681,95681.0,,,,,,,14.0
912,2014,15,17,17.0,17,13,pastor-maldonado,lotus-f1,renault,pirelli,,,1:35.917,95917.0,,,,,,,,,9.0
912,2014,15,18,18.0,18,8,romain-grosjean,lotus-f1,renault,pirelli,,,1:35.984,95984.0,,,,,,,,,10.0
912,2014,15,19,19.0,19,9,marcus-ericsson,caterham,renault,pirelli,,,1:36.813,96813.0,,,,,,,,,6.0
912,2014,15,20,20.0,20,17,jules-bianchi,marussia,ferrari,pirelli,,,1:36.943,96943.0,,,,,,,,,8.0
912,2014,15,21,21.0,21,10,kamui-kobayashi,caterham,renault,pirelli,,,1:37.015,97015.0,,,,,,,,,9.0
912,2014,15,22,22.0,22,4,max-chilton,marussia,ferrari,pirelli,,,1:37.481,97481.0,,,,,,,,,8.0
913,2014,16,1,1.0,1,44,lewis-hamilton,mercedes,mercedes,pirelli,,,1:38.759,98759.0,1:38.338,98338.0,1:38.513,98513.0,,,,,18.0
913,2014,16,2,2.0,2,6,nico-rosberg,mercedes,mercedes,pirelli,,,1:39.076,99076.0,1:38.606,98606.0,1:38.713,98713.0,+0.200,200.0,+0.200,200.0,18.0
913,2014,16,3,3.0,3,77,valtteri-bottas,williams,mercedes,pirelli,,,1:39.125,99125.0,1:38.971,98971.0,1:38.920,98920.0,+0.407,407.0,+0.207,207.0,23.0
913,2014,16,4,4.0,4,22,jenson-button,mclaren,mercedes,pirelli,,,1:39.560,99560.0,1:39.381,99381.0,1:39.121,99121.0,+0.608,608.0,+0.201,201.0,22.0
913,2014,16,5,5.0,5,26,daniil-kvyat,toro-rosso,renault,pirelli,,,1:40.074,100074.0,1:39.296,99296.0,1:39.277,99277.0,+0.764,764.0,+0.156,156.0,27.0
913,2014,16,6,6.0,6,20,kevin-magnussen,mclaren,mercedes,pirelli,,,1:39.735,99735.0,1:39.022,99022.0,1:39.629,99629.0,+1.116,1116.0,+0.352,352.0,21.0
913,2014,16,7,7.0,7,3,daniel-ricciardo,red-bull,renault,pirelli,,,1:40.519,100519.0,1:39.666,99666.0,1:39.635,99635.0,+1.122,1122.0,+0.006,6.0,21.0
913,2014,16,8,8.0,8,14,fernando-alonso,ferrari,ferrari,pirelli,,,1:40.255,100255.0,1:39.786,99786.0,1:39.709,99709.0,+1.196,1196.0,+0.074,74.0,25.0
913,2014,16,9,9.0,9,7,kimi-raikkonen,ferrari,ferrari,pirelli,,,1:40.098,100098.0,1:39.838,99838.0,1:39.771,99771.0,+1.258,1258.0,+0.062,62.0,26.0
913,2014,16,10,10.0,10,25,jean-eric-vergne,toro-rosso,renault,pirelli,,,1:40.354,100354.0,1:39.929,99929.0,1:40.020,100020.0,+1.507,1507.0,+0.249,249.0,27.0
913,2014,16,11,11.0,11,1,sebastian-vettel,red-bull,renault,pirelli,,,1:40.382,100382.0,1:40.052,100052.0,,,,,,,13.0
913,2014,16,12,12.0,12,27,nico-hulkenberg,force-india,mercedes,pirelli,,,1:40.273,100273.0,1:40.058,100058.0,,,,,,,16.0
913,2014,16,13,13.0,13,11,sergio-perez,force-india,mercedes,pirelli,,,1:40.723,100723.0,1:40.163,100163.0,,,,,,,13.0
913,2014,16,14,14.0,14,21,esteban-gutierrez,sauber,ferrari,pirelli,,,1:41.159,101159.0,1:40.536,100536.0,,,,,,,18.0
913,2014,16,15,15.0,15,99,adrian-sutil,sauber,ferrari,pirelli,,,1:40.766,100766.0,1:40.984,100984.0,,,,,,,18.0
913,2014,16,16,16.0,16,8,romain-grosjean,lotus-f1,renault,pirelli,,,1:42.526,102526.0,1:41.397,101397.0,,,,,,,18.0
913,2014,16,17,17.0,17,9,marcus-ericsson,caterham,renault,pirelli,,,1:42.648,102648.0,,,,,,,,,9.0
913,2014,16,18,18.0,18,19,felipe-massa,williams,mercedes,pirelli,,,1:43.064,103064.0,,,,,,,,,8.0
913,2014,16,19,19.0,19,10,kamui-kobayashi,caterham,renault,pirelli,,,1:43.166,103166.0,,,,,,,,,9.0
913,2014,16,20,20.0,20,13,pastor-maldonado,lotus-f1,renault,pirelli,,,1:43.205,103205.0,,,,,,,,,5.0
913,2014,16,21,21.0,21,4,max-chilton,marussia,ferrari,pirelli,,,1:43.649,103649.0,,,,,,,,,10.0
914,2014,17,1,1.0,1,6,nico-rosberg,mercedes,mercedes,pirelli,,,1:38.303,98303.0,1:36.290,96290.0,1:36.067,96067.0,,,,,20.0
914,2014,17,2,2.0,2,44,lewis-hamilton,mercedes,mercedes,pirelli,,,1:37.196,97196.0,1:37.287,97287.0,1:36.443,96443.0,+0.376,376.0,+0.376,376.0,16.0
914,2014,17,3,3.0,3,77,valtteri-bottas,williams,mercedes,pirelli,,,1:38.249,98249.0,1:37.499,97499.0,1:36.906,96906.0,+0.839,839.0,+0.463,463.0,19.0
914,2014,17,4,4.0,4,19,felipe-massa,williams,mercedes,pirelli,,,1:37.877,97877.0,1:37.347,97347.0,1:37.205,97205.0,+1.138,1138.0,+0.299,299.0,20.0
914,2014,17,5,5.0,5,3,daniel-ricciardo,red-bull,renault,pirelli,,,1:38.814,98814.0,1:37.873,97873.0,1:37.244,97244.0,+1.177,1177.0,+0.039,39.0,17.0
914,2014,17,6,6.0,6,14,fernando-alonso,ferrari,ferrari,pirelli,,,1:38.349,98349.0,1:38.010,98010.0,1:37.610,97610.0,+1.543,1543.0,+0.366,366.0,16.0
914,2014,17,7,7.0,7,22,jenson-button,mclaren,mercedes,pirelli,,,1:38.574,98574.0,1:38.024,98024.0,1:37.655,97655.0,+1.588,1588.0,+0.045,45.0,17.0
914,2014,17,8,8.0,8,20,kevin-magnussen,mclaren,mercedes,pirelli,,,1:38.557,98557.0,1:38.047,98047.0,1:37.706,97706.0,+1.639,1639.0,+0.051,51.0,16.0
914,2014,17,9,9.0,9,7,kimi-raikkonen,ferrari,ferrari,pirelli,,,1:38.669,98669.0,1:38.263,98263.0,1:37.804,97804.0,+1.737,1737.0,+0.098,98.0,22.0
914,2014,17,10,10.0,10,99,adrian-sutil,sauber,ferrari,pirelli,,,1:38.855,98855.0,1:38.378,98378.0,1:38.810,98810.0,+2.743,2743.0,+1.006,1006.0,15.0
914,2014,17,11,11.0,11,13,pastor-maldonado,lotus-f1,renault,pirelli,,,1:38.608,98608.0,1:38.467,98467.0,,,,,,,16.0
914,2014,17,12,12.0,12,11,sergio-perez,force-india,mercedes,pirelli,,,1:39.200,99200.0,1:38.554,98554.0,,,,,,,16.0
914,2014,17,13,13.0,13,27,nico-hulkenberg,force-india,mercedes,pirelli,,,1:38.931,98931.0,1:38.598,98598.0,,,,,,,16.0
914,2014,17,14,14.0,14,26,daniil-kvyat,toro-rosso,renault,pirelli,,,1:38.936,98936.0,1:38.699,98699.0,,,,,,,17.0
914,2014,17,15,15.0,15,25,jean-eric-vergne,toro-rosso,renault,pirelli,,,1:39.250,99250.0,,,,,,,,,10.0
914,2014,17,16,16.0,16,21,esteban-gutierrez,sauber,ferrari,pirelli,,,1:39.555,99555.0,,,,,,,,,10.0
914,2014,17,17,17.0,17,1,sebastian-vettel,red-bull,renault,pirelli,,,1:39.621,99621.0,,,,,,,,,3.0
914,2014,17,18,18.0,18,8,romain-grosjean,lotus-f1,renault,pirelli,,,1:39.679,99679.0,,,,,,,,,8.0
915,2014,18,1,1.0,1,6,nico-rosberg,mercedes,mercedes,pirelli,,,1:10.347,70347.0,1:10.303,70303.0,1:10.023,70023.0,,,,,14.0
915,2014,18,2,2.0,2,44,lewis-hamilton,mercedes,mercedes,pirelli,,,1:10.457,70457.0,1:10.712,70712.0,1:10.056,70056.0,+0.033,33.0,+0.033,33.0,14.0
915,2014,18,3,3.0,3,19,felipe-massa,williams,mercedes,pirelli,,,1:10.602,70602.0,1:10.343,70343.0,1:10.247,70247.0,+0.224,224.0,+0.191,191.0,17.0
915,2014,18,4,4.0,4,77,valtteri-bottas,williams,mercedes,pirelli,,,1:10.832,70832.0,1:10.421,70421.0,1:10.305,70305.0,+0.282,282.0,+0.058,58.0,17.0
915,2014,18,5,5.0,5,22,jenson-button,mclaren,mercedes,pirelli,,,1:11.097,71097.0,1:11.127,71127.0,1:10.930,70930.0,+0.907,907.0,+0.625,625.0,16.0
915,2014,18,6,6.0,6,1,sebastian-vettel,red-bull,renault,pirelli,,,1:11.880,71880.0,1:11.129,71129.0,1:10.938,70938.0,+0.915,915.0,+0.008,8.0,19.0
915,2014,18,7,7.0,7,20,kevin-magnussen,mclaren,mercedes,pirelli,,,1:11.134,71134.0,1:11.211,71211.0,1:10.969,70969.0,+0.946,946.0,+0.031,31.0,16.0
915,2014,18,8,8.0,8,14,fernando-alonso,ferrari,ferrari,pirelli,,,1:11.558,71558.0,1:11.215,71215.0,1:10.977,70977.0,+0.954,954.0,+0.008,8.0,18.0
915,2014,18,9,9.0,9,3,daniel-ricciardo,red-bull,renault,pirelli,,,1:11.593,71593.0,1:11.208,71208.0,1:11.075,71075.0,+1.052,1052.0,+0.098,98.0,20.0
915,2014,18,10,10.0,10,7,kimi-raikkonen,ferrari,ferrari,pirelli,,,1:11.193,71193.0,1:11.188,71188.0,1:11.099,71099.0,+1.076,1076.0,+0.024,24.0,18.0
915,2014,18,11,11.0,11,21,esteban-gutierrez,sauber,ferrari,pirelli,,,1:11.520,71520.0,1:11.591,71591.0,,,,,,,18.0
915,2014,18,12,12.0,12,27,nico-hulkenberg,force-india,mercedes,pirelli,,,1:11.848,71848.0,1:11.976,71976.0,,,,,,,14.0
915,2014,18,13,13.0,13,99,adrian-sutil,sauber,ferrari,pirelli,,,1:11.943,71943.0,1:12.099,72099.0,,,,,,,17.0
915,2014,18,14,14.0,14,26,daniil-kvyat,toro-rosso,renault,pirelli,,,1:11.423,71423.0,,,,,,,,,9.0
915,2014,18,15,15.0,15,8,romain-grosjean,lotus-f1,renault,pirelli,,,1:12.037,72037.0,,,,,,,,,8.0
915,2014,18,16,16.0,16,25,jean-eric-vergne,toro-rosso,renault,pirelli,,,1:12.040,72040.0,,,,,,,,,10.0
915,2014,18,17,17.0,17,11,sergio-perez,force-india,mercedes,pirelli,,,1:12.076,72076.0,,,,,,,,,9.0
915,2014,18,18,18.0,18,13,pastor-maldonado,lotus-f1,renault,pirelli,,,1:12.233,72233.0,,,,,,,,,7.0
916,2014,19,1,1.0,1,6,nico-rosberg,mercedes,mercedes,pirelli,,,1:41.308,101308.0,1:41.459,101459.0,1:40.480,100480.0,,,,,13.0
916,2014,19,2,2.0,2,44,lewis-hamilton,mercedes,mercedes,pirelli,,,1:41.207,101207.0,1:40.920,100920.0,1:40.866,100866.0,+0.386,386.0,+0.386,386.0,12.0
916,2014,19,3,3.0,3,77,valtteri-bottas,williams,mercedes,pirelli,,,1:42.346,102346.0,1:41.376,101376.0,1:41.025,101025.0,+0.545,545.0,+0.159,159.0,18.0
916,2014,19,4,4.0,4,19,felipe-massa,williams,mercedes,pirelli,,,1:41.475,101475.0,1:41.144,101144.0,1:41.119,101119.0,+0.639,639.0,+0.094,94.0,20.0
916,2014,19,5,5.0,5,26,daniil-kvyat,toro-rosso,renault,pirelli,,,1:42.302,102302.0,1:42.082,102082.0,1:41.908,101908.0,+1.428,1428.0,+0.789,789.0,18.0
916,2014,19,6,6.0,6,22,jenson-button,mclaren,mercedes,pirelli,,,1:42.137,102137.0,1:41.875,101875.0,1:41.964,101964.0,+1.484,1484.0,+0.056,56.0,18.0
916,2014,19,7,7.0,7,7,kimi-raikkonen,ferrari,ferrari,pirelli,,,1:42.439,102439.0,1:42.168,102168.0,1:42.236,102236.0,+1.756,1756.0,+0.272,272.0,15.0
916,2014,19,8,8.0,8,14,fernando-alonso,ferrari,ferrari,pirelli,,,1:42.467,102467.0,1:41.940,101940.0,1:42.866,102866.0,+2.386,2386.0,+0.630,630.0,19.0
916,2014,19,9,9.0,9,20,kevin-magnussen,mclaren,mercedes,pirelli,,,1:42.104,102104.0,1:42.198,102198.0,,,,,,,13.0
916,2014,19,10,10.0,10,25,jean-eric-vergne,toro-rosso,renault,pirelli,,,1:42.413,102413.0,1:42.207,102207.0,,,,,,,12.0
916,2014,19,11,11.0,11,11,sergio-perez,force-india,mercedes,pirelli,,,1:42.654,102654.0,1:42.239,102239.0,,,,,,,15.0
916,2014,19,12,12.0,12,27,nico-hulkenberg,force-india,mercedes,pirelli,,,1:42.444,102444.0,1:42.384,102384.0,,,,,,,12.0
916,2014,19,13,13.0,13,99,adrian-sutil,sauber,ferrari,pirelli,,,1:42.746,102746.0,1:43.074,103074.0,,,,,,,14.0
916,2014,19,14,14.0,14,8,romain-grosjean,lotus-f1,renault,pirelli,,,1:42.768,102768.0,,,,,,,,,8.0
916,2014,19,15,15.0,15,21,esteban-gutierrez,sauber,ferrari,pirelli,,,1:42.819,102819.0,,,,,,,,,8.0
916,2014,19,16,16.0,16,13,pastor-maldonado,lotus-f1,renault,pirelli,,,1:42.860,102860.0,,,,,,,,,8.0
916,2014,19,17,17.0,17,10,kamui-kobayashi,caterham,renault,pirelli,,,1:44.540,104540.0,,,,,,,,,7.0
916,2014,19,18,18.0,18,46,will-stevens,caterham,renault,pirelli,,,1:45.095,105095.0,,,,,,,,,8.0
916,2014,19,19,,EX,3,daniel-ricciardo,red-bull,renault,pirelli,,,1:42.204,102204.0,1:41.692,101692.0,1:41.267,101267.0,,,,,12.0
916,2014,19,20,,EX,1,sebastian-vettel,red-bull,renault,pirelli,,,1:42.495,102495.0,1:42.147,102147.0,1:41.893,101893.0,,,,,17.0
917,2015,1,1,1.0,1,44,lewis-hamilton,mercedes,mercedes,pirelli,,,1:28.586,88586.0,1:26.894,86894.0,1:26.327,86327.0,,,,,16.0
917,2015,1,2,2.0,2,6,nico-rosberg,mercedes,mercedes,pirelli,,,1:28.906,88906.0,1:27.097,87097.0,1:26.921,86921.0,+0.594,594.0,+0.594,594.0,14.0
917,2015,1,3,3.0,3,19,felipe-massa,williams,mercedes,pirelli,,,1:29.246,89246.0,1:27.895,87895.0,1:27.718,87718.0,+1.391,1391.0,+0.797,797.0,21.0
917,2015,1,4,4.0,4,5,sebastian-vettel,ferrari,ferrari,pirelli,,,1:29.307,89307.0,1:27.742,87742.0,1:27.757,87757.0,+1.430,1430.0,+0.039,39.0,12.0
917,2015,1,5,5.0,5,7,kimi-raikkonen,ferrari,ferrari,pirelli,,,1:29.754,89754.0,1:27.807,87807.0,1:27.790,87790.0,+1.463,1463.0,+0.033,33.0,17.0
917,2015,1,6,6.0,6,77,valtteri-bottas,williams,mercedes,pirelli,,,1:29.641,89641.0,1:27.796,87796.0,1:28.087,88087.0,+1.760,1760.0,+0.297,297.0,16.0
917,2015,1,7,7.0,7,3,daniel-ricciardo,red-bull,renault,pirelli,,,1:29.788,89788.0,1:28.679,88679.0,1:28.329,88329.0,+2.002,2002.0,+0.242,242.0,22.0
917,2015,1,8,8.0,8,55,carlos-sainz-jr,toro-rosso,renault,pirelli,,,1:29.597,89597.0,1:28.601,88601.0,1:28.510,88510.0,+2.183,2183.0,+0.181,181.0,22.0
917,2015,1,9,9.0,9,8,romain-grosjean,lotus-f1,mercedes,pirelli,,,1:29.537,89537.0,1:28.589,88589.0,1:28.560,88560.0,+2.233,2233.0,+0.050,50.0,20.0
917,2015,1,10,10.0,10,13,pastor-maldonado,lotus-f1,mercedes,pirelli,,,1:29.847,89847.0,1:28.726,88726.0,1:29.480,89480.0,+3.153,3153.0,+0.920,920.0,20.0
917,2015,1,11,11.0,11,12,felipe-nasr,sauber,ferrari,pirelli,,,1:30.430,90430.0,1:28.800,88800.0,,,,,,,17.0
917,2015,1,12,12.0,12,33,max-verstappen,toro-rosso,renault,pirelli,,,1:29.248,89248.0,1:28.868,88868.0,,,,,,,15.0
917,2015,1,13,13.0,13,26,daniil-kvyat,red-bull,renault,pirelli,,,1:30.402,90402.0,1:29.070,89070.0,,,,,,,9.0
917,2015,1,14,14.0,14,27,nico-hulkenberg,force-india,mercedes,pirelli,,,1:29.651,89651.0,1:29.208,89208.0,,,,,,,14.0
917,2015,1,15,15.0,15,11,sergio-perez,force-india,mercedes,pirelli,,,1:29.990,89990.0,1:29.209,89209.0,,,,,,,13.0
917,2015,1,16,16.0,16,9,marcus-ericsson,sauber,ferrari,pirelli,,,1:31.376,91376.0,,,,,,,,,10.0
917,2015,1,17,17.0,17,22,jenson-button,mclaren,honda,pirelli,,,1:31.422,91422.0,,,,,,,,,7.0
917,2015,1,18,18.0,18,20,kevin-magnussen,mclaren,honda,pirelli,,,1:32.037,92037.0,,,,,,,,,8.0
918,2015,2,1,1.0,1,44,lewis-hamilton,mercedes,mercedes,pirelli,,,1:39.269,99269.0,1:41.517,101517.0,1:49.834,109834.0,,,,,13.0
918,2015,2,2,2.0,2,5,sebastian-vettel,ferrari,ferrari,pirelli,,,1:39.814,99814.0,1:39.632,99632.0,1:49.908,109908.0,+0.074,74.0,+0.074,74.0,13.0
918,2015,2,3,3.0,3,6,nico-rosberg,mercedes,mercedes,pirelli,,,1:39.374,99374.0,1:39.377,99377.0,1:50.299,110299.0,+0.465,465.0,+0.391,391.0,13.0
918,2015,2,4,4.0,4,3,daniel-ricciardo,red-bull,renault,pirelli,,,1:40.504,100504.0,1:41.085,101085.0,1:51.541,111541.0,+1.707,1707.0,+1.242,1242.0,16.0
918,2015,2,5,5.0,5,26,daniil-kvyat,red-bull,renault,pirelli,,,1:40.546,100546.0,1:41.665,101665.0,1:51.951,111951.0,+2.117,2117.0,+0.410,410.0,16.0
918,2015,2,6,6.0,6,33,max-verstappen,toro-rosso,renault,pirelli,,,1:40.793,100793.0,1:41.430,101430.0,1:51.981,111981.0,+2.147,2147.0,+0.030,30.0,16.0
918,2015,2,7,7.0,7,19,felipe-massa,williams,mercedes,pirelli,,,1:40.543,100543.0,1:41.230,101230.0,1:52.473,112473.0,+2.639,2639.0,+0.492,492.0,17.0
918,2015,2,8,8.0,8,8,romain-grosjean,lotus-f1,mercedes,pirelli,,,1:40.303,100303.0,1:41.209,101209.0,1:52.981,112981.0,+3.147,3147.0,+0.508,508.0,18.0
918,2015,2,9,9.0,9,77,valtteri-bottas,williams,mercedes,pirelli,,,1:40.249,100249.0,1:40.650,100650.0,1:53.179,113179.0,+3.345,3345.0,+0.198,198.0,14.0
918,2015,2,10,10.0,10,9,marcus-ericsson,sauber,ferrari,pirelli,,,1:40.340,100340.0,1:41.748,101748.0,1:53.261,113261.0,+3.427,3427.0,+0.082,82.0,18.0
918,2015,2,11,11.0,11,7,kimi-raikkonen,ferrari,ferrari,pirelli,,,1:40.415,100415.0,1:42.173,102173.0,,,,,,,7.0
918,2015,2,12,12.0,12,13,pastor-maldonado,lotus-f1,mercedes,pirelli,,,1:40.361,100361.0,1:42.198,102198.0,,,,,,,11.0
918,2015,2,13,13.0,13,27,nico-hulkenberg,force-india,mercedes,pirelli,,,1:40.830,100830.0,1:43.023,103023.0,,,,,,,9.0
918,2015,2,14,14.0,14,11,sergio-perez,force-india,mercedes,pirelli,,,1:41.036,101036.0,1:43.469,103469.0,,,,,,,11.0
918,2015,2,15,15.0,15,55,carlos-sainz-jr,toro-rosso,renault,pirelli,,,1:39.814,99814.0,1:43.701,103701.0,,,,,,,9.0
918,2015,2,16,16.0,16,12,felipe-nasr,sauber,ferrari,pirelli,,,1:41.308,101308.0,,,,,,,,,7.0
918,2015,2,17,17.0,17,22,jenson-button,mclaren,honda,pirelli,,,1:41.636,101636.0,,,,,,,,,8.0
918,2015,2,18,18.0,18,14,fernando-alonso,mclaren,honda,pirelli,,,1:41.746,101746.0,,,,,,,,,8.0
918,2015,2,19,,NC,98,roberto-merhi,marussia,ferrari,pirelli,,,1:46.677,106677.0,,,,,,,,,7.0
918,2015,2,20,,NC,28,will-stevens,marussia,ferrari,pirelli,,,,,,,,,,,,,
919,2015,3,1,1.0,1,44,lewis-hamilton,mercedes,mercedes,pirelli,,,1:38.285,98285.0,1:36.423,96423.0,1:35.782,95782.0,,,,,12.0
919,2015,3,2,2.0,2,6,nico-rosberg,mercedes,mercedes,pirelli,,,1:38.496,98496.0,1:36.747,96747.0,1:35.824,95824.0,+0.042,42.0,+0.042,42.0,12.0
919,2015,3,3,3.0,3,5,sebastian-vettel,ferrari,ferrari,pirelli,,,1:37.502,97502.0,1:36.957,96957.0,1:36.687,96687.0,+0.905,905.0,+0.863,863.0,17.0
919,2015,3,4,4.0,4,19,felipe-massa,williams,mercedes,pirelli,,,1:38.433,98433.0,1:37.357,97357.0,1:36.954,96954.0,+1.172,1172.0,+0.267,267.0,15.0
919,2015,3,5,5.0,5,77,valtteri-bottas,williams,mercedes,pirelli,,,1:38.014,98014.0,1:37.763,97763.0,1:37.143,97143.0,+1.361,1361.0,+0.189,189.0,15.0
919,2015,3,6,6.0,6,7,kimi-raikkonen,ferrari,ferrari,pirelli,,,1:37.790,97790.0,1:37.109,97109.0,1:37.232,97232.0,+1.450,1450.0,+0.089,89.0,17.0
919,2015,3,7,7.0,7,3,daniel-ricciardo,red-bull,renault,pirelli,,,1:38.534,98534.0,1:37.939,97939.0,1:37.540,97540.0,+1.758,1758.0,+0.308,308.0,18.0
919,2015,3,8,8.0,8,8,romain-grosjean,lotus-f1,mercedes,pirelli,,,1:38.209,98209.0,1:38.063,98063.0,1:37.905,97905.0,+2.123,2123.0,+0.365,365.0,20.0
919,2015,3,9,9.0,9,12,felipe-nasr,sauber,ferrari,pirelli,,,1:38.521,98521.0,1:38.017,98017.0,1:38.067,98067.0,+2.285,2285.0,+0.162,162.0,16.0
919,2015,3,10,10.0,10,9,marcus-ericsson,sauber,ferrari,pirelli,,,1:38.941,98941.0,1:38.127,98127.0,1:38.158,98158.0,+2.376,2376.0,+0.091,91.0,15.0
919,2015,3,11,11.0,11,13,pastor-maldonado,lotus-f1,mercedes,pirelli,,,1:38.563,98563.0,1:38.134,98134.0,,,,,,,13.0
919,2015,3,12,12.0,12,26,daniil-kvyat,red-bull,renault,pirelli,,,1:39.051,99051.0,1:38.209,98209.0,,,,,,,13.0
919,2015,3,13,13.0,13,33,max-verstappen,toro-rosso,renault,pirelli,,,1:38.387,98387.0,1:38.393,98393.0,,,,,,,14.0
919,2015,3,14,14.0,14,55,carlos-sainz-jr,toro-rosso,renault,pirelli,,,1:38.622,98622.0,1:38.538,98538.0,,,,,,,14.0
919,2015,3,15,15.0,15,11,sergio-perez,force-india,mercedes,pirelli,,,1:38.903,98903.0,1:39.290,99290.0,,,,,,,10.0
919,2015,3,16,16.0,16,27,nico-hulkenberg,force-india,mercedes,pirelli,,,1:39.216,99216.0,,,,,,,,,6.0
919,2015,3,17,17.0,17,22,jenson-button,mclaren,honda,pirelli,,,1:39.276,99276.0,,,,,,,,,6.0
919,2015,3,18,18.0,18,14,fernando-alonso,mclaren,honda,pirelli,,,1:39.280,99280.0,,,,,,,,,8.0
919,2015,3,19,19.0,19,28,will-stevens,marussia,ferrari,pirelli,,,1:42.091,102091.0,,,,,,,,,6.0
919,2015,3,20,20.0,20,98,roberto-merhi,marussia,ferrari,pirelli,,,1:42.842,102842.0,,,,,,,,,8.0
920,2015,4,1,1.0,1,44,lewis-hamilton,mercedes,mercedes,pirelli,,,1:33.928,93928.0,1:32.669,92669.0,1:32.571,92571.0,,,,,16.0
920,2015,4,2,2.0,2,5,sebastian-vettel,ferrari,ferrari,pirelli,,,1:34.919,94919.0,1:33.623,93623.0,1:32.982,92982.0,+0.411,411.0,+0.411,411.0,12.0
920,2015,4,3,3.0,3,6,nico-rosberg,mercedes,mercedes,pirelli,,,1:34.398,94398.0,1:33.878,93878.0,1:33.129,93129.0,+0.558,558.0,+0.147,147.0,16.0
920,2015,4,4,4.0,4,7,kimi-raikkonen,ferrari,ferrari,pirelli,,,1:34.568,94568.0,1:33.540,93540.0,1:33.227,93227.0,+0.656,656.0,+0.098,98.0,15.0
920,2015,4,5,5.0,5,77,valtteri-bottas,williams,mercedes,pirelli,,,1:34.161,94161.0,1:33.897,93897.0,1:33.381,93381.0,+0.810,810.0,+0.154,154.0,16.0
920,2015,4,6,6.0,6,19,felipe-massa,williams,mercedes,pirelli,,,1:34.488,94488.0,1:33.551,93551.0,1:33.744,93744.0,+1.173,1173.0,+0.363,363.0,16.0
920,2015,4,7,7.0,7,3,daniel-ricciardo,red-bull,renault,pirelli,,,1:34.691,94691.0,1:34.403,94403.0,1:33.832,93832.0,+1.261,1261.0,+0.088,88.0,15.0
920,2015,4,8,8.0,8,27,nico-hulkenberg,force-india,mercedes,pirelli,,,1:35.653,95653.0,1:34.613,94613.0,1:34.450,94450.0,+1.879,1879.0,+0.618,618.0,15.0
920,2015,4,9,9.0,9,55,carlos-sainz-jr,toro-rosso,renault,pirelli,,,1:35.371,95371.0,1:34.641,94641.0,1:34.462,94462.0,+1.891,1891.0,+0.012,12.0,18.0
920,2015,4,10,10.0,10,8,romain-grosjean,lotus-f1,mercedes,pirelli,,,1:35.007,95007.0,1:34.123,94123.0,1:34.484,94484.0,+1.913,1913.0,+0.022,22.0,20.0
920,2015,4,11,11.0,11,11,sergio-perez,force-india,mercedes,pirelli,,,1:35.451,95451.0,1:34.704,94704.0,,,,,,,12.0
920,2015,4,12,12.0,12,12,felipe-nasr,sauber,ferrari,pirelli,,,1:35.310,95310.0,1:34.737,94737.0,,,,,,,9.0
920,2015,4,13,13.0,13,9,marcus-ericsson,sauber,ferrari,pirelli,,,1:35.438,95438.0,1:35.034,95034.0,,,,,,,9.0
920,2015,4,14,14.0,14,14,fernando-alonso,mclaren,honda,pirelli,,,1:35.205,95205.0,1:35.039,95039.0,,,,,,,10.0
920,2015,4,15,15.0,15,33,max-verstappen,toro-rosso,renault,pirelli,,,1:35.611,95611.0,1:35.103,95103.0,,,,,,,14.0
920,2015,4,16,16.0,16,13,pastor-maldonado,lotus-f1,mercedes,pirelli,,,1:35.677,95677.0,,,,,,,,,7.0
920,2015,4,17,17.0,17,26,daniil-kvyat,red-bull,renault,pirelli,,,1:35.800,95800.0,,,,,,,,,6.0
920,2015,4,18,18.0,18,28,will-stevens,marussia,ferrari,pirelli,,,1:38.713,98713.0,,,,,,,,,6.0
920,2015,4,19,19.0,19,98,roberto-merhi,marussia,ferrari,pirelli,,,1:39.722,99722.0,,,,,,,,,6.0
920,2015,4,20,,NC,22,jenson-button,mclaren,honda,pirelli,,,,,,,,,,,,,1.0
921,2015,5,1,1.0,1,6,nico-rosberg,mercedes,mercedes,pirelli,,,1:26.490,86490.0,1:25.166,85166.0,1:24.681,84681.0,,,,,18.0
921,2015,5,2,2.0,2,44,lewis-hamilton,mercedes,mercedes,pirelli,,,1:26.382,86382.0,1:25.740,85740.0,1:24.948,84948.0,+0.267,267.0,+0.267,267.0,17.0
921,2015,5,3,3.0,3,5,sebastian-vettel,ferrari,ferrari,pirelli,,,1:27.534,87534.0,1:26.167,86167.0,1:25.458,85458.0,+0.777,777.0,+0.510,510.0,15.0
921,2015,5,4,4.0,4,77,valtteri-bottas,williams,mercedes,pirelli,,,1:27.262,87262.0,1:26.197,86197.0,1:25.694,85694.0,+1.013,1013.0,+0.236,236.0,16.0
921,2015,5,5,5.0,5,55,carlos-sainz-jr,toro-rosso,renault,pirelli,,,1:26.773,86773.0,1:26.475,86475.0,1:26.136,86136.0,+1.455,1455.0,+0.442,442.0,17.0
921,2015,5,6,6.0,6,33,max-verstappen,toro-rosso,renault,pirelli,,,1:27.393,87393.0,1:26.441,86441.0,1:26.249,86249.0,+1.568,1568.0,+0.113,113.0,20.0
921,2015,5,7,7.0,7,7,kimi-raikkonen,ferrari,ferrari,pirelli,,,1:26.637,86637.0,1:26.016,86016.0,1:26.414,86414.0,+1.733,1733.0,+0.165,165.0,16.0
921,2015,5,8,8.0,8,26,daniil-kvyat,red-bull,renault,pirelli,,,1:27.833,87833.0,1:26.889,86889.0,1:26.629,86629.0,+1.948,1948.0,+0.215,215.0,16.0
921,2015,5,9,9.0,9,19,felipe-massa,williams,mercedes,pirelli,,,1:27.165,87165.0,1:26.147,86147.0,1:26.757,86757.0,+2.076,2076.0,+0.128,128.0,16.0
921,2015,5,10,10.0,10,3,daniel-ricciardo,red-bull,renault,pirelli,,,1:27.611,87611.0,1:26.692,86692.0,1:26.770,86770.0,+2.089,2089.0,+0.013,13.0,16.0
921,2015,5,11,11.0,11,8,romain-grosjean,lotus-f1,mercedes,pirelli,,,1:27.383,87383.0,1:27.375,87375.0,,,,,,,13.0
921,2015,5,12,12.0,12,13,pastor-maldonado,lotus-f1,mercedes,pirelli,,,1:27.281,87281.0,1:27.450,87450.0,,,,,,,13.0
921,2015,5,13,13.0,13,14,fernando-alonso,mclaren,honda,pirelli,,,1:27.941,87941.0,1:27.760,87760.0,,,,,,,11.0
921,2015,5,14,14.0,14,22,jenson-button,mclaren,honda,pirelli,,,1:27.813,87813.0,1:27.854,87854.0,,,,,,,12.0
921,2015,5,15,15.0,15,12,felipe-nasr,sauber,ferrari,pirelli,,,1:27.625,87625.0,1:28.005,88005.0,,,,,,,14.0
921,2015,5,16,16.0,16,9,marcus-ericsson,sauber,ferrari,pirelli,,,1:28.112,88112.0,,,,,,,,,6.0
921,2015,5,17,17.0,17,27,nico-hulkenberg,force-india,mercedes,pirelli,,,1:28.365,88365.0,,,,,,,,,6.0
921,2015,5,18,18.0,18,11,sergio-perez,force-india,mercedes,pirelli,,,1:28.442,88442.0,,,,,,,,,7.0
921,2015,5,19,19.0,19,28,will-stevens,marussia,ferrari,pirelli,,,1:31.200,91200.0,,,,,,,,,6.0
921,2015,5,20,20.0,20,98,roberto-merhi,marussia,ferrari,pirelli,,,1:32.038,92038.0,,,,,,,,,4.0
922,2015,6,1,1.0,1,44,lewis-hamilton,mercedes,mercedes,pirelli,,,1:16.588,76588.0,1:15.864,75864.0,1:15.098,75098.0,,,,,28.0
922,2015,6,2,2.0,2,6,nico-rosberg,mercedes,mercedes,pirelli,,,1:16.528,76528.0,1:15.471,75471.0,1:15.440,75440.0,+0.342,342.0,+0.342,342.0,25.0
922,2015,6,3,3.0,3,5,sebastian-vettel,ferrari,ferrari,pirelli,,,1:17.502,77502.0,1:16.181,76181.0,1:15.849,75849.0,+0.751,751.0,+0.409,409.0,24.0
922,2015,6,4,4.0,4,3,daniel-ricciardo,red-bull,renault,pirelli,,,1:17.254,77254.0,1:16.706,76706.0,1:16.041,76041.0,+0.943,943.0,+0.192,192.0,28.0
922,2015,6,5,5.0,5,26,daniil-kvyat,red-bull,renault,pirelli,,,1:16.845,76845.0,1:16.453,76453.0,1:16.182,76182.0,+1.084,1084.0,+0.141,141.0,26.0
922,2015,6,6,6.0,6,7,kimi-raikkonen,ferrari,ferrari,pirelli,,,1:17.660,77660.0,1:16.440,76440.0,1:16.427,76427.0,+1.329,1329.0,+0.245,245.0,23.0
922,2015,6,7,7.0,7,11,sergio-perez,force-india,mercedes,pirelli,,,1:17.376,77376.0,1:16.999,76999.0,1:16.808,76808.0,+1.710,1710.0,+0.381,381.0,22.0
922,2015,6,8,8.0,8,55,carlos-sainz-jr,toro-rosso,renault,pirelli,,,1:17.246,77246.0,1:16.762,76762.0,1:16.931,76931.0,+1.833,1833.0,+0.123,123.0,29.0
922,2015,6,9,9.0,9,13,pastor-maldonado,lotus-f1,mercedes,pirelli,,,1:17.630,77630.0,1:16.775,76775.0,1:16.946,76946.0,+1.848,1848.0,+0.015,15.0,30.0
922,2015,6,10,10.0,10,33,max-verstappen,toro-rosso,renault,pirelli,,,1:16.750,76750.0,1:16.546,76546.0,1:16.957,76957.0,+1.859,1859.0,+0.011,11.0,29.0
922,2015,6,11,11.0,11,8,romain-grosjean,lotus-f1,mercedes,pirelli,,,1:17.767,77767.0,1:17.007,77007.0,,,,,,,22.0
922,2015,6,12,12.0,12,22,jenson-button,mclaren,honda,pirelli,,,1:17.492,77492.0,1:17.093,77093.0,,,,,,,20.0
922,2015,6,13,13.0,13,27,nico-hulkenberg,force-india,mercedes,pirelli,,,1:17.552,77552.0,1:17.193,77193.0,,,,,,,16.0
922,2015,6,14,14.0,14,19,felipe-massa,williams,mercedes,pirelli,,,1:17.679,77679.0,1:17.278,77278.0,,,,,,,22.0
922,2015,6,15,15.0,15,14,fernando-alonso,mclaren,honda,pirelli,,,1:17.778,77778.0,1:26.632,86632.0,,,,,,,11.0
922,2015,6,16,16.0,16,12,felipe-nasr,sauber,ferrari,pirelli,,,1:18.101,78101.0,,,,,,,,,11.0
922,2015,6,17,17.0,17,77,valtteri-bottas,williams,mercedes,pirelli,,,1:18.434,78434.0,,,,,,,,,10.0
922,2015,6,18,18.0,18,9,marcus-ericsson,sauber,ferrari,pirelli,,,1:18.513,78513.0,,,,,,,,,11.0
922,2015,6,19,19.0,19,28,will-stevens,marussia,ferrari,pirelli,,,1:20.655,80655.0,,,,,,,,,9.0
922,2015,6,20,20.0,20,98,roberto-merhi,marussia,ferrari,pirelli,,,1:20.904,80904.0,,,,,,,,,10.0
923,2015,7,1,1.0,1,44,lewis-hamilton,mercedes,mercedes,pirelli,,,1:15.895,75895.0,1:14.661,74661.0,1:14.393,74393.0,,,,,21.0
923,2015,7,2,2.0,2,6,nico-rosberg,mercedes,mercedes,pirelli,,,1:15.893,75893.0,1:14.673,74673.0,1:14.702,74702.0,+0.309,309.0,+0.309,309.0,19.0
923,2015,7,3,3.0,3,7,kimi-raikkonen,ferrari,ferrari,pirelli,,,1:16.259,76259.0,1:15.348,75348.0,1:15.014,75014.0,+0.621,621.0,+0.312,312.0,19.0
923,2015,7,4,4.0,4,77,valtteri-bottas,williams,mercedes,pirelli,,,1:16.552,76552.0,1:15.506,75506.0,1:15.102,75102.0,+0.709,709.0,+0.088,88.0,18.0
923,2015,7,5,5.0,5,8,romain-grosjean,lotus-f1,mercedes,pirelli,,,1:15.833,75833.0,1:15.187,75187.0,1:15.194,75194.0,+0.801,801.0,+0.092,92.0,20.0
923,2015,7,6,6.0,6,13,pastor-maldonado,lotus-f1,mercedes,pirelli,,,1:16.098,76098.0,1:15.622,75622.0,1:15.329,75329.0,+0.936,936.0,+0.135,135.0,26.0
923,2015,7,7,7.0,7,27,nico-hulkenberg,force-india,mercedes,pirelli,,,1:16.186,76186.0,1:15.706,75706.0,1:15.614,75614.0,+1.221,1221.0,+0.285,285.0,21.0
923,2015,7,8,8.0,8,26,daniil-kvyat,red-bull,renault,pirelli,,,1:16.415,76415.0,1:15.891,75891.0,1:16.079,76079.0,+1.686,1686.0,+0.465,465.0,27.0
923,2015,7,9,9.0,9,3,daniel-ricciardo,red-bull,renault,pirelli,,,1:16.410,76410.0,1:16.006,76006.0,1:16.114,76114.0,+1.721,1721.0,+0.035,35.0,23.0
923,2015,7,10,10.0,10,11,sergio-perez,force-india,mercedes,pirelli,,,1:16.827,76827.0,1:15.974,75974.0,1:16.338,76338.0,+1.945,1945.0,+0.224,224.0,23.0
923,2015,7,11,11.0,11,55,carlos-sainz-jr,toro-rosso,renault,pirelli,,,1:16.611,76611.0,1:16.042,76042.0,,,,,,,19.0
923,2015,7,12,12.0,12,33,max-verstappen,toro-rosso,renault,pirelli,,,1:16.361,76361.0,1:16.245,76245.0,,,,,,,20.0
923,2015,7,13,13.0,13,9,marcus-ericsson,sauber,ferrari,pirelli,,,1:16.796,76796.0,1:16.262,76262.0,,,,,,,20.0
923,2015,7,14,14.0,14,14,fernando-alonso,mclaren,honda,pirelli,,,1:17.012,77012.0,1:16.276,76276.0,,,,,,,18.0
923,2015,7,15,15.0,15,12,felipe-nasr,sauber,ferrari,pirelli,,,1:16.968,76968.0,1:16.620,76620.0,,,,,,,18.0
923,2015,7,16,16.0,16,5,sebastian-vettel,ferrari,ferrari,pirelli,,,1:17.344,77344.0,,,,,,,,,6.0
923,2015,7,17,17.0,17,19,felipe-massa,williams,mercedes,pirelli,,,1:17.886,77886.0,,,,,,,,,9.0
923,2015,7,18,18.0,18,98,roberto-merhi,marussia,ferrari,pirelli,,,1:19.133,79133.0,,,,,,,,,11.0
923,2015,7,19,19.0,19,28,will-stevens,marussia,ferrari,pirelli,,,1:19.157,79157.0,,,,,,,,,10.0
923,2015,7,20,,NC,22,jenson-button,mclaren,honda,pirelli,,,,,,,,,,,,,
924,2015,8,1,1.0,1,44,lewis-hamilton,mercedes,mercedes,pirelli,,,1:12.218,72218.0,1:09.062,69062.0,1:08.455,68455.0,,,,,30.0
924,2015,8,2,2.0,2,6,nico-rosberg,mercedes,mercedes,pirelli,,,1:10.976,70976.0,1:08.634,68634.0,1:08.655,68655.0,+0.200,200.0,+0.200,200.0,31.0
924,2015,8,3,3.0,3,5,sebastian-vettel,ferrari,ferrari,pirelli,,,1:11.184,71184.0,1:09.392,69392.0,1:08.810,68810.0,+0.355,355.0,+0.155,155.0,21.0
924,2015,8,4,4.0,4,19,felipe-massa,williams,mercedes,pirelli,,,1:11.830,71830.0,1:09.719,69719.0,1:09.192,69192.0,+0.737,737.0,+0.382,382.0,27.0
924,2015,8,5,5.0,5,27,nico-hulkenberg,force-india,mercedes,pirelli,,,1:11.319,71319.0,1:09.604,69604.0,1:09.278,69278.0,+0.823,823.0,+0.086,86.0,22.0
924,2015,8,6,6.0,6,77,valtteri-bottas,williams,mercedes,pirelli,,,1:11.894,71894.0,1:09.598,69598.0,1:09.319,69319.0,+0.864,864.0,+0.041,41.0,26.0
924,2015,8,7,7.0,7,33,max-verstappen,toro-rosso,renault,pirelli,,,1:11.307,71307.0,1:09.631,69631.0,1:09.612,69612.0,+1.157,1157.0,+0.293,293.0,28.0
924,2015,8,8,8.0,8,26,daniil-kvyat,red-bull,renault,pirelli,,,1:12.092,72092.0,1:10.187,70187.0,1:09.694,69694.0,+1.239,1239.0,+0.082,82.0,32.0
924,2015,8,9,9.0,9,12,felipe-nasr,sauber,ferrari,pirelli,,,1:12.001,72001.0,1:09.652,69652.0,1:09.713,69713.0,+1.258,1258.0,+0.019,19.0,29.0
924,2015,8,10,10.0,10,8,romain-grosjean,lotus-f1,mercedes,pirelli,,,1:11.821,71821.0,1:09.920,69920.0,,,,,,,22.0
924,2015,8,11,11.0,11,13,pastor-maldonado,lotus-f1,mercedes,pirelli,,,1:11.661,71661.0,1:10.374,70374.0,,,,,,,22.0
924,2015,8,12,12.0,12,9,marcus-ericsson,sauber,ferrari,pirelli,,,1:12.388,72388.0,1:10.426,70426.0,,,,,,,20.0
924,2015,8,13,13.0,13,55,carlos-sainz-jr,toro-rosso,renault,pirelli,,,1:11.158,71158.0,1:10.465,70465.0,,,,,,,23.0
924,2015,8,14,14.0,14,3,daniel-ricciardo,red-bull,renault,pirelli,,,1:11.973,71973.0,1:10.482,70482.0,,,,,,,19.0
924,2015,8,15,15.0,15,14,fernando-alonso,mclaren,honda,pirelli,,,1:12.508,72508.0,1:10.736,70736.0,,,,,,,22.0
924,2015,8,16,16.0,16,11,sergio-perez,force-india,mercedes,pirelli,,,1:12.522,72522.0,,,,,,,,,13.0
924,2015,8,17,17.0,17,22,jenson-button,mclaren,honda,pirelli,,,1:12.632,72632.0,,,,,,,,,12.0
924,2015,8,18,18.0,18,7,kimi-raikkonen,ferrari,ferrari,pirelli,,,1:12.867,72867.0,,,,,,,,,10.0
924,2015,8,19,19.0,19,98,roberto-merhi,marussia,ferrari,pirelli,,,1:14.071,74071.0,,,,,,,,,12.0
924,2015,8,20,20.0,20,28,will-stevens,marussia,ferrari,pirelli,,,1:15.368,75368.0,,,,,,,,,11.0
925,2015,9,1,1.0,1,44,lewis-hamilton,mercedes,mercedes,pirelli,,,1:33.796,93796.0,1:33.068,93068.0,1:32.248,92248.0,,,,,14.0
925,2015,9,2,2.0,2,6,nico-rosberg,mercedes,mercedes,pirelli,,,1:33.475,93475.0,1:32.737,92737.0,1:32.361,92361.0,+0.113,113.0,+0.113,113.0,14.0
925,2015,9,3,3.0,3,19,felipe-massa,williams,mercedes,pirelli,,,1:34.542,94542.0,1:33.707,93707.0,1:33.085,93085.0,+0.837,837.0,+0.724,724.0,21.0
925,2015,9,4,4.0,4,77,valtteri-bottas,williams,mercedes,pirelli,,,1:34.171,94171.0,1:33.020,93020.0,1:33.149,93149.0,+0.901,901.0,+0.064,64.0,19.0
925,2015,9,5,5.0,5,7,kimi-raikkonen,ferrari,ferrari,pirelli,,,1:33.426,93426.0,1:33.911,93911.0,1:33.379,93379.0,+1.131,1131.0,+0.230,230.0,19.0
925,2015,9,6,6.0,6,5,sebastian-vettel,ferrari,ferrari,pirelli,,,1:33.562,93562.0,1:33.641,93641.0,1:33.547,93547.0,+1.299,1299.0,+0.168,168.0,18.0
925,2015,9,7,7.0,7,26,daniil-kvyat,red-bull,renault,pirelli,,,1:34.422,94422.0,1:33.520,93520.0,1:33.636,93636.0,+1.388,1388.0,+0.089,89.0,22.0
925,2015,9,8,8.0,8,55,carlos-sainz-jr,toro-rosso,renault,pirelli,,,1:34.641,94641.0,1:34.071,94071.0,1:33.649,93649.0,+1.401,1401.0,+0.013,13.0,19.0
925,2015,9,9,9.0,9,27,nico-hulkenberg,force-india,mercedes,pirelli,,,1:34.594,94594.0,1:33.693,93693.0,1:33.673,93673.0,+1.425,1425.0,+0.024,24.0,21.0
925,2015,9,10,10.0,10,3,daniel-ricciardo,red-bull,renault,pirelli,,,1:34.272,94272.0,1:33.749,93749.0,1:33.943,93943.0,+1.695,1695.0,+0.270,270.0,20.0
925,2015,9,11,11.0,11,11,sergio-perez,force-india,mercedes,pirelli,,,1:34.250,94250.0,1:34.268,94268.0,,,,,,,14.0
925,2015,9,12,12.0,12,8,romain-grosjean,lotus-f1,mercedes,pirelli,,,1:34.646,94646.0,1:34.430,94430.0,,,,,,,9.0
925,2015,9,13,13.0,13,33,max-verstappen,toro-rosso,renault,pirelli,,,1:34.819,94819.0,1:34.502,94502.0,,,,,,,14.0
925,2015,9,14,14.0,14,13,pastor-maldonado,lotus-f1,mercedes,pirelli,,,1:34.877,94877.0,1:34.511,94511.0,,,,,,,16.0
925,2015,9,15,15.0,15,9,marcus-ericsson,sauber,ferrari,pirelli,,,1:34.643,94643.0,1:34.868,94868.0,,,,,,,13.0
925,2015,9,16,16.0,16,12,felipe-nasr,sauber,ferrari,pirelli,,,1:34.888,94888.0,,,,,,,,,7.0
925,2015,9,17,17.0,17,14,fernando-alonso,mclaren,honda,pirelli,,,1:34.959,94959.0,,,,,,,,,8.0
925,2015,9,18,18.0,18,22,jenson-button,mclaren,honda,pirelli,,,1:35.207,95207.0,,,,,,,,,9.0
925,2015,9,19,19.0,19,28,will-stevens,marussia,ferrari,pirelli,,,1:37.364,97364.0,,,,,,,,,9.0
925,2015,9,20,20.0,20,98,roberto-merhi,marussia,ferrari,pirelli,,,1:39.377,99377.0,,,,,,,,,8.0
926,2015,10,1,1.0,1,44,lewis-hamilton,mercedes,mercedes,pirelli,,,1:22.890,82890.0,1:22.285,82285.0,1:22.020,82020.0,,,,,20.0
926,2015,10,2,2.0,2,6,nico-rosberg,mercedes,mercedes,pirelli,,,1:22.979,82979.0,1:22.775,82775.0,1:22.595,82595.0,+0.575,575.0,+0.575,575.0,21.0
926,2015,10,3,3.0,3,5,sebastian-vettel,ferrari,ferrari,pirelli,,,1:23.312,83312.0,1:23.168,83168.0,1:22.739,82739.0,+0.719,719.0,+0.144,144.0,17.0
926,2015,10,4,4.0,4,3,daniel-ricciardo,red-bull,renault,pirelli,,,1:24.408,84408.0,1:23.230,83230.0,1:22.774,82774.0,+0.754,754.0,+0.035,35.0,20.0
926,2015,10,5,5.0,5,7,kimi-raikkonen,ferrari,ferrari,pirelli,,,1:23.596,83596.0,1:23.460,83460.0,1:23.020,83020.0,+1.000,1000.0,+0.246,246.0,16.0
926,2015,10,6,6.0,6,77,valtteri-bottas,williams,mercedes,pirelli,,,1:23.649,83649.0,1:23.555,83555.0,1:23.222,83222.0,+1.202,1202.0,+0.202,202.0,19.0
926,2015,10,7,7.0,7,26,daniil-kvyat,red-bull,renault,pirelli,,,1:23.587,83587.0,1:23.597,83597.0,1:23.332,83332.0,+1.312,1312.0,+0.110,110.0,17.0
926,2015,10,8,8.0,8,19,felipe-massa,williams,mercedes,pirelli,,,1:23.895,83895.0,1:23.598,83598.0,1:23.537,83537.0,+1.517,1517.0,+0.205,205.0,20.0
926,2015,10,9,9.0,9,33,max-verstappen,toro-rosso,renault,pirelli,,,1:24.032,84032.0,1:23.781,83781.0,1:23.679,83679.0,+1.659,1659.0,+0.142,142.0,18.0
926,2015,10,10,10.0,10,8,romain-grosjean,lotus-f1,mercedes,pirelli,,,1:24.242,84242.0,1:23.805,83805.0,1:24.181,84181.0,+2.161,2161.0,+0.502,502.0,18.0
926,2015,10,11,11.0,11,27,nico-hulkenberg,force-india,mercedes,pirelli,,,1:24.115,84115.0,1:23.826,83826.0,,,,,,,13.0
926,2015,10,12,12.0,12,55,carlos-sainz-jr,toro-rosso,renault,pirelli,,,1:24.623,84623.0,1:23.869,83869.0,,,,,,,16.0
926,2015,10,13,13.0,13,11,sergio-perez,force-india,mercedes,pirelli,,,1:24.444,84444.0,1:24.461,84461.0,,,,,,,14.0
926,2015,10,14,14.0,14,13,pastor-maldonado,lotus-f1,mercedes,pirelli,,,1:23.895,83895.0,1:24.609,84609.0,,,,,,,12.0
926,2015,10,15,15.0,15,14,fernando-alonso,mclaren,honda,pirelli,,,1:24.563,84563.0,,,,,,,,,7.0
926,2015,10,16,16.0,16,22,jenson-button,mclaren,honda,pirelli,,,1:24.739,84739.0,,,,,,,,,8.0
926,2015,10,17,17.0,17,9,marcus-ericsson,sauber,ferrari,pirelli,,,1:24.843,84843.0,,,,,,,,,8.0
926,2015,10,18,18.0,18,12,felipe-nasr,sauber,ferrari,pirelli,,,1:24.997,84997.0,,,,,,,,,8.0
926,2015,10,19,19.0,19,98,roberto-merhi,marussia,ferrari,pirelli,,,1:27.416,87416.0,,,,,,,,,8.0
926,2015,10,20,20.0,20,28,will-stevens,marussia,ferrari,pirelli,,,1:27.949,87949.0,,,,,,,,,6.0
927,2015,11,1,1.0,1,44,lewis-hamilton,mercedes,mercedes,pirelli,,,1:48.908,108908.0,1:48.024,108024.0,1:47.197,107197.0,,,,,16.0
927,2015,11,2,2.0,2,6,nico-rosberg,mercedes,mercedes,pirelli,,,1:48.923,108923.0,1:47.955,107955.0,1:47.655,107655.0,+0.458,458.0,+0.458,458.0,17.0
927,2015,11,3,3.0,3,77,valtteri-bottas,williams,mercedes,pirelli,,,1:49.026,109026.0,1:49.044,109044.0,1:48.537,108537.0,+1.340,1340.0,+0.882,882.0,19.0
927,2015,11,4,4.0,4,8,romain-grosjean,lotus-f1,mercedes,pirelli,,,1:49.353,109353.0,1:48.981,108981.0,1:48.561,108561.0,+1.364,1364.0,+0.024,24.0,17.0
927,2015,11,5,5.0,5,11,sergio-perez,force-india,mercedes,pirelli,,,1:49.006,109006.0,1:48.792,108792.0,1:48.599,108599.0,+1.402,1402.0,+0.038,38.0,16.0
927,2015,11,6,6.0,6,3,daniel-ricciardo,red-bull,renault,pirelli,,,1:49.664,109664.0,1:49.042,109042.0,1:48.639,108639.0,+1.442,1442.0,+0.040,40.0,17.0
927,2015,11,7,7.0,7,19,felipe-massa,williams,mercedes,pirelli,,,1:49.688,109688.0,1:48.806,108806.0,1:48.685,108685.0,+1.488,1488.0,+0.046,46.0,15.0
927,2015,11,8,8.0,8,13,pastor-maldonado,lotus-f1,mercedes,pirelli,,,1:49.568,109568.0,1:48.956,108956.0,1:48.754,108754.0,+1.557,1557.0,+0.069,69.0,17.0
927,2015,11,9,9.0,9,5,sebastian-vettel,ferrari,ferrari,pirelli,,,1:49.264,109264.0,1:48.761,108761.0,1:48.825,108825.0,+1.628,1628.0,+0.071,71.0,17.0
927,2015,11,10,10.0,10,55,carlos-sainz-jr,toro-rosso,renault,pirelli,,,1:49.109,109109.0,1:49.065,109065.0,1:49.771,109771.0,+2.574,2574.0,+0.946,946.0,12.0
927,2015,11,11,11.0,11,27,nico-hulkenberg,force-india,mercedes,pirelli,,,1:49.499,109499.0,1:49.121,109121.0,,,,,,,12.0
927,2015,11,12,12.0,12,26,daniil-kvyat,red-bull,renault,pirelli,,,1:49.469,109469.0,1:49.228,109228.0,,,,,,,11.0
927,2015,11,13,13.0,13,9,marcus-ericsson,sauber,ferrari,pirelli,,,1:49.523,109523.0,1:49.586,109586.0,,,,,,,12.0
927,2015,11,14,14.0,14,7,kimi-raikkonen,ferrari,ferrari,pirelli,,,1:49.288,109288.0,,,,,,,,,8.0
927,2015,11,15,15.0,15,33,max-verstappen,toro-rosso,renault,pirelli,,,1:49.831,109831.0,,,,,,,,,10.0
927,2015,11,16,16.0,16,12,felipe-nasr,sauber,ferrari,pirelli,,,1:49.952,109952.0,,,,,,,,,6.0
927,2015,11,17,17.0,17,22,jenson-button,mclaren,honda,pirelli,,,1:50.978,110978.0,,,,,,,,,6.0
927,2015,11,18,18.0,18,14,fernando-alonso,mclaren,honda,pirelli,,,1:51.420,111420.0,,,,,,,,,6.0
927,2015,11,19,19.0,19,28,will-stevens,marussia,ferrari,pirelli,,,1:52.948,112948.0,,,,,,,,,6.0
927,2015,11,20,20.0,20,98,roberto-merhi,marussia,ferrari,pirelli,,,1:53.099,113099.0,,,,,,,,,7.0
928,2015,12,1,1.0,1,44,lewis-hamilton,mercedes,mercedes,pirelli,,,1:24.251,84251.0,1:23.383,83383.0,1:23.397,83397.0,,,,,15.0
928,2015,12,2,2.0,2,7,kimi-raikkonen,ferrari,ferrari,pirelli,,,1:24.662,84662.0,1:23.757,83757.0,1:23.631,83631.0,+0.234,234.0,+0.234,234.0,17.0
928,2015,12,3,3.0,3,5,sebastian-vettel,ferrari,ferrari,pirelli,,,1:24.989,84989.0,1:23.577,83577.0,1:23.685,83685.0,+0.288,288.0,+0.054,54.0,20.0
928,2015,12,4,4.0,4,6,nico-rosberg,mercedes,mercedes,pirelli,,,1:24.609,84609.0,1:23.864,83864.0,1:23.703,83703.0,+0.306,306.0,+0.018,18.0,19.0
928,2015,12,5,5.0,5,19,felipe-massa,williams,mercedes,pirelli,,,1:25.184,85184.0,1:23.983,83983.0,1:23.940,83940.0,+0.543,543.0,+0.237,237.0,19.0
928,2015,12,6,6.0,6,77,valtteri-bottas,williams,mercedes,pirelli,,,1:24.979,84979.0,1:24.313,84313.0,1:24.127,84127.0,+0.730,730.0,+0.187,187.0,17.0
928,2015,12,7,7.0,7,11,sergio-perez,force-india,mercedes,pirelli,,,1:24.801,84801.0,1:24.379,84379.0,1:24.626,84626.0,+1.229,1229.0,+0.499,499.0,19.0
928,2015,12,8,8.0,8,8,romain-grosjean,lotus-f1,mercedes,pirelli,,,1:25.144,85144.0,1:24.448,84448.0,1:25.054,85054.0,+1.657,1657.0,+0.428,428.0,19.0
928,2015,12,9,9.0,9,27,nico-hulkenberg,force-india,mercedes,pirelli,,,1:24.937,84937.0,1:24.510,84510.0,1:25.317,85317.0,+1.920,1920.0,+0.263,263.0,18.0
928,2015,12,10,10.0,10,9,marcus-ericsson,sauber,ferrari,pirelli,,,1:25.122,85122.0,1:24.457,84457.0,1:26.214,86214.0,+2.817,2817.0,+0.897,897.0,20.0
928,2015,12,11,11.0,11,13,pastor-maldonado,lotus-f1,mercedes,pirelli,,,1:25.429,85429.0,1:24.525,84525.0,,,,,,,16.0
928,2015,12,12,12.0,12,12,felipe-nasr,sauber,ferrari,pirelli,,,1:25.121,85121.0,1:24.898,84898.0,,,,,,,15.0
928,2015,12,13,13.0,13,55,carlos-sainz-jr,toro-rosso,renault,pirelli,,,1:25.410,85410.0,1:25.618,85618.0,,,,,,,10.0
928,2015,12,14,14.0,14,26,daniil-kvyat,red-bull,renault,pirelli,,,1:25.742,85742.0,1:25.796,85796.0,,,,,,,11.0
928,2015,12,15,15.0,15,3,daniel-ricciardo,red-bull,renault,pirelli,,,1:25.633,85633.0,,,,,,,,,3.0
928,2015,12,16,16.0,16,22,jenson-button,mclaren,honda,pirelli,,,1:26.058,86058.0,,,,,,,,,7.0
928,2015,12,17,17.0,17,14,fernando-alonso,mclaren,honda,pirelli,,,1:26.154,86154.0,,,,,,,,,7.0
928,2015,12,18,18.0,18,28,will-stevens,marussia,ferrari,pirelli,,,1:27.731,87731.0,,,,,,,,,9.0
928,2015,12,19,19.0,19,98,roberto-merhi,marussia,ferrari,pirelli,,,1:27.912,87912.0,,,,,,,,,9.0
928,2015,12,20,,NC,33,max-verstappen,toro-rosso,renault,pirelli,,,,,,,,,,,,,1.0
929,2015,13,1,1.0,1,5,sebastian-vettel,ferrari,ferrari,pirelli,,,1:46.017,106017.0,1:44.743,104743.0,1:43.885,103885.0,,,,,14.0
929,2015,13,2,2.0,2,3,daniel-ricciardo,red-bull,renault,pirelli,,,1:46.166,106166.0,1:45.291,105291.0,1:44.428,104428.0,+0.543,543.0,+0.543,543.0,17.0
929,2015,13,3,3.0,3,7,kimi-raikkonen,ferrari,ferrari,pirelli,,,1:46.467,106467.0,1:45.140,105140.0,1:44.667,104667.0,+0.782,782.0,+0.239,239.0,17.0
929,2015,13,4,4.0,4,26,daniil-kvyat,red-bull,renault,pirelli,,,1:45.340,105340.0,1:44.979,104979.0,1:44.745,104745.0,+0.860,860.0,+0.078,78.0,15.0
929,2015,13,5,5.0,5,44,lewis-hamilton,mercedes,mercedes,pirelli,,,1:45.765,105765.0,1:45.650,105650.0,1:45.300,105300.0,+1.415,1415.0,+0.555,555.0,16.0
929,2015,13,6,6.0,6,6,nico-rosberg,mercedes,mercedes,pirelli,,,1:46.201,106201.0,1:45.653,105653.0,1:45.415,105415.0,+1.530,1530.0,+0.115,115.0,17.0
929,2015,13,7,7.0,7,77,valtteri-bottas,williams,mercedes,pirelli,,,1:46.231,106231.0,1:45.887,105887.0,1:45.676,105676.0,+1.791,1791.0,+0.261,261.0,20.0
929,2015,13,8,8.0,8,33,max-verstappen,toro-rosso,renault,pirelli,,,1:46.483,106483.0,1:45.635,105635.0,1:45.798,105798.0,+1.913,1913.0,+0.122,122.0,16.0
929,2015,13,9,9.0,9,19,felipe-massa,williams,mercedes,pirelli,,,1:46.879,106879.0,1:45.701,105701.0,1:46.077,106077.0,+2.192,2192.0,+0.279,279.0,19.0
929,2015,13,10,10.0,10,8,romain-grosjean,lotus-f1,mercedes,pirelli,,,1:46.860,106860.0,1:45.805,105805.0,1:46.413,106413.0,+2.528,2528.0,+0.336,336.0,18.0
929,2015,13,11,11.0,11,27,nico-hulkenberg,force-india,mercedes,pirelli,,,1:46.669,106669.0,1:46.305,106305.0,,,,,,,12.0
929,2015,13,12,12.0,12,14,fernando-alonso,mclaren,honda,pirelli,,,1:46.600,106600.0,1:46.328,106328.0,,,,,,,12.0
929,2015,13,13,13.0,13,11,sergio-perez,force-india,mercedes,pirelli,,,1:46.576,106576.0,1:46.385,106385.0,,,,,,,13.0
929,2015,13,14,14.0,14,55,carlos-sainz-jr,toro-rosso,renault,pirelli,,,1:46.465,106465.0,1:46.894,106894.0,,,,,,,13.0
929,2015,13,15,15.0,15,22,jenson-button,mclaren,honda,pirelli,,,1:46.891,106891.0,1:47.019,107019.0,,,,,,,12.0
929,2015,13,16,16.0,16,12,felipe-nasr,sauber,ferrari,pirelli,,,1:46.965,106965.0,,,,,,,,,8.0
929,2015,13,17,17.0,17,9,marcus-ericsson,sauber,ferrari,pirelli,,,1:47.088,107088.0,,,,,,,,,6.0
929,2015,13,18,18.0,18,13,pastor-maldonado,lotus-f1,mercedes,pirelli,,,1:47.323,107323.0,,,,,,,,,6.0
929,2015,13,19,19.0,19,28,will-stevens,marussia,ferrari,pirelli,,,1:51.021,111021.0,,,,,,,,,8.0
929,2015,13,20,20.0,20,53,alexander-rossi,marussia,ferrari,pirelli,,,1:51.523,111523.0,,,,,,,,,8.0
930,2015,14,1,1.0,1,6,nico-rosberg,mercedes,mercedes,pirelli,,,1:33.015,93015.0,1:32.632,92632.0,1:32.584,92584.0,,,,,16.0
930,2015,14,2,2.0,2,44,lewis-hamilton,mercedes,mercedes,pirelli,,,1:32.844,92844.0,1:32.789,92789.0,1:32.660,92660.0,+0.076,76.0,+0.076,76.0,15.0
930,2015,14,3,3.0,3,77,valtteri-bottas,williams,mercedes,pirelli,,,1:34.326,94326.0,1:33.416,93416.0,1:33.024,93024.0,+0.440,440.0,+0.364,364.0,11.0
930,2015,14,4,4.0,4,5,sebastian-vettel,ferrari,ferrari,pirelli,,,1:34.431,94431.0,1:33.844,93844.0,1:33.245,93245.0,+0.661,661.0,+0.221,221.0,11.0
930,2015,14,5,5.0,5,19,felipe-massa,williams,mercedes,pirelli,,,1:34.744,94744.0,1:33.377,93377.0,1:33.337,93337.0,+0.753,753.0,+0.092,92.0,12.0
930,2015,14,6,6.0,6,7,kimi-raikkonen,ferrari,ferrari,pirelli,,,1:34.171,94171.0,1:33.361,93361.0,1:33.347,93347.0,+0.763,763.0,+0.010,10.0,10.0
930,2015,14,7,7.0,7,3,daniel-ricciardo,red-bull,renault,pirelli,,,1:34.399,94399.0,1:34.153,94153.0,1:33.497,93497.0,+0.913,913.0,+0.150,150.0,17.0
930,2015,14,8,8.0,8,8,romain-grosjean,lotus-f1,mercedes,pirelli,,,1:34.398,94398.0,1:34.278,94278.0,1:33.967,93967.0,+1.383,1383.0,+0.470,470.0,19.0
930,2015,14,9,9.0,9,11,sergio-perez,force-india,mercedes,pirelli,,,1:35.001,95001.0,1:34.174,94174.0,,,,,,,16.0
930,2015,14,10,10.0,10,26,daniil-kvyat,red-bull,renault,pirelli,,,1:34.646,94646.0,1:34.201,94201.0,,,,,,,15.0
930,2015,14,11,11.0,11,27,nico-hulkenberg,force-india,mercedes,pirelli,,,1:35.328,95328.0,1:34.390,94390.0,,,,,,,13.0
930,2015,14,12,12.0,12,55,carlos-sainz-jr,toro-rosso,renault,pirelli,,,1:34.873,94873.0,1:34.453,94453.0,,,,,,,15.0
930,2015,14,13,13.0,13,13,pastor-maldonado,lotus-f1,mercedes,pirelli,,,1:34.796,94796.0,1:34.497,94497.0,,,,,,,13.0
930,2015,14,14,14.0,14,14,fernando-alonso,mclaren,honda,pirelli,,,1:35.467,95467.0,1:34.785,94785.0,,,,,,,8.0
930,2015,14,15,15.0,15,33,max-verstappen,toro-rosso,renault,pirelli,,,1:34.522,94522.0,,,,,,,,,8.0
930,2015,14,16,16.0,16,22,jenson-button,mclaren,honda,pirelli,,,1:35.664,95664.0,,,,,,,,,6.0
930,2015,14,17,17.0,17,9,marcus-ericsson,sauber,ferrari,pirelli,,,1:35.673,95673.0,,,,,,,,,5.0
930,2015,14,18,18.0,18,12,felipe-nasr,sauber,ferrari,pirelli,,,1:35.760,95760.0,,,,,,,,,6.0
930,2015,14,19,19.0,19,28,will-stevens,marussia,ferrari,pirelli,,,1:38.783,98783.0,,,,,,,,,5.0
930,2015,14,20,,NC,53,alexander-rossi,marussia,ferrari,pirelli,,,1:47.114,107114.0,,,,,,,,,5.0
931,2015,15,1,1.0,1,6,nico-rosberg,mercedes,mercedes,pirelli,,,1:38.343,98343.0,1:37.500,97500.0,1:37.113,97113.0,,,,,20.0
931,2015,15,2,2.0,2,44,lewis-hamilton,mercedes,mercedes,pirelli,,,1:38.558,98558.0,1:37.672,97672.0,1:37.433,97433.0,+0.320,320.0,+0.320,320.0,18.0
931,2015,15,3,3.0,3,77,valtteri-bottas,williams,mercedes,pirelli,,,1:38.448,98448.0,1:38.194,98194.0,1:37.912,97912.0,+0.799,799.0,+0.479,479.0,26.0
931,2015,15,4,4.0,4,5,sebastian-vettel,ferrari,ferrari,pirelli,,,1:38.598,98598.0,1:38.402,98402.0,1:37.965,97965.0,+0.852,852.0,+0.053,53.0,15.0
931,2015,15,5,5.0,5,7,kimi-raikkonen,ferrari,ferrari,pirelli,,,1:39.207,99207.0,1:38.224,98224.0,1:38.348,98348.0,+1.235,1235.0,+0.383,383.0,18.0
931,2015,15,6,6.0,6,27,nico-hulkenberg,force-india,mercedes,pirelli,,,1:39.250,99250.0,1:38.727,98727.0,1:38.659,98659.0,+1.546,1546.0,+0.311,311.0,21.0
931,2015,15,7,7.0,7,11,sergio-perez,force-india,mercedes,pirelli,,,1:39.617,99617.0,1:38.914,98914.0,1:38.691,98691.0,+1.578,1578.0,+0.032,32.0,19.0
931,2015,15,8,8.0,8,8,romain-grosjean,lotus-f1,mercedes,pirelli,,,1:39.056,99056.0,1:38.754,98754.0,1:38.787,98787.0,+1.674,1674.0,+0.096,96.0,19.0
931,2015,15,9,9.0,9,33,max-verstappen,toro-rosso,renault,pirelli,,,1:39.411,99411.0,1:39.119,99119.0,1:38.924,98924.0,+1.811,1811.0,+0.137,137.0,23.0
931,2015,15,10,10.0,10,3,daniel-ricciardo,red-bull,renault,pirelli,,,1:39.574,99574.0,1:39.005,99005.0,1:39.728,99728.0,+2.615,2615.0,+0.804,804.0,18.0
931,2015,15,11,11.0,11,26,daniil-kvyat,red-bull,renault,pirelli,,,1:39.580,99580.0,1:39.214,99214.0,,,,,,,18.0
931,2015,15,12,12.0,12,12,felipe-nasr,sauber,ferrari,pirelli,,,1:40.042,100042.0,1:39.323,99323.0,,,,,,,18.0
931,2015,15,13,13.0,13,22,jenson-button,mclaren,honda,pirelli,,,1:39.739,99739.0,1:39.763,99763.0,,,,,,,15.0
931,2015,15,14,14.0,14,13,pastor-maldonado,lotus-f1,mercedes,pirelli,,,1:39.724,99724.0,1:39.811,99811.0,,,,,,,15.0
931,2015,15,15,15.0,15,19,felipe-massa,williams,mercedes,pirelli,,,1:38.926,98926.0,1:39.895,99895.0,,,,,,,17.0
931,2015,15,16,16.0,16,14,fernando-alonso,mclaren,honda,pirelli,,,1:40.144,100144.0,,,,,,,,,7.0
931,2015,15,17,17.0,17,9,marcus-ericsson,sauber,ferrari,pirelli,,,1:40.660,100660.0,,,,,,,,,9.0
931,2015,15,18,18.0,18,28,will-stevens,marussia,ferrari,pirelli,,,1:43.693,103693.0,,,,,,,,,9.0
931,2015,15,19,19.0,19,98,roberto-merhi,marussia,ferrari,pirelli,,,1:43.804,103804.0,,,,,,,,,8.0
931,2015,15,20,,NC,55,carlos-sainz-jr,toro-rosso,renault,pirelli,,,,,,,,,,,,,
932,2015,16,1,1.0,1,6,nico-rosberg,mercedes,mercedes,pirelli,,,1:56.671,116671.0,1:56.824,116824.0,,,,,,,16.0
932,2015,16,2,2.0,2,44,lewis-hamilton,mercedes,mercedes,pirelli,,,1:56.871,116871.0,1:56.929,116929.0,,,,,,,14.0
932,2015,16,3,3.0,3,3,daniel-ricciardo,red-bull,renault,pirelli,,,1:56.495,116495.0,1:57.969,117969.0,,,,,,,16.0
932,2015,16,4,4.0,4,26,daniil-kvyat,red-bull,renault,pirelli,,,1:57.640,117640.0,1:58.434,118434.0,,,,,,,16.0
932,2015,16,5,5.0,5,5,sebastian-vettel,ferrari,ferrari,pirelli,,,2:00.950,120950.0,1:58.596,118596.0,,,,,,,13.0
932,2015,16,6,6.0,6,11,sergio-perez,force-india,mercedes,pirelli,,,1:59.284,119284.0,1:59.210,119210.0,,,,,,,16.0
932,2015,16,7,7.0,7,27,nico-hulkenberg,force-india,mercedes,pirelli,,,1:58.325,118325.0,1:59.333,119333.0,,,,,,,16.0
932,2015,16,8,8.0,8,7,kimi-raikkonen,ferrari,ferrari,pirelli,,,1:58.198,118198.0,1:59.703,119703.0,,,,,,,15.0
932,2015,16,9,9.0,9,19,felipe-massa,williams,mercedes,pirelli,,,2:00.902,120902.0,1:59.999,119999.0,,,,,,,17.0
932,2015,16,10,10.0,10,33,max-verstappen,toro-rosso,renault,pirelli,,,1:58.689,118689.0,2:00.199,120199.0,,,,,,,17.0
932,2015,16,11,11.0,11,14,fernando-alonso,mclaren,honda,pirelli,,,1:59.704,119704.0,2:00.265,120265.0,,,,,,,16.0
932,2015,16,12,12.0,12,77,valtteri-bottas,williams,mercedes,pirelli,,,1:59.569,119569.0,2:00.334,120334.0,,,,,,,16.0
932,2015,16,13,13.0,13,8,romain-grosjean,lotus-f1,mercedes,pirelli,,,2:00.236,120236.0,2:00.595,120595.0,,,,,,,17.0
932,2015,16,14,14.0,14,22,jenson-button,mclaren,honda,pirelli,,,2:00.261,120261.0,2:01.193,121193.0,,,,,,,16.0
932,2015,16,15,15.0,15,13,pastor-maldonado,lotus-f1,mercedes,pirelli,,,2:00.844,120844.0,2:01.604,121604.0,,,,,,,17.0
932,2015,16,16,16.0,16,9,marcus-ericsson,sauber,ferrari,pirelli,,,2:02.212,122212.0,,,,,,,,,9.0
932,2015,16,17,17.0,17,12,felipe-nasr,sauber,ferrari,pirelli,,,2:03.194,123194.0,,,,,,,,,9.0
932,2015,16,18,18.0,18,53,alexander-rossi,marussia,ferrari,pirelli,,,2:04.176,124176.0,,,,,,,,,9.0
932,2015,16,19,19.0,19,28,will-stevens,marussia,ferrari,pirelli,,,2:04.526,124526.0,,,,,,,,,9.0
932,2015,16,20,,NC,55,carlos-sainz-jr,toro-rosso,renault,pirelli,,,2:07.304,127304.0,,,,,,,,,3.0
933,2015,17,1,1.0,1,6,nico-rosberg,mercedes,mercedes,pirelli,,,1:20.436,80436.0,1:20.053,80053.0,1:19.480,79480.0,,,,,23.0
933,2015,17,2,2.0,2,44,lewis-hamilton,mercedes,mercedes,pirelli,,,1:20.808,80808.0,1:19.829,79829.0,1:19.668,79668.0,+0.188,188.0,+0.188,188.0,22.0
933,2015,17,3,3.0,3,5,sebastian-vettel,ferrari,ferrari,pirelli,,,1:20.503,80503.0,1:20.045,80045.0,1:19.850,79850.0,+0.370,370.0,+0.182,182.0,18.0
933,2015,17,4,4.0,4,26,daniil-kvyat,red-bull,renault,pirelli,,,1:20.826,80826.0,1:20.490,80490.0,1:20.398,80398.0,+0.918,918.0,+0.548,548.0,21.0
933,2015,17,5,5.0,5,3,daniel-ricciardo,red-bull,renault,pirelli,,,1:21.166,81166.0,1:20.783,80783.0,1:20.399,80399.0,+0.919,919.0,+0.001,1.0,23.0
933,2015,17,6,6.0,6,77,valtteri-bottas,williams,mercedes,pirelli,,,1:20.817,80817.0,1:20.458,80458.0,1:20.448,80448.0,+0.968,968.0,+0.049,49.0,26.0
933,2015,17,7,7.0,7,19,felipe-massa,williams,mercedes,pirelli,,,1:21.379,81379.0,1:20.642,80642.0,1:20.567,80567.0,+1.087,1087.0,+0.119,119.0,26.0
933,2015,17,8,8.0,8,33,max-verstappen,toro-rosso,renault,pirelli,,,1:20.995,80995.0,1:20.894,80894.0,1:20.710,80710.0,+1.230,1230.0,+0.143,143.0,28.0
933,2015,17,9,9.0,9,11,sergio-perez,force-india,mercedes,pirelli,,,1:20.966,80966.0,1:20.669,80669.0,1:20.716,80716.0,+1.236,1236.0,+0.006,6.0,21.0
933,2015,17,10,10.0,10,27,nico-hulkenberg,force-india,mercedes,pirelli,,,1:21.315,81315.0,1:20.935,80935.0,1:20.788,80788.0,+1.308,1308.0,+0.072,72.0,20.0
933,2015,17,11,11.0,11,55,carlos-sainz-jr,toro-rosso,renault,pirelli,,,1:20.960,80960.0,1:20.942,80942.0,,,,,,,20.0
933,2015,17,12,12.0,12,8,romain-grosjean,lotus-f1,mercedes,pirelli,,,1:21.577,81577.0,1:21.038,81038.0,,,,,,,18.0
933,2015,17,13,13.0,13,13,pastor-maldonado,lotus-f1,mercedes,pirelli,,,1:21.520,81520.0,1:21.261,81261.0,,,,,,,19.0
933,2015,17,14,14.0,14,9,marcus-ericsson,sauber,ferrari,pirelli,,,1:21.299,81299.0,1:21.544,81544.0,,,,,,,19.0
933,2015,17,15,15.0,15,7,kimi-raikkonen,ferrari,ferrari,pirelli,,,1:21.422,81422.0,1:22.494,82494.0,,,,,,,13.0
933,2015,17,16,16.0,16,14,fernando-alonso,mclaren,honda,pirelli,,,1:21.779,81779.0,,,,,,,,,10.0
933,2015,17,17,17.0,17,12,felipe-nasr,sauber,ferrari,pirelli,,,1:21.788,81788.0,,,,,,,,,12.0
933,2015,17,18,18.0,18,53,alexander-rossi,marussia,ferrari,pirelli,,,1:24.136,84136.0,,,,,,,,,10.0
933,2015,17,19,19.0,19,28,will-stevens,marussia,ferrari,pirelli,,,1:24.386,84386.0,,,,,,,,,9.0
933,2015,17,20,,NC,22,jenson-button,mclaren,honda,pirelli,,,,,,,,,,,,,
934,2015,18,1,1.0,1,6,nico-rosberg,mercedes,mercedes,pirelli,,,1:11.746,71746.0,1:12.213,72213.0,1:11.282,71282.0,,,,,12.0
934,2015,18,2,2.0,2,44,lewis-hamilton,mercedes,mercedes,pirelli,,,1:11.682,71682.0,1:11.665,71665.0,1:11.360,71360.0,+0.078,78.0,+0.078,78.0,12.0
934,2015,18,3,3.0,3,5,sebastian-vettel,ferrari,ferrari,pirelli,,,1:12.240,72240.0,1:11.928,71928.0,1:11.804,71804.0,+0.522,522.0,+0.444,444.0,16.0
934,2015,18,4,4.0,4,77,valtteri-bottas,williams,mercedes,pirelli,,,1:12.934,72934.0,1:12.374,72374.0,1:12.085,72085.0,+0.803,803.0,+0.281,281.0,18.0
934,2015,18,5,5.0,5,7,kimi-raikkonen,ferrari,ferrari,pirelli,,,1:12.185,72185.0,1:12.243,72243.0,1:12.144,72144.0,+0.862,862.0,+0.059,59.0,16.0
934,2015,18,6,6.0,6,27,nico-hulkenberg,force-india,mercedes,pirelli,,,1:12.595,72595.0,1:12.485,72485.0,1:12.265,72265.0,+0.983,983.0,+0.121,121.0,18.0
934,2015,18,7,7.0,7,26,daniil-kvyat,red-bull,renault,pirelli,,,1:12.730,72730.0,1:12.527,72527.0,1:12.322,72322.0,+1.040,1040.0,+0.057,57.0,20.0
934,2015,18,8,8.0,8,19,felipe-massa,williams,mercedes,pirelli,,,1:12.980,72980.0,1:12.858,72858.0,1:12.415,72415.0,+1.133,1133.0,+0.093,93.0,21.0
934,2015,18,9,9.0,9,3,daniel-ricciardo,red-bull,renault,pirelli,,,1:12.639,72639.0,1:12.825,72825.0,1:12.417,72417.0,+1.135,1135.0,+0.002,2.0,17.0
934,2015,18,10,10.0,10,33,max-verstappen,toro-rosso,renault,pirelli,,,1:12.824,72824.0,1:12.712,72712.0,1:12.739,72739.0,+1.457,1457.0,+0.322,322.0,15.0
934,2015,18,11,11.0,11,12,felipe-nasr,sauber,ferrari,pirelli,,,1:13.111,73111.0,1:12.989,72989.0,,,,,,,14.0
934,2015,18,12,12.0,12,55,carlos-sainz-jr,toro-rosso,renault,pirelli,,,1:13.267,73267.0,1:13.045,73045.0,,,,,,,15.0
934,2015,18,13,13.0,13,11,sergio-perez,force-india,mercedes,pirelli,,,1:13.140,73140.0,1:13.147,73147.0,,,,,,,13.0
934,2015,18,14,14.0,14,9,marcus-ericsson,sauber,ferrari,pirelli,,,1:13.346,73346.0,1:13.233,73233.0,,,,,,,14.0
934,2015,18,15,15.0,15,8,romain-grosjean,lotus-f1,mercedes,pirelli,,,1:13.056,73056.0,1:13.913,73913.0,,,,,,,11.0
934,2015,18,16,16.0,16,13,pastor-maldonado,lotus-f1,mercedes,pirelli,,,1:13.385,73385.0,,,,,,,,,5.0
934,2015,18,17,17.0,17,22,jenson-button,mclaren,honda,pirelli,,,1:13.425,73425.0,,,,,,,,,6.0
934,2015,18,18,18.0,18,53,alexander-rossi,marussia,ferrari,pirelli,,,1:16.151,76151.0,,,,,,,,,6.0
934,2015,18,19,19.0,19,28,will-stevens,marussia,ferrari,pirelli,,,1:16.283,76283.0,,,,,,,,,6.0
934,2015,18,20,,NC,14,fernando-alonso,mclaren,honda,pirelli,,,,,,,,,,,,,2.0
935,2015,19,1,1.0,1,6,nico-rosberg,mercedes,mercedes,pirelli,,,1:41.111,101111.0,1:40.979,100979.0,1:40.237,100237.0,,,,,12.0
935,2015,19,2,2.0,2,44,lewis-hamilton,mercedes,mercedes,pirelli,,,1:40.974,100974.0,1:40.758,100758.0,1:40.614,100614.0,+0.377,377.0,+0.377,377.0,12.0
935,2015,19,3,3.0,3,7,kimi-raikkonen,ferrari,ferrari,pirelli,,,1:42.500,102500.0,1:41.612,101612.0,1:41.051,101051.0,+0.814,814.0,+0.437,437.0,14.0
935,2015,19,4,4.0,4,11,sergio-perez,force-india,mercedes,pirelli,,,1:41.983,101983.0,1:41.560,101560.0,1:41.184,101184.0,+0.947,947.0,+0.133,133.0,18.0
935,2015,19,5,5.0,5,3,daniel-ricciardo,red-bull,renault,pirelli,,,1:42.275,102275.0,1:41.830,101830.0,1:41.444,101444.0,+1.207,1207.0,+0.260,260.0,17.0
935,2015,19,6,6.0,6,77,valtteri-bottas,williams,mercedes,pirelli,,,1:42.608,102608.0,1:41.868,101868.0,1:41.656,101656.0,+1.419,1419.0,+0.212,212.0,19.0
935,2015,19,7,7.0,7,27,nico-hulkenberg,force-india,mercedes,pirelli,,,1:41.996,101996.0,1:41.925,101925.0,1:41.686,101686.0,+1.449,1449.0,+0.030,30.0,15.0
935,2015,19,8,8.0,8,19,felipe-massa,williams,mercedes,pirelli,,,1:42.303,102303.0,1:42.349,102349.0,1:41.759,101759.0,+1.522,1522.0,+0.073,73.0,20.0
935,2015,19,9,9.0,9,26,daniil-kvyat,red-bull,renault,pirelli,,,1:42.540,102540.0,1:42.328,102328.0,1:41.933,101933.0,+1.696,1696.0,+0.174,174.0,22.0
935,2015,19,10,10.0,10,55,carlos-sainz-jr,toro-rosso,renault,pirelli,,,1:42.911,102911.0,1:42.482,102482.0,1:42.708,102708.0,+2.471,2471.0,+0.775,775.0,17.0
935,2015,19,11,11.0,11,33,max-verstappen,toro-rosso,renault,pirelli,,,1:42.889,102889.0,1:42.521,102521.0,,,,,,,14.0
935,2015,19,12,12.0,12,22,jenson-button,mclaren,honda,pirelli,,,1:42.570,102570.0,1:42.668,102668.0,,,,,,,12.0
935,2015,19,13,13.0,13,13,pastor-maldonado,lotus-f1,mercedes,pirelli,,,1:42.929,102929.0,1:42.807,102807.0,,,,,,,13.0
935,2015,19,14,14.0,14,12,felipe-nasr,sauber,ferrari,pirelli,,,1:42.896,102896.0,1:43.614,103614.0,,,,,,,14.0
935,2015,19,15,15.0,15,8,romain-grosjean,lotus-f1,mercedes,pirelli,,,1:42.585,102585.0,,,,,,,,,11.0
935,2015,19,16,16.0,16,5,sebastian-vettel,ferrari,ferrari,pirelli,,,1:42.941,102941.0,,,,,,,,,7.0
935,2015,19,17,17.0,17,14,fernando-alonso,mclaren,honda,pirelli,,,1:43.187,103187.0,,,,,,,,,5.0
935,2015,19,18,18.0,18,9,marcus-ericsson,sauber,ferrari,pirelli,,,1:43.838,103838.0,,,,,,,,,7.0
935,2015,19,19,19.0,19,28,will-stevens,marussia,ferrari,pirelli,,,1:46.297,106297.0,,,,,,,,,7.0
935,2015,19,20,20.0,20,98,roberto-merhi,marussia,ferrari,pirelli,,,1:47.434,107434.0,,,,,,,,,8.0
936,2016,1,1,1.0,1,44,lewis-hamilton,mercedes,mercedes,pirelli,,,1:25.351,85351.0,1:24.605,84605.0,1:23.837,83837.0,,,,,14.0
936,2016,1,2,2.0,2,6,nico-rosberg,mercedes,mercedes,pirelli,,,1:26.934,86934.0,1:24.796,84796.0,1:24.197,84197.0,+0.360,360.0,+0.360,360.0,13.0
936,2016,1,3,3.0,3,5,sebastian-vettel,ferrari,ferrari,pirelli,,,1:26.945,86945.0,1:25.257,85257.0,1:24.675,84675.0,+0.838,838.0,+0.478,478.0,14.0
936,2016,1,4,4.0,4,7,kimi-raikkonen,ferrari,ferrari,pirelli,,,1:26.579,86579.0,1:25.615,85615.0,1:25.033,85033.0,+1.196,1196.0,+0.358,358.0,13.0
936,2016,1,5,5.0,5,33,max-verstappen,toro-rosso,ferrari,pirelli,,,1:26.934,86934.0,1:25.615,85615.0,1:25.434,85434.0,+1.597,1597.0,+0.401,401.0,12.0
936,2016,1,6,6.0,6,19,felipe-massa,williams,mercedes,pirelli,,,1:25.918,85918.0,1:25.644,85644.0,1:25.458,85458.0,+1.621,1621.0,+0.024,24.0,12.0
936,2016,1,7,7.0,7,55,carlos-sainz-jr,toro-rosso,ferrari,pirelli,,,1:27.057,87057.0,1:25.384,85384.0,1:25.582,85582.0,+1.745,1745.0,+0.124,124.0,14.0
936,2016,1,8,8.0,8,3,daniel-ricciardo,red-bull,tag-heuer,pirelli,,,1:26.945,86945.0,1:25.599,85599.0,1:25.589,85589.0,+1.752,1752.0,+0.007,7.0,15.0
936,2016,1,9,9.0,9,11,sergio-perez,force-india,mercedes,pirelli,,,1:26.607,86607.0,1:25.753,85753.0,,,,,,,12.0
936,2016,1,10,10.0,10,27,nico-hulkenberg,force-india,mercedes,pirelli,,,1:26.550,86550.0,1:25.865,85865.0,,,,,,,14.0
936,2016,1,11,11.0,11,77,valtteri-bottas,williams,mercedes,pirelli,,,1:27.135,87135.0,1:25.961,85961.0,,,,,,,9.0
936,2016,1,12,12.0,12,14,fernando-alonso,mclaren,honda,pirelli,,,1:26.537,86537.0,1:26.125,86125.0,,,,,,,9.0
936,2016,1,13,13.0,13,22,jenson-button,mclaren,honda,pirelli,,,1:26.740,86740.0,1:26.304,86304.0,,,,,,,9.0
936,2016,1,14,14.0,14,30,jolyon-palmer,renault,renault,pirelli,,,1:27.241,87241.0,1:27.601,87601.0,,,,,,,12.0
936,2016,1,15,15.0,15,20,kevin-magnussen,renault,renault,pirelli,,,1:27.297,87297.0,1:27.742,87742.0,,,,,,,11.0
936,2016,1,16,16.0,16,9,marcus-ericsson,sauber,ferrari,pirelli,,,1:27.435,87435.0,,,,,,,,,9.0
936,2016,1,17,17.0,17,12,felipe-nasr,sauber,ferrari,pirelli,,,1:27.958,87958.0,,,,,,,,,7.0
936,2016,1,18,18.0,18,26,daniil-kvyat,red-bull,tag-heuer,pirelli,,,1:28.006,88006.0,,,,,,,,,5.0
936,2016,1,19,19.0,19,8,romain-grosjean,haas,ferrari,pirelli,,,1:28.322,88322.0,,,,,,,,,6.0
936,2016,1,20,20.0,20,21,esteban-gutierrez,haas,ferrari,pirelli,,,1:29.606,89606.0,,,,,,,,,6.0
936,2016,1,21,21.0,21,88,rio-haryanto,manor,mercedes,pirelli,,,1:29.627,89627.0,,,,,,,,,3.0
936,2016,1,22,22.0,22,94,pascal-wehrlein,manor,mercedes,pirelli,,,1:29.642,89642.0,,,,,,,,,3.0
937,2016,2,1,1.0,1,44,lewis-hamilton,mercedes,mercedes,pirelli,,,1:31.391,91391.0,1:30.039,90039.0,1:29.493,89493.0,,,,,14.0
937,2016,2,2,2.0,2,6,nico-rosberg,mercedes,mercedes,pirelli,,,1:31.325,91325.0,1:30.535,90535.0,1:29.570,89570.0,+0.077,77.0,+0.077,77.0,13.0
937,2016,2,3,3.0,3,5,sebastian-vettel,ferrari,ferrari,pirelli,,,1:31.636,91636.0,1:30.409,90409.0,1:30.012,90012.0,+0.519,519.0,+0.442,442.0,14.0
937,2016,2,4,4.0,4,7,kimi-raikkonen,ferrari,ferrari,pirelli,,,1:31.685,91685.0,1:30.559,90559.0,1:30.244,90244.0,+0.751,751.0,+0.232,232.0,14.0
937,2016,2,5,5.0,5,3,daniel-ricciardo,red-bull,tag-heuer,pirelli,,,1:31.403,91403.0,1:31.122,91122.0,1:30.854,90854.0,+1.361,1361.0,+0.610,610.0,12.0
937,2016,2,6,6.0,6,77,valtteri-bottas,williams,mercedes,pirelli,,,1:31.672,91672.0,1:30.931,90931.0,1:31.153,91153.0,+1.660,1660.0,+0.299,299.0,12.0
937,2016,2,7,7.0,7,19,felipe-massa,williams,mercedes,pirelli,,,1:32.045,92045.0,1:31.374,91374.0,1:31.155,91155.0,+1.662,1662.0,+0.002,2.0,10.0
937,2016,2,8,8.0,8,27,nico-hulkenberg,force-india,mercedes,pirelli,,,1:31.987,91987.0,1:31.604,91604.0,1:31.620,91620.0,+2.127,2127.0,+0.465,465.0,15.0
937,2016,2,9,9.0,9,8,romain-grosjean,haas,ferrari,pirelli,,,1:32.005,92005.0,1:31.756,91756.0,,,,,,,9.0
937,2016,2,10,10.0,10,33,max-verstappen,toro-rosso,ferrari,pirelli,,,1:31.888,91888.0,1:31.772,91772.0,,,,,,,9.0
937,2016,2,11,11.0,11,55,carlos-sainz-jr,toro-rosso,ferrari,pirelli,,,1:31.716,91716.0,1:31.816,91816.0,,,,,,,9.0
937,2016,2,12,12.0,12,47,stoffel-vandoorne,mclaren,honda,pirelli,,,1:32.472,92472.0,1:31.934,91934.0,,,,,,,9.0
937,2016,2,13,13.0,13,21,esteban-gutierrez,haas,ferrari,pirelli,,,1:32.118,92118.0,1:31.945,91945.0,,,,,,,9.0
937,2016,2,14,14.0,14,22,jenson-button,mclaren,honda,pirelli,,,1:31.976,91976.0,1:31.998,91998.0,,,,,,,9.0
937,2016,2,15,15.0,15,26,daniil-kvyat,red-bull,tag-heuer,pirelli,,,1:32.559,92559.0,1:32.241,92241.0,,,,,,,9.0
937,2016,2,16,16.0,16,94,pascal-wehrlein,manor,mercedes,pirelli,,,1:32.806,92806.0,,,,,,,,,6.0
937,2016,2,17,17.0,17,9,marcus-ericsson,sauber,ferrari,pirelli,,,1:32.840,92840.0,,,,,,,,,6.0
937,2016,2,18,18.0,18,11,sergio-perez,force-india,mercedes,pirelli,,,1:32.911,92911.0,,,,,,,,,7.0
937,2016,2,19,19.0,19,20,kevin-magnussen,renault,renault,pirelli,,,1:33.181,93181.0,,,,,,,,,3.0
937,2016,2,20,20.0,20,30,jolyon-palmer,renault,renault,pirelli,,,1:33.438,93438.0,,,,,,,,,6.0
937,2016,2,21,21.0,21,88,rio-haryanto,manor,mercedes,pirelli,,,1:34.190,94190.0,,,,,,,,,3.0
937,2016,2,22,22.0,22,12,felipe-nasr,sauber,ferrari,pirelli,,,1:34.388,94388.0,,,,,,,,,4.0
938,2016,3,1,1.0,1,6,nico-rosberg,mercedes,mercedes,pirelli,,,1:37.669,97669.0,1:36.240,96240.0,1:35.402,95402.0,,,,,16.0
938,2016,3,2,2.0,2,3,daniel-ricciardo,red-bull,tag-heuer,pirelli,,,1:37.672,97672.0,1:36.815,96815.0,1:35.917,95917.0,+0.515,515.0,+0.515,515.0,13.0
938,2016,3,3,3.0,3,7,kimi-raikkonen,ferrari,ferrari,pirelli,,,1:37.347,97347.0,1:36.118,96118.0,1:35.972,95972.0,+0.570,570.0,+0.055,55.0,13.0
938,2016,3,4,4.0,4,5,sebastian-vettel,ferrari,ferrari,pirelli,,,1:37.001,97001.0,1:36.183,96183.0,1:36.246,96246.0,+0.844,844.0,+0.274,274.0,10.0
938,2016,3,5,5.0,5,77,valtteri-bottas,williams,mercedes,pirelli,,,1:37.537,97537.0,1:36.831,96831.0,1:36.296,96296.0,+0.894,894.0,+0.050,50.0,13.0
938,2016,3,6,6.0,6,26,daniil-kvyat,red-bull,tag-heuer,pirelli,,,1:37.719,97719.0,1:36.948,96948.0,1:36.399,96399.0,+0.997,997.0,+0.103,103.0,14.0
938,2016,3,7,7.0,7,11,sergio-perez,force-india,mercedes,pirelli,,,1:38.096,98096.0,1:37.149,97149.0,1:36.865,96865.0,+1.463,1463.0,+0.466,466.0,15.0
938,2016,3,8,8.0,8,55,carlos-sainz-jr,toro-rosso,ferrari,pirelli,,,1:37.656,97656.0,1:37.204,97204.0,1:36.881,96881.0,+1.479,1479.0,+0.016,16.0,15.0
938,2016,3,9,9.0,9,33,max-verstappen,toro-rosso,ferrari,pirelli,,,1:38.181,98181.0,1:37.265,97265.0,1:37.194,97194.0,+1.792,1792.0,+0.313,313.0,15.0
938,2016,3,10,10.0,10,27,nico-hulkenberg,force-india,mercedes,pirelli,,,1:38.165,98165.0,1:37.333,97333.0,,,,,,,10.0
938,2016,3,11,11.0,11,19,felipe-massa,williams,mercedes,pirelli,,,1:38.016,98016.0,1:37.347,97347.0,,,,,,,9.0
938,2016,3,12,12.0,12,14,fernando-alonso,mclaren,honda,pirelli,,,1:38.451,98451.0,1:38.826,98826.0,,,,,,,11.0
938,2016,3,13,13.0,13,22,jenson-button,mclaren,honda,pirelli,,,1:37.593,97593.0,1:39.093,99093.0,,,,,,,11.0
938,2016,3,14,14.0,14,8,romain-grosjean,haas,ferrari,pirelli,,,1:38.425,98425.0,1:39.830,99830.0,,,,,,,13.0
938,2016,3,15,15.0,15,9,marcus-ericsson,sauber,ferrari,pirelli,,,1:38.321,98321.0,1:40.742,100742.0,,,,,,,11.0
938,2016,3,16,16.0,16,12,felipe-nasr,sauber,ferrari,pirelli,,,1:38.654,98654.0,1:42.430,102430.0,,,,,,,11.0
938,2016,3,17,17.0,17,20,kevin-magnussen,renault,renault,pirelli,,,1:38.673,98673.0,,,,,,,,,9.0
938,2016,3,18,18.0,18,21,esteban-gutierrez,haas,ferrari,pirelli,,,1:38.770,98770.0,,,,,,,,,9.0
938,2016,3,19,19.0,19,30,jolyon-palmer,renault,renault,pirelli,,,1:39.528,99528.0,,,,,,,,,9.0
938,2016,3,20,20.0,20,88,rio-haryanto,manor,mercedes,pirelli,,,1:40.264,100264.0,,,,,,,,,9.0
938,2016,3,21,,NC,94,pascal-wehrlein,manor,mercedes,pirelli,,,,,,,,,,,,,2.0
938,2016,3,22,,NC,44,lewis-hamilton,mercedes,mercedes,pirelli,,,,,,,,,,,,,3.0
939,2016,4,1,1.0,1,6,nico-rosberg,mercedes,mercedes,pirelli,,,1:36.119,96119.0,1:35.337,95337.0,1:35.417,95417.0,,,,,16.0
939,2016,4,2,2.0,2,5,sebastian-vettel,ferrari,ferrari,pirelli,,,1:36.555,96555.0,1:36.623,96623.0,1:36.123,96123.0,+0.706,706.0,+0.706,706.0,16.0
939,2016,4,3,3.0,3,77,valtteri-bottas,williams,mercedes,pirelli,,,1:37.746,97746.0,1:37.140,97140.0,1:36.536,96536.0,+1.119,1119.0,+0.413,413.0,17.0
939,2016,4,4,4.0,4,7,kimi-raikkonen,ferrari,ferrari,pirelli,,,1:36.976,96976.0,1:36.741,96741.0,1:36.663,96663.0,+1.246,1246.0,+0.127,127.0,17.0
939,2016,4,5,5.0,5,19,felipe-massa,williams,mercedes,pirelli,,,1:37.753,97753.0,1:37.230,97230.0,1:37.016,97016.0,+1.599,1599.0,+0.353,353.0,16.0
939,2016,4,6,6.0,6,3,daniel-ricciardo,red-bull,tag-heuer,pirelli,,,1:38.091,98091.0,1:37.569,97569.0,1:37.125,97125.0,+1.708,1708.0,+0.109,109.0,22.0
939,2016,4,7,7.0,7,11,sergio-perez,force-india,mercedes,pirelli,,,1:38.006,98006.0,1:37.282,97282.0,1:37.212,97212.0,+1.795,1795.0,+0.087,87.0,20.0
939,2016,4,8,8.0,8,26,daniil-kvyat,red-bull,tag-heuer,pirelli,,,1:38.265,98265.0,1:37.606,97606.0,1:37.459,97459.0,+2.042,2042.0,+0.247,247.0,22.0
939,2016,4,9,9.0,9,33,max-verstappen,toro-rosso,ferrari,pirelli,,,1:38.123,98123.0,1:37.510,97510.0,1:37.583,97583.0,+2.166,2166.0,+0.124,124.0,20.0
939,2016,4,10,10.0,10,44,lewis-hamilton,mercedes,mercedes,pirelli,,,1:36.006,96006.0,1:35.820,95820.0,,,,,,,13.0
939,2016,4,11,11.0,11,55,carlos-sainz-jr,toro-rosso,ferrari,pirelli,,,1:37.784,97784.0,1:37.652,97652.0,,,,,,,14.0
939,2016,4,12,12.0,12,22,jenson-button,mclaren,honda,pirelli,,,1:38.332,98332.0,1:37.701,97701.0,,,,,,,14.0
939,2016,4,13,13.0,13,27,nico-hulkenberg,force-india,mercedes,pirelli,,,1:38.562,98562.0,1:37.771,97771.0,,,,,,,17.0
939,2016,4,14,14.0,14,14,fernando-alonso,mclaren,honda,pirelli,,,1:37.971,97971.0,1:37.807,97807.0,,,,,,,14.0
939,2016,4,15,15.0,15,8,romain-grosjean,haas,ferrari,pirelli,,,1:38.383,98383.0,1:38.055,98055.0,,,,,,,16.0
939,2016,4,16,16.0,16,21,esteban-gutierrez,haas,ferrari,pirelli,,,1:38.678,98678.0,1:38.115,98115.0,,,,,,,18.0
939,2016,4,17,17.0,17,20,kevin-magnussen,renault,renault,pirelli,,,1:38.914,98914.0,,,,,,,,,10.0
939,2016,4,18,18.0,18,30,jolyon-palmer,renault,renault,pirelli,,,1:39.009,99009.0,,,,,,,,,9.0
939,2016,4,19,19.0,19,12,felipe-nasr,sauber,ferrari,pirelli,,,1:39.018,99018.0,,,,,,,,,10.0
939,2016,4,20,20.0,20,94,pascal-wehrlein,manor,mercedes,pirelli,,,1:39.399,99399.0,,,,,,,,,10.0
939,2016,4,21,21.0,21,88,rio-haryanto,manor,mercedes,pirelli,,,1:39.463,99463.0,,,,,,,,,10.0
939,2016,4,22,22.0,22,9,marcus-ericsson,sauber,ferrari,pirelli,,,1:39.519,99519.0,,,,,,,,,10.0
940,2016,5,1,1.0,1,44,lewis-hamilton,mercedes,mercedes,pirelli,,,1:23.214,83214.0,1:22.159,82159.0,1:22.000,82000.0,,,,,13.0
940,2016,5,2,2.0,2,6,nico-rosberg,mercedes,mercedes,pirelli,,,1:23.002,83002.0,1:22.759,82759.0,1:22.280,82280.0,+0.280,280.0,+0.280,280.0,12.0
940,2016,5,3,3.0,3,3,daniel-ricciardo,red-bull,tag-heuer,pirelli,,,1:23.749,83749.0,1:23.585,83585.0,1:22.680,82680.0,+0.680,680.0,+0.400,400.0,12.0
940,2016,5,4,4.0,4,33,max-verstappen,red-bull,tag-heuer,pirelli,,,1:23.578,83578.0,1:23.178,83178.0,1:23.087,83087.0,+1.087,1087.0,+0.407,407.0,12.0
940,2016,5,5,5.0,5,7,kimi-raikkonen,ferrari,ferrari,pirelli,,,1:23.796,83796.0,1:23.504,83504.0,1:23.113,83113.0,+1.113,1113.0,+0.026,26.0,14.0
940,2016,5,6,6.0,6,5,sebastian-vettel,ferrari,ferrari,pirelli,,,1:24.124,84124.0,1:23.688,83688.0,1:23.334,83334.0,+1.334,1334.0,+0.221,221.0,12.0
940,2016,5,7,7.0,7,77,valtteri-bottas,williams,mercedes,pirelli,,,1:24.251,84251.0,1:24.023,84023.0,1:23.522,83522.0,+1.522,1522.0,+0.188,188.0,12.0
940,2016,5,8,8.0,8,55,carlos-sainz-jr,toro-rosso,ferrari,pirelli,,,1:24.496,84496.0,1:24.077,84077.0,1:23.643,83643.0,+1.643,1643.0,+0.121,121.0,12.0
940,2016,5,9,9.0,9,11,sergio-perez,force-india,mercedes,pirelli,,,1:24.698,84698.0,1:24.003,84003.0,1:23.782,83782.0,+1.782,1782.0,+0.139,139.0,16.0
940,2016,5,10,10.0,10,14,fernando-alonso,mclaren,honda,pirelli,,,1:24.578,84578.0,1:24.192,84192.0,1:23.981,83981.0,+1.981,1981.0,+0.199,199.0,12.0
940,2016,5,11,11.0,11,27,nico-hulkenberg,force-india,mercedes,pirelli,,,1:24.463,84463.0,1:24.203,84203.0,,,,,,,13.0
940,2016,5,12,12.0,12,22,jenson-button,mclaren,honda,pirelli,,,1:24.583,84583.0,1:24.348,84348.0,,,,,,,12.0
940,2016,5,13,13.0,13,26,daniil-kvyat,toro-rosso,ferrari,pirelli,,,1:24.696,84696.0,1:24.445,84445.0,,,,,,,11.0
940,2016,5,14,14.0,14,8,romain-grosjean,haas,ferrari,pirelli,,,1:24.716,84716.0,1:24.480,84480.0,,,,,,,12.0
940,2016,5,15,15.0,15,20,kevin-magnussen,renault,renault,pirelli,,,1:24.669,84669.0,1:24.625,84625.0,,,,,,,12.0
940,2016,5,16,16.0,16,21,esteban-gutierrez,haas,ferrari,pirelli,,,1:24.406,84406.0,1:24.778,84778.0,,,,,,,12.0
940,2016,5,17,17.0,17,30,jolyon-palmer,renault,renault,pirelli,,,1:24.903,84903.0,,,,,,,,,6.0
940,2016,5,18,18.0,18,19,felipe-massa,williams,mercedes,pirelli,,,1:24.941,84941.0,,,,,,,,,4.0
940,2016,5,19,19.0,19,9,marcus-ericsson,sauber,ferrari,pirelli,,,1:25.202,85202.0,,,,,,,,,8.0
940,2016,5,20,20.0,20,12,felipe-nasr,sauber,ferrari,pirelli,,,1:25.579,85579.0,,,,,,,,,8.0
940,2016,5,21,21.0,21,94,pascal-wehrlein,manor,mercedes,pirelli,,,1:25.745,85745.0,,,,,,,,,9.0
940,2016,5,22,22.0,22,88,rio-haryanto,manor,mercedes,pirelli,,,1:25.939,85939.0,,,,,,,,,9.0
941,2016,6,1,1.0,1,3,daniel-ricciardo,red-bull,tag-heuer,pirelli,,,1:14.912,74912.0,1:14.357,74357.0,1:13.622,73622.0,,,,,21.0
941,2016,6,2,2.0,2,6,nico-rosberg,mercedes,mercedes,pirelli,,,1:14.873,74873.0,1:14.043,74043.0,1:13.791,73791.0,+0.169,169.0,+0.169,169.0,24.0
941,2016,6,3,3.0,3,44,lewis-hamilton,mercedes,mercedes,pirelli,,,1:14.826,74826.0,1:14.056,74056.0,1:13.942,73942.0,+0.320,320.0,+0.151,151.0,21.0
941,2016,6,4,4.0,4,5,sebastian-vettel,ferrari,ferrari,pirelli,,,1:14.610,74610.0,1:14.318,74318.0,1:14.552,74552.0,+0.930,930.0,+0.610,610.0,23.0
941,2016,6,5,5.0,5,27,nico-hulkenberg,force-india,mercedes,pirelli,,,1:15.333,75333.0,1:14.989,74989.0,1:14.726,74726.0,+1.104,1104.0,+0.174,174.0,25.0
941,2016,6,6,6.0,6,7,kimi-raikkonen,ferrari,ferrari,pirelli,,,1:15.499,75499.0,1:14.789,74789.0,1:14.732,74732.0,+1.110,1110.0,+0.006,6.0,25.0
941,2016,6,7,7.0,7,55,carlos-sainz-jr,toro-rosso,ferrari,pirelli,,,1:15.467,75467.0,1:14.805,74805.0,1:14.749,74749.0,+1.127,1127.0,+0.017,17.0,23.0
941,2016,6,8,8.0,8,11,sergio-perez,force-india,mercedes,pirelli,,,1:15.328,75328.0,1:14.937,74937.0,1:14.902,74902.0,+1.280,1280.0,+0.153,153.0,28.0
941,2016,6,9,9.0,9,26,daniil-kvyat,toro-rosso,ferrari,pirelli,,,1:15.384,75384.0,1:14.794,74794.0,1:15.273,75273.0,+1.651,1651.0,+0.371,371.0,23.0
941,2016,6,10,10.0,10,14,fernando-alonso,mclaren,honda,pirelli,,,1:15.504,75504.0,1:15.107,75107.0,1:15.363,75363.0,+1.741,1741.0,+0.090,90.0,26.0
941,2016,6,11,11.0,11,77,valtteri-bottas,williams,mercedes,pirelli,,,1:15.521,75521.0,1:15.273,75273.0,,,,,,,15.0
941,2016,6,12,12.0,12,21,esteban-gutierrez,haas,ferrari,pirelli,,,1:15.592,75592.0,1:15.293,75293.0,,,,,,,22.0
941,2016,6,13,13.0,13,22,jenson-button,mclaren,honda,pirelli,,,1:15.554,75554.0,1:15.352,75352.0,,,,,,,15.0
941,2016,6,14,14.0,14,19,felipe-massa,williams,mercedes,pirelli,,,1:15.710,75710.0,1:15.385,75385.0,,,,,,,19.0
941,2016,6,15,15.0,15,8,romain-grosjean,haas,ferrari,pirelli,,,1:15.465,75465.0,1:15.571,75571.0,,,,,,,22.0
941,2016,6,16,16.0,16,20,kevin-magnussen,renault,renault,pirelli,,,1:16.253,76253.0,1:16.058,76058.0,,,,,,,22.0
941,2016,6,17,17.0,17,9,marcus-ericsson,sauber,ferrari,pirelli,,,1:16.299,76299.0,,,,,,,,,12.0
941,2016,6,18,18.0,18,30,jolyon-palmer,renault,renault,pirelli,,,1:16.586,76586.0,,,,,,,,,12.0
941,2016,6,19,19.0,19,88,rio-haryanto,manor,mercedes,pirelli,,,1:17.295,77295.0,,,,,,,,,12.0
941,2016,6,20,20.0,20,94,pascal-wehrlein,manor,mercedes,pirelli,,,1:17.452,77452.0,,,,,,,,,12.0
941,2016,6,21,,NC,33,max-verstappen,red-bull,tag-heuer,pirelli,,,1:22.467,82467.0,,,,,,,,,3.0
941,2016,6,22,,NC,12,felipe-nasr,sauber,ferrari,pirelli,,,,,,,,,,,,,1.0
942,2016,7,1,1.0,1,44,lewis-hamilton,mercedes,mercedes,pirelli,,,1:14.121,74121.0,1:13.076,73076.0,1:12.812,72812.0,,,,,21.0
942,2016,7,2,2.0,2,6,nico-rosberg,mercedes,mercedes,pirelli,,,1:13.714,73714.0,1:13.094,73094.0,1:12.874,72874.0,+0.062,62.0,+0.062,62.0,19.0
942,2016,7,3,3.0,3,5,sebastian-vettel,ferrari,ferrari,pirelli,,,1:13.925,73925.0,1:13.857,73857.0,1:12.990,72990.0,+0.178,178.0,+0.116,116.0,24.0
942,2016,7,4,4.0,4,3,daniel-ricciardo,red-bull,tag-heuer,pirelli,,,1:14.030,74030.0,1:13.540,73540.0,1:13.166,73166.0,+0.354,354.0,+0.176,176.0,20.0
942,2016,7,5,5.0,5,33,max-verstappen,red-bull,tag-heuer,pirelli,,,1:14.601,74601.0,1:13.793,73793.0,1:13.414,73414.0,+0.602,602.0,+0.248,248.0,24.0
942,2016,7,6,6.0,6,7,kimi-raikkonen,ferrari,ferrari,pirelli,,,1:14.477,74477.0,1:13.849,73849.0,1:13.579,73579.0,+0.767,767.0,+0.165,165.0,23.0
942,2016,7,7,7.0,7,77,valtteri-bottas,williams,mercedes,pirelli,,,1:14.389,74389.0,1:13.791,73791.0,1:13.670,73670.0,+0.858,858.0,+0.091,91.0,20.0
942,2016,7,8,8.0,8,19,felipe-massa,williams,mercedes,pirelli,,,1:14.815,74815.0,1:13.864,73864.0,1:13.769,73769.0,+0.957,957.0,+0.099,99.0,21.0
942,2016,7,9,9.0,9,27,nico-hulkenberg,force-india,mercedes,pirelli,,,1:14.663,74663.0,1:14.166,74166.0,1:13.952,73952.0,+1.140,1140.0,+0.183,183.0,23.0
942,2016,7,10,10.0,10,14,fernando-alonso,mclaren,honda,pirelli,,,1:15.026,75026.0,1:14.260,74260.0,1:14.338,74338.0,+1.526,1526.0,+0.386,386.0,24.0
942,2016,7,11,11.0,11,11,sergio-perez,force-india,mercedes,pirelli,,,1:14.814,74814.0,1:14.317,74317.0,,,,,,,18.0
942,2016,7,12,12.0,12,22,jenson-button,mclaren,honda,pirelli,,,1:14.755,74755.0,1:14.437,74437.0,,,,,,,16.0
942,2016,7,13,13.0,13,26,daniil-kvyat,toro-rosso,ferrari,pirelli,,,1:14.829,74829.0,1:14.457,74457.0,,,,,,,16.0
942,2016,7,14,14.0,14,21,esteban-gutierrez,haas,ferrari,pirelli,,,1:15.148,75148.0,1:14.571,74571.0,,,,,,,25.0
942,2016,7,15,15.0,15,8,romain-grosjean,haas,ferrari,pirelli,,,1:15.444,75444.0,1:14.803,74803.0,,,,,,,24.0
942,2016,7,16,16.0,16,55,carlos-sainz-jr,toro-rosso,ferrari,pirelli,,,1:14.714,74714.0,1:21.956,81956.0,,,,,,,11.0
942,2016,7,17,17.0,17,30,jolyon-palmer,renault,renault,pirelli,,,1:15.459,75459.0,,,,,,,,,11.0
942,2016,7,18,18.0,18,94,pascal-wehrlein,manor,mercedes,pirelli,,,1:15.599,75599.0,,,,,,,,,9.0
942,2016,7,19,19.0,19,9,marcus-ericsson,sauber,ferrari,pirelli,,,1:15.635,75635.0,,,,,,,,,11.0
942,2016,7,20,20.0,20,12,felipe-nasr,sauber,ferrari,pirelli,,,1:16.663,76663.0,,,,,,,,,9.0
942,2016,7,21,21.0,21,88,rio-haryanto,manor,mercedes,pirelli,,,1:17.052,77052.0,,,,,,,,,9.0
942,2016,7,22,,NC,20,kevin-magnussen,renault,renault,pirelli,,,,,,,,,,,,,
943,2016,8,1,1.0,1,6,nico-rosberg,mercedes,mercedes,pirelli,,,1:43.685,103685.0,1:42.520,102520.0,1:42.758,102758.0,,,,,16.0
943,2016,8,2,2.0,2,11,sergio-perez,force-india,mercedes,pirelli,,,1:44.462,104462.0,1:43.939,103939.0,1:43.515,103515.0,+0.757,757.0,+0.757,757.0,20.0
943,2016,8,3,3.0,3,3,daniel-ricciardo,red-bull,tag-heuer,pirelli,,,1:44.570,104570.0,1:44.141,104141.0,1:43.966,103966.0,+1.208,1208.0,+0.451,451.0,20.0
943,2016,8,4,4.0,4,5,sebastian-vettel,ferrari,ferrari,pirelli,,,1:45.062,105062.0,1:44.461,104461.0,1:43.966,103966.0,+1.208,1208.0,+0.000,0.0,19.0
943,2016,8,5,5.0,5,7,kimi-raikkonen,ferrari,ferrari,pirelli,,,1:44.936,104936.0,1:44.533,104533.0,1:44.269,104269.0,+1.511,1511.0,+0.303,303.0,19.0
943,2016,8,6,6.0,6,19,felipe-massa,williams,mercedes,pirelli,,,1:45.494,105494.0,1:44.696,104696.0,1:44.483,104483.0,+1.725,1725.0,+0.214,214.0,15.0
943,2016,8,7,7.0,7,26,daniil-kvyat,toro-rosso,ferrari,pirelli,,,1:44.694,104694.0,1:44.687,104687.0,1:44.717,104717.0,+1.959,1959.0,+0.234,234.0,25.0
943,2016,8,8,8.0,8,77,valtteri-bottas,williams,mercedes,pirelli,,,1:44.706,104706.0,1:44.477,104477.0,1:45.246,105246.0,+2.488,2488.0,+0.529,529.0,18.0
943,2016,8,9,9.0,9,33,max-verstappen,red-bull,tag-heuer,pirelli,,,1:44.939,104939.0,1:44.387,104387.0,1:45.570,105570.0,+2.812,2812.0,+0.324,324.0,20.0
943,2016,8,10,10.0,10,44,lewis-hamilton,mercedes,mercedes,pirelli,,,1:44.259,104259.0,1:43.526,103526.0,2:01.954,121954.0,+19.196,19196.0,+16.384,16384.0,17.0
943,2016,8,11,11.0,11,8,romain-grosjean,haas,ferrari,pirelli,,,1:45.507,105507.0,1:44.755,104755.0,,,,,,,15.0
943,2016,8,12,12.0,12,27,nico-hulkenberg,force-india,mercedes,pirelli,,,1:44.860,104860.0,1:44.824,104824.0,,,,,,,14.0
943,2016,8,13,13.0,13,55,carlos-sainz-jr,toro-rosso,ferrari,pirelli,,,1:44.827,104827.0,1:45.000,105000.0,,,,,,,17.0
943,2016,8,14,14.0,14,14,fernando-alonso,mclaren,honda,pirelli,,,1:45.525,105525.0,1:45.270,105270.0,,,,,,,15.0
943,2016,8,15,15.0,15,21,esteban-gutierrez,haas,ferrari,pirelli,,,1:45.300,105300.0,1:45.349,105349.0,,,,,,,16.0
943,2016,8,16,16.0,16,12,felipe-nasr,sauber,ferrari,pirelli,,,1:45.549,105549.0,1:46.048,106048.0,,,,,,,13.0
943,2016,8,17,17.0,17,88,rio-haryanto,manor,mercedes,pirelli,,,1:45.665,105665.0,,,,,,,,,8.0
943,2016,8,18,18.0,18,94,pascal-wehrlein,manor,mercedes,pirelli,,,1:45.750,105750.0,,,,,,,,,9.0
943,2016,8,19,19.0,19,22,jenson-button,mclaren,honda,pirelli,,,1:45.804,105804.0,,,,,,,,,7.0
943,2016,8,20,20.0,20,9,marcus-ericsson,sauber,ferrari,pirelli,,,1:46.231,106231.0,,,,,,,,,10.0
943,2016,8,21,21.0,21,20,kevin-magnussen,renault,renault,pirelli,,,1:46.348,106348.0,,,,,,,,,9.0
943,2016,8,22,22.0,22,30,jolyon-palmer,renault,renault,pirelli,,,1:46.394,106394.0,,,,,,,,,9.0
944,2016,9,1,1.0,1,44,lewis-hamilton,mercedes,mercedes,pirelli,,,1:06.947,66947.0,1:06.228,66228.0,1:07.922,67922.0,,,,,21.0
944,2016,9,2,2.0,2,6,nico-rosberg,mercedes,mercedes,pirelli,,,1:06.516,66516.0,1:06.403,66403.0,1:08.465,68465.0,+0.543,543.0,+0.543,543.0,20.0
944,2016,9,3,3.0,3,27,nico-hulkenberg,force-india,mercedes,pirelli,,,1:07.385,67385.0,1:07.257,67257.0,1:09.285,69285.0,+1.363,1363.0,+0.820,820.0,25.0
944,2016,9,4,4.0,4,5,sebastian-vettel,ferrari,ferrari,pirelli,,,1:06.761,66761.0,1:06.602,66602.0,1:09.781,69781.0,+1.859,1859.0,+0.496,496.0,18.0
944,2016,9,5,5.0,5,22,jenson-button,mclaren,honda,pirelli,,,1:07.653,67653.0,1:07.572,67572.0,1:09.900,69900.0,+1.978,1978.0,+0.119,119.0,22.0
944,2016,9,6,6.0,6,7,kimi-raikkonen,ferrari,ferrari,pirelli,,,1:07.240,67240.0,1:06.940,66940.0,1:09.901,69901.0,+1.979,1979.0,+0.001,1.0,21.0
944,2016,9,7,7.0,7,3,daniel-ricciardo,red-bull,tag-heuer,pirelli,,,1:07.500,67500.0,1:06.840,66840.0,1:09.980,69980.0,+2.058,2058.0,+0.079,79.0,20.0
944,2016,9,8,8.0,8,77,valtteri-bottas,williams,mercedes,pirelli,,,1:07.148,67148.0,1:06.911,66911.0,1:10.440,70440.0,+2.518,2518.0,+0.460,460.0,18.0
944,2016,9,9,9.0,9,33,max-verstappen,red-bull,tag-heuer,pirelli,,,1:07.131,67131.0,1:06.866,66866.0,1:11.153,71153.0,+3.231,3231.0,+0.713,713.0,17.0
944,2016,9,10,10.0,10,19,felipe-massa,williams,mercedes,pirelli,,,1:07.419,67419.0,1:07.145,67145.0,1:11.977,71977.0,+4.055,4055.0,+0.824,824.0,21.0
944,2016,9,11,11.0,11,21,esteban-gutierrez,haas,ferrari,pirelli,,,1:07.660,67660.0,1:07.578,67578.0,,,,,,,18.0
944,2016,9,12,12.0,12,94,pascal-wehrlein,manor,mercedes,pirelli,,,1:07.565,67565.0,1:07.700,67700.0,,,,,,,17.0
944,2016,9,13,13.0,13,8,romain-grosjean,haas,ferrari,pirelli,,,1:07.662,67662.0,1:07.850,67850.0,,,,,,,19.0
944,2016,9,14,14.0,14,14,fernando-alonso,mclaren,honda,pirelli,,,1:07.671,67671.0,1:08.154,68154.0,,,,,,,12.0
944,2016,9,15,15.0,15,55,carlos-sainz-jr,toro-rosso,ferrari,pirelli,,,1:07.618,67618.0,,,,,,,,,10.0
944,2016,9,16,16.0,16,11,sergio-perez,force-india,mercedes,pirelli,,,1:07.657,67657.0,,,,,,,,,5.0
944,2016,9,17,17.0,17,20,kevin-magnussen,renault,renault,pirelli,,,1:07.941,67941.0,,,,,,,,,10.0
944,2016,9,18,18.0,18,30,jolyon-palmer,renault,renault,pirelli,,,1:07.965,67965.0,,,,,,,,,9.0
944,2016,9,19,19.0,19,88,rio-haryanto,manor,mercedes,pirelli,,,1:08.026,68026.0,,,,,,,,,11.0
944,2016,9,20,20.0,20,26,daniil-kvyat,toro-rosso,ferrari,pirelli,,,1:08.409,68409.0,,,,,,,,,8.0
944,2016,9,21,21.0,21,9,marcus-ericsson,sauber,ferrari,pirelli,,,1:08.418,68418.0,,,,,,,,,12.0
944,2016,9,22,22.0,22,12,felipe-nasr,sauber,ferrari,pirelli,,,1:08.446,68446.0,,,,,,,,,13.0
945,2016,10,1,1.0,1,44,lewis-hamilton,mercedes,mercedes,pirelli,,,1:30.739,90739.0,1:29.243,89243.0,1:29.287,89287.0,,,,,14.0
945,2016,10,2,2.0,2,6,nico-rosberg,mercedes,mercedes,pirelli,,,1:30.724,90724.0,1:29.970,89970.0,1:29.606,89606.0,+0.319,319.0,+0.319,319.0,14.0
945,2016,10,3,3.0,3,33,max-verstappen,red-bull,tag-heuer,pirelli,,,1:31.305,91305.0,1:30.697,90697.0,1:30.313,90313.0,+1.026,1026.0,+0.707,707.0,12.0
945,2016,10,4,4.0,4,3,daniel-ricciardo,red-bull,tag-heuer,pirelli,,,1:31.684,91684.0,1:31.319,91319.0,1:30.618,90618.0,+1.331,1331.0,+0.305,305.0,12.0
945,2016,10,5,5.0,5,7,kimi-raikkonen,ferrari,ferrari,pirelli,,,1:31.326,91326.0,1:31.385,91385.0,1:30.881,90881.0,+1.594,1594.0,+0.263,263.0,15.0
945,2016,10,6,6.0,6,5,sebastian-vettel,ferrari,ferrari,pirelli,,,1:31.606,91606.0,1:30.711,90711.0,1:31.490,91490.0,+2.203,2203.0,+0.609,609.0,17.0
945,2016,10,7,7.0,7,77,valtteri-bottas,williams,mercedes,pirelli,,,1:31.913,91913.0,1:31.478,91478.0,1:31.557,91557.0,+2.270,2270.0,+0.067,67.0,12.0
945,2016,10,8,8.0,8,55,carlos-sainz-jr,toro-rosso,ferrari,pirelli,,,1:32.115,92115.0,1:31.708,91708.0,1:31.989,91989.0,+2.702,2702.0,+0.432,432.0,15.0
945,2016,10,9,9.0,9,27,nico-hulkenberg,force-india,mercedes,pirelli,,,1:32.349,92349.0,1:31.770,91770.0,1:32.172,92172.0,+2.885,2885.0,+0.183,183.0,18.0
945,2016,10,10,10.0,10,14,fernando-alonso,mclaren,honda,pirelli,,,1:32.281,92281.0,1:31.740,91740.0,1:32.343,92343.0,+3.056,3056.0,+0.171,171.0,15.0
945,2016,10,11,11.0,11,11,sergio-perez,force-india,mercedes,pirelli,,,1:32.336,92336.0,1:31.875,91875.0,,,,,,,12.0
945,2016,10,12,12.0,12,19,felipe-massa,williams,mercedes,pirelli,,,1:32.146,92146.0,1:32.002,92002.0,,,,,,,10.0
945,2016,10,13,13.0,13,8,romain-grosjean,haas,ferrari,pirelli,,,1:32.283,92283.0,1:32.050,92050.0,,,,,,,14.0
945,2016,10,14,14.0,14,21,esteban-gutierrez,haas,ferrari,pirelli,,,1:32.237,92237.0,1:32.241,92241.0,,,,,,,14.0
945,2016,10,15,15.0,15,26,daniil-kvyat,toro-rosso,ferrari,pirelli,,,1:32.553,92553.0,1:32.306,92306.0,,,,,,,12.0
945,2016,10,16,16.0,16,20,kevin-magnussen,renault,renault,pirelli,,,1:32.729,92729.0,1:37.060,97060.0,,,,,,,12.0
945,2016,10,17,17.0,17,22,jenson-button,mclaren,honda,pirelli,,,1:32.788,92788.0,,,,,,,,,3.0
945,2016,10,18,18.0,18,30,jolyon-palmer,renault,renault,pirelli,,,1:32.905,92905.0,,,,,,,,,9.0
945,2016,10,19,19.0,19,88,rio-haryanto,manor,mercedes,pirelli,,,1:33.098,93098.0,,,,,,,,,9.0
945,2016,10,20,20.0,20,94,pascal-wehrlein,manor,mercedes,pirelli,,,1:33.151,93151.0,,,,,,,,,9.0
945,2016,10,21,21.0,21,12,felipe-nasr,sauber,ferrari,pirelli,,,1:33.544,93544.0,,,,,,,,,8.0
945,2016,10,22,,NC,9,marcus-ericsson,sauber,ferrari,pirelli,,,,,,,,,,,,,
946,2016,11,1,1.0,1,6,nico-rosberg,mercedes,mercedes,pirelli,,,1:33.302,93302.0,1:22.806,82806.0,1:19.965,79965.0,,,,,29.0
946,2016,11,2,2.0,2,44,lewis-hamilton,mercedes,mercedes,pirelli,,,1:34.210,94210.0,1:24.836,84836.0,1:20.108,80108.0,+0.143,143.0,+0.143,143.0,28.0
946,2016,11,3,3.0,3,3,daniel-ricciardo,red-bull,tag-heuer,pirelli,,,1:39.968,99968.0,1:23.234,83234.0,1:20.280,80280.0,+0.315,315.0,+0.172,172.0,27.0
946,2016,11,4,4.0,4,33,max-verstappen,red-bull,tag-heuer,pirelli,,,1:40.424,100424.0,1:22.660,82660.0,1:20.557,80557.0,+0.592,592.0,+0.277,277.0,27.0
946,2016,11,5,5.0,5,5,sebastian-vettel,ferrari,ferrari,pirelli,,,1:35.718,95718.0,1:24.082,84082.0,1:20.874,80874.0,+0.909,909.0,+0.317,317.0,25.0
946,2016,11,6,6.0,6,55,carlos-sainz-jr,toro-rosso,ferrari,pirelli,,,1:36.115,96115.0,1:24.734,84734.0,1:21.131,81131.0,+1.166,1166.0,+0.257,257.0,28.0
946,2016,11,7,7.0,7,14,fernando-alonso,mclaren,honda,pirelli,,,1:35.165,95165.0,1:23.816,83816.0,1:21.211,81211.0,+1.246,1246.0,+0.080,80.0,28.0
946,2016,11,8,8.0,8,22,jenson-button,mclaren,honda,pirelli,,,1:37.983,97983.0,1:24.456,84456.0,1:21.597,81597.0,+1.632,1632.0,+0.386,386.0,25.0
946,2016,11,9,9.0,9,27,nico-hulkenberg,force-india,mercedes,pirelli,,,1:41.471,101471.0,1:23.901,83901.0,1:21.823,81823.0,+1.858,1858.0,+0.226,226.0,24.0
946,2016,11,10,10.0,10,77,valtteri-bottas,williams,mercedes,pirelli,,,1:42.758,102758.0,1:24.506,84506.0,1:22.182,82182.0,+2.217,2217.0,+0.359,359.0,26.0
946,2016,11,11,11.0,11,8,romain-grosjean,haas,ferrari,pirelli,,,1:35.906,95906.0,1:24.941,84941.0,,,,,,,18.0
946,2016,11,12,12.0,12,26,daniil-kvyat,toro-rosso,ferrari,pirelli,,,1:36.714,96714.0,1:25.301,85301.0,,,,,,,21.0
946,2016,11,13,13.0,13,11,sergio-perez,force-india,mercedes,pirelli,,,1:41.411,101411.0,1:25.416,85416.0,,,,,,,16.0
946,2016,11,14,14.0,14,7,kimi-raikkonen,ferrari,ferrari,pirelli,,,1:36.853,96853.0,1:25.435,85435.0,,,,,,,20.0
946,2016,11,15,15.0,15,21,esteban-gutierrez,haas,ferrari,pirelli,,,1:38.959,98959.0,1:26.189,86189.0,,,,,,,18.0
946,2016,11,16,16.0,16,12,felipe-nasr,sauber,ferrari,pirelli,,,1:37.772,97772.0,1:27.063,87063.0,,,,,,,21.0
946,2016,11,17,,NC,30,jolyon-palmer,renault,renault,pirelli,,,1:43.965,103965.0,,,,,,,,,9.0
946,2016,11,18,,NC,19,felipe-massa,williams,mercedes,pirelli,,,1:43.999,103999.0,,,,,,,,,7.0
946,2016,11,19,,NC,20,kevin-magnussen,renault,renault,pirelli,,,1:44.543,104543.0,,,,,,,,,9.0
946,2016,11,20,,NC,9,marcus-ericsson,sauber,ferrari,pirelli,,,1:46.984,106984.0,,,,,,,,,5.0
946,2016,11,21,,NC,94,pascal-wehrlein,manor,mercedes,pirelli,,,1:47.343,107343.0,,,,,,,,,9.0
946,2016,11,22,,NC,88,rio-haryanto,manor,mercedes,pirelli,,,1:50.189,110189.0,,,,,,,,,9.0
947,2016,12,1,1.0,1,6,nico-rosberg,mercedes,mercedes,pirelli,,,1:15.485,75485.0,1:14.839,74839.0,1:14.363,74363.0,,,,,12.0
947,2016,12,2,2.0,2,44,lewis-hamilton,mercedes,mercedes,pirelli,,,1:15.243,75243.0,1:14.748,74748.0,1:14.470,74470.0,+0.107,107.0,+0.107,107.0,12.0
947,2016,12,3,3.0,3,3,daniel-ricciardo,red-bull,tag-heuer,pirelli,,,1:15.591,75591.0,1:15.545,75545.0,1:14.726,74726.0,+0.363,363.0,+0.256,256.0,14.0
947,2016,12,4,4.0,4,33,max-verstappen,red-bull,tag-heuer,pirelli,,,1:15.875,75875.0,1:15.124,75124.0,1:14.834,74834.0,+0.471,471.0,+0.108,108.0,12.0
947,2016,12,5,5.0,5,7,kimi-raikkonen,ferrari,ferrari,pirelli,,,1:15.752,75752.0,1:15.242,75242.0,1:15.142,75142.0,+0.779,779.0,+0.308,308.0,12.0
947,2016,12,6,6.0,6,5,sebastian-vettel,ferrari,ferrari,pirelli,,,1:15.927,75927.0,1:15.630,75630.0,1:15.315,75315.0,+0.952,952.0,+0.173,173.0,14.0
947,2016,12,7,7.0,7,27,nico-hulkenberg,force-india,mercedes,pirelli,,,1:16.301,76301.0,1:15.623,75623.0,1:15.510,75510.0,+1.147,1147.0,+0.195,195.0,15.0
947,2016,12,8,8.0,8,77,valtteri-bottas,williams,mercedes,pirelli,,,1:15.952,75952.0,1:15.490,75490.0,1:15.530,75530.0,+1.167,1167.0,+0.020,20.0,12.0
947,2016,12,9,9.0,9,11,sergio-perez,force-india,mercedes,pirelli,,,1:16.169,76169.0,1:15.500,75500.0,1:15.537,75537.0,+1.174,1174.0,+0.007,7.0,17.0
947,2016,12,10,10.0,10,19,felipe-massa,williams,mercedes,pirelli,,,1:16.503,76503.0,1:15.699,75699.0,1:15.615,75615.0,+1.252,1252.0,+0.078,78.0,13.0
947,2016,12,11,11.0,11,21,esteban-gutierrez,haas,ferrari,pirelli,,,1:15.987,75987.0,1:15.883,75883.0,,,,,,,14.0
947,2016,12,12,12.0,12,22,jenson-button,mclaren,honda,pirelli,,,1:16.172,76172.0,1:15.909,75909.0,,,,,,,14.0
947,2016,12,13,13.0,13,55,carlos-sainz-jr,toro-rosso,ferrari,pirelli,,,1:16.317,76317.0,1:15.989,75989.0,,,,,,,12.0
947,2016,12,14,14.0,14,14,fernando-alonso,mclaren,honda,pirelli,,,1:16.338,76338.0,1:16.041,76041.0,,,,,,,11.0
947,2016,12,15,15.0,15,8,romain-grosjean,haas,ferrari,pirelli,,,1:16.328,76328.0,1:16.086,76086.0,,,,,,,14.0
947,2016,12,16,16.0,16,30,jolyon-palmer,renault,renault,pirelli,,,1:16.636,76636.0,1:16.665,76665.0,,,,,,,14.0
947,2016,12,17,17.0,17,20,kevin-magnussen,renault,renault,pirelli,,,1:16.716,76716.0,,,,,,,,,8.0
947,2016,12,18,18.0,18,94,pascal-wehrlein,manor,mercedes,pirelli,,,1:16.717,76717.0,,,,,,,,,10.0
947,2016,12,19,19.0,19,26,daniil-kvyat,toro-rosso,ferrari,pirelli,,,1:16.876,76876.0,,,,,,,,,6.0
947,2016,12,20,20.0,20,88,rio-haryanto,manor,mercedes,pirelli,,,1:16.977,76977.0,,,,,,,,,9.0
947,2016,12,21,21.0,21,12,felipe-nasr,sauber,ferrari,pirelli,,,1:17.123,77123.0,,,,,,,,,6.0
947,2016,12,22,22.0,22,9,marcus-ericsson,sauber,ferrari,pirelli,,,1:17.238,77238.0,,,,,,,,,6.0
948,2016,13,1,1.0,1,6,nico-rosberg,mercedes,mercedes,pirelli,,,1:48.019,108019.0,1:46.999,106999.0,1:46.744,106744.0,,,,,12.0
948,2016,13,2,2.0,2,33,max-verstappen,red-bull,tag-heuer,pirelli,,,1:48.407,108407.0,1:47.163,107163.0,1:46.893,106893.0,+0.149,149.0,+0.149,149.0,12.0
948,2016,13,3,3.0,3,7,kimi-raikkonen,ferrari,ferrari,pirelli,,,1:47.912,107912.0,1:47.664,107664.0,1:46.910,106910.0,+0.166,166.0,+0.017,17.0,13.0
948,2016,13,4,4.0,4,5,sebastian-vettel,ferrari,ferrari,pirelli,,,1:47.802,107802.0,1:47.944,107944.0,1:47.108,107108.0,+0.364,364.0,+0.198,198.0,14.0
948,2016,13,5,5.0,5,3,daniel-ricciardo,red-bull,tag-heuer,pirelli,,,1:48.407,108407.0,1:48.027,108027.0,1:47.216,107216.0,+0.472,472.0,+0.108,108.0,12.0
948,2016,13,6,6.0,6,11,sergio-perez,force-india,mercedes,pirelli,,,1:48.106,108106.0,1:47.485,107485.0,1:47.407,107407.0,+0.663,663.0,+0.191,191.0,12.0
948,2016,13,7,7.0,7,27,nico-hulkenberg,force-india,mercedes,pirelli,,,1:48.080,108080.0,1:47.317,107317.0,1:47.543,107543.0,+0.799,799.0,+0.136,136.0,12.0
948,2016,13,8,8.0,8,77,valtteri-bottas,williams,mercedes,pirelli,,,1:48.655,108655.0,1:47.918,107918.0,1:47.612,107612.0,+0.868,868.0,+0.069,69.0,12.0
948,2016,13,9,9.0,9,22,jenson-button,mclaren,honda,pirelli,,,1:48.700,108700.0,1:48.051,108051.0,1:48.114,108114.0,+1.370,1370.0,+0.502,502.0,15.0
948,2016,13,10,10.0,10,19,felipe-massa,williams,mercedes,pirelli,,,1:47.738,107738.0,1:47.667,107667.0,1:48.263,108263.0,+1.519,1519.0,+0.149,149.0,12.0
948,2016,13,11,11.0,11,8,romain-grosjean,haas,ferrari,pirelli,,,1:48.751,108751.0,1:48.316,108316.0,,,,,,,12.0
948,2016,13,12,12.0,12,20,kevin-magnussen,renault,renault,pirelli,,,1:48.800,108800.0,1:48.485,108485.0,,,,,,,12.0
948,2016,13,13,13.0,13,21,esteban-gutierrez,haas,ferrari,pirelli,,,1:48.748,108748.0,1:48.598,108598.0,,,,,,,12.0
948,2016,13,14,14.0,14,30,jolyon-palmer,renault,renault,pirelli,,,1:48.901,108901.0,1:48.888,108888.0,,,,,,,12.0
948,2016,13,15,15.0,15,55,carlos-sainz-jr,toro-rosso,ferrari,pirelli,,,1:48.876,108876.0,1:49.038,109038.0,,,,,,,9.0
948,2016,13,16,16.0,16,94,pascal-wehrlein,manor,mercedes,pirelli,,,1:48.554,108554.0,1:49.320,109320.0,,,,,,,11.0
948,2016,13,17,17.0,17,12,felipe-nasr,sauber,ferrari,pirelli,,,1:48.949,108949.0,,,,,,,,,6.0
948,2016,13,18,18.0,18,31,esteban-ocon,manor,mercedes,pirelli,,,1:49.050,109050.0,,,,,,,,,7.0
948,2016,13,19,19.0,19,26,daniil-kvyat,toro-rosso,ferrari,pirelli,,,1:49.058,109058.0,,,,,,,,,6.0
948,2016,13,20,20.0,20,9,marcus-ericsson,sauber,ferrari,pirelli,,,1:49.071,109071.0,,,,,,,,,6.0
948,2016,13,21,21.0,21,44,lewis-hamilton,mercedes,mercedes,pirelli,,,1:50.033,110033.0,,,,,,,,,4.0
948,2016,13,22,,NC,14,fernando-alonso,mclaren,honda,pirelli,,,,,,,,,,,,,1.0
949,2016,14,1,1.0,1,44,lewis-hamilton,mercedes,mercedes,pirelli,,,1:21.854,81854.0,1:21.498,81498.0,1:21.135,81135.0,,,,,16.0
949,2016,14,2,2.0,2,6,nico-rosberg,mercedes,mercedes,pirelli,,,1:22.497,82497.0,1:21.809,81809.0,1:21.613,81613.0,+0.478,478.0,+0.478,478.0,15.0
949,2016,14,3,3.0,3,5,sebastian-vettel,ferrari,ferrari,pirelli,,,1:23.077,83077.0,1:22.275,82275.0,1:21.972,81972.0,+0.837,837.0,+0.359,359.0,13.0
949,2016,14,4,4.0,4,7,kimi-raikkonen,ferrari,ferrari,pirelli,,,1:23.217,83217.0,1:22.568,82568.0,1:22.065,82065.0,+0.930,930.0,+0.093,93.0,15.0
949,2016,14,5,5.0,5,77,valtteri-bottas,williams,mercedes,pirelli,,,1:23.264,83264.0,1:22.499,82499.0,1:22.388,82388.0,+1.253,1253.0,+0.323,323.0,12.0
949,2016,14,6,6.0,6,3,daniel-ricciardo,red-bull,tag-heuer,pirelli,,,1:23.158,83158.0,1:22.638,82638.0,1:22.389,82389.0,+1.254,1254.0,+0.001,1.0,17.0
949,2016,14,7,7.0,7,33,max-verstappen,red-bull,tag-heuer,pirelli,,,1:23.229,83229.0,1:22.857,82857.0,1:22.411,82411.0,+1.276,1276.0,+0.022,22.0,15.0
949,2016,14,8,8.0,8,11,sergio-perez,force-india,mercedes,pirelli,,,1:23.439,83439.0,1:22.922,82922.0,1:22.814,82814.0,+1.679,1679.0,+0.403,403.0,15.0
949,2016,14,9,9.0,9,27,nico-hulkenberg,force-india,mercedes,pirelli,,,1:23.259,83259.0,1:22.951,82951.0,1:22.836,82836.0,+1.701,1701.0,+0.022,22.0,18.0
949,2016,14,10,10.0,10,21,esteban-gutierrez,haas,ferrari,pirelli,,,1:23.386,83386.0,1:22.856,82856.0,1:23.184,83184.0,+2.049,2049.0,+0.348,348.0,21.0
949,2016,14,11,11.0,11,19,felipe-massa,williams,mercedes,pirelli,,,1:23.489,83489.0,1:22.967,82967.0,,,,,,,10.0
949,2016,14,12,12.0,12,8,romain-grosjean,haas,ferrari,pirelli,,,1:23.421,83421.0,1:23.092,83092.0,,,,,,,14.0
949,2016,14,13,13.0,13,14,fernando-alonso,mclaren,honda,pirelli,,,1:23.783,83783.0,1:23.273,83273.0,,,,,,,13.0
949,2016,14,14,14.0,14,94,pascal-wehrlein,manor,mercedes,pirelli,,,1:23.760,83760.0,1:23.315,83315.0,,,,,,,14.0
949,2016,14,15,15.0,15,22,jenson-button,mclaren,honda,pirelli,,,1:23.666,83666.0,1:23.399,83399.0,,,,,,,13.0
949,2016,14,16,16.0,16,55,carlos-sainz-jr,toro-rosso,ferrari,pirelli,,,1:23.661,83661.0,1:23.496,83496.0,,,,,,,12.0
949,2016,14,17,17.0,17,26,daniil-kvyat,toro-rosso,ferrari,pirelli,,,1:23.825,83825.0,,,,,,,,,9.0
949,2016,14,18,18.0,18,12,felipe-nasr,sauber,ferrari,pirelli,,,1:23.956,83956.0,,,,,,,,,8.0
949,2016,14,19,19.0,19,9,marcus-ericsson,sauber,ferrari,pirelli,,,1:24.087,84087.0,,,,,,,,,7.0
949,2016,14,20,20.0,20,30,jolyon-palmer,renault,renault,pirelli,,,1:24.230,84230.0,,,,,,,,,9.0
949,2016,14,21,21.0,21,20,kevin-magnussen,renault,renault,pirelli,,,1:24.436,84436.0,,,,,,,,,9.0
949,2016,14,22,,NC,31,esteban-ocon,manor,mercedes,pirelli,,,,,,,,,,,,,2.0
950,2016,15,1,1.0,1,6,nico-rosberg,mercedes,mercedes,pirelli,,,1:45.316,105316.0,1:43.020,103020.0,1:42.584,102584.0,,,,,12.0
950,2016,15,2,2.0,2,3,daniel-ricciardo,red-bull,tag-heuer,pirelli,,,1:44.255,104255.0,1:43.933,103933.0,1:43.115,103115.0,+0.531,531.0,+0.531,531.0,12.0
950,2016,15,3,3.0,3,44,lewis-hamilton,mercedes,mercedes,pirelli,,,1:45.167,105167.0,1:43.471,103471.0,1:43.288,103288.0,+0.704,704.0,+0.173,173.0,12.0
950,2016,15,4,4.0,4,33,max-verstappen,red-bull,tag-heuer,pirelli,,,1:45.036,105036.0,1:44.112,104112.0,1:43.328,103328.0,+0.744,744.0,+0.040,40.0,12.0
950,2016,15,5,5.0,5,7,kimi-raikkonen,ferrari,ferrari,pirelli,,,1:44.964,104964.0,1:44.159,104159.0,1:43.540,103540.0,+0.956,956.0,+0.212,212.0,12.0
950,2016,15,6,6.0,6,55,carlos-sainz-jr,toro-rosso,ferrari,pirelli,,,1:45.499,105499.0,1:44.493,104493.0,1:44.197,104197.0,+1.613,1613.0,+0.657,657.0,14.0
950,2016,15,7,7.0,7,26,daniil-kvyat,toro-rosso,ferrari,pirelli,,,1:45.291,105291.0,1:44.475,104475.0,1:44.469,104469.0,+1.885,1885.0,+0.272,272.0,15.0
950,2016,15,8,8.0,8,27,nico-hulkenberg,force-india,mercedes,pirelli,,,1:46.081,106081.0,1:44.737,104737.0,1:44.479,104479.0,+1.895,1895.0,+0.010,10.0,17.0
950,2016,15,9,9.0,9,14,fernando-alonso,mclaren,honda,pirelli,,,1:45.373,105373.0,1:44.653,104653.0,1:44.553,104553.0,+1.969,1969.0,+0.074,74.0,15.0
950,2016,15,10,10.0,10,11,sergio-perez,force-india,mercedes,pirelli,,,1:45.204,105204.0,1:44.703,104703.0,1:44.582,104582.0,+1.998,1998.0,+0.029,29.0,20.0
950,2016,15,11,11.0,11,77,valtteri-bottas,williams,mercedes,pirelli,,,1:46.086,106086.0,1:44.740,104740.0,,,,,,,11.0
950,2016,15,12,12.0,12,19,felipe-massa,williams,mercedes,pirelli,,,1:46.056,106056.0,1:44.991,104991.0,,,,,,,11.0
950,2016,15,13,13.0,13,22,jenson-button,mclaren,honda,pirelli,,,1:45.262,105262.0,1:45.144,105144.0,,,,,,,13.0
950,2016,15,14,14.0,14,21,esteban-gutierrez,haas,ferrari,pirelli,,,1:45.465,105465.0,1:45.593,105593.0,,,,,,,12.0
950,2016,15,15,15.0,15,8,romain-grosjean,haas,ferrari,pirelli,,,1:45.609,105609.0,1:45.723,105723.0,,,,,,,11.0
950,2016,15,16,16.0,16,9,marcus-ericsson,sauber,ferrari,pirelli,,,1:46.427,106427.0,1:47.827,107827.0,,,,,,,12.0
950,2016,15,17,17.0,17,20,kevin-magnussen,renault,renault,pirelli,,,1:46.825,106825.0,,,,,,,,,9.0
950,2016,15,18,18.0,18,12,felipe-nasr,sauber,ferrari,pirelli,,,1:46.860,106860.0,,,,,,,,,8.0
950,2016,15,19,19.0,19,30,jolyon-palmer,renault,renault,pirelli,,,1:46.960,106960.0,,,,,,,,,9.0
950,2016,15,20,20.0,20,94,pascal-wehrlein,manor,mercedes,pirelli,,,1:47.667,107667.0,,,,,,,,,8.0
950,2016,15,21,21.0,21,31,esteban-ocon,manor,mercedes,pirelli,,,1:48.296,108296.0,,,,,,,,,9.0
950,2016,15,22,22.0,22,5,sebastian-vettel,ferrari,ferrari,pirelli,,,1:49.116,109116.0,,,,,,,,,4.0
951,2016,16,1,1.0,1,44,lewis-hamilton,mercedes,mercedes,pirelli,,,1:34.444,94444.0,1:33.046,93046.0,1:32.850,92850.0,,,,,11.0
951,2016,16,2,2.0,2,6,nico-rosberg,mercedes,mercedes,pirelli,,,1:34.460,94460.0,1:33.609,93609.0,1:33.264,93264.0,+0.414,414.0,+0.414,414.0,12.0
951,2016,16,3,3.0,3,33,max-verstappen,red-bull,tag-heuer,pirelli,,,1:35.443,95443.0,1:33.775,93775.0,1:33.420,93420.0,+0.570,570.0,+0.156,156.0,15.0
951,2016,16,4,4.0,4,3,daniel-ricciardo,red-bull,tag-heuer,pirelli,,,1:35.079,95079.0,1:33.888,93888.0,1:33.467,93467.0,+0.617,617.0,+0.047,47.0,12.0
951,2016,16,5,5.0,5,5,sebastian-vettel,ferrari,ferrari,pirelli,,,1:34.557,94557.0,1:33.972,93972.0,1:33.584,93584.0,+0.734,734.0,+0.117,117.0,17.0
951,2016,16,6,6.0,6,7,kimi-raikkonen,ferrari,ferrari,pirelli,,,1:34.556,94556.0,1:33.903,93903.0,1:33.632,93632.0,+0.782,782.0,+0.048,48.0,16.0
951,2016,16,7,7.0,7,11,sergio-perez,force-india,mercedes,pirelli,,,1:35.068,95068.0,1:34.538,94538.0,1:34.319,94319.0,+1.469,1469.0,+0.687,687.0,17.0
951,2016,16,8,8.0,8,27,nico-hulkenberg,force-india,mercedes,pirelli,,,1:34.827,94827.0,1:34.441,94441.0,1:34.489,94489.0,+1.639,1639.0,+0.170,170.0,15.0
951,2016,16,9,9.0,9,22,jenson-button,mclaren,honda,pirelli,,,1:35.267,95267.0,1:34.431,94431.0,1:34.518,94518.0,+1.668,1668.0,+0.029,29.0,17.0
951,2016,16,10,10.0,10,19,felipe-massa,williams,mercedes,pirelli,,,1:35.267,95267.0,1:34.422,94422.0,1:34.671,94671.0,+1.821,1821.0,+0.153,153.0,13.0
951,2016,16,11,11.0,11,77,valtteri-bottas,williams,mercedes,pirelli,,,1:35.166,95166.0,1:34.577,94577.0,,,,,,,9.0
951,2016,16,12,12.0,12,8,romain-grosjean,haas,ferrari,pirelli,,,1:35.400,95400.0,1:35.001,95001.0,,,,,,,14.0
951,2016,16,13,13.0,13,21,esteban-gutierrez,haas,ferrari,pirelli,,,1:35.658,95658.0,1:35.097,95097.0,,,,,,,14.0
951,2016,16,14,14.0,14,20,kevin-magnussen,renault,renault,pirelli,,,1:35.593,95593.0,1:35.277,95277.0,,,,,,,13.0
951,2016,16,15,15.0,15,26,daniil-kvyat,toro-rosso,ferrari,pirelli,,,1:35.695,95695.0,1:35.369,95369.0,,,,,,,12.0
951,2016,16,16,16.0,16,55,carlos-sainz-jr,toro-rosso,ferrari,pirelli,,,1:35.605,95605.0,1:35.374,95374.0,,,,,,,12.0
951,2016,16,17,17.0,17,9,marcus-ericsson,sauber,ferrari,pirelli,,,1:35.816,95816.0,,,,,,,,,8.0
951,2016,16,18,18.0,18,12,felipe-nasr,sauber,ferrari,pirelli,,,1:35.949,95949.0,,,,,,,,,8.0
951,2016,16,19,19.0,19,30,jolyon-palmer,renault,renault,pirelli,,,1:35.999,95999.0,,,,,,,,,8.0
951,2016,16,20,20.0,20,31,esteban-ocon,manor,mercedes,pirelli,,,1:36.451,96451.0,,,,,,,,,9.0
951,2016,16,21,21.0,21,94,pascal-wehrlein,manor,mercedes,pirelli,,,1:36.587,96587.0,,,,,,,,,9.0
951,2016,16,22,22.0,22,14,fernando-alonso,mclaren,honda,pirelli,,,1:37.155,97155.0,,,,,,,,,5.0
952,2016,17,1,1.0,1,6,nico-rosberg,mercedes,mercedes,pirelli,,,1:31.858,91858.0,1:30.714,90714.0,1:30.647,90647.0,,,,,13.0
952,2016,17,2,2.0,2,44,lewis-hamilton,mercedes,mercedes,pirelli,,,1:32.218,92218.0,1:31.129,91129.0,1:30.660,90660.0,+0.013,13.0,+0.013,13.0,13.0
952,2016,17,3,3.0,3,7,kimi-raikkonen,ferrari,ferrari,pirelli,,,1:31.674,91674.0,1:31.406,91406.0,1:30.949,90949.0,+0.302,302.0,+0.289,289.0,12.0
952,2016,17,4,4.0,4,5,sebastian-vettel,ferrari,ferrari,pirelli,,,1:31.659,91659.0,1:31.227,91227.0,1:31.028,91028.0,+0.381,381.0,+0.079,79.0,12.0
952,2016,17,5,5.0,5,33,max-verstappen,red-bull,tag-heuer,pirelli,,,1:32.487,92487.0,1:31.489,91489.0,1:31.178,91178.0,+0.531,531.0,+0.150,150.0,14.0
952,2016,17,6,6.0,6,3,daniel-ricciardo,red-bull,tag-heuer,pirelli,,,1:32.538,92538.0,1:31.719,91719.0,1:31.240,91240.0,+0.593,593.0,+0.062,62.0,14.0
952,2016,17,7,7.0,7,11,sergio-perez,force-india,mercedes,pirelli,,,1:32.682,92682.0,1:32.237,92237.0,1:31.961,91961.0,+1.314,1314.0,+0.721,721.0,12.0
952,2016,17,8,8.0,8,8,romain-grosjean,haas,ferrari,pirelli,,,1:32.458,92458.0,1:32.176,92176.0,1:31.961,91961.0,+1.314,1314.0,+0.000,0.0,17.0
952,2016,17,9,9.0,9,27,nico-hulkenberg,force-india,mercedes,pirelli,,,1:32.448,92448.0,1:32.200,92200.0,1:32.142,92142.0,+1.495,1495.0,+0.181,181.0,12.0
952,2016,17,10,10.0,10,21,esteban-gutierrez,haas,ferrari,pirelli,,,1:32.620,92620.0,1:32.155,92155.0,1:32.547,92547.0,+1.900,1900.0,+0.405,405.0,15.0
952,2016,17,11,11.0,11,77,valtteri-bottas,williams,mercedes,pirelli,,,1:32.383,92383.0,1:32.315,92315.0,,,,,,,11.0
952,2016,17,12,12.0,12,19,felipe-massa,williams,mercedes,pirelli,,,1:32.562,92562.0,1:32.380,92380.0,,,,,,,11.0
952,2016,17,13,13.0,13,26,daniil-kvyat,toro-rosso,ferrari,pirelli,,,1:32.645,92645.0,1:32.623,92623.0,,,,,,,11.0
952,2016,17,14,14.0,14,55,carlos-sainz-jr,toro-rosso,ferrari,pirelli,,,1:32.789,92789.0,1:32.685,92685.0,,,,,,,12.0
952,2016,17,15,15.0,15,14,fernando-alonso,mclaren,honda,pirelli,,,1:32.819,92819.0,1:32.689,92689.0,,,,,,,12.0
952,2016,17,16,16.0,16,30,jolyon-palmer,renault,renault,pirelli,,,1:32.796,92796.0,1:32.807,92807.0,,,,,,,12.0
952,2016,17,17,17.0,17,22,jenson-button,mclaren,honda,pirelli,,,1:32.851,92851.0,,,,,,,,,6.0
952,2016,17,18,18.0,18,20,kevin-magnussen,renault,renault,pirelli,,,1:33.023,93023.0,,,,,,,,,6.0
952,2016,17,19,19.0,19,9,marcus-ericsson,sauber,ferrari,pirelli,,,1:33.222,93222.0,,,,,,,,,7.0
952,2016,17,20,20.0,20,12,felipe-nasr,sauber,ferrari,pirelli,,,1:33.332,93332.0,,,,,,,,,7.0
952,2016,17,21,21.0,21,31,esteban-ocon,manor,mercedes,pirelli,,,1:33.353,93353.0,,,,,,,,,9.0
952,2016,17,22,22.0,22,94,pascal-wehrlein,manor,mercedes,pirelli,,,1:33.561,93561.0,,,,,,,,,9.0
953,2016,18,1,1.0,1,44,lewis-hamilton,mercedes,mercedes,pirelli,,,1:36.296,96296.0,1:36.450,96450.0,1:34.999,94999.0,,,,,13.0
953,2016,18,2,2.0,2,6,nico-rosberg,mercedes,mercedes,pirelli,,,1:36.397,96397.0,1:36.351,96351.0,1:35.215,95215.0,+0.216,216.0,+0.216,216.0,13.0
953,2016,18,3,3.0,3,3,daniel-ricciardo,red-bull,tag-heuer,pirelli,,,1:36.759,96759.0,1:36.255,96255.0,1:35.509,95509.0,+0.510,510.0,+0.294,294.0,12.0
953,2016,18,4,4.0,4,33,max-verstappen,red-bull,tag-heuer,pirelli,,,1:36.613,96613.0,1:36.857,96857.0,1:35.747,95747.0,+0.748,748.0,+0.238,238.0,12.0
953,2016,18,5,5.0,5,7,kimi-raikkonen,ferrari,ferrari,pirelli,,,1:36.985,96985.0,1:36.584,96584.0,1:36.131,96131.0,+1.132,1132.0,+0.384,384.0,12.0
953,2016,18,6,6.0,6,5,sebastian-vettel,ferrari,ferrari,pirelli,,,1:37.151,97151.0,1:36.462,96462.0,1:36.358,96358.0,+1.359,1359.0,+0.227,227.0,13.0
953,2016,18,7,7.0,7,27,nico-hulkenberg,force-india,mercedes,pirelli,,,1:36.950,96950.0,1:36.626,96626.0,1:36.628,96628.0,+1.629,1629.0,+0.270,270.0,12.0
953,2016,18,8,8.0,8,77,valtteri-bottas,williams,mercedes,pirelli,,,1:37.456,97456.0,1:37.202,97202.0,1:37.116,97116.0,+2.117,2117.0,+0.488,488.0,12.0
953,2016,18,9,9.0,9,19,felipe-massa,williams,mercedes,pirelli,,,1:37.402,97402.0,1:37.214,97214.0,1:37.269,97269.0,+2.270,2270.0,+0.153,153.0,12.0
953,2016,18,10,10.0,10,55,carlos-sainz-jr,toro-rosso,ferrari,pirelli,,,1:37.744,97744.0,1:37.175,97175.0,1:37.326,97326.0,+2.327,2327.0,+0.057,57.0,14.0
953,2016,18,11,11.0,11,11,sergio-perez,force-india,mercedes,pirelli,,,1:37.345,97345.0,1:37.353,97353.0,,,,,,,10.0
953,2016,18,12,12.0,12,14,fernando-alonso,mclaren,honda,pirelli,,,1:37.913,97913.0,1:37.417,97417.0,,,,,,,11.0
953,2016,18,13,13.0,13,26,daniil-kvyat,toro-rosso,ferrari,pirelli,,,1:37.844,97844.0,1:37.480,97480.0,,,,,,,12.0
953,2016,18,14,14.0,14,21,esteban-gutierrez,haas,ferrari,pirelli,,,1:38.053,98053.0,1:37.773,97773.0,,,,,,,10.0
953,2016,18,15,15.0,15,30,jolyon-palmer,renault,renault,pirelli,,,1:38.084,98084.0,1:37.935,97935.0,,,,,,,9.0
953,2016,18,16,16.0,16,9,marcus-ericsson,sauber,ferrari,pirelli,,,1:38.040,98040.0,1:39.356,99356.0,,,,,,,11.0
953,2016,18,17,17.0,17,8,romain-grosjean,haas,ferrari,pirelli,,,1:38.308,98308.0,,,,,,,,,8.0
953,2016,18,18,18.0,18,20,kevin-magnussen,renault,renault,pirelli,,,1:38.317,98317.0,,,,,,,,,6.0
953,2016,18,19,19.0,19,22,jenson-button,mclaren,honda,pirelli,,,1:38.327,98327.0,,,,,,,,,6.0
953,2016,18,20,20.0,20,94,pascal-wehrlein,manor,mercedes,pirelli,,,1:38.548,98548.0,,,,,,,,,9.0
953,2016,18,21,21.0,21,12,felipe-nasr,sauber,ferrari,pirelli,,,1:38.583,98583.0,,,,,,,,,8.0
953,2016,18,22,22.0,22,31,esteban-ocon,manor,mercedes,pirelli,,,1:38.806,98806.0,,,,,,,,,8.0
954,2016,19,1,1.0,1,44,lewis-hamilton,mercedes,mercedes,pirelli,,,1:19.447,79447.0,1:19.137,79137.0,1:18.704,78704.0,,,,,18.0
954,2016,19,2,2.0,2,6,nico-rosberg,mercedes,mercedes,pirelli,,,1:19.996,79996.0,1:19.761,79761.0,1:18.958,78958.0,+0.254,254.0,+0.254,254.0,22.0
954,2016,19,3,3.0,3,33,max-verstappen,red-bull,tag-heuer,pirelli,,,1:19.874,79874.0,1:18.972,78972.0,1:19.054,79054.0,+0.350,350.0,+0.096,96.0,14.0
954,2016,19,4,4.0,4,3,daniel-ricciardo,red-bull,tag-heuer,pirelli,,,1:19.713,79713.0,1:19.553,79553.0,1:19.133,79133.0,+0.429,429.0,+0.079,79.0,15.0
954,2016,19,5,5.0,5,27,nico-hulkenberg,force-india,mercedes,pirelli,,,1:20.599,80599.0,1:19.769,79769.0,1:19.330,79330.0,+0.626,626.0,+0.197,197.0,22.0
954,2016,19,6,6.0,6,7,kimi-raikkonen,ferrari,ferrari,pirelli,,,1:19.554,79554.0,1:19.936,79936.0,1:19.376,79376.0,+0.672,672.0,+0.046,46.0,21.0
954,2016,19,7,7.0,7,5,sebastian-vettel,ferrari,ferrari,pirelli,,,1:19.865,79865.0,1:19.385,79385.0,1:19.381,79381.0,+0.677,677.0,+0.005,5.0,17.0
954,2016,19,8,8.0,8,77,valtteri-bottas,williams,mercedes,pirelli,,,1:20.338,80338.0,1:19.958,79958.0,1:19.551,79551.0,+0.847,847.0,+0.170,170.0,20.0
954,2016,19,9,9.0,9,19,felipe-massa,williams,mercedes,pirelli,,,1:20.423,80423.0,1:20.151,80151.0,1:20.032,80032.0,+1.328,1328.0,+0.481,481.0,19.0
954,2016,19,10,10.0,10,55,carlos-sainz-jr,toro-rosso,ferrari,pirelli,,,1:20.457,80457.0,1:20.169,80169.0,1:20.378,80378.0,+1.674,1674.0,+0.346,346.0,24.0
954,2016,19,11,11.0,11,14,fernando-alonso,mclaren,honda,pirelli,,,1:20.552,80552.0,1:20.282,80282.0,,,,,,,12.0
954,2016,19,12,12.0,12,11,sergio-perez,force-india,mercedes,pirelli,,,1:20.308,80308.0,1:20.287,80287.0,,,,,,,14.0
954,2016,19,13,13.0,13,22,jenson-button,mclaren,honda,pirelli,,,1:21.333,81333.0,1:20.673,80673.0,,,,,,,17.0
954,2016,19,14,14.0,14,20,kevin-magnussen,renault,renault,pirelli,,,1:21.254,81254.0,1:21.131,81131.0,,,,,,,18.0
954,2016,19,15,15.0,15,9,marcus-ericsson,sauber,ferrari,pirelli,,,1:21.062,81062.0,1:21.536,81536.0,,,,,,,15.0
954,2016,19,16,16.0,16,94,pascal-wehrlein,manor,mercedes,pirelli,,,1:21.363,81363.0,1:21.785,81785.0,,,,,,,17.0
954,2016,19,17,17.0,17,21,esteban-gutierrez,haas,ferrari,pirelli,,,1:21.401,81401.0,,,,,,,,,9.0
954,2016,19,18,18.0,18,26,daniil-kvyat,toro-rosso,ferrari,pirelli,,,1:21.454,81454.0,,,,,,,,,4.0
954,2016,19,19,19.0,19,12,felipe-nasr,sauber,ferrari,pirelli,,,1:21.692,81692.0,,,,,,,,,9.0
954,2016,19,20,20.0,20,31,esteban-ocon,manor,mercedes,pirelli,,,1:21.881,81881.0,,,,,,,,,10.0
954,2016,19,21,21.0,21,8,romain-grosjean,haas,ferrari,pirelli,,,1:21.916,81916.0,,,,,,,,,10.0
954,2016,19,22,,NC,30,jolyon-palmer,renault,renault,pirelli,,,,,,,,,,,,,
955,2016,20,1,1.0,1,44,lewis-hamilton,mercedes,mercedes,pirelli,,,1:11.511,71511.0,1:11.238,71238.0,1:10.736,70736.0,,,,,12.0
955,2016,20,2,2.0,2,6,nico-rosberg,mercedes,mercedes,pirelli,,,1:11.815,71815.0,1:11.373,71373.0,1:10.838,70838.0,+0.102,102.0,+0.102,102.0,12.0
955,2016,20,3,3.0,3,7,kimi-raikkonen,ferrari,ferrari,pirelli,,,1:12.100,72100.0,1:12.301,72301.0,1:11.404,71404.0,+0.668,668.0,+0.566,566.0,15.0
955,2016,20,4,4.0,4,33,max-verstappen,red-bull,tag-heuer,pirelli,,,1:11.957,71957.0,1:11.834,71834.0,1:11.485,71485.0,+0.749,749.0,+0.081,81.0,12.0
955,2016,20,5,5.0,5,5,sebastian-vettel,ferrari,ferrari,pirelli,,,1:12.159,72159.0,1:12.010,72010.0,1:11.495,71495.0,+0.759,759.0,+0.010,10.0,13.0
955,2016,20,6,6.0,6,3,daniel-ricciardo,red-bull,tag-heuer,pirelli,,,1:12.409,72409.0,1:12.047,72047.0,1:11.540,71540.0,+0.804,804.0,+0.045,45.0,12.0
955,2016,20,7,7.0,7,8,romain-grosjean,haas,ferrari,pirelli,,,1:12.893,72893.0,1:12.343,72343.0,1:11.937,71937.0,+1.201,1201.0,+0.397,397.0,18.0
955,2016,20,8,8.0,8,27,nico-hulkenberg,force-india,mercedes,pirelli,,,1:12.428,72428.0,1:12.360,72360.0,1:12.104,72104.0,+1.368,1368.0,+0.167,167.0,20.0
955,2016,20,9,9.0,9,11,sergio-perez,force-india,mercedes,pirelli,,,1:12.684,72684.0,1:12.331,72331.0,1:12.165,72165.0,+1.429,1429.0,+0.061,61.0,21.0
955,2016,20,10,10.0,10,14,fernando-alonso,mclaren,honda,pirelli,,,1:12.700,72700.0,1:12.312,72312.0,1:12.266,72266.0,+1.530,1530.0,+0.101,101.0,17.0
955,2016,20,11,11.0,11,77,valtteri-bottas,williams,mercedes,pirelli,,,1:12.680,72680.0,1:12.420,72420.0,,,,,,,10.0
955,2016,20,12,12.0,12,21,esteban-gutierrez,haas,ferrari,pirelli,,,1:13.052,73052.0,1:12.431,72431.0,,,,,,,14.0
955,2016,20,13,13.0,13,19,felipe-massa,williams,mercedes,pirelli,,,1:12.432,72432.0,1:12.521,72521.0,,,,,,,11.0
955,2016,20,14,14.0,14,26,daniil-kvyat,toro-rosso,ferrari,pirelli,,,1:13.071,73071.0,1:12.726,72726.0,,,,,,,15.0
955,2016,20,15,15.0,15,55,carlos-sainz-jr,toro-rosso,ferrari,pirelli,,,1:12.950,72950.0,1:12.920,72920.0,,,,,,,15.0
955,2016,20,16,16.0,16,30,jolyon-palmer,renault,renault,pirelli,,,1:13.259,73259.0,1:13.258,73258.0,,,,,,,11.0
955,2016,20,17,17.0,17,22,jenson-button,mclaren,honda,pirelli,,,1:13.276,73276.0,,,,,,,,,10.0
955,2016,20,18,18.0,18,20,kevin-magnussen,renault,renault,pirelli,,,1:13.410,73410.0,,,,,,,,,6.0
955,2016,20,19,19.0,19,94,pascal-wehrlein,manor,mercedes,pirelli,,,1:13.427,73427.0,,,,,,,,,8.0
955,2016,20,20,20.0,20,31,esteban-ocon,manor,mercedes,pirelli,,,1:13.432,73432.0,,,,,,,,,8.0
955,2016,20,21,21.0,21,9,marcus-ericsson,sauber,ferrari,pirelli,,,1:13.623,73623.0,,,,,,,,,8.0
955,2016,20,22,22.0,22,12,felipe-nasr,sauber,ferrari,pirelli,,,1:13.681,73681.0,,,,,,,,,8.0
956,2016,21,1,1.0,1,44,lewis-hamilton,mercedes,mercedes,pirelli,,,1:39.487,99487.0,1:39.382,99382.0,1:38.755,98755.0,,,,,12.0
956,2016,21,2,2.0,2,6,nico-rosberg,mercedes,mercedes,pirelli,,,1:40.511,100511.0,1:39.490,99490.0,1:39.058,99058.0,+0.303,303.0,+0.303,303.0,12.0
956,2016,21,3,3.0,3,3,daniel-ricciardo,red-bull,tag-heuer,pirelli,,,1:41.002,101002.0,1:40.429,100429.0,1:39.589,99589.0,+0.834,834.0,+0.531,531.0,17.0
956,2016,21,4,4.0,4,7,kimi-raikkonen,ferrari,ferrari,pirelli,,,1:40.338,100338.0,1:39.629,99629.0,1:39.604,99604.0,+0.849,849.0,+0.015,15.0,14.0
956,2016,21,5,5.0,5,5,sebastian-vettel,ferrari,ferrari,pirelli,,,1:40.341,100341.0,1:40.034,100034.0,1:39.661,99661.0,+0.906,906.0,+0.057,57.0,14.0
956,2016,21,6,6.0,6,33,max-verstappen,red-bull,tag-heuer,pirelli,,,1:40.424,100424.0,1:39.903,99903.0,1:39.818,99818.0,+1.063,1063.0,+0.157,157.0,13.0
956,2016,21,7,7.0,7,27,nico-hulkenberg,force-india,mercedes,pirelli,,,1:41.000,101000.0,1:40.709,100709.0,1:40.501,100501.0,+1.746,1746.0,+0.683,683.0,12.0
956,2016,21,8,8.0,8,11,sergio-perez,force-india,mercedes,pirelli,,,1:40.864,100864.0,1:40.743,100743.0,1:40.519,100519.0,+1.764,1764.0,+0.018,18.0,12.0
956,2016,21,9,9.0,9,14,fernando-alonso,mclaren,honda,pirelli,,,1:41.616,101616.0,1:41.044,101044.0,1:41.106,101106.0,+2.351,2351.0,+0.587,587.0,17.0
956,2016,21,10,10.0,10,19,felipe-massa,williams,mercedes,pirelli,,,1:41.157,101157.0,1:40.858,100858.0,1:41.213,101213.0,+2.458,2458.0,+0.107,107.0,15.0
956,2016,21,11,11.0,11,77,valtteri-bottas,williams,mercedes,pirelli,,,1:41.192,101192.0,1:41.084,101084.0,,,,,,,9.0
956,2016,21,12,12.0,12,22,jenson-button,mclaren,honda,pirelli,,,1:41.158,101158.0,1:41.272,101272.0,,,,,,,14.0
956,2016,21,13,13.0,13,21,esteban-gutierrez,haas,ferrari,pirelli,,,1:41.639,101639.0,1:41.480,101480.0,,,,,,,16.0
956,2016,21,14,14.0,14,8,romain-grosjean,haas,ferrari,pirelli,,,1:41.467,101467.0,1:41.564,101564.0,,,,,,,15.0
956,2016,21,15,15.0,15,30,jolyon-palmer,renault,renault,pirelli,,,1:41.775,101775.0,1:41.820,101820.0,,,,,,,14.0
956,2016,21,16,16.0,16,94,pascal-wehrlein,manor,mercedes,pirelli,,,1:41.886,101886.0,1:41.995,101995.0,,,,,,,14.0
956,2016,21,17,17.0,17,26,daniil-kvyat,toro-rosso,ferrari,pirelli,,,1:42.003,102003.0,,,,,,,,,9.0
956,2016,21,18,18.0,18,20,kevin-magnussen,renault,renault,pirelli,,,1:42.142,102142.0,,,,,,,,,6.0
956,2016,21,19,19.0,19,12,felipe-nasr,sauber,ferrari,pirelli,,,1:42.247,102247.0,,,,,,,,,8.0
956,2016,21,20,20.0,20,31,esteban-ocon,manor,mercedes,pirelli,,,1:42.286,102286.0,,,,,,,,,8.0
956,2016,21,21,21.0,21,55,carlos-sainz-jr,toro-rosso,ferrari,pirelli,,,1:42.393,102393.0,,,,,,,,,9.0
956,2016,21,22,22.0,22,9,marcus-ericsson,sauber,ferrari,pirelli,,,1:42.637,102637.0,,,,,,,,,8.0
957,2017,1,1,1.0,1,44,lewis-hamilton,mercedes,mercedes,pirelli,,,1:24.191,84191.0,1:23.251,83251.0,1:22.188,82188.0,,,,,14.0
957,2017,1,2,2.0,2,5,sebastian-vettel,ferrari,ferrari,pirelli,,,1:25.210,85210.0,1:23.401,83401.0,1:22.456,82456.0,+0.268,268.0,+0.268,268.0,17.0
957,2017,1,3,3.0,3,77,valtteri-bottas,mercedes,mercedes,pirelli,,,1:24.514,84514.0,1:23.215,83215.0,1:22.481,82481.0,+0.293,293.0,+0.025,25.0,13.0
957,2017,1,4,4.0,4,7,kimi-raikkonen,ferrari,ferrari,pirelli,,,1:24.352,84352.0,1:23.376,83376.0,1:23.033,83033.0,+0.845,845.0,+0.552,552.0,19.0
957,2017,1,5,5.0,5,33,max-verstappen,red-bull,tag-heuer,pirelli,,,1:24.482,84482.0,1:24.092,84092.0,1:23.485,83485.0,+1.297,1297.0,+0.452,452.0,18.0
957,2017,1,6,6.0,6,8,romain-grosjean,haas,ferrari,pirelli,,,1:25.419,85419.0,1:24.718,84718.0,1:24.074,84074.0,+1.886,1886.0,+0.589,589.0,17.0
957,2017,1,7,7.0,7,19,felipe-massa,williams,mercedes,pirelli,,,1:25.099,85099.0,1:24.597,84597.0,1:24.443,84443.0,+2.255,2255.0,+0.369,369.0,16.0
957,2017,1,8,8.0,8,55,carlos-sainz-jr,toro-rosso,toro-rosso,pirelli,,,1:25.542,85542.0,1:24.997,84997.0,1:24.487,84487.0,+2.299,2299.0,+0.044,44.0,16.0
957,2017,1,9,9.0,9,26,daniil-kvyat,toro-rosso,toro-rosso,pirelli,,,1:25.970,85970.0,1:24.864,84864.0,1:24.512,84512.0,+2.324,2324.0,+0.025,25.0,16.0
957,2017,1,10,10.0,10,3,daniel-ricciardo,red-bull,tag-heuer,pirelli,,,1:25.383,85383.0,1:23.989,83989.0,,,,,,,10.0
957,2017,1,11,11.0,11,11,sergio-perez,force-india,mercedes,pirelli,,,1:25.064,85064.0,1:25.081,85081.0,,,,,,,13.0
957,2017,1,12,12.0,12,27,nico-hulkenberg,renault,renault,pirelli,,,1:24.975,84975.0,1:25.091,85091.0,,,,,,,12.0
957,2017,1,13,13.0,13,14,fernando-alonso,mclaren,honda,pirelli,,,1:25.872,85872.0,1:25.425,85425.0,,,,,,,15.0
957,2017,1,14,14.0,14,31,esteban-ocon,force-india,mercedes,pirelli,,,1:26.009,86009.0,1:25.568,85568.0,,,,,,,16.0
957,2017,1,15,15.0,15,9,marcus-ericsson,sauber,ferrari,pirelli,,,1:26.236,86236.0,1:26.465,86465.0,,,,,,,15.0
957,2017,1,16,16.0,16,36,antonio-giovinazzi,sauber,ferrari,pirelli,,,1:26.419,86419.0,,,,,,,,,8.0
957,2017,1,17,17.0,17,20,kevin-magnussen,haas,ferrari,pirelli,,,1:26.847,86847.0,,,,,,,,,7.0
957,2017,1,18,18.0,18,2,stoffel-vandoorne,mclaren,honda,pirelli,,,1:26.858,86858.0,,,,,,,,,6.0
957,2017,1,19,19.0,19,18,lance-stroll,williams,mercedes,pirelli,,,1:27.143,87143.0,,,,,,,,,7.0
957,2017,1,20,20.0,20,30,jolyon-palmer,renault,renault,pirelli,,,1:28.244,88244.0,,,,,,,,,7.0
958,2017,2,1,1.0,1,44,lewis-hamilton,mercedes,mercedes,pirelli,,,1:33.333,93333.0,1:32.406,92406.0,1:31.678,91678.0,,,,,13.0
958,2017,2,2,2.0,2,5,sebastian-vettel,ferrari,ferrari,pirelli,,,1:33.078,93078.0,1:32.391,92391.0,1:31.864,91864.0,+0.186,186.0,+0.186,186.0,15.0
958,2017,2,3,3.0,3,77,valtteri-bottas,mercedes,mercedes,pirelli,,,1:33.684,93684.0,1:32.552,92552.0,1:31.865,91865.0,+0.187,187.0,+0.001,1.0,14.0
958,2017,2,4,4.0,4,7,kimi-raikkonen,ferrari,ferrari,pirelli,,,1:33.341,93341.0,1:32.181,92181.0,1:32.140,92140.0,+0.462,462.0,+0.275,275.0,15.0
958,2017,2,5,5.0,5,3,daniel-ricciardo,red-bull,tag-heuer,pirelli,,,1:34.041,94041.0,1:33.546,93546.0,1:33.033,93033.0,+1.355,1355.0,+0.893,893.0,12.0
958,2017,2,6,6.0,6,19,felipe-massa,williams,mercedes,pirelli,,,1:34.205,94205.0,1:33.759,93759.0,1:33.507,93507.0,+1.829,1829.0,+0.474,474.0,14.0
958,2017,2,7,7.0,7,27,nico-hulkenberg,renault,renault,pirelli,,,1:34.453,94453.0,1:33.636,93636.0,1:33.580,93580.0,+1.902,1902.0,+0.073,73.0,16.0
958,2017,2,8,8.0,8,11,sergio-perez,force-india,mercedes,pirelli,,,1:34.657,94657.0,1:33.920,93920.0,1:33.706,93706.0,+2.028,2028.0,+0.126,126.0,15.0
958,2017,2,9,9.0,9,26,daniil-kvyat,toro-rosso,toro-rosso,pirelli,,,1:34.440,94440.0,1:34.034,94034.0,1:33.719,93719.0,+2.041,2041.0,+0.013,13.0,17.0
958,2017,2,10,10.0,10,18,lance-stroll,williams,mercedes,pirelli,,,1:33.986,93986.0,1:34.090,94090.0,1:34.220,94220.0,+2.542,2542.0,+0.501,501.0,18.0
958,2017,2,11,11.0,11,55,carlos-sainz-jr,toro-rosso,toro-rosso,pirelli,,,1:34.567,94567.0,1:34.150,94150.0,,,,,,,11.0
958,2017,2,12,12.0,12,20,kevin-magnussen,haas,ferrari,pirelli,,,1:34.942,94942.0,1:34.164,94164.0,,,,,,,12.0
958,2017,2,13,13.0,13,14,fernando-alonso,mclaren,honda,pirelli,,,1:34.499,94499.0,1:34.372,94372.0,,,,,,,11.0
958,2017,2,14,14.0,14,9,marcus-ericsson,sauber,ferrari,pirelli,,,1:34.892,94892.0,1:35.046,95046.0,,,,,,,15.0
958,2017,2,15,15.0,15,36,antonio-giovinazzi,sauber,ferrari,pirelli,,,1:34.963,94963.0,,,,,,,,,8.0
958,2017,2,16,16.0,16,2,stoffel-vandoorne,mclaren,honda,pirelli,,,1:35.023,95023.0,,,,,,,,,6.0
958,2017,2,17,17.0,17,8,romain-grosjean,haas,ferrari,pirelli,,,1:35.223,95223.0,,,,,,,,,6.0
958,2017,2,18,18.0,18,30,jolyon-palmer,renault,renault,pirelli,,,1:35.279,95279.0,,,,,,,,,6.0
958,2017,2,19,19.0,19,33,max-verstappen,red-bull,tag-heuer,pirelli,,,1:35.433,95433.0,,,,,,,,,7.0
958,2017,2,20,20.0,20,31,esteban-ocon,force-india,mercedes,pirelli,,,1:35.496,95496.0,,,,,,,,,8.0
959,2017,3,1,1.0,1,77,valtteri-bottas,mercedes,mercedes,pirelli,,,1:31.041,91041.0,1:29.555,89555.0,1:28.769,88769.0,,,,,12.0
959,2017,3,2,2.0,2,44,lewis-hamilton,mercedes,mercedes,pirelli,,,1:30.814,90814.0,1:29.535,89535.0,1:28.792,88792.0,+0.023,23.0,+0.023,23.0,13.0
959,2017,3,3,3.0,3,5,sebastian-vettel,ferrari,ferrari,pirelli,,,1:31.037,91037.0,1:29.596,89596.0,1:29.247,89247.0,+0.478,478.0,+0.455,455.0,12.0
959,2017,3,4,4.0,4,3,daniel-ricciardo,red-bull,tag-heuer,pirelli,,,1:31.667,91667.0,1:30.497,90497.0,1:29.545,89545.0,+0.776,776.0,+0.298,298.0,12.0
959,2017,3,5,5.0,5,7,kimi-raikkonen,ferrari,ferrari,pirelli,,,1:30.988,90988.0,1:29.843,89843.0,1:29.567,89567.0,+0.798,798.0,+0.022,22.0,16.0
959,2017,3,6,6.0,6,33,max-verstappen,red-bull,tag-heuer,pirelli,,,1:30.904,90904.0,1:30.307,90307.0,1:29.687,89687.0,+0.918,918.0,+0.120,120.0,12.0
959,2017,3,7,7.0,7,27,nico-hulkenberg,renault,renault,pirelli,,,1:31.057,91057.0,1:30.169,90169.0,1:29.842,89842.0,+1.073,1073.0,+0.155,155.0,15.0
959,2017,3,8,8.0,8,19,felipe-massa,williams,mercedes,pirelli,,,1:31.373,91373.0,1:30.677,90677.0,1:30.074,90074.0,+1.305,1305.0,+0.232,232.0,12.0
959,2017,3,9,9.0,9,8,romain-grosjean,haas,ferrari,pirelli,,,1:31.691,91691.0,1:30.857,90857.0,1:30.763,90763.0,+1.994,1994.0,+0.689,689.0,16.0
959,2017,3,10,10.0,10,30,jolyon-palmer,renault,renault,pirelli,,,1:31.458,91458.0,1:30.899,90899.0,1:31.074,91074.0,+2.305,2305.0,+0.311,311.0,15.0
959,2017,3,11,11.0,11,26,daniil-kvyat,toro-rosso,toro-rosso,pirelli,,,1:31.531,91531.0,1:30.923,90923.0,,,,,,,12.0
959,2017,3,12,12.0,12,18,lance-stroll,williams,mercedes,pirelli,,,1:31.748,91748.0,1:31.168,91168.0,,,,,,,12.0
959,2017,3,13,13.0,13,94,pascal-wehrlein,sauber,ferrari,pirelli,,,1:31.995,91995.0,1:31.414,91414.0,,,,,,,15.0
959,2017,3,14,14.0,14,31,esteban-ocon,force-india,mercedes,pirelli,,,1:31.774,91774.0,1:31.684,91684.0,,,,,,,12.0
959,2017,3,15,15.0,15,14,fernando-alonso,mclaren,honda,pirelli,,,1:32.054,92054.0,,,,,,,,,8.0
959,2017,3,16,16.0,16,55,carlos-sainz-jr,toro-rosso,toro-rosso,pirelli,,,1:32.118,92118.0,,,,,,,,,5.0
959,2017,3,17,17.0,17,2,stoffel-vandoorne,mclaren,honda,pirelli,,,1:32.313,92313.0,,,,,,,,,8.0
959,2017,3,18,18.0,18,11,sergio-perez,force-india,mercedes,pirelli,,,1:32.318,92318.0,,,,,,,,,7.0
959,2017,3,19,19.0,19,9,marcus-ericsson,sauber,ferrari,pirelli,,,1:32.543,92543.0,,,,,,,,,9.0
959,2017,3,20,20.0,20,20,kevin-magnussen,haas,ferrari,pirelli,,,1:32.900,92900.0,,,,,,,,,8.0
960,2017,4,1,1.0,1,5,sebastian-vettel,ferrari,ferrari,pirelli,,,1:34.493,94493.0,1:34.038,94038.0,1:33.194,93194.0,,,,,20.0
960,2017,4,2,2.0,2,7,kimi-raikkonen,ferrari,ferrari,pirelli,,,1:34.953,94953.0,1:33.663,93663.0,1:33.253,93253.0,+0.059,59.0,+0.059,59.0,18.0
960,2017,4,3,3.0,3,77,valtteri-bottas,mercedes,mercedes,pirelli,,,1:34.041,94041.0,1:33.264,93264.0,1:33.289,93289.0,+0.095,95.0,+0.036,36.0,18.0
960,2017,4,4,4.0,4,44,lewis-hamilton,mercedes,mercedes,pirelli,,,1:34.409,94409.0,1:33.760,93760.0,1:33.767,93767.0,+0.573,573.0,+0.478,478.0,19.0
960,2017,4,5,5.0,5,3,daniel-ricciardo,red-bull,tag-heuer,pirelli,,,1:35.560,95560.0,1:35.483,95483.0,1:34.905,94905.0,+1.711,1711.0,+1.138,1138.0,20.0
960,2017,4,6,6.0,6,19,felipe-massa,williams,mercedes,pirelli,,,1:35.828,95828.0,1:35.049,95049.0,1:35.110,95110.0,+1.916,1916.0,+0.205,205.0,20.0
960,2017,4,7,7.0,7,33,max-verstappen,red-bull,tag-heuer,pirelli,,,1:35.301,95301.0,1:35.221,95221.0,1:35.161,95161.0,+1.967,1967.0,+0.051,51.0,18.0
960,2017,4,8,8.0,8,27,nico-hulkenberg,renault,renault,pirelli,,,1:35.507,95507.0,1:35.328,95328.0,1:35.285,95285.0,+2.091,2091.0,+0.124,124.0,21.0
960,2017,4,9,9.0,9,11,sergio-perez,force-india,mercedes,pirelli,,,1:36.185,96185.0,1:35.513,95513.0,1:35.337,95337.0,+2.143,2143.0,+0.052,52.0,18.0
960,2017,4,10,10.0,10,31,esteban-ocon,force-india,mercedes,pirelli,,,1:35.372,95372.0,1:35.729,95729.0,1:35.430,95430.0,+2.236,2236.0,+0.093,93.0,20.0
960,2017,4,11,11.0,11,55,carlos-sainz-jr,toro-rosso,toro-rosso,pirelli,,,1:35.827,95827.0,1:35.948,95948.0,,,,,,,18.0
960,2017,4,12,12.0,12,18,lance-stroll,williams,mercedes,pirelli,,,1:36.279,96279.0,1:35.964,95964.0,,,,,,,18.0
960,2017,4,13,13.0,13,26,daniil-kvyat,toro-rosso,toro-rosso,pirelli,,,1:35.984,95984.0,1:35.968,95968.0,,,,,,,18.0
960,2017,4,14,14.0,14,20,kevin-magnussen,haas,ferrari,pirelli,,,1:36.408,96408.0,1:36.017,96017.0,,,,,,,16.0
960,2017,4,15,15.0,15,14,fernando-alonso,mclaren,honda,pirelli,,,1:36.353,96353.0,1:36.660,96660.0,,,,,,,14.0
960,2017,4,16,16.0,16,30,jolyon-palmer,renault,renault,pirelli,,,1:36.462,96462.0,,,,,,,,,9.0
960,2017,4,17,17.0,17,2,stoffel-vandoorne,mclaren,honda,pirelli,,,1:37.070,97070.0,,,,,,,,,9.0
960,2017,4,18,18.0,18,94,pascal-wehrlein,sauber,ferrari,pirelli,,,1:37.332,97332.0,,,,,,,,,9.0
960,2017,4,19,19.0,19,9,marcus-ericsson,sauber,ferrari,pirelli,,,1:37.507,97507.0,,,,,,,,,9.0
960,2017,4,20,20.0,20,8,romain-grosjean,haas,ferrari,pirelli,,,1:37.620,97620.0,,,,,,,,,9.0
961,2017,5,1,1.0,1,44,lewis-hamilton,mercedes,mercedes,pirelli,,,1:20.511,80511.0,1:20.210,80210.0,1:19.149,79149.0,,,,,12.0
961,2017,5,2,2.0,2,5,sebastian-vettel,ferrari,ferrari,pirelli,,,1:20.939,80939.0,1:20.295,80295.0,1:19.200,79200.0,+0.051,51.0,+0.051,51.0,16.0
961,2017,5,3,3.0,3,77,valtteri-bottas,mercedes,mercedes,pirelli,,,1:20.991,80991.0,1:20.300,80300.0,1:19.373,79373.0,+0.224,224.0,+0.173,173.0,15.0
961,2017,5,4,4.0,4,7,kimi-raikkonen,ferrari,ferrari,pirelli,,,1:20.742,80742.0,1:20.621,80621.0,1:19.439,79439.0,+0.290,290.0,+0.066,66.0,14.0
961,2017,5,5,5.0,5,33,max-verstappen,red-bull,tag-heuer,pirelli,,,1:21.430,81430.0,1:20.722,80722.0,1:19.706,79706.0,+0.557,557.0,+0.267,267.0,12.0
961,2017,5,6,6.0,6,3,daniel-ricciardo,red-bull,tag-heuer,pirelli,,,1:21.704,81704.0,1:20.855,80855.0,1:20.175,80175.0,+1.026,1026.0,+0.469,469.0,12.0
961,2017,5,7,7.0,7,14,fernando-alonso,mclaren,honda,pirelli,,,1:22.015,82015.0,1:21.251,81251.0,1:21.048,81048.0,+1.899,1899.0,+0.873,873.0,15.0
961,2017,5,8,8.0,8,11,sergio-perez,force-india,mercedes,pirelli,,,1:21.998,81998.0,1:21.239,81239.0,1:21.070,81070.0,+1.921,1921.0,+0.022,22.0,14.0
961,2017,5,9,9.0,9,19,felipe-massa,williams,mercedes,pirelli,,,1:22.138,82138.0,1:21.222,81222.0,1:21.232,81232.0,+2.083,2083.0,+0.162,162.0,15.0
961,2017,5,10,10.0,10,31,esteban-ocon,force-india,mercedes,pirelli,,,1:21.901,81901.0,1:21.148,81148.0,1:21.272,81272.0,+2.123,2123.0,+0.040,40.0,17.0
961,2017,5,11,11.0,11,20,kevin-magnussen,haas,ferrari,pirelli,,,1:21.945,81945.0,1:21.329,81329.0,,,,,,,13.0
961,2017,5,12,12.0,12,55,carlos-sainz-jr,toro-rosso,toro-rosso,pirelli,,,1:21.941,81941.0,1:21.371,81371.0,,,,,,,12.0
961,2017,5,13,13.0,13,27,nico-hulkenberg,renault,renault,pirelli,,,1:22.091,82091.0,1:21.397,81397.0,,,,,,,12.0
961,2017,5,14,14.0,14,8,romain-grosjean,haas,ferrari,pirelli,,,1:21.822,81822.0,1:21.517,81517.0,,,,,,,13.0
961,2017,5,15,15.0,15,94,pascal-wehrlein,sauber,ferrari,pirelli,,,1:22.327,82327.0,1:21.803,81803.0,,,,,,,15.0
961,2017,5,16,16.0,16,9,marcus-ericsson,sauber,ferrari,pirelli,,,1:22.332,82332.0,,,,,,,,,9.0
961,2017,5,17,17.0,17,30,jolyon-palmer,renault,renault,pirelli,,,1:22.401,82401.0,,,,,,,,,6.0
961,2017,5,18,18.0,18,18,lance-stroll,williams,mercedes,pirelli,,,1:22.411,82411.0,,,,,,,,,7.0
961,2017,5,19,19.0,19,2,stoffel-vandoorne,mclaren,honda,pirelli,,,1:22.532,82532.0,,,,,,,,,9.0
961,2017,5,20,20.0,20,26,daniil-kvyat,toro-rosso,toro-rosso,pirelli,,,1:22.746,82746.0,,,,,,,,,6.0
962,2017,6,1,1.0,1,7,kimi-raikkonen,ferrari,ferrari,pirelli,,,1:13.117,73117.0,1:12.231,72231.0,1:12.178,72178.0,,,,,23.0
962,2017,6,2,2.0,2,5,sebastian-vettel,ferrari,ferrari,pirelli,,,1:13.090,73090.0,1:12.449,72449.0,1:12.221,72221.0,+0.043,43.0,+0.043,43.0,23.0
962,2017,6,3,3.0,3,77,valtteri-bottas,mercedes,mercedes,pirelli,,,1:13.325,73325.0,1:12.901,72901.0,1:12.223,72223.0,+0.045,45.0,+0.002,2.0,30.0
962,2017,6,4,4.0,4,33,max-verstappen,red-bull,tag-heuer,pirelli,,,1:13.078,73078.0,1:12.697,72697.0,1:12.496,72496.0,+0.318,318.0,+0.273,273.0,24.0
962,2017,6,5,5.0,5,3,daniel-ricciardo,red-bull,tag-heuer,pirelli,,,1:13.219,73219.0,1:13.011,73011.0,1:12.998,72998.0,+0.820,820.0,+0.502,502.0,21.0
962,2017,6,6,6.0,6,55,carlos-sainz-jr,toro-rosso,toro-rosso,pirelli,,,1:13.526,73526.0,1:13.397,73397.0,1:13.162,73162.0,+0.984,984.0,+0.164,164.0,30.0
962,2017,6,7,7.0,7,11,sergio-perez,force-india,mercedes,pirelli,,,1:13.530,73530.0,1:13.430,73430.0,1:13.329,73329.0,+1.151,1151.0,+0.167,167.0,23.0
962,2017,6,8,8.0,8,8,romain-grosjean,haas,ferrari,pirelli,,,1:13.786,73786.0,1:13.203,73203.0,1:13.349,73349.0,+1.171,1171.0,+0.020,20.0,29.0
962,2017,6,9,9.0,9,22,jenson-button,mclaren,honda,pirelli,,,1:13.723,73723.0,1:13.453,73453.0,1:13.613,73613.0,+1.435,1435.0,+0.264,264.0,27.0
962,2017,6,10,10.0,10,2,stoffel-vandoorne,mclaren,honda,pirelli,,,1:13.476,73476.0,1:13.249,73249.0,,,,,,,20.0
962,2017,6,11,11.0,11,26,daniil-kvyat,toro-rosso,toro-rosso,pirelli,,,1:13.899,73899.0,1:13.516,73516.0,,,,,,,19.0
962,2017,6,12,12.0,12,27,nico-hulkenberg,renault,renault,pirelli,,,1:13.787,73787.0,1:13.628,73628.0,,,,,,,21.0
962,2017,6,13,13.0,13,20,kevin-magnussen,haas,ferrari,pirelli,,,1:13.531,73531.0,1:13.959,73959.0,,,,,,,20.0
962,2017,6,14,14.0,14,44,lewis-hamilton,mercedes,mercedes,pirelli,,,1:13.640,73640.0,1:14.106,74106.0,,,,,,,18.0
962,2017,6,15,15.0,15,19,felipe-massa,williams,mercedes,pirelli,,,1:13.796,73796.0,1:20.529,80529.0,,,,,,,20.0
962,2017,6,16,16.0,16,31,esteban-ocon,force-india,mercedes,pirelli,,,1:14.101,74101.0,,,,,,,,,7.0
962,2017,6,17,17.0,17,30,jolyon-palmer,renault,renault,pirelli,,,1:14.696,74696.0,,,,,,,,,11.0
962,2017,6,18,18.0,18,18,lance-stroll,williams,mercedes,pirelli,,,1:14.893,74893.0,,,,,,,,,7.0
962,2017,6,19,19.0,19,94,pascal-wehrlein,sauber,ferrari,pirelli,,,1:15.159,75159.0,,,,,,,,,11.0
962,2017,6,20,20.0,20,9,marcus-ericsson,sauber,ferrari,pirelli,,,1:15.276,75276.0,,,,,,,,,11.0
963,2017,7,1,1.0,1,44,lewis-hamilton,mercedes,mercedes,pirelli,,,1:12.692,72692.0,1:12.496,72496.0,1:11.459,71459.0,,,,,21.0
963,2017,7,2,2.0,2,5,sebastian-vettel,ferrari,ferrari,pirelli,,,1:13.046,73046.0,1:12.749,72749.0,1:11.789,71789.0,+0.330,330.0,+0.330,330.0,21.0
963,2017,7,3,3.0,3,77,valtteri-bottas,mercedes,mercedes,pirelli,,,1:12.685,72685.0,1:12.563,72563.0,1:12.177,72177.0,+0.718,718.0,+0.388,388.0,20.0
963,2017,7,4,4.0,4,7,kimi-raikkonen,ferrari,ferrari,pirelli,,,1:13.548,73548.0,1:12.580,72580.0,1:12.252,72252.0,+0.793,793.0,+0.075,75.0,23.0
963,2017,7,5,5.0,5,33,max-verstappen,red-bull,tag-heuer,pirelli,,,1:13.177,73177.0,1:12.751,72751.0,1:12.403,72403.0,+0.944,944.0,+0.151,151.0,26.0
963,2017,7,6,6.0,6,3,daniel-ricciardo,red-bull,tag-heuer,pirelli,,,1:13.543,73543.0,1:12.810,72810.0,1:12.557,72557.0,+1.098,1098.0,+0.154,154.0,28.0
963,2017,7,7,7.0,7,19,felipe-massa,williams,mercedes,pirelli,,,1:13.435,73435.0,1:13.012,73012.0,1:12.858,72858.0,+1.399,1399.0,+0.301,301.0,27.0
963,2017,7,8,8.0,8,11,sergio-perez,force-india,mercedes,pirelli,,,1:13.470,73470.0,1:13.262,73262.0,1:13.018,73018.0,+1.559,1559.0,+0.160,160.0,22.0
963,2017,7,9,9.0,9,31,esteban-ocon,force-india,mercedes,pirelli,,,1:13.520,73520.0,1:13.320,73320.0,1:13.135,73135.0,+1.676,1676.0,+0.117,117.0,22.0
963,2017,7,10,10.0,10,27,nico-hulkenberg,renault,renault,pirelli,,,1:13.804,73804.0,1:13.406,73406.0,1:13.271,73271.0,+1.812,1812.0,+0.136,136.0,24.0
963,2017,7,11,11.0,11,26,daniil-kvyat,toro-rosso,toro-rosso,pirelli,,,1:13.802,73802.0,1:13.690,73690.0,,,,,,,18.0
963,2017,7,12,12.0,12,14,fernando-alonso,mclaren,honda,pirelli,,,1:13.669,73669.0,1:13.693,73693.0,,,,,,,18.0
963,2017,7,13,13.0,13,55,carlos-sainz-jr,toro-rosso,toro-rosso,pirelli,,,1:14.051,74051.0,1:13.756,73756.0,,,,,,,19.0
963,2017,7,14,14.0,14,8,romain-grosjean,haas,ferrari,pirelli,,,1:13.780,73780.0,1:13.839,73839.0,,,,,,,21.0
963,2017,7,15,15.0,15,30,jolyon-palmer,renault,renault,pirelli,,,1:13.990,73990.0,1:14.293,74293.0,,,,,,,20.0
963,2017,7,16,16.0,16,2,stoffel-vandoorne,mclaren,honda,pirelli,,,1:14.182,74182.0,,,,,,,,,11.0
963,2017,7,17,17.0,17,18,lance-stroll,williams,mercedes,pirelli,,,1:14.209,74209.0,,,,,,,,,14.0
963,2017,7,18,18.0,18,20,kevin-magnussen,haas,ferrari,pirelli,,,1:14.318,74318.0,,,,,,,,,11.0
963,2017,7,19,19.0,19,9,marcus-ericsson,sauber,ferrari,pirelli,,,1:14.495,74495.0,,,,,,,,,11.0
963,2017,7,20,20.0,20,94,pascal-wehrlein,sauber,ferrari,pirelli,,,1:14.810,74810.0,,,,,,,,,10.0
964,2017,8,1,1.0,1,44,lewis-hamilton,mercedes,mercedes,pirelli,,,1:41.983,101983.0,1:41.275,101275.0,1:40.593,100593.0,,,,,20.0
964,2017,8,2,2.0,2,77,valtteri-bottas,mercedes,mercedes,pirelli,,,1:43.026,103026.0,1:41.502,101502.0,1:41.027,101027.0,+0.434,434.0,+0.434,434.0,23.0
964,2017,8,3,3.0,3,7,kimi-raikkonen,ferrari,ferrari,pirelli,,,1:42.678,102678.0,1:42.090,102090.0,1:41.693,101693.0,+1.100,1100.0,+0.666,666.0,23.0
964,2017,8,4,4.0,4,5,sebastian-vettel,ferrari,ferrari,pirelli,,,1:42.952,102952.0,1:41.911,101911.0,1:41.841,101841.0,+1.248,1248.0,+0.148,148.0,23.0
964,2017,8,5,5.0,5,33,max-verstappen,red-bull,tag-heuer,pirelli,,,1:42.544,102544.0,1:41.961,101961.0,1:41.879,101879.0,+1.286,1286.0,+0.038,38.0,22.0
964,2017,8,6,6.0,6,11,sergio-perez,force-india,mercedes,pirelli,,,1:43.162,103162.0,1:42.467,102467.0,1:42.111,102111.0,+1.518,1518.0,+0.232,232.0,21.0
964,2017,8,7,7.0,7,31,esteban-ocon,force-india,mercedes,pirelli,,,1:43.051,103051.0,1:42.751,102751.0,1:42.186,102186.0,+1.593,1593.0,+0.075,75.0,21.0
964,2017,8,8,8.0,8,18,lance-stroll,williams,mercedes,pirelli,,,1:43.613,103613.0,1:42.284,102284.0,1:42.753,102753.0,+2.160,2160.0,+0.567,567.0,21.0
964,2017,8,9,9.0,9,19,felipe-massa,williams,mercedes,pirelli,,,1:43.165,103165.0,1:42.735,102735.0,1:42.798,102798.0,+2.205,2205.0,+0.045,45.0,22.0
964,2017,8,10,10.0,10,3,daniel-ricciardo,red-bull,tag-heuer,pirelli,,,1:42.857,102857.0,1:42.215,102215.0,1:43.414,103414.0,+2.821,2821.0,+0.616,616.0,20.0
964,2017,8,11,11.0,11,26,daniil-kvyat,toro-rosso,toro-rosso,pirelli,,,1:42.927,102927.0,1:43.186,103186.0,,,,,,,19.0
964,2017,8,12,12.0,12,55,carlos-sainz-jr,toro-rosso,toro-rosso,pirelli,,,1:43.489,103489.0,1:43.347,103347.0,,,,,,,20.0
964,2017,8,13,13.0,13,20,kevin-magnussen,haas,ferrari,pirelli,,,1:44.029,104029.0,1:43.796,103796.0,,,,,,,18.0
964,2017,8,14,14.0,14,27,nico-hulkenberg,renault,renault,pirelli,,,1:43.930,103930.0,1:44.267,104267.0,,,,,,,12.0
964,2017,8,15,15.0,15,94,pascal-wehrlein,sauber,ferrari,pirelli,,,1:44.317,104317.0,1:44.603,104603.0,,,,,,,18.0
964,2017,8,16,16.0,16,14,fernando-alonso,mclaren,honda,pirelli,,,1:44.334,104334.0,,,,,,,,,9.0
964,2017,8,17,17.0,17,8,romain-grosjean,haas,ferrari,pirelli,,,1:44.468,104468.0,,,,,,,,,10.0
964,2017,8,18,18.0,18,9,marcus-ericsson,sauber,ferrari,pirelli,,,1:44.795,104795.0,,,,,,,,,10.0
964,2017,8,19,19.0,19,2,stoffel-vandoorne,mclaren,honda,pirelli,,,1:45.030,105030.0,,,,,,,,,8.0
964,2017,8,20,,NC,30,jolyon-palmer,renault,renault,pirelli,,,,,,,,,,,,,
965,2017,9,1,1.0,1,77,valtteri-bottas,mercedes,mercedes,pirelli,,,1:05.760,65760.0,1:04.316,64316.0,1:04.251,64251.0,,,,,18.0
965,2017,9,2,2.0,2,5,sebastian-vettel,ferrari,ferrari,pirelli,,,1:05.585,65585.0,1:04.772,64772.0,1:04.293,64293.0,+0.042,42.0,+0.042,42.0,17.0
965,2017,9,3,3.0,3,44,lewis-hamilton,mercedes,mercedes,pirelli,,,1:05.064,65064.0,1:04.800,64800.0,1:04.424,64424.0,+0.173,173.0,+0.131,131.0,17.0
965,2017,9,4,4.0,4,7,kimi-raikkonen,ferrari,ferrari,pirelli,,,1:05.148,65148.0,1:05.004,65004.0,1:04.779,64779.0,+0.528,528.0,+0.355,355.0,17.0
965,2017,9,5,5.0,5,3,daniel-ricciardo,red-bull,tag-heuer,pirelli,,,1:05.854,65854.0,1:05.161,65161.0,1:04.896,64896.0,+0.645,645.0,+0.117,117.0,22.0
965,2017,9,6,6.0,6,33,max-verstappen,red-bull,tag-heuer,pirelli,,,1:05.779,65779.0,1:04.948,64948.0,1:04.983,64983.0,+0.732,732.0,+0.087,87.0,16.0
965,2017,9,7,7.0,7,8,romain-grosjean,haas,ferrari,pirelli,,,1:05.902,65902.0,1:05.319,65319.0,1:05.480,65480.0,+1.229,1229.0,+0.497,497.0,30.0
965,2017,9,8,8.0,8,11,sergio-perez,force-india,mercedes,pirelli,,,1:05.975,65975.0,1:05.435,65435.0,1:05.605,65605.0,+1.354,1354.0,+0.125,125.0,21.0
965,2017,9,9,9.0,9,31,esteban-ocon,force-india,mercedes,pirelli,,,1:06.033,66033.0,1:05.550,65550.0,1:05.674,65674.0,+1.423,1423.0,+0.069,69.0,22.0
965,2017,9,10,10.0,10,55,carlos-sainz-jr,toro-rosso,toro-rosso,pirelli,,,1:05.675,65675.0,1:05.544,65544.0,1:05.726,65726.0,+1.475,1475.0,+0.052,52.0,23.0
965,2017,9,11,11.0,11,27,nico-hulkenberg,renault,renault,pirelli,,,1:06.174,66174.0,1:05.597,65597.0,,,,,,,16.0
965,2017,9,12,12.0,12,14,fernando-alonso,mclaren,honda,pirelli,,,1:06.158,66158.0,1:05.602,65602.0,,,,,,,14.0
965,2017,9,13,13.0,13,2,stoffel-vandoorne,mclaren,honda,pirelli,,,1:06.316,66316.0,1:05.741,65741.0,,,,,,,14.0
965,2017,9,14,14.0,14,26,daniil-kvyat,toro-rosso,toro-rosso,pirelli,,,1:05.990,65990.0,1:05.884,65884.0,,,,,,,16.0
965,2017,9,15,15.0,15,20,kevin-magnussen,haas,ferrari,pirelli,,,1:06.143,66143.0,,,,,,,,,6.0
965,2017,9,16,16.0,16,30,jolyon-palmer,renault,renault,pirelli,,,1:06.345,66345.0,,,,,,,,,10.0
965,2017,9,17,17.0,17,19,felipe-massa,williams,mercedes,pirelli,,,1:06.534,66534.0,,,,,,,,,8.0
965,2017,9,18,18.0,18,18,lance-stroll,williams,mercedes,pirelli,,,1:06.608,66608.0,,,,,,,,,11.0
965,2017,9,19,19.0,19,9,marcus-ericsson,sauber,ferrari,pirelli,,,1:06.857,66857.0,,,,,,,,,12.0
965,2017,9,20,20.0,20,94,pascal-wehrlein,sauber,ferrari,pirelli,,,1:07.011,67011.0,,,,,,,,,11.0
966,2017,10,1,1.0,1,44,lewis-hamilton,mercedes,mercedes,pirelli,,,1:39.069,99069.0,1:27.893,87893.0,1:26.600,86600.0,,,,,25.0
966,2017,10,2,2.0,2,7,kimi-raikkonen,ferrari,ferrari,pirelli,,,1:40.455,100455.0,1:28.992,88992.0,1:27.147,87147.0,+0.547,547.0,+0.547,547.0,26.0
966,2017,10,3,3.0,3,5,sebastian-vettel,ferrari,ferrari,pirelli,,,1:39.962,99962.0,1:28.978,88978.0,1:27.356,87356.0,+0.756,756.0,+0.209,209.0,24.0
966,2017,10,4,4.0,4,77,valtteri-bottas,mercedes,mercedes,pirelli,,,1:39.698,99698.0,1:28.732,88732.0,1:27.376,87376.0,+0.776,776.0,+0.020,20.0,26.0
966,2017,10,5,5.0,5,33,max-verstappen,red-bull,tag-heuer,pirelli,,,1:38.912,98912.0,1:29.431,89431.0,1:28.130,88130.0,+1.530,1530.0,+0.754,754.0,23.0
966,2017,10,6,6.0,6,27,nico-hulkenberg,renault,renault,pirelli,,,1:39.201,99201.0,1:29.340,89340.0,1:28.856,88856.0,+2.256,2256.0,+0.726,726.0,21.0
966,2017,10,7,7.0,7,11,sergio-perez,force-india,mercedes,pirelli,,,1:42.009,102009.0,1:29.824,89824.0,1:28.902,88902.0,+2.302,2302.0,+0.046,46.0,26.0
966,2017,10,8,8.0,8,31,esteban-ocon,force-india,mercedes,pirelli,,,1:39.738,99738.0,1:29.701,89701.0,1:29.074,89074.0,+2.474,2474.0,+0.172,172.0,25.0
966,2017,10,9,9.0,9,2,stoffel-vandoorne,mclaren,honda,pirelli,,,1:40.011,100011.0,1:30.105,90105.0,1:29.418,89418.0,+2.818,2818.0,+0.344,344.0,24.0
966,2017,10,10,10.0,10,8,romain-grosjean,haas,ferrari,pirelli,,,1:42.042,102042.0,1:29.966,89966.0,1:29.549,89549.0,+2.949,2949.0,+0.131,131.0,26.0
966,2017,10,11,11.0,11,30,jolyon-palmer,renault,renault,pirelli,,,1:41.404,101404.0,1:30.193,90193.0,,,,,,,18.0
966,2017,10,12,12.0,12,26,daniil-kvyat,toro-rosso,toro-rosso,pirelli,,,1:41.726,101726.0,1:30.355,90355.0,,,,,,,20.0
966,2017,10,13,13.0,13,14,fernando-alonso,mclaren,honda,pirelli,,,1:37.598,97598.0,1:30.600,90600.0,,,,,,,17.0
966,2017,10,14,14.0,14,55,carlos-sainz-jr,toro-rosso,toro-rosso,pirelli,,,1:41.114,101114.0,1:31.368,91368.0,,,,,,,15.0
966,2017,10,15,15.0,15,19,felipe-massa,williams,mercedes,pirelli,,,1:41.874,101874.0,1:31.482,91482.0,,,,,,,21.0
966,2017,10,16,16.0,16,18,lance-stroll,williams,mercedes,pirelli,,,1:42.573,102573.0,,,,,,,,,11.0
966,2017,10,17,17.0,17,20,kevin-magnussen,haas,ferrari,pirelli,,,1:42.577,102577.0,,,,,,,,,11.0
966,2017,10,18,18.0,18,94,pascal-wehrlein,sauber,ferrari,pirelli,,,1:42.593,102593.0,,,,,,,,,10.0
966,2017,10,19,19.0,19,9,marcus-ericsson,sauber,ferrari,pirelli,,,1:42.633,102633.0,,,,,,,,,10.0
966,2017,10,20,20.0,20,3,daniel-ricciardo,red-bull,tag-heuer,pirelli,,,1:42.966,102966.0,,,,,,,,,4.0
967,2017,11,1,1.0,1,5,sebastian-vettel,ferrari,ferrari,pirelli,,,1:17.244,77244.0,1:16.802,76802.0,1:16.276,76276.0,,,,,14.0
967,2017,11,2,2.0,2,7,kimi-raikkonen,ferrari,ferrari,pirelli,,,1:17.364,77364.0,1:17.207,77207.0,1:16.444,76444.0,+0.168,168.0,+0.168,168.0,14.0
967,2017,11,3,3.0,3,77,valtteri-bottas,mercedes,mercedes,pirelli,,,1:18.058,78058.0,1:17.362,77362.0,1:16.530,76530.0,+0.254,254.0,+0.086,86.0,18.0
967,2017,11,4,4.0,4,44,lewis-hamilton,mercedes,mercedes,pirelli,,,1:17.492,77492.0,1:16.693,76693.0,1:16.707,76707.0,+0.431,431.0,+0.177,177.0,17.0
967,2017,11,5,5.0,5,33,max-verstappen,red-bull,tag-heuer,pirelli,,,1:17.266,77266.0,1:17.028,77028.0,1:16.797,76797.0,+0.521,521.0,+0.090,90.0,14.0
967,2017,11,6,6.0,6,3,daniel-ricciardo,red-bull,tag-heuer,pirelli,,,1:17.702,77702.0,1:17.698,77698.0,1:16.818,76818.0,+0.542,542.0,+0.021,21.0,14.0
967,2017,11,7,7.0,7,27,nico-hulkenberg,renault,renault,pirelli,,,1:18.137,78137.0,1:17.655,77655.0,1:17.468,77468.0,+1.192,1192.0,+0.650,650.0,14.0
967,2017,11,8,8.0,8,14,fernando-alonso,mclaren,honda,pirelli,,,1:18.395,78395.0,1:17.919,77919.0,1:17.549,77549.0,+1.273,1273.0,+0.081,81.0,17.0
967,2017,11,9,9.0,9,2,stoffel-vandoorne,mclaren,honda,pirelli,,,1:18.479,78479.0,1:18.000,78000.0,1:17.894,77894.0,+1.618,1618.0,+0.345,345.0,17.0
967,2017,11,10,10.0,10,55,carlos-sainz-jr,toro-rosso,toro-rosso,pirelli,,,1:18.948,78948.0,1:18.311,78311.0,1:18.912,78912.0,+2.636,2636.0,+1.018,1018.0,19.0
967,2017,11,11,11.0,11,30,jolyon-palmer,renault,renault,pirelli,,,1:18.699,78699.0,1:18.415,78415.0,,,,,,,14.0
967,2017,11,12,12.0,12,31,esteban-ocon,force-india,mercedes,pirelli,,,1:18.843,78843.0,1:18.495,78495.0,,,,,,,16.0
967,2017,11,13,13.0,13,26,daniil-kvyat,toro-rosso,toro-rosso,pirelli,,,1:18.702,78702.0,1:18.538,78538.0,,,,,,,15.0
967,2017,11,14,14.0,14,11,sergio-perez,force-india,mercedes,pirelli,,,1:19.095,79095.0,1:18.639,78639.0,,,,,,,15.0
967,2017,11,15,15.0,15,8,romain-grosjean,haas,ferrari,pirelli,,,1:19.085,79085.0,1:18.771,78771.0,,,,,,,15.0
967,2017,11,16,16.0,16,20,kevin-magnussen,haas,ferrari,pirelli,,,1:19.095,79095.0,,,,,,,,,9.0
967,2017,11,17,17.0,17,18,lance-stroll,williams,mercedes,pirelli,,,1:19.102,79102.0,,,,,,,,,9.0
967,2017,11,18,18.0,18,94,pascal-wehrlein,sauber,ferrari,pirelli,,,1:19.839,79839.0,,,,,,,,,9.0
967,2017,11,19,19.0,19,40,paul-di-resta,williams,mercedes,pirelli,,,1:19.868,79868.0,,,,,,,,,11.0
967,2017,11,20,20.0,20,9,marcus-ericsson,sauber,ferrari,pirelli,,,1:19.972,79972.0,,,,,,,,,8.0
968,2017,12,1,1.0,1,44,lewis-hamilton,mercedes,mercedes,pirelli,,,1:44.184,104184.0,1:42.927,102927.0,1:42.553,102553.0,,,,,18.0
968,2017,12,2,2.0,2,5,sebastian-vettel,ferrari,ferrari,pirelli,,,1:44.275,104275.0,1:43.987,103987.0,1:42.795,102795.0,+0.242,242.0,+0.242,242.0,13.0
968,2017,12,3,3.0,3,77,valtteri-bottas,mercedes,mercedes,pirelli,,,1:44.773,104773.0,1:43.249,103249.0,1:43.094,103094.0,+0.541,541.0,+0.299,299.0,19.0
968,2017,12,4,4.0,4,7,kimi-raikkonen,ferrari,ferrari,pirelli,,,1:44.729,104729.0,1:43.700,103700.0,1:43.270,103270.0,+0.717,717.0,+0.176,176.0,11.0
968,2017,12,5,5.0,5,33,max-verstappen,red-bull,tag-heuer,pirelli,,,1:44.535,104535.0,1:43.940,103940.0,1:43.380,103380.0,+0.827,827.0,+0.110,110.0,12.0
968,2017,12,6,6.0,6,3,daniel-ricciardo,red-bull,tag-heuer,pirelli,,,1:45.114,105114.0,1:44.224,104224.0,1:43.863,103863.0,+1.310,1310.0,+0.483,483.0,12.0
968,2017,12,7,7.0,7,27,nico-hulkenberg,renault,renault,pirelli,,,1:45.280,105280.0,1:44.988,104988.0,1:44.982,104982.0,+2.429,2429.0,+1.119,1119.0,15.0
968,2017,12,8,8.0,8,11,sergio-perez,force-india,mercedes,pirelli,,,1:45.591,105591.0,1:44.894,104894.0,1:45.244,105244.0,+2.691,2691.0,+0.262,262.0,14.0
968,2017,12,9,9.0,9,31,esteban-ocon,force-india,mercedes,pirelli,,,1:45.277,105277.0,1:45.006,105006.0,1:45.369,105369.0,+2.816,2816.0,+0.125,125.0,14.0
968,2017,12,10,10.0,10,30,jolyon-palmer,renault,renault,pirelli,,,1:45.447,105447.0,1:44.685,104685.0,,,,,,,10.0
968,2017,12,11,11.0,11,14,fernando-alonso,mclaren,honda,pirelli,,,1:45.668,105668.0,1:45.090,105090.0,,,,,,,11.0
968,2017,12,12,12.0,12,8,romain-grosjean,haas,ferrari,pirelli,,,1:45.728,105728.0,1:45.133,105133.0,,,,,,,12.0
968,2017,12,13,13.0,13,20,kevin-magnussen,haas,ferrari,pirelli,,,1:45.535,105535.0,1:45.400,105400.0,,,,,,,12.0
968,2017,12,14,14.0,14,55,carlos-sainz-jr,toro-rosso,toro-rosso,pirelli,,,1:45.374,105374.0,1:45.439,105439.0,,,,,,,12.0
968,2017,12,15,15.0,15,2,stoffel-vandoorne,mclaren,honda,pirelli,,,1:45.441,105441.0,,,,,,,,,11.0
968,2017,12,16,16.0,16,19,felipe-massa,williams,mercedes,pirelli,,,1:45.823,105823.0,,,,,,,,,7.0
968,2017,12,17,17.0,17,26,daniil-kvyat,toro-rosso,toro-rosso,pirelli,,,1:46.028,106028.0,,,,,,,,,6.0
968,2017,12,18,18.0,18,18,lance-stroll,williams,mercedes,pirelli,,,1:46.915,106915.0,,,,,,,,,5.0
968,2017,12,19,19.0,19,9,marcus-ericsson,sauber,ferrari,pirelli,,,1:47.214,107214.0,,,,,,,,,6.0
968,2017,12,20,20.0,20,94,pascal-wehrlein,sauber,ferrari,pirelli,,,1:47.679,107679.0,,,,,,,,,6.0
969,2017,13,1,1.0,1,44,lewis-hamilton,mercedes,mercedes,pirelli,,,1:36.009,96009.0,1:34.660,94660.0,1:35.554,95554.0,,,,,29.0
969,2017,13,2,2.0,2,33,max-verstappen,red-bull,tag-heuer,pirelli,,,1:37.344,97344.0,1:36.113,96113.0,1:36.702,96702.0,+1.148,1148.0,+1.148,1148.0,29.0
969,2017,13,3,3.0,3,3,daniel-ricciardo,red-bull,tag-heuer,pirelli,,,1:38.304,98304.0,1:37.313,97313.0,1:36.841,96841.0,+1.287,1287.0,+0.139,139.0,26.0
969,2017,13,4,4.0,4,18,lance-stroll,williams,mercedes,pirelli,,,1:37.653,97653.0,1:37.002,97002.0,1:37.032,97032.0,+1.478,1478.0,+0.191,191.0,27.0
969,2017,13,5,5.0,5,31,esteban-ocon,force-india,mercedes,pirelli,,,1:38.775,98775.0,1:37.580,97580.0,1:37.719,97719.0,+2.165,2165.0,+0.687,687.0,29.0
969,2017,13,6,6.0,6,77,valtteri-bottas,mercedes,mercedes,pirelli,,,1:35.716,95716.0,1:35.396,95396.0,1:37.833,97833.0,+2.279,2279.0,+0.114,114.0,29.0
969,2017,13,7,7.0,7,7,kimi-raikkonen,ferrari,ferrari,pirelli,,,1:38.235,98235.0,1:37.031,97031.0,1:37.987,97987.0,+2.433,2433.0,+0.154,154.0,30.0
969,2017,13,8,8.0,8,5,sebastian-vettel,ferrari,ferrari,pirelli,,,1:37.198,97198.0,1:36.223,96223.0,1:38.064,98064.0,+2.510,2510.0,+0.077,77.0,28.0
969,2017,13,9,9.0,9,19,felipe-massa,williams,mercedes,pirelli,,,1:38.338,98338.0,1:37.456,97456.0,1:38.251,98251.0,+2.697,2697.0,+0.187,187.0,27.0
969,2017,13,10,10.0,10,2,stoffel-vandoorne,mclaren,honda,pirelli,,,1:38.767,98767.0,1:37.471,97471.0,1:39.157,99157.0,+3.603,3603.0,+0.906,906.0,25.0
969,2017,13,11,11.0,11,11,sergio-perez,force-india,mercedes,pirelli,,,1:38.511,98511.0,1:37.582,97582.0,,,,,,,19.0
969,2017,13,12,12.0,12,27,nico-hulkenberg,renault,renault,pirelli,,,1:39.242,99242.0,1:38.059,98059.0,,,,,,,20.0
969,2017,13,13,13.0,13,14,fernando-alonso,mclaren,honda,pirelli,,,1:39.134,99134.0,1:38.202,98202.0,,,,,,,11.0
969,2017,13,14,14.0,14,26,daniil-kvyat,toro-rosso,toro-rosso,pirelli,,,1:39.183,99183.0,1:38.245,98245.0,,,,,,,21.0
969,2017,13,15,15.0,15,55,carlos-sainz-jr,toro-rosso,toro-rosso,pirelli,,,1:39.788,99788.0,1:38.526,98526.0,,,,,,,21.0
969,2017,13,16,16.0,16,20,kevin-magnussen,haas,ferrari,pirelli,,,1:40.489,100489.0,,,,,,,,,12.0
969,2017,13,17,17.0,17,30,jolyon-palmer,renault,renault,pirelli,,,1:40.646,100646.0,,,,,,,,,10.0
969,2017,13,18,18.0,18,9,marcus-ericsson,sauber,ferrari,pirelli,,,1:41.732,101732.0,,,,,,,,,11.0
969,2017,13,19,19.0,19,94,pascal-wehrlein,sauber,ferrari,pirelli,,,1:41.875,101875.0,,,,,,,,,9.0
969,2017,13,20,,NC,8,romain-grosjean,haas,ferrari,pirelli,,,1:43.355,103355.0,,,,,,,,,3.0
970,2017,14,1,1.0,1,5,sebastian-vettel,ferrari,ferrari,pirelli,,,1:43.336,103336.0,1:40.529,100529.0,1:39.491,99491.0,,,,,19.0
970,2017,14,2,2.0,2,33,max-verstappen,red-bull,tag-heuer,pirelli,,,1:42.010,102010.0,1:40.332,100332.0,1:39.814,99814.0,+0.323,323.0,+0.323,323.0,18.0
970,2017,14,3,3.0,3,3,daniel-ricciardo,red-bull,tag-heuer,pirelli,,,1:42.063,102063.0,1:40.385,100385.0,1:39.840,99840.0,+0.349,349.0,+0.026,26.0,18.0
970,2017,14,4,4.0,4,7,kimi-raikkonen,ferrari,ferrari,pirelli,,,1:43.328,103328.0,1:40.525,100525.0,1:40.069,100069.0,+0.578,578.0,+0.229,229.0,18.0
970,2017,14,5,5.0,5,44,lewis-hamilton,mercedes,mercedes,pirelli,,,1:42.455,102455.0,1:40.577,100577.0,1:40.126,100126.0,+0.635,635.0,+0.057,57.0,17.0
970,2017,14,6,6.0,6,77,valtteri-bottas,mercedes,mercedes,pirelli,,,1:43.137,103137.0,1:41.409,101409.0,1:40.810,100810.0,+1.319,1319.0,+0.684,684.0,16.0
970,2017,14,7,7.0,7,27,nico-hulkenberg,renault,renault,pirelli,,,1:42.586,102586.0,1:41.277,101277.0,1:41.013,101013.0,+1.522,1522.0,+0.203,203.0,18.0
970,2017,14,8,8.0,8,14,fernando-alonso,mclaren,honda,pirelli,,,1:42.086,102086.0,1:41.442,101442.0,1:41.179,101179.0,+1.688,1688.0,+0.166,166.0,20.0
970,2017,14,9,9.0,9,2,stoffel-vandoorne,mclaren,honda,pirelli,,,1:42.222,102222.0,1:41.227,101227.0,1:41.398,101398.0,+1.907,1907.0,+0.219,219.0,19.0
970,2017,14,10,10.0,10,55,carlos-sainz-jr,toro-rosso,toro-rosso,pirelli,,,1:42.176,102176.0,1:41.826,101826.0,1:42.056,102056.0,+2.565,2565.0,+0.658,658.0,20.0
970,2017,14,11,11.0,11,30,jolyon-palmer,renault,renault,pirelli,,,1:42.472,102472.0,1:42.107,102107.0,,,,,,,12.0
970,2017,14,12,12.0,12,11,sergio-perez,force-india,mercedes,pirelli,,,1:43.594,103594.0,1:42.246,102246.0,,,,,,,8.0
970,2017,14,13,13.0,13,26,daniil-kvyat,toro-rosso,toro-rosso,pirelli,,,1:42.544,102544.0,1:42.338,102338.0,,,,,,,14.0
970,2017,14,14,14.0,14,31,esteban-ocon,force-india,mercedes,pirelli,,,1:43.626,103626.0,1:42.760,102760.0,,,,,,,11.0
970,2017,14,15,15.0,15,8,romain-grosjean,haas,ferrari,pirelli,,,1:43.627,103627.0,1:43.883,103883.0,,,,,,,13.0
970,2017,14,16,16.0,16,20,kevin-magnussen,haas,ferrari,pirelli,,,1:43.756,103756.0,,,,,,,,,8.0
970,2017,14,17,17.0,17,19,felipe-massa,williams,mercedes,pirelli,,,1:44.014,104014.0,,,,,,,,,6.0
970,2017,14,18,18.0,18,18,lance-stroll,williams,mercedes,pirelli,,,1:44.728,104728.0,,,,,,,,,9.0
970,2017,14,19,19.0,19,94,pascal-wehrlein,sauber,ferrari,pirelli,,,1:45.059,105059.0,,,,,,,,,9.0
970,2017,14,20,20.0,20,9,marcus-ericsson,sauber,ferrari,pirelli,,,1:45.570,105570.0,,,,,,,,,6.0
971,2017,15,1,1.0,1,44,lewis-hamilton,mercedes,mercedes,pirelli,,,1:31.605,91605.0,1:30.977,90977.0,1:30.076,90076.0,,,,,18.0
971,2017,15,2,2.0,2,7,kimi-raikkonen,ferrari,ferrari,pirelli,,,1:32.259,92259.0,1:30.926,90926.0,1:30.121,90121.0,+0.045,45.0,+0.045,45.0,14.0
971,2017,15,3,3.0,3,33,max-verstappen,red-bull,tag-heuer,pirelli,,,1:31.920,91920.0,1:30.931,90931.0,1:30.541,90541.0,+0.465,465.0,+0.420,420.0,12.0
971,2017,15,4,4.0,4,3,daniel-ricciardo,red-bull,tag-heuer,pirelli,,,1:32.416,92416.0,1:31.061,91061.0,1:30.595,90595.0,+0.519,519.0,+0.054,54.0,16.0
971,2017,15,5,5.0,5,77,valtteri-bottas,mercedes,mercedes,pirelli,,,1:32.254,92254.0,1:30.803,90803.0,1:30.758,90758.0,+0.682,682.0,+0.163,163.0,17.0
971,2017,15,6,6.0,6,31,esteban-ocon,force-india,mercedes,pirelli,,,1:32.527,92527.0,1:31.651,91651.0,1:31.478,91478.0,+1.402,1402.0,+0.720,720.0,17.0
971,2017,15,7,7.0,7,2,stoffel-vandoorne,mclaren,honda,pirelli,,,1:32.838,92838.0,1:31.848,91848.0,1:31.582,91582.0,+1.506,1506.0,+0.104,104.0,18.0
971,2017,15,8,8.0,8,27,nico-hulkenberg,renault,renault,pirelli,,,1:32.586,92586.0,1:31.778,91778.0,1:31.607,91607.0,+1.531,1531.0,+0.025,25.0,17.0
971,2017,15,9,9.0,9,11,sergio-perez,force-india,mercedes,pirelli,,,1:32.768,92768.0,1:31.484,91484.0,1:31.658,91658.0,+1.582,1582.0,+0.051,51.0,18.0
971,2017,15,10,10.0,10,14,fernando-alonso,mclaren,honda,pirelli,,,1:33.049,93049.0,1:32.010,92010.0,1:31.704,91704.0,+1.628,1628.0,+0.046,46.0,17.0
971,2017,15,11,11.0,11,19,felipe-massa,williams,mercedes,pirelli,,,1:32.267,92267.0,1:32.034,92034.0,,,,,,,12.0
971,2017,15,12,12.0,12,30,jolyon-palmer,renault,renault,pirelli,,,1:32.576,92576.0,1:32.100,92100.0,,,,,,,14.0
971,2017,15,13,13.0,13,18,lance-stroll,williams,mercedes,pirelli,,,1:33.000,93000.0,1:32.307,92307.0,,,,,,,14.0
971,2017,15,14,14.0,14,55,carlos-sainz-jr,toro-rosso,toro-rosso,pirelli,,,1:32.650,92650.0,1:32.402,92402.0,,,,,,,14.0
971,2017,15,15,15.0,15,10,pierre-gasly,toro-rosso,toro-rosso,pirelli,,,1:32.547,92547.0,1:32.558,92558.0,,,,,,,14.0
971,2017,15,16,16.0,16,8,romain-grosjean,haas,ferrari,pirelli,,,1:33.308,93308.0,,,,,,,,,8.0
971,2017,15,17,17.0,17,20,kevin-magnussen,haas,ferrari,pirelli,,,1:33.434,93434.0,,,,,,,,,6.0
971,2017,15,18,18.0,18,94,pascal-wehrlein,sauber,ferrari,pirelli,,,1:33.483,93483.0,,,,,,,,,9.0
971,2017,15,19,19.0,19,9,marcus-ericsson,sauber,ferrari,pirelli,,,1:33.970,93970.0,,,,,,,,,9.0
971,2017,15,20,,NC,5,sebastian-vettel,ferrari,ferrari,pirelli,,,,,,,,,,,,,2.0
972,2017,16,1,1.0,1,44,lewis-hamilton,mercedes,mercedes,pirelli,,,1:29.047,89047.0,1:27.819,87819.0,1:27.319,87319.0,,,,,18.0
972,2017,16,2,2.0,2,77,valtteri-bottas,mercedes,mercedes,pirelli,,,1:29.332,89332.0,1:28.543,88543.0,1:27.651,87651.0,+0.332,332.0,+0.332,332.0,17.0
972,2017,16,3,3.0,3,5,sebastian-vettel,ferrari,ferrari,pirelli,,,1:29.352,89352.0,1:28.225,88225.0,1:27.791,87791.0,+0.472,472.0,+0.140,140.0,19.0
972,2017,16,4,4.0,4,3,daniel-ricciardo,red-bull,tag-heuer,pirelli,,,1:29.475,89475.0,1:28.935,88935.0,1:28.306,88306.0,+0.987,987.0,+0.515,515.0,13.0
972,2017,16,5,5.0,5,33,max-verstappen,red-bull,tag-heuer,pirelli,,,1:29.181,89181.0,1:28.747,88747.0,1:28.332,88332.0,+1.013,1013.0,+0.026,26.0,12.0
972,2017,16,6,6.0,6,7,kimi-raikkonen,ferrari,ferrari,pirelli,,,1:29.163,89163.0,1:29.079,89079.0,1:28.498,88498.0,+1.179,1179.0,+0.166,166.0,15.0
972,2017,16,7,7.0,7,31,esteban-ocon,force-india,mercedes,pirelli,,,1:30.115,90115.0,1:29.199,89199.0,1:29.111,89111.0,+1.792,1792.0,+0.613,613.0,16.0
972,2017,16,8,8.0,8,11,sergio-perez,force-india,mercedes,pirelli,,,1:29.696,89696.0,1:29.343,89343.0,1:29.260,89260.0,+1.941,1941.0,+0.149,149.0,17.0
972,2017,16,9,9.0,9,19,felipe-massa,williams,mercedes,pirelli,,,1:30.352,90352.0,1:29.687,89687.0,1:29.480,89480.0,+2.161,2161.0,+0.220,220.0,16.0
972,2017,16,10,10.0,10,14,fernando-alonso,mclaren,honda,pirelli,,,1:30.525,90525.0,1:29.749,89749.0,1:30.687,90687.0,+3.368,3368.0,+1.207,1207.0,13.0
972,2017,16,11,11.0,11,2,stoffel-vandoorne,mclaren,honda,pirelli,,,1:30.654,90654.0,1:29.778,89778.0,,,,,,,11.0
972,2017,16,12,12.0,12,27,nico-hulkenberg,renault,renault,pirelli,,,1:30.252,90252.0,1:29.879,89879.0,,,,,,,10.0
972,2017,16,13,13.0,13,20,kevin-magnussen,haas,ferrari,pirelli,,,1:30.774,90774.0,1:29.972,89972.0,,,,,,,11.0
972,2017,16,14,14.0,14,30,jolyon-palmer,renault,renault,pirelli,,,1:30.516,90516.0,1:30.022,90022.0,,,,,,,10.0
972,2017,16,15,15.0,15,55,carlos-sainz-jr,toro-rosso,toro-rosso,pirelli,,,1:30.565,90565.0,1:30.413,90413.0,,,,,,,11.0
972,2017,16,16,16.0,16,8,romain-grosjean,haas,ferrari,pirelli,,,1:30.849,90849.0,,,,,,,,,5.0
972,2017,16,17,17.0,17,10,pierre-gasly,toro-rosso,toro-rosso,pirelli,,,1:31.317,91317.0,,,,,,,,,7.0
972,2017,16,18,18.0,18,18,lance-stroll,williams,mercedes,pirelli,,,1:31.409,91409.0,,,,,,,,,6.0
972,2017,16,19,19.0,19,9,marcus-ericsson,sauber,ferrari,pirelli,,,1:31.597,91597.0,,,,,,,,,7.0
972,2017,16,20,20.0,20,94,pascal-wehrlein,sauber,ferrari,pirelli,,,1:31.885,91885.0,,,,,,,,,7.0
973,2017,17,1,1.0,1,44,lewis-hamilton,mercedes,mercedes,pirelli,,,1:34.822,94822.0,1:33.437,93437.0,1:33.108,93108.0,,,,,18.0
973,2017,17,2,2.0,2,5,sebastian-vettel,ferrari,ferrari,pirelli,,,1:35.420,95420.0,1:34.103,94103.0,1:33.347,93347.0,+0.239,239.0,+0.239,239.0,18.0
973,2017,17,3,3.0,3,77,valtteri-bottas,mercedes,mercedes,pirelli,,,1:35.309,95309.0,1:33.769,93769.0,1:33.568,93568.0,+0.460,460.0,+0.221,221.0,17.0
973,2017,17,4,4.0,4,3,daniel-ricciardo,red-bull,tag-heuer,pirelli,,,1:35.991,95991.0,1:34.495,94495.0,1:33.577,93577.0,+0.469,469.0,+0.009,9.0,14.0
973,2017,17,5,5.0,5,7,kimi-raikkonen,ferrari,ferrari,pirelli,,,1:35.649,95649.0,1:33.840,93840.0,1:33.577,93577.0,+0.469,469.0,+0.000,0.0,17.0
973,2017,17,6,6.0,6,33,max-verstappen,red-bull,tag-heuer,pirelli,,,1:34.899,94899.0,1:34.716,94716.0,1:33.658,93658.0,+0.550,550.0,+0.081,81.0,13.0
973,2017,17,7,7.0,7,31,esteban-ocon,force-india,mercedes,pirelli,,,1:35.849,95849.0,1:35.113,95113.0,1:34.647,94647.0,+1.539,1539.0,+0.989,989.0,17.0
973,2017,17,8,8.0,8,55,carlos-sainz-jr,renault,renault,pirelli,,,1:35.517,95517.0,1:34.899,94899.0,1:34.852,94852.0,+1.744,1744.0,+0.205,205.0,17.0
973,2017,17,9,9.0,9,14,fernando-alonso,mclaren,honda,pirelli,,,1:35.712,95712.0,1:35.046,95046.0,1:35.007,95007.0,+1.899,1899.0,+0.155,155.0,15.0
973,2017,17,10,10.0,10,11,sergio-perez,force-india,mercedes,pirelli,,,1:36.358,96358.0,1:34.789,94789.0,1:35.148,95148.0,+2.040,2040.0,+0.141,141.0,19.0
973,2017,17,11,11.0,11,19,felipe-massa,williams,mercedes,pirelli,,,1:35.603,95603.0,1:35.155,95155.0,,,,,,,9.0
973,2017,17,12,12.0,12,26,daniil-kvyat,toro-rosso,toro-rosso,pirelli,,,1:36.073,96073.0,1:35.529,95529.0,,,,,,,15.0
973,2017,17,13,13.0,13,2,stoffel-vandoorne,mclaren,honda,pirelli,,,1:36.286,96286.0,1:35.641,95641.0,,,,,,,14.0
973,2017,17,14,14.0,14,8,romain-grosjean,haas,ferrari,pirelli,,,1:36.835,96835.0,1:35.870,95870.0,,,,,,,14.0
973,2017,17,15,15.0,15,27,nico-hulkenberg,renault,renault,pirelli,,,1:35.740,95740.0,,,,,,,,,3.0
973,2017,17,16,16.0,16,9,marcus-ericsson,sauber,ferrari,pirelli,,,1:36.842,96842.0,,,,,,,,,9.0
973,2017,17,17,17.0,17,18,lance-stroll,williams,mercedes,pirelli,,,1:36.868,96868.0,,,,,,,,,8.0
973,2017,17,18,18.0,18,39,brendon-hartley,toro-rosso,toro-rosso,pirelli,,,1:36.889,96889.0,,,,,,,,,7.0
973,2017,17,19,19.0,19,94,pascal-wehrlein,sauber,ferrari,pirelli,,,1:37.179,97179.0,,,,,,,,,9.0
973,2017,17,20,20.0,20,20,kevin-magnussen,haas,ferrari,pirelli,,,1:37.394,97394.0,,,,,,,,,7.0
974,2017,18,1,1.0,1,5,sebastian-vettel,ferrari,ferrari,pirelli,,,1:17.665,77665.0,1:16.870,76870.0,1:16.488,76488.0,,,,,20.0
974,2017,18,2,2.0,2,33,max-verstappen,red-bull,tag-heuer,pirelli,,,1:17.630,77630.0,1:16.524,76524.0,1:16.574,76574.0,+0.086,86.0,+0.086,86.0,19.0
974,2017,18,3,3.0,3,44,lewis-hamilton,mercedes,mercedes,pirelli,,,1:17.518,77518.0,1:17.035,77035.0,1:16.934,76934.0,+0.446,446.0,+0.360,360.0,21.0
974,2017,18,4,4.0,4,77,valtteri-bottas,mercedes,mercedes,pirelli,,,1:17.578,77578.0,1:17.161,77161.0,1:16.958,76958.0,+0.470,470.0,+0.024,24.0,17.0
974,2017,18,5,5.0,5,7,kimi-raikkonen,ferrari,ferrari,pirelli,,,1:18.148,78148.0,1:17.534,77534.0,1:17.238,77238.0,+0.750,750.0,+0.280,280.0,20.0
974,2017,18,6,6.0,6,31,esteban-ocon,force-india,mercedes,pirelli,,,1:18.336,78336.0,1:17.827,77827.0,1:17.437,77437.0,+0.949,949.0,+0.199,199.0,19.0
974,2017,18,7,7.0,7,3,daniel-ricciardo,red-bull,tag-heuer,pirelli,,,1:18.208,78208.0,1:17.631,77631.0,1:17.447,77447.0,+0.959,959.0,+0.010,10.0,15.0
974,2017,18,8,8.0,8,27,nico-hulkenberg,renault,renault,pirelli,,,1:18.322,78322.0,1:17.792,77792.0,1:17.466,77466.0,+0.978,978.0,+0.019,19.0,17.0
974,2017,18,9,9.0,9,55,carlos-sainz-jr,renault,renault,pirelli,,,1:18.405,78405.0,1:17.753,77753.0,1:17.794,77794.0,+1.306,1306.0,+0.328,328.0,17.0
974,2017,18,10,10.0,10,11,sergio-perez,force-india,mercedes,pirelli,,,1:18.020,78020.0,1:17.868,77868.0,1:17.807,77807.0,+1.319,1319.0,+0.013,13.0,19.0
974,2017,18,11,11.0,11,19,felipe-massa,williams,mercedes,pirelli,,,1:18.570,78570.0,1:18.099,78099.0,,,,,,,10.0
974,2017,18,12,12.0,12,18,lance-stroll,williams,mercedes,pirelli,,,1:18.902,78902.0,1:19.159,79159.0,,,,,,,11.0
974,2017,18,13,13.0,13,28,brendon-hartley,toro-rosso,toro-rosso,pirelli,,,1:18.683,78683.0,,,,,,,,,12.0
974,2017,18,14,14.0,14,14,fernando-alonso,mclaren,honda,pirelli,,,1:17.710,77710.0,,,,,,,,,9.0
974,2017,18,15,15.0,15,2,stoffel-vandoorne,mclaren,honda,pirelli,,,1:18.578,78578.0,,,,,,,,,13.0
974,2017,18,16,16.0,16,9,marcus-ericsson,sauber,ferrari,pirelli,,,1:19.176,79176.0,,,,,,,,,9.0
974,2017,18,17,17.0,17,94,pascal-wehrlein,sauber,ferrari,pirelli,,,1:19.333,79333.0,,,,,,,,,9.0
974,2017,18,18,18.0,18,20,kevin-magnussen,haas,ferrari,pirelli,,,1:19.443,79443.0,,,,,,,,,10.0
974,2017,18,19,19.0,19,8,romain-grosjean,haas,ferrari,pirelli,,,1:19.473,79473.0,,,,,,,,,11.0
974,2017,18,20,19.0,19,10,pierre-gasly,toro-rosso,toro-rosso,pirelli,,,,,,,,,,,,,
975,2017,19,1,1.0,1,77,valtteri-bottas,mercedes,mercedes,pirelli,,,1:09.452,69452.0,1:08.638,68638.0,1:08.322,68322.0,,,,,22.0
975,2017,19,2,2.0,2,5,sebastian-vettel,ferrari,ferrari,pirelli,,,1:09.643,69643.0,1:08.494,68494.0,1:08.360,68360.0,+0.038,38.0,+0.038,38.0,21.0
975,2017,19,3,3.0,3,7,kimi-raikkonen,ferrari,ferrari,pirelli,,,1:09.405,69405.0,1:09.116,69116.0,1:08.538,68538.0,+0.216,216.0,+0.178,178.0,18.0
975,2017,19,4,4.0,4,33,max-verstappen,red-bull,tag-heuer,pirelli,,,1:09.820,69820.0,1:09.050,69050.0,1:08.925,68925.0,+0.603,603.0,+0.387,387.0,18.0
975,2017,19,5,5.0,5,3,daniel-ricciardo,red-bull,tag-heuer,pirelli,,,1:09.828,69828.0,1:09.533,69533.0,1:09.330,69330.0,+1.008,1008.0,+0.405,405.0,19.0
975,2017,19,6,6.0,6,11,sergio-perez,force-india,mercedes,pirelli,,,1:10.145,70145.0,1:09.760,69760.0,1:09.598,69598.0,+1.276,1276.0,+0.268,268.0,21.0
975,2017,19,7,7.0,7,14,fernando-alonso,mclaren,honda,pirelli,,,1:10.172,70172.0,1:09.593,69593.0,1:09.617,69617.0,+1.295,1295.0,+0.019,19.0,17.0
975,2017,19,8,8.0,8,27,nico-hulkenberg,renault,renault,pirelli,,,1:10.078,70078.0,1:09.726,69726.0,1:09.703,69703.0,+1.381,1381.0,+0.086,86.0,21.0
975,2017,19,9,9.0,9,55,carlos-sainz-jr,renault,renault,pirelli,,,1:10.227,70227.0,1:09.768,69768.0,1:09.805,69805.0,+1.483,1483.0,+0.102,102.0,17.0
975,2017,19,10,10.0,10,19,felipe-massa,williams,mercedes,pirelli,,,1:09.789,69789.0,1:09.612,69612.0,1:09.841,69841.0,+1.519,1519.0,+0.036,36.0,16.0
975,2017,19,11,11.0,11,31,esteban-ocon,force-india,mercedes,pirelli,,,1:10.168,70168.0,1:09.830,69830.0,,,,,,,17.0
975,2017,19,12,12.0,12,8,romain-grosjean,haas,ferrari,pirelli,,,1:10.148,70148.0,1:09.879,69879.0,,,,,,,16.0
975,2017,19,13,13.0,13,2,stoffel-vandoorne,mclaren,honda,pirelli,,,1:10.286,70286.0,1:10.116,70116.0,,,,,,,15.0
975,2017,19,14,14.0,14,20,kevin-magnussen,haas,ferrari,pirelli,,,1:10.521,70521.0,1:10.154,70154.0,,,,,,,18.0
975,2017,19,15,15.0,15,28,brendon-hartley,toro-rosso,toro-rosso,pirelli,,,1:10.625,70625.0,,,,,,,,,15.0
975,2017,19,16,16.0,16,94,pascal-wehrlein,sauber,ferrari,pirelli,,,1:10.678,70678.0,,,,,,,,,12.0
975,2017,19,17,17.0,17,10,pierre-gasly,toro-rosso,toro-rosso,pirelli,,,1:10.686,70686.0,,,,,,,,,10.0
975,2017,19,18,18.0,18,18,lance-stroll,williams,mercedes,pirelli,,,1:10.776,70776.0,,,,,,,,,8.0
975,2017,19,19,19.0,19,9,marcus-ericsson,sauber,ferrari,pirelli,,,1:10.875,70875.0,,,,,,,,,12.0
975,2017,19,20,,NC,44,lewis-hamilton,mercedes,mercedes,pirelli,,,,,,,,,,,,,2.0
976,2017,20,1,1.0,1,77,valtteri-bottas,mercedes,mercedes,pirelli,,,1:37.356,97356.0,1:36.822,96822.0,1:36.231,96231.0,,,,,18.0
976,2017,20,2,2.0,2,44,lewis-hamilton,mercedes,mercedes,pirelli,,,1:37.391,97391.0,1:36.742,96742.0,1:36.403,96403.0,+0.172,172.0,+0.172,172.0,19.0
976,2017,20,3,3.0,3,5,sebastian-vettel,ferrari,ferrari,pirelli,,,1:37.817,97817.0,1:37.023,97023.0,1:36.777,96777.0,+0.546,546.0,+0.374,374.0,18.0
976,2017,20,4,4.0,4,3,daniel-ricciardo,red-bull,tag-heuer,pirelli,,,1:38.016,98016.0,1:37.583,97583.0,1:36.959,96959.0,+0.728,728.0,+0.182,182.0,16.0
976,2017,20,5,5.0,5,7,kimi-raikkonen,ferrari,ferrari,pirelli,,,1:37.453,97453.0,1:37.302,97302.0,1:36.985,96985.0,+0.754,754.0,+0.026,26.0,17.0
976,2017,20,6,6.0,6,33,max-verstappen,red-bull,tag-heuer,pirelli,,,1:38.021,98021.0,1:37.777,97777.0,1:37.328,97328.0,+1.097,1097.0,+0.343,343.0,19.0
976,2017,20,7,7.0,7,27,nico-hulkenberg,renault,renault,pirelli,,,1:38.781,98781.0,1:38.138,98138.0,1:38.282,98282.0,+2.051,2051.0,+0.954,954.0,14.0
976,2017,20,8,8.0,8,11,sergio-perez,force-india,mercedes,pirelli,,,1:38.601,98601.0,1:38.359,98359.0,1:38.374,98374.0,+2.143,2143.0,+0.092,92.0,17.0
976,2017,20,9,9.0,9,31,esteban-ocon,force-india,mercedes,pirelli,,,1:38.896,98896.0,1:38.392,98392.0,1:38.397,98397.0,+2.166,2166.0,+0.023,23.0,17.0
976,2017,20,10,10.0,10,19,felipe-massa,williams,mercedes,pirelli,,,1:38.629,98629.0,1:38.565,98565.0,1:38.550,98550.0,+2.319,2319.0,+0.153,153.0,18.0
976,2017,20,11,11.0,11,14,fernando-alonso,mclaren,honda,pirelli,,,1:38.820,98820.0,1:38.636,98636.0,,,,,,,12.0
976,2017,20,12,12.0,12,55,carlos-sainz-jr,renault,renault,pirelli,,,1:38.810,98810.0,1:38.725,98725.0,,,,,,,9.0
976,2017,20,13,13.0,13,2,stoffel-vandoorne,mclaren,honda,pirelli,,,1:38.777,98777.0,1:38.808,98808.0,,,,,,,9.0
976,2017,20,14,14.0,14,20,kevin-magnussen,haas,ferrari,pirelli,,,1:39.395,99395.0,1:39.298,99298.0,,,,,,,16.0
976,2017,20,15,15.0,15,18,lance-stroll,williams,mercedes,pirelli,,,1:39.503,99503.0,1:39.646,99646.0,,,,,,,14.0
976,2017,20,16,16.0,16,8,romain-grosjean,haas,ferrari,pirelli,,,1:39.516,99516.0,,,,,,,,,10.0
976,2017,20,17,17.0,17,10,pierre-gasly,toro-rosso,toro-rosso,pirelli,,,1:39.724,99724.0,,,,,,,,,9.0
976,2017,20,18,18.0,18,94,pascal-wehrlein,sauber,ferrari,pirelli,,,1:39.930,99930.0,,,,,,,,,9.0
976,2017,20,19,19.0,19,9,marcus-ericsson,sauber,ferrari,pirelli,,,1:39.994,99994.0,,,,,,,,,9.0
976,2017,20,20,20.0,20,28,brendon-hartley,toro-rosso,toro-rosso,pirelli,,,1:40.471,100471.0,,,,,,,,,8.0
977,2018,1,1,1.0,1,44,lewis-hamilton,mercedes,mercedes,pirelli,,,1:22.824,82824.0,1:22.051,82051.0,1:21.164,81164.0,,,,,20.0
977,2018,1,2,2.0,2,7,kimi-raikkonen,ferrari,ferrari,pirelli,,,1:23.096,83096.0,1:22.507,82507.0,1:21.828,81828.0,+0.664,664.0,+0.664,664.0,17.0
977,2018,1,3,3.0,3,5,sebastian-vettel,ferrari,ferrari,pirelli,,,1:23.348,83348.0,1:21.944,81944.0,1:21.838,81838.0,+0.674,674.0,+0.010,10.0,20.0
977,2018,1,4,4.0,4,33,max-verstappen,red-bull,tag-heuer,pirelli,,,1:23.483,83483.0,1:22.416,82416.0,1:21.879,81879.0,+0.715,715.0,+0.041,41.0,18.0
977,2018,1,5,5.0,5,3,daniel-ricciardo,red-bull,tag-heuer,pirelli,,,1:23.494,83494.0,1:22.897,82897.0,1:22.152,82152.0,+0.988,988.0,+0.273,273.0,17.0
977,2018,1,6,6.0,6,20,kevin-magnussen,haas,ferrari,pirelli,,,1:23.909,83909.0,1:23.300,83300.0,1:23.187,83187.0,+2.023,2023.0,+1.035,1035.0,17.0
977,2018,1,7,7.0,7,8,romain-grosjean,haas,ferrari,pirelli,,,1:23.671,83671.0,1:23.468,83468.0,1:23.339,83339.0,+2.175,2175.0,+0.152,152.0,17.0
977,2018,1,8,8.0,8,27,nico-hulkenberg,renault,renault,pirelli,,,1:23.782,83782.0,1:23.544,83544.0,1:23.532,83532.0,+2.368,2368.0,+0.193,193.0,16.0
977,2018,1,9,9.0,9,55,carlos-sainz-jr,renault,renault,pirelli,,,1:23.529,83529.0,1:23.061,83061.0,1:23.577,83577.0,+2.413,2413.0,+0.045,45.0,17.0
977,2018,1,10,10.0,10,77,valtteri-bottas,mercedes,mercedes,pirelli,,,1:23.686,83686.0,1:22.089,82089.0,,,,,,,16.0
977,2018,1,11,11.0,11,14,fernando-alonso,mclaren,renault,pirelli,,,1:23.597,83597.0,1:23.692,83692.0,,,,,,,14.0
977,2018,1,12,12.0,12,2,stoffel-vandoorne,mclaren,renault,pirelli,,,1:24.073,84073.0,1:23.853,83853.0,,,,,,,14.0
977,2018,1,13,13.0,13,11,sergio-perez,force-india,mercedes,pirelli,,,1:24.344,84344.0,1:24.005,84005.0,,,,,,,14.0
977,2018,1,14,14.0,14,18,lance-stroll,williams,mercedes,pirelli,,,1:24.464,84464.0,1:24.230,84230.0,,,,,,,13.0
977,2018,1,15,15.0,15,31,esteban-ocon,force-india,mercedes,pirelli,,,1:24.503,84503.0,1:24.786,84786.0,,,,,,,16.0
977,2018,1,16,16.0,16,28,brendon-hartley,toro-rosso,honda,pirelli,,,1:24.532,84532.0,,,,,,,,,8.0
977,2018,1,17,17.0,17,9,marcus-ericsson,sauber,ferrari,pirelli,,,1:24.556,84556.0,,,,,,,,,9.0
977,2018,1,18,18.0,18,16,charles-leclerc,sauber,ferrari,pirelli,,,1:24.636,84636.0,,,,,,,,,9.0
977,2018,1,19,19.0,19,35,sergey-sirotkin,williams,mercedes,pirelli,,,1:24.922,84922.0,,,,,,,,,8.0
977,2018,1,20,20.0,20,10,pierre-gasly,toro-rosso,honda,pirelli,,,1:25.295,85295.0,,,,,,,,,7.0
978,2018,2,1,1.0,1,5,sebastian-vettel,ferrari,ferrari,pirelli,,,1:29.060,89060.0,1:28.341,88341.0,1:27.958,87958.0,,,,,13.0
978,2018,2,2,2.0,2,7,kimi-raikkonen,ferrari,ferrari,pirelli,,,1:28.951,88951.0,1:28.515,88515.0,1:28.101,88101.0,+0.143,143.0,+0.143,143.0,13.0
978,2018,2,3,3.0,3,77,valtteri-bottas,mercedes,mercedes,pirelli,,,1:29.275,89275.0,1:28.794,88794.0,1:28.124,88124.0,+0.166,166.0,+0.023,23.0,16.0
978,2018,2,4,4.0,4,44,lewis-hamilton,mercedes,mercedes,pirelli,,,1:29.396,89396.0,1:28.458,88458.0,1:28.220,88220.0,+0.262,262.0,+0.096,96.0,16.0
978,2018,2,5,5.0,5,3,daniel-ricciardo,red-bull,tag-heuer,pirelli,,,1:29.552,89552.0,1:28.962,88962.0,1:28.398,88398.0,+0.440,440.0,+0.178,178.0,12.0
978,2018,2,6,6.0,6,10,pierre-gasly,toro-rosso,honda,pirelli,,,1:30.121,90121.0,1:29.836,89836.0,1:29.329,89329.0,+1.371,1371.0,+0.931,931.0,18.0
978,2018,2,7,7.0,7,20,kevin-magnussen,haas,ferrari,pirelli,,,1:29.594,89594.0,1:29.623,89623.0,1:29.358,89358.0,+1.400,1400.0,+0.029,29.0,16.0
978,2018,2,8,8.0,8,27,nico-hulkenberg,renault,renault,pirelli,,,1:30.260,90260.0,1:29.187,89187.0,1:29.570,89570.0,+1.612,1612.0,+0.212,212.0,15.0
978,2018,2,9,9.0,9,31,esteban-ocon,force-india,mercedes,pirelli,,,1:30.338,90338.0,1:30.009,90009.0,1:29.874,89874.0,+1.916,1916.0,+0.304,304.0,16.0
978,2018,2,10,10.0,10,55,carlos-sainz-jr,renault,renault,pirelli,,,1:29.893,89893.0,1:29.802,89802.0,1:29.986,89986.0,+2.028,2028.0,+0.112,112.0,18.0
978,2018,2,11,11.0,11,28,brendon-hartley,toro-rosso,honda,pirelli,,,1:30.412,90412.0,1:30.105,90105.0,,,,,,,15.0
978,2018,2,12,12.0,12,11,sergio-perez,force-india,mercedes,pirelli,,,1:30.218,90218.0,1:30.156,90156.0,,,,,,,11.0
978,2018,2,13,13.0,13,14,fernando-alonso,mclaren,renault,pirelli,,,1:30.530,90530.0,1:30.212,90212.0,,,,,,,12.0
978,2018,2,14,14.0,14,2,stoffel-vandoorne,mclaren,renault,pirelli,,,1:30.479,90479.0,1:30.525,90525.0,,,,,,,12.0
978,2018,2,15,15.0,15,33,max-verstappen,red-bull,tag-heuer,pirelli,,,1:29.374,89374.0,,,,,,,,,4.0
978,2018,2,16,16.0,16,8,romain-grosjean,haas,ferrari,pirelli,,,1:30.530,90530.0,,,,,,,,,7.0
978,2018,2,17,17.0,17,9,marcus-ericsson,sauber,ferrari,pirelli,,,1:31.063,91063.0,,,,,,,,,9.0
978,2018,2,18,18.0,18,35,sergey-sirotkin,williams,mercedes,pirelli,,,1:31.414,91414.0,,,,,,,,,8.0
978,2018,2,19,19.0,19,16,charles-leclerc,sauber,ferrari,pirelli,,,1:31.420,91420.0,,,,,,,,,8.0
978,2018,2,20,20.0,20,18,lance-stroll,williams,mercedes,pirelli,,,1:31.503,91503.0,,,,,,,,,8.0
979,2018,3,1,1.0,1,5,sebastian-vettel,ferrari,ferrari,pirelli,,,1:32.171,92171.0,1:32.385,92385.0,1:31.095,91095.0,,,,,15.0
979,2018,3,2,2.0,2,7,kimi-raikkonen,ferrari,ferrari,pirelli,,,1:32.474,92474.0,1:32.286,92286.0,1:31.182,91182.0,+0.087,87.0,+0.087,87.0,17.0
979,2018,3,3,3.0,3,77,valtteri-bottas,mercedes,mercedes,pirelli,,,1:32.921,92921.0,1:32.063,92063.0,1:31.625,91625.0,+0.530,530.0,+0.443,443.0,20.0
979,2018,3,4,4.0,4,44,lewis-hamilton,mercedes,mercedes,pirelli,,,1:33.283,93283.0,1:31.914,91914.0,1:31.675,91675.0,+0.580,580.0,+0.050,50.0,17.0
979,2018,3,5,5.0,5,33,max-verstappen,red-bull,tag-heuer,pirelli,,,1:32.932,92932.0,1:32.809,92809.0,1:31.796,91796.0,+0.701,701.0,+0.121,121.0,12.0
979,2018,3,6,6.0,6,3,daniel-ricciardo,red-bull,tag-heuer,pirelli,,,1:33.877,93877.0,1:32.688,92688.0,1:31.948,91948.0,+0.853,853.0,+0.152,152.0,12.0
979,2018,3,7,7.0,7,27,nico-hulkenberg,renault,renault,pirelli,,,1:33.545,93545.0,1:32.494,92494.0,1:32.532,92532.0,+1.437,1437.0,+0.584,584.0,15.0
979,2018,3,8,8.0,8,11,sergio-perez,force-india,mercedes,pirelli,,,1:33.464,93464.0,1:32.931,92931.0,1:32.758,92758.0,+1.663,1663.0,+0.226,226.0,13.0
979,2018,3,9,9.0,9,55,carlos-sainz-jr,renault,renault,pirelli,,,1:33.315,93315.0,1:32.970,92970.0,1:32.819,92819.0,+1.724,1724.0,+0.061,61.0,18.0
979,2018,3,10,10.0,10,8,romain-grosjean,haas,ferrari,pirelli,,,1:33.238,93238.0,1:32.524,92524.0,1:32.855,92855.0,+1.760,1760.0,+0.036,36.0,19.0
979,2018,3,11,11.0,11,20,kevin-magnussen,haas,ferrari,pirelli,,,1:33.359,93359.0,1:32.986,92986.0,,,,,,,13.0
979,2018,3,12,12.0,12,31,esteban-ocon,force-india,mercedes,pirelli,,,1:33.585,93585.0,1:33.057,93057.0,,,,,,,9.0
979,2018,3,13,13.0,13,14,fernando-alonso,mclaren,renault,pirelli,,,1:33.428,93428.0,1:33.232,93232.0,,,,,,,11.0
979,2018,3,14,14.0,14,2,stoffel-vandoorne,mclaren,renault,pirelli,,,1:33.824,93824.0,1:33.505,93505.0,,,,,,,11.0
979,2018,3,15,15.0,15,28,brendon-hartley,toro-rosso,honda,pirelli,,,1:34.013,94013.0,1:33.795,93795.0,,,,,,,15.0
979,2018,3,16,16.0,16,35,sergey-sirotkin,williams,mercedes,pirelli,,,1:34.062,94062.0,,,,,,,,,7.0
979,2018,3,17,17.0,17,10,pierre-gasly,toro-rosso,honda,pirelli,,,1:34.101,94101.0,,,,,,,,,9.0
979,2018,3,18,18.0,18,18,lance-stroll,williams,mercedes,pirelli,,,1:34.285,94285.0,,,,,,,,,7.0
979,2018,3,19,19.0,19,16,charles-leclerc,sauber,ferrari,pirelli,,,1:34.454,94454.0,,,,,,,,,9.0
979,2018,3,20,20.0,20,9,marcus-ericsson,sauber,ferrari,pirelli,,,1:34.914,94914.0,,,,,,,,,9.0
980,2018,4,1,1.0,1,5,sebastian-vettel,ferrari,ferrari,pirelli,,,1:42.762,102762.0,1:43.015,103015.0,1:41.498,101498.0,,,,,19.0
980,2018,4,2,2.0,2,44,lewis-hamilton,mercedes,mercedes,pirelli,,,1:42.693,102693.0,1:42.676,102676.0,1:41.677,101677.0,+0.179,179.0,+0.179,179.0,21.0
980,2018,4,3,3.0,3,77,valtteri-bottas,mercedes,mercedes,pirelli,,,1:43.355,103355.0,1:42.679,102679.0,1:41.837,101837.0,+0.339,339.0,+0.160,160.0,21.0
980,2018,4,4,4.0,4,3,daniel-ricciardo,red-bull,tag-heuer,pirelli,,,1:42.857,102857.0,1:43.482,103482.0,1:41.911,101911.0,+0.413,413.0,+0.074,74.0,20.0
980,2018,4,5,5.0,5,33,max-verstappen,red-bull,tag-heuer,pirelli,,,1:42.642,102642.0,1:42.901,102901.0,1:41.994,101994.0,+0.496,496.0,+0.083,83.0,19.0
980,2018,4,6,6.0,6,7,kimi-raikkonen,ferrari,ferrari,pirelli,,,1:42.538,102538.0,1:42.510,102510.0,1:42.490,102490.0,+0.992,992.0,+0.496,496.0,20.0
980,2018,4,7,7.0,7,31,esteban-ocon,force-india,mercedes,pirelli,,,1:43.021,103021.0,1:42.967,102967.0,1:42.523,102523.0,+1.025,1025.0,+0.033,33.0,20.0
980,2018,4,8,8.0,8,11,sergio-perez,force-india,mercedes,pirelli,,,1:43.992,103992.0,1:43.366,103366.0,1:42.547,102547.0,+1.049,1049.0,+0.024,24.0,20.0
980,2018,4,9,9.0,9,27,nico-hulkenberg,renault,renault,pirelli,,,1:43.746,103746.0,1:43.232,103232.0,1:43.066,103066.0,+1.568,1568.0,+0.519,519.0,20.0
980,2018,4,10,10.0,10,55,carlos-sainz-jr,renault,renault,pirelli,,,1:43.426,103426.0,1:43.464,103464.0,1:43.351,103351.0,+1.853,1853.0,+0.285,285.0,20.0
980,2018,4,11,11.0,11,18,lance-stroll,williams,mercedes,pirelli,,,1:44.359,104359.0,1:43.585,103585.0,,,,,,,16.0
980,2018,4,12,12.0,12,35,sergey-sirotkin,williams,mercedes,pirelli,,,1:44.261,104261.0,1:43.886,103886.0,,,,,,,17.0
980,2018,4,13,13.0,13,14,fernando-alonso,mclaren,renault,pirelli,,,1:44.010,104010.0,1:44.019,104019.0,,,,,,,16.0
980,2018,4,14,14.0,14,16,charles-leclerc,sauber,ferrari,pirelli,,,1:43.752,103752.0,1:44.074,104074.0,,,,,,,17.0
980,2018,4,15,15.0,15,20,kevin-magnussen,haas,ferrari,pirelli,,,1:43.674,103674.0,1:44.759,104759.0,,,,,,,14.0
980,2018,4,16,16.0,16,2,stoffel-vandoorne,mclaren,renault,pirelli,,,1:44.489,104489.0,,,,,,,,,8.0
980,2018,4,17,17.0,17,10,pierre-gasly,toro-rosso,honda,pirelli,,,1:44.496,104496.0,,,,,,,,,9.0
980,2018,4,18,18.0,18,9,marcus-ericsson,sauber,ferrari,pirelli,,,1:45.541,105541.0,,,,,,,,,10.0
980,2018,4,19,,NC,28,brendon-hartley,toro-rosso,honda,pirelli,,,1:57.354,117354.0,,,,,,,,,5.0
980,2018,4,20,,NC,8,romain-grosjean,haas,ferrari,pirelli,,,,,,,,,,,,,2.0
981,2018,5,1,1.0,1,44,lewis-hamilton,mercedes,mercedes,pirelli,,,1:17.633,77633.0,1:17.166,77166.0,1:16.173,76173.0,,,,,17.0
981,2018,5,2,2.0,2,77,valtteri-bottas,mercedes,mercedes,pirelli,,,1:17.674,77674.0,1:17.111,77111.0,1:16.213,76213.0,+0.040,40.0,+0.040,40.0,14.0
981,2018,5,3,3.0,3,5,sebastian-vettel,ferrari,ferrari,pirelli,,,1:17.031,77031.0,1:16.802,76802.0,1:16.305,76305.0,+0.132,132.0,+0.092,92.0,16.0
981,2018,5,4,4.0,4,7,kimi-raikkonen,ferrari,ferrari,pirelli,,,1:17.483,77483.0,1:17.071,77071.0,1:16.612,76612.0,+0.439,439.0,+0.307,307.0,15.0
981,2018,5,5,5.0,5,33,max-verstappen,red-bull,tag-heuer,pirelli,,,1:17.411,77411.0,1:17.266,77266.0,1:16.816,76816.0,+0.643,643.0,+0.204,204.0,15.0
981,2018,5,6,6.0,6,3,daniel-ricciardo,red-bull,tag-heuer,pirelli,,,1:17.623,77623.0,1:17.638,77638.0,1:16.818,76818.0,+0.645,645.0,+0.002,2.0,19.0
981,2018,5,7,7.0,7,20,kevin-magnussen,haas,ferrari,pirelli,,,1:18.169,78169.0,1:17.618,77618.0,1:17.676,77676.0,+1.503,1503.0,+0.858,858.0,27.0
981,2018,5,8,8.0,8,14,fernando-alonso,mclaren,renault,pirelli,,,1:18.276,78276.0,1:18.100,78100.0,1:17.721,77721.0,+1.548,1548.0,+0.045,45.0,21.0
981,2018,5,9,9.0,9,55,carlos-sainz-jr,renault,renault,pirelli,,,1:18.480,78480.0,1:17.803,77803.0,1:17.790,77790.0,+1.617,1617.0,+0.069,69.0,19.0
981,2018,5,10,10.0,10,8,romain-grosjean,haas,ferrari,pirelli,,,1:18.305,78305.0,1:17.699,77699.0,1:17.835,77835.0,+1.662,1662.0,+0.045,45.0,26.0
981,2018,5,11,11.0,11,2,stoffel-vandoorne,mclaren,renault,pirelli,,,1:18.885,78885.0,1:18.323,78323.0,,,,,,,18.0
981,2018,5,12,12.0,12,10,pierre-gasly,toro-rosso,honda,pirelli,,,1:18.550,78550.0,1:18.463,78463.0,,,,,,,16.0
981,2018,5,13,13.0,13,31,esteban-ocon,force-india,mercedes,pirelli,,,1:18.813,78813.0,1:18.696,78696.0,,,,,,,18.0
981,2018,5,14,14.0,14,16,charles-leclerc,sauber,ferrari,pirelli,,,1:18.661,78661.0,1:18.910,78910.0,,,,,,,15.0
981,2018,5,15,15.0,15,11,sergio-perez,force-india,mercedes,pirelli,,,1:18.740,78740.0,1:19.098,79098.0,,,,,,,18.0
981,2018,5,16,16.0,16,27,nico-hulkenberg,renault,renault,pirelli,,,1:18.923,78923.0,,,,,,,,,6.0
981,2018,5,17,17.0,17,9,marcus-ericsson,sauber,ferrari,pirelli,,,1:19.493,79493.0,,,,,,,,,9.0
981,2018,5,18,18.0,18,35,sergey-sirotkin,williams,mercedes,pirelli,,,1:19.695,79695.0,,,,,,,,,10.0
981,2018,5,19,19.0,19,18,lance-stroll,williams,mercedes,pirelli,,,1:20.225,80225.0,,,,,,,,,9.0
982,2018,6,1,1.0,1,3,daniel-ricciardo,red-bull,tag-heuer,pirelli,,,1:12.013,72013.0,1:11.278,71278.0,1:10.810,70810.0,,,,,17.0
982,2018,6,2,2.0,2,5,sebastian-vettel,ferrari,ferrari,pirelli,,,1:12.415,72415.0,1:11.518,71518.0,1:11.039,71039.0,+0.229,229.0,+0.229,229.0,21.0
982,2018,6,3,3.0,3,44,lewis-hamilton,mercedes,mercedes,pirelli,,,1:12.460,72460.0,1:11.584,71584.0,1:11.232,71232.0,+0.422,422.0,+0.193,193.0,22.0
982,2018,6,4,4.0,4,7,kimi-raikkonen,ferrari,ferrari,pirelli,,,1:12.639,72639.0,1:11.391,71391.0,1:11.266,71266.0,+0.456,456.0,+0.034,34.0,22.0
982,2018,6,5,5.0,5,77,valtteri-bottas,mercedes,mercedes,pirelli,,,1:12.434,72434.0,1:12.002,72002.0,1:11.441,71441.0,+0.631,631.0,+0.175,175.0,25.0
982,2018,6,6,6.0,6,31,esteban-ocon,force-india,mercedes,pirelli,,,1:13.028,73028.0,1:12.188,72188.0,1:12.061,72061.0,+1.251,1251.0,+0.620,620.0,27.0
982,2018,6,7,7.0,7,14,fernando-alonso,mclaren,renault,pirelli,,,1:12.657,72657.0,1:12.269,72269.0,1:12.110,72110.0,+1.300,1300.0,+0.049,49.0,26.0
982,2018,6,8,8.0,8,55,carlos-sainz-jr,renault,renault,pirelli,,,1:12.950,72950.0,1:12.286,72286.0,1:12.130,72130.0,+1.320,1320.0,+0.020,20.0,28.0
982,2018,6,9,9.0,9,11,sergio-perez,force-india,mercedes,pirelli,,,1:12.848,72848.0,1:12.194,72194.0,1:12.154,72154.0,+1.344,1344.0,+0.024,24.0,23.0
982,2018,6,10,10.0,10,10,pierre-gasly,toro-rosso,honda,pirelli,,,1:12.941,72941.0,1:12.313,72313.0,1:12.221,72221.0,+1.411,1411.0,+0.067,67.0,29.0
982,2018,6,11,11.0,11,27,nico-hulkenberg,renault,renault,pirelli,,,1:13.065,73065.0,1:12.411,72411.0,,,,,,,22.0
982,2018,6,12,12.0,12,2,stoffel-vandoorne,mclaren,renault,pirelli,,,1:12.463,72463.0,1:12.440,72440.0,,,,,,,19.0
982,2018,6,13,13.0,13,35,sergey-sirotkin,williams,mercedes,pirelli,,,1:12.706,72706.0,1:12.521,72521.0,,,,,,,19.0
982,2018,6,14,14.0,14,16,charles-leclerc,sauber,ferrari,pirelli,,,1:12.829,72829.0,1:12.714,72714.0,,,,,,,20.0
982,2018,6,15,15.0,15,8,romain-grosjean,haas,ferrari,pirelli,,,1:12.930,72930.0,1:12.728,72728.0,,,,,,,21.0
982,2018,6,16,16.0,16,28,brendon-hartley,toro-rosso,honda,pirelli,,,1:13.179,73179.0,,,,,,,,,12.0
982,2018,6,17,17.0,17,9,marcus-ericsson,sauber,ferrari,pirelli,,,1:13.265,73265.0,,,,,,,,,11.0
982,2018,6,18,18.0,18,18,lance-stroll,williams,mercedes,pirelli,,,1:13.323,73323.0,,,,,,,,,10.0
982,2018,6,19,19.0,19,20,kevin-magnussen,haas,ferrari,pirelli,,,1:13.393,73393.0,,,,,,,,,12.0
983,2018,7,1,1.0,1,5,sebastian-vettel,ferrari,ferrari,pirelli,,,1:11.710,71710.0,1:11.524,71524.0,1:10.764,70764.0,,,,,18.0
983,2018,7,2,2.0,2,77,valtteri-bottas,mercedes,mercedes,pirelli,,,1:11.950,71950.0,1:11.514,71514.0,1:10.857,70857.0,+0.093,93.0,+0.093,93.0,20.0
983,2018,7,3,3.0,3,33,max-verstappen,red-bull,tag-heuer,pirelli,,,1:12.008,72008.0,1:11.472,71472.0,1:10.937,70937.0,+0.173,173.0,+0.080,80.0,16.0
983,2018,7,4,4.0,4,44,lewis-hamilton,mercedes,mercedes,pirelli,,,1:11.835,71835.0,1:11.740,71740.0,1:10.996,70996.0,+0.232,232.0,+0.059,59.0,21.0
983,2018,7,5,5.0,5,7,kimi-raikkonen,ferrari,ferrari,pirelli,,,1:11.725,71725.0,1:11.620,71620.0,1:11.095,71095.0,+0.331,331.0,+0.099,99.0,20.0
983,2018,7,6,6.0,6,3,daniel-ricciardo,red-bull,tag-heuer,pirelli,,,1:12.459,72459.0,1:11.434,71434.0,1:11.116,71116.0,+0.352,352.0,+0.021,21.0,18.0
983,2018,7,7,7.0,7,27,nico-hulkenberg,renault,renault,pirelli,,,1:12.795,72795.0,1:11.916,71916.0,1:11.973,71973.0,+1.209,1209.0,+0.857,857.0,15.0
983,2018,7,8,8.0,8,31,esteban-ocon,force-india,mercedes,pirelli,,,1:12.577,72577.0,1:12.141,72141.0,1:12.084,72084.0,+1.320,1320.0,+0.111,111.0,14.0
983,2018,7,9,9.0,9,55,carlos-sainz-jr,renault,renault,pirelli,,,1:12.689,72689.0,1:12.097,72097.0,1:12.168,72168.0,+1.404,1404.0,+0.084,84.0,15.0
983,2018,7,10,10.0,10,11,sergio-perez,force-india,mercedes,pirelli,,,1:12.702,72702.0,1:12.395,72395.0,1:12.671,72671.0,+1.907,1907.0,+0.503,503.0,13.0
983,2018,7,11,11.0,11,20,kevin-magnussen,haas,ferrari,pirelli,,,1:12.680,72680.0,1:12.606,72606.0,,,,,,,22.0
983,2018,7,12,12.0,12,28,brendon-hartley,toro-rosso,honda,pirelli,,,1:12.587,72587.0,1:12.635,72635.0,,,,,,,17.0
983,2018,7,13,13.0,13,16,charles-leclerc,sauber,ferrari,pirelli,,,1:12.945,72945.0,1:12.661,72661.0,,,,,,,22.0
983,2018,7,14,14.0,14,14,fernando-alonso,mclaren,renault,pirelli,,,1:12.979,72979.0,1:12.856,72856.0,,,,,,,14.0
983,2018,7,15,15.0,15,2,stoffel-vandoorne,mclaren,renault,pirelli,,,1:12.998,72998.0,1:12.865,72865.0,,,,,,,14.0
983,2018,7,16,16.0,16,10,pierre-gasly,toro-rosso,honda,pirelli,,,1:13.047,73047.0,,,,,,,,,8.0
983,2018,7,17,17.0,17,18,lance-stroll,williams,mercedes,pirelli,,,1:13.590,73590.0,,,,,,,,,8.0
983,2018,7,18,18.0,18,35,sergey-sirotkin,williams,mercedes,pirelli,,,1:13.643,73643.0,,,,,,,,,10.0
983,2018,7,19,19.0,19,9,marcus-ericsson,sauber,ferrari,pirelli,,,1:14.593,74593.0,,,,,,,,,6.0
984,2018,8,1,1.0,1,44,lewis-hamilton,mercedes,mercedes,pirelli,,,1:31.271,91271.0,1:30.645,90645.0,1:30.029,90029.0,,,,,19.0
984,2018,8,2,2.0,2,77,valtteri-bottas,mercedes,mercedes,pirelli,,,1:31.776,91776.0,1:31.227,91227.0,1:30.147,90147.0,+0.118,118.0,+0.118,118.0,17.0
984,2018,8,3,3.0,3,5,sebastian-vettel,ferrari,ferrari,pirelli,,,1:31.820,91820.0,1:30.751,90751.0,1:30.400,90400.0,+0.371,371.0,+0.253,253.0,22.0
984,2018,8,4,4.0,4,33,max-verstappen,red-bull,tag-heuer,pirelli,,,1:31.531,91531.0,1:30.818,90818.0,1:30.705,90705.0,+0.676,676.0,+0.305,305.0,20.0
984,2018,8,5,5.0,5,3,daniel-ricciardo,red-bull,tag-heuer,pirelli,,,1:31.910,91910.0,1:31.538,91538.0,1:30.895,90895.0,+0.866,866.0,+0.190,190.0,20.0
984,2018,8,6,6.0,6,7,kimi-raikkonen,ferrari,ferrari,pirelli,,,1:31.567,91567.0,1:30.772,90772.0,1:31.057,91057.0,+1.028,1028.0,+0.162,162.0,22.0
984,2018,8,7,7.0,7,55,carlos-sainz-jr,renault,renault,pirelli,,,1:32.394,92394.0,1:32.016,92016.0,1:32.126,92126.0,+2.097,2097.0,+1.069,1069.0,23.0
984,2018,8,8,8.0,8,16,charles-leclerc,sauber,ferrari,pirelli,,,1:32.538,92538.0,1:32.055,92055.0,1:32.635,92635.0,+2.606,2606.0,+0.509,509.0,22.0
984,2018,8,9,9.0,9,20,kevin-magnussen,haas,ferrari,pirelli,,,1:32.169,92169.0,1:31.510,91510.0,1:32.930,92930.0,+2.901,2901.0,+0.295,295.0,24.0
984,2018,8,10,10.0,10,8,romain-grosjean,haas,ferrari,pirelli,,,1:32.083,92083.0,1:31.472,91472.0,,,,,,,20.0
984,2018,8,11,11.0,11,31,esteban-ocon,force-india,mercedes,pirelli,,,1:32.786,92786.0,1:32.075,92075.0,,,,,,,14.0
984,2018,8,12,12.0,12,27,nico-hulkenberg,renault,renault,pirelli,,,1:32.949,92949.0,1:32.115,92115.0,,,,,,,15.0
984,2018,8,13,13.0,13,11,sergio-perez,force-india,mercedes,pirelli,,,1:32.692,92692.0,1:32.454,92454.0,,,,,,,15.0
984,2018,8,14,14.0,14,10,pierre-gasly,toro-rosso,honda,pirelli,,,1:32.447,92447.0,1:32.460,92460.0,,,,,,,17.0
984,2018,8,15,15.0,15,9,marcus-ericsson,sauber,ferrari,pirelli,,,1:32.804,92804.0,1:32.820,92820.0,,,,,,,18.0
984,2018,8,16,16.0,16,14,fernando-alonso,mclaren,renault,pirelli,,,1:32.976,92976.0,,,,,,,,,10.0
984,2018,8,17,17.0,17,28,brendon-hartley,toro-rosso,honda,pirelli,,,1:33.025,93025.0,,,,,,,,,10.0
984,2018,8,18,18.0,18,2,stoffel-vandoorne,mclaren,renault,pirelli,,,1:33.162,93162.0,,,,,,,,,10.0
984,2018,8,19,19.0,19,35,sergey-sirotkin,williams,mercedes,pirelli,,,1:33.636,93636.0,,,,,,,,,9.0
984,2018,8,20,20.0,20,18,lance-stroll,williams,mercedes,pirelli,,,1:33.729,93729.0,,,,,,,,,10.0
985,2018,9,1,1.0,1,77,valtteri-bottas,mercedes,mercedes,pirelli,,,1:04.175,64175.0,1:03.756,63756.0,1:03.130,63130.0,,,,,18.0
985,2018,9,2,2.0,2,44,lewis-hamilton,mercedes,mercedes,pirelli,,,1:04.080,64080.0,1:03.577,63577.0,1:03.149,63149.0,+0.019,19.0,+0.019,19.0,21.0
985,2018,9,3,3.0,3,5,sebastian-vettel,ferrari,ferrari,pirelli,,,1:04.347,64347.0,1:03.544,63544.0,1:03.464,63464.0,+0.334,334.0,+0.315,315.0,18.0
985,2018,9,4,4.0,4,7,kimi-raikkonen,ferrari,ferrari,pirelli,,,1:04.234,64234.0,1:03.975,63975.0,1:03.660,63660.0,+0.530,530.0,+0.196,196.0,21.0
985,2018,9,5,5.0,5,33,max-verstappen,red-bull,tag-heuer,pirelli,,,1:04.273,64273.0,1:04.001,64001.0,1:03.840,63840.0,+0.710,710.0,+0.180,180.0,18.0
985,2018,9,6,6.0,6,8,romain-grosjean,haas,ferrari,pirelli,,,1:04.242,64242.0,1:04.059,64059.0,1:03.892,63892.0,+0.762,762.0,+0.052,52.0,17.0
985,2018,9,7,7.0,7,3,daniel-ricciardo,red-bull,tag-heuer,pirelli,,,1:04.723,64723.0,1:04.403,64403.0,1:03.996,63996.0,+0.866,866.0,+0.104,104.0,22.0
985,2018,9,8,8.0,8,20,kevin-magnussen,haas,ferrari,pirelli,,,1:04.460,64460.0,1:04.291,64291.0,1:04.051,64051.0,+0.921,921.0,+0.055,55.0,20.0
985,2018,9,9,9.0,9,55,carlos-sainz-jr,renault,renault,pirelli,,,1:04.948,64948.0,1:04.561,64561.0,1:04.725,64725.0,+1.595,1595.0,+0.674,674.0,19.0
985,2018,9,10,10.0,10,27,nico-hulkenberg,renault,renault,pirelli,,,1:04.864,64864.0,1:04.676,64676.0,1:05.019,65019.0,+1.889,1889.0,+0.294,294.0,20.0
985,2018,9,11,11.0,11,31,esteban-ocon,force-india,mercedes,pirelli,,,1:05.148,65148.0,1:04.845,64845.0,,,,,,,19.0
985,2018,9,12,12.0,12,10,pierre-gasly,toro-rosso,honda,pirelli,,,1:05.011,65011.0,1:04.874,64874.0,,,,,,,16.0
985,2018,9,13,13.0,13,16,charles-leclerc,sauber,ferrari,pirelli,,,1:04.967,64967.0,1:04.979,64979.0,,,,,,,19.0
985,2018,9,14,14.0,14,14,fernando-alonso,mclaren,renault,pirelli,,,1:04.965,64965.0,1:05.058,65058.0,,,,,,,17.0
985,2018,9,15,15.0,15,18,lance-stroll,williams,mercedes,pirelli,,,1:05.264,65264.0,1:05.286,65286.0,,,,,,,17.0
985,2018,9,16,16.0,16,2,stoffel-vandoorne,mclaren,renault,pirelli,,,1:05.271,65271.0,,,,,,,,,9.0
985,2018,9,17,17.0,17,11,sergio-perez,force-india,mercedes,pirelli,,,1:05.279,65279.0,,,,,,,,,11.0
985,2018,9,18,18.0,18,35,sergey-sirotkin,williams,mercedes,pirelli,,,1:05.322,65322.0,,,,,,,,,10.0
985,2018,9,19,19.0,19,28,brendon-hartley,toro-rosso,honda,pirelli,,,1:05.366,65366.0,,,,,,,,,11.0
985,2018,9,20,20.0,20,9,marcus-ericsson,sauber,ferrari,pirelli,,,1:05.479,65479.0,,,,,,,,,11.0
986,2018,10,1,1.0,1,44,lewis-hamilton,mercedes,mercedes,pirelli,,,1:26.818,86818.0,1:26.256,86256.0,1:25.892,85892.0,,,,,16.0
986,2018,10,2,2.0,2,5,sebastian-vettel,ferrari,ferrari,pirelli,,,1:26.585,86585.0,1:26.372,86372.0,1:25.936,85936.0,+0.044,44.0,+0.044,44.0,17.0
986,2018,10,3,3.0,3,7,kimi-raikkonen,ferrari,ferrari,pirelli,,,1:27.549,87549.0,1:26.483,86483.0,1:25.990,85990.0,+0.098,98.0,+0.054,54.0,17.0
986,2018,10,4,4.0,4,77,valtteri-bottas,mercedes,mercedes,pirelli,,,1:27.025,87025.0,1:26.413,86413.0,1:26.217,86217.0,+0.325,325.0,+0.227,227.0,15.0
986,2018,10,5,5.0,5,33,max-verstappen,red-bull,tag-heuer,pirelli,,,1:27.309,87309.0,1:27.013,87013.0,1:26.602,86602.0,+0.710,710.0,+0.385,385.0,14.0
986,2018,10,6,6.0,6,3,daniel-ricciardo,red-bull,tag-heuer,pirelli,,,1:27.979,87979.0,1:27.369,87369.0,1:27.099,87099.0,+1.207,1207.0,+0.497,497.0,14.0
986,2018,10,7,7.0,7,20,kevin-magnussen,haas,ferrari,pirelli,,,1:28.143,88143.0,1:27.730,87730.0,1:27.244,87244.0,+1.352,1352.0,+0.145,145.0,19.0
986,2018,10,8,8.0,8,8,romain-grosjean,haas,ferrari,pirelli,,,1:28.086,88086.0,1:27.522,87522.0,1:27.455,87455.0,+1.563,1563.0,+0.211,211.0,20.0
986,2018,10,9,9.0,9,16,charles-leclerc,sauber,ferrari,pirelli,,,1:27.962,87962.0,1:27.790,87790.0,1:27.879,87879.0,+1.987,1987.0,+0.424,424.0,19.0
986,2018,10,10,10.0,10,31,esteban-ocon,force-india,mercedes,pirelli,,,1:28.279,88279.0,1:27.843,87843.0,1:28.194,88194.0,+2.302,2302.0,+0.315,315.0,20.0
986,2018,10,11,11.0,11,27,nico-hulkenberg,renault,renault,pirelli,,,1:28.017,88017.0,1:27.901,87901.0,,,,,,,12.0
986,2018,10,12,12.0,12,11,sergio-perez,force-india,mercedes,pirelli,,,1:28.210,88210.0,1:27.928,87928.0,,,,,,,14.0
986,2018,10,13,13.0,13,14,fernando-alonso,mclaren,renault,pirelli,,,1:28.187,88187.0,1:28.139,88139.0,,,,,,,12.0
986,2018,10,14,14.0,14,10,pierre-gasly,toro-rosso,honda,pirelli,,,1:28.399,88399.0,1:28.343,88343.0,,,,,,,15.0
986,2018,10,15,15.0,15,9,marcus-ericsson,sauber,ferrari,pirelli,,,1:28.249,88249.0,1:28.391,88391.0,,,,,,,16.0
986,2018,10,16,16.0,16,55,carlos-sainz-jr,renault,renault,pirelli,,,1:28.456,88456.0,,,,,,,,,8.0
986,2018,10,17,17.0,17,2,stoffel-vandoorne,mclaren,renault,pirelli,,,1:29.096,89096.0,,,,,,,,,9.0
986,2018,10,18,18.0,18,35,sergey-sirotkin,williams,mercedes,pirelli,,,1:29.252,89252.0,,,,,,,,,7.0
986,2018,10,19,,NC,18,lance-stroll,williams,mercedes,pirelli,,,,,,,,,,,,,2.0
987,2018,11,1,1.0,1,5,sebastian-vettel,ferrari,ferrari,pirelli,,,1:12.538,72538.0,1:12.505,72505.0,1:11.212,71212.0,,,,,16.0
987,2018,11,2,2.0,2,77,valtteri-bottas,mercedes,mercedes,pirelli,,,1:12.962,72962.0,1:12.152,72152.0,1:11.416,71416.0,+0.204,204.0,+0.204,204.0,18.0
987,2018,11,3,3.0,3,7,kimi-raikkonen,ferrari,ferrari,pirelli,,,1:12.505,72505.0,1:12.336,72336.0,1:11.547,71547.0,+0.335,335.0,+0.131,131.0,17.0
987,2018,11,4,4.0,4,33,max-verstappen,red-bull,tag-heuer,pirelli,,,1:13.127,73127.0,1:12.188,72188.0,1:11.822,71822.0,+0.610,610.0,+0.275,275.0,18.0
987,2018,11,5,5.0,5,20,kevin-magnussen,haas,ferrari,pirelli,,,1:13.105,73105.0,1:12.523,72523.0,1:12.200,72200.0,+0.988,988.0,+0.378,378.0,18.0
987,2018,11,6,6.0,6,8,romain-grosjean,haas,ferrari,pirelli,,,1:12.986,72986.0,1:12.722,72722.0,1:12.544,72544.0,+1.332,1332.0,+0.344,344.0,17.0
987,2018,11,7,7.0,7,27,nico-hulkenberg,renault,renault,pirelli,,,1:13.479,73479.0,1:12.946,72946.0,1:12.560,72560.0,+1.348,1348.0,+0.016,16.0,17.0
987,2018,11,8,8.0,8,55,carlos-sainz-jr,renault,renault,pirelli,,,1:13.324,73324.0,1:13.032,73032.0,1:12.692,72692.0,+1.480,1480.0,+0.132,132.0,19.0
987,2018,11,9,9.0,9,16,charles-leclerc,sauber,ferrari,pirelli,,,1:13.077,73077.0,1:12.995,72995.0,1:12.717,72717.0,+1.505,1505.0,+0.025,25.0,23.0
987,2018,11,10,10.0,10,11,sergio-perez,force-india,mercedes,pirelli,,,1:13.427,73427.0,1:13.072,73072.0,1:12.774,72774.0,+1.562,1562.0,+0.057,57.0,19.0
987,2018,11,11,11.0,11,14,fernando-alonso,mclaren,renault,pirelli,,,1:13.614,73614.0,1:13.657,73657.0,,,,,,,16.0
987,2018,11,12,12.0,12,35,sergey-sirotkin,williams,mercedes,pirelli,,,1:13.708,73708.0,1:13.702,73702.0,,,,,,,13.0
987,2018,11,13,13.0,13,9,marcus-ericsson,sauber,ferrari,pirelli,,,1:13.562,73562.0,1:13.736,73736.0,,,,,,,17.0
987,2018,11,14,14.0,14,44,lewis-hamilton,mercedes,mercedes,pirelli,,,1:13.012,73012.0,,,,,,,,,8.0
987,2018,11,15,15.0,15,3,daniel-ricciardo,red-bull,tag-heuer,pirelli,,,1:13.318,73318.0,,,,,,,,,6.0
987,2018,11,16,16.0,16,31,esteban-ocon,force-india,mercedes,pirelli,,,1:13.720,73720.0,,,,,,,,,10.0
987,2018,11,17,17.0,17,10,pierre-gasly,toro-rosso,honda,pirelli,,,1:13.749,73749.0,,,,,,,,,9.0
987,2018,11,18,18.0,18,28,brendon-hartley,toro-rosso,honda,pirelli,,,1:14.045,74045.0,,,,,,,,,8.0
987,2018,11,19,19.0,19,18,lance-stroll,williams,mercedes,pirelli,,,1:14.206,74206.0,,,,,,,,,10.0
987,2018,11,20,20.0,20,2,stoffel-vandoorne,mclaren,renault,pirelli,,,1:14.401,74401.0,,,,,,,,,10.0
988,2018,12,1,1.0,1,44,lewis-hamilton,mercedes,mercedes,pirelli,,,1:17.419,77419.0,1:31.242,91242.0,1:35.658,95658.0,,,,,26.0
988,2018,12,2,2.0,2,77,valtteri-bottas,mercedes,mercedes,pirelli,,,1:17.123,77123.0,1:32.081,92081.0,1:35.918,95918.0,+0.260,260.0,+0.260,260.0,25.0
988,2018,12,3,3.0,3,7,kimi-raikkonen,ferrari,ferrari,pirelli,,,1:17.526,77526.0,1:32.762,92762.0,1:36.186,96186.0,+0.528,528.0,+0.268,268.0,26.0
988,2018,12,4,4.0,4,5,sebastian-vettel,ferrari,ferrari,pirelli,,,1:16.666,76666.0,1:28.636,88636.0,1:36.210,96210.0,+0.552,552.0,+0.024,24.0,24.0
988,2018,12,5,5.0,5,55,carlos-sainz-jr,renault,renault,pirelli,,,1:17.829,77829.0,1:30.771,90771.0,1:36.743,96743.0,+1.085,1085.0,+0.533,533.0,25.0
988,2018,12,6,6.0,6,10,pierre-gasly,toro-rosso,honda,pirelli,,,1:18.577,78577.0,1:31.286,91286.0,1:37.591,97591.0,+1.933,1933.0,+0.848,848.0,25.0
988,2018,12,7,7.0,7,33,max-verstappen,red-bull,tag-heuer,pirelli,,,1:16.940,76940.0,1:31.178,91178.0,1:38.032,98032.0,+2.374,2374.0,+0.441,441.0,24.0
988,2018,12,8,8.0,8,28,brendon-hartley,toro-rosso,honda,pirelli,,,1:18.429,78429.0,1:32.590,92590.0,1:38.128,98128.0,+2.470,2470.0,+0.096,96.0,25.0
988,2018,12,9,9.0,9,20,kevin-magnussen,haas,ferrari,pirelli,,,1:18.314,78314.0,1:32.968,92968.0,1:39.858,99858.0,+4.200,4200.0,+1.730,1730.0,24.0
988,2018,12,10,10.0,10,8,romain-grosjean,haas,ferrari,pirelli,,,1:17.901,77901.0,1:33.650,93650.0,1:40.593,100593.0,+4.935,4935.0,+0.735,735.0,24.0
988,2018,12,11,11.0,11,14,fernando-alonso,mclaren,renault,pirelli,,,1:18.208,78208.0,1:35.214,95214.0,,,,,,,19.0
988,2018,12,12,12.0,12,3,daniel-ricciardo,red-bull,tag-heuer,pirelli,,,1:18.540,78540.0,1:36.442,96442.0,,,,,,,21.0
988,2018,12,13,13.0,13,27,nico-hulkenberg,renault,renault,pirelli,,,1:17.905,77905.0,1:36.506,96506.0,,,,,,,20.0
988,2018,12,14,14.0,14,9,marcus-ericsson,sauber,ferrari,pirelli,,,1:18.641,78641.0,1:37.075,97075.0,,,,,,,22.0
988,2018,12,15,15.0,15,18,lance-stroll,williams,mercedes,pirelli,,,1:18.560,78560.0,,,,,,,,,15.0
988,2018,12,16,16.0,16,2,stoffel-vandoorne,mclaren,renault,pirelli,,,1:18.782,78782.0,,,,,,,,,11.0
988,2018,12,17,17.0,17,16,charles-leclerc,sauber,ferrari,pirelli,,,1:18.817,78817.0,,,,,,,,,13.0
988,2018,12,18,18.0,18,31,esteban-ocon,force-india,mercedes,pirelli,,,1:19.142,79142.0,,,,,,,,,12.0
988,2018,12,19,19.0,19,11,sergio-perez,force-india,mercedes,pirelli,,,1:19.200,79200.0,,,,,,,,,11.0
988,2018,12,20,20.0,20,35,sergey-sirotkin,williams,mercedes,pirelli,,,1:19.301,79301.0,,,,,,,,,12.0
989,2018,13,1,1.0,1,44,lewis-hamilton,mercedes,mercedes,pirelli,,,1:42.977,102977.0,1:41.553,101553.0,1:58.179,118179.0,,,,,19.0
989,2018,13,2,2.0,2,5,sebastian-vettel,ferrari,ferrari,pirelli,,,1:43.035,103035.0,1:41.501,101501.0,1:58.905,118905.0,+0.726,726.0,+0.726,726.0,18.0
989,2018,13,3,3.0,3,31,esteban-ocon,force-india,mercedes,pirelli,,,1:44.003,104003.0,1:43.302,103302.0,2:01.851,121851.0,+3.672,3672.0,+2.946,2946.0,16.0
989,2018,13,4,4.0,4,11,sergio-perez,force-india,mercedes,pirelli,,,1:44.004,104004.0,1:43.014,103014.0,2:01.894,121894.0,+3.715,3715.0,+0.043,43.0,14.0
989,2018,13,5,5.0,5,8,romain-grosjean,haas,ferrari,pirelli,,,1:43.597,103597.0,1:43.042,103042.0,2:02.122,122122.0,+3.943,3943.0,+0.228,228.0,20.0
989,2018,13,6,6.0,6,7,kimi-raikkonen,ferrari,ferrari,pirelli,,,1:42.585,102585.0,1:41.533,101533.0,2:02.671,122671.0,+4.492,4492.0,+0.549,549.0,13.0
989,2018,13,7,7.0,7,33,max-verstappen,red-bull,tag-heuer,pirelli,,,1:43.199,103199.0,1:42.554,102554.0,2:02.769,122769.0,+4.590,4590.0,+0.098,98.0,11.0
989,2018,13,8,8.0,8,3,daniel-ricciardo,red-bull,tag-heuer,pirelli,,,1:43.604,103604.0,1:43.126,103126.0,2:02.939,122939.0,+4.760,4760.0,+0.170,170.0,16.0
989,2018,13,9,9.0,9,20,kevin-magnussen,haas,ferrari,pirelli,,,1:43.834,103834.0,1:43.320,103320.0,2:04.933,124933.0,+6.754,6754.0,+1.994,1994.0,19.0
989,2018,13,10,10.0,10,77,valtteri-bottas,mercedes,mercedes,pirelli,,,1:42.805,102805.0,1:42.191,102191.0,,,,,,,7.0
989,2018,13,11,11.0,11,10,pierre-gasly,toro-rosso,honda,pirelli,,,1:44.221,104221.0,1:43.844,103844.0,,,,,,,14.0
989,2018,13,12,12.0,12,28,brendon-hartley,toro-rosso,honda,pirelli,,,1:44.153,104153.0,1:43.865,103865.0,,,,,,,13.0
989,2018,13,13,13.0,13,16,charles-leclerc,sauber,ferrari,pirelli,,,1:43.654,103654.0,1:44.062,104062.0,,,,,,,14.0
989,2018,13,14,14.0,14,9,marcus-ericsson,sauber,ferrari,pirelli,,,1:43.846,103846.0,1:44.301,104301.0,,,,,,,11.0
989,2018,13,15,15.0,15,27,nico-hulkenberg,renault,renault,pirelli,,,1:44.145,104145.0,,,,,,,,,3.0
989,2018,13,16,16.0,16,55,carlos-sainz-jr,renault,renault,pirelli,,,1:44.489,104489.0,,,,,,,,,6.0
989,2018,13,17,17.0,17,14,fernando-alonso,mclaren,renault,pirelli,,,1:44.917,104917.0,,,,,,,,,6.0
989,2018,13,18,18.0,18,35,sergey-sirotkin,williams,mercedes,pirelli,,,1:44.998,104998.0,,,,,,,,,6.0
989,2018,13,19,19.0,19,18,lance-stroll,williams,mercedes,pirelli,,,1:45.134,105134.0,,,,,,,,,6.0
989,2018,13,20,20.0,20,2,stoffel-vandoorne,mclaren,renault,pirelli,,,1:45.307,105307.0,,,,,,,,,8.0
990,2018,14,1,1.0,1,7,kimi-raikkonen,ferrari,ferrari,pirelli,,,1:20.722,80722.0,1:19.846,79846.0,1:19.119,79119.0,,,,,21.0
990,2018,14,2,2.0,2,5,sebastian-vettel,ferrari,ferrari,pirelli,,,1:20.542,80542.0,1:19.629,79629.0,1:19.280,79280.0,+0.161,161.0,+0.161,161.0,20.0
990,2018,14,3,3.0,3,44,lewis-hamilton,mercedes,mercedes,pirelli,,,1:20.810,80810.0,1:19.798,79798.0,1:19.294,79294.0,+0.175,175.0,+0.014,14.0,20.0
990,2018,14,4,4.0,4,77,valtteri-bottas,mercedes,mercedes,pirelli,,,1:21.381,81381.0,1:20.427,80427.0,1:19.656,79656.0,+0.537,537.0,+0.362,362.0,18.0
990,2018,14,5,5.0,5,33,max-verstappen,red-bull,tag-heuer,pirelli,,,1:21.381,81381.0,1:20.333,80333.0,1:20.615,80615.0,+1.496,1496.0,+0.959,959.0,15.0
990,2018,14,6,6.0,6,8,romain-grosjean,haas,ferrari,pirelli,,,1:21.887,81887.0,1:21.239,81239.0,1:20.936,80936.0,+1.817,1817.0,+0.321,321.0,21.0
990,2018,14,7,7.0,7,55,carlos-sainz-jr,renault,renault,pirelli,,,1:21.732,81732.0,1:21.552,81552.0,1:21.041,81041.0,+1.922,1922.0,+0.105,105.0,17.0
990,2018,14,8,8.0,8,31,esteban-ocon,force-india,mercedes,pirelli,,,1:21.570,81570.0,1:21.315,81315.0,1:21.099,81099.0,+1.980,1980.0,+0.058,58.0,17.0
990,2018,14,9,9.0,9,10,pierre-gasly,toro-rosso,honda,pirelli,,,1:21.834,81834.0,1:21.667,81667.0,1:21.350,81350.0,+2.231,2231.0,+0.251,251.0,24.0
990,2018,14,10,10.0,10,18,lance-stroll,williams,mercedes,pirelli,,,1:21.838,81838.0,1:21.494,81494.0,1:21.627,81627.0,+2.508,2508.0,+0.277,277.0,14.0
990,2018,14,11,11.0,11,20,kevin-magnussen,haas,ferrari,pirelli,,,1:21.783,81783.0,1:21.669,81669.0,,,,,,,12.0
990,2018,14,12,12.0,12,35,sergey-sirotkin,williams,mercedes,pirelli,,,1:21.813,81813.0,1:21.732,81732.0,,,,,,,13.0
990,2018,14,13,13.0,13,14,fernando-alonso,mclaren,renault,pirelli,,,1:21.850,81850.0,1:22.568,82568.0,,,,,,,14.0
990,2018,14,14,14.0,14,27,nico-hulkenberg,renault,renault,pirelli,,,1:21.801,81801.0,,,,,,,,,12.0
990,2018,14,15,15.0,15,3,daniel-ricciardo,red-bull,tag-heuer,pirelli,,,1:21.280,81280.0,,,,,,,,,3.0
990,2018,14,16,16.0,16,11,sergio-perez,force-india,mercedes,pirelli,,,1:21.888,81888.0,,,,,,,,,5.0
990,2018,14,17,17.0,17,16,charles-leclerc,sauber,ferrari,pirelli,,,1:21.889,81889.0,,,,,,,,,10.0
990,2018,14,18,18.0,18,28,brendon-hartley,toro-rosso,honda,pirelli,,,1:21.934,81934.0,,,,,,,,,12.0
990,2018,14,19,19.0,19,9,marcus-ericsson,sauber,ferrari,pirelli,,,1:22.048,82048.0,,,,,,,,,10.0
990,2018,14,20,20.0,20,2,stoffel-vandoorne,mclaren,renault,pirelli,,,1:22.085,82085.0,,,,,,,,,9.0
991,2018,15,1,1.0,1,44,lewis-hamilton,mercedes,mercedes,pirelli,,,1:39.403,99403.0,1:37.344,97344.0,1:36.015,96015.0,,,,,17.0
991,2018,15,2,2.0,2,33,max-verstappen,red-bull,tag-heuer,pirelli,,,1:38.751,98751.0,1:37.214,97214.0,1:36.334,96334.0,+0.319,319.0,+0.319,319.0,14.0
991,2018,15,3,3.0,3,5,sebastian-vettel,ferrari,ferrari,pirelli,,,1:38.218,98218.0,1:37.876,97876.0,1:36.628,96628.0,+0.613,613.0,+0.294,294.0,17.0
991,2018,15,4,4.0,4,77,valtteri-bottas,mercedes,mercedes,pirelli,,,1:39.291,99291.0,1:37.254,97254.0,1:36.702,96702.0,+0.687,687.0,+0.074,74.0,20.0
991,2018,15,5,5.0,5,7,kimi-raikkonen,ferrari,ferrari,pirelli,,,1:38.534,98534.0,1:37.194,97194.0,1:36.794,96794.0,+0.779,779.0,+0.092,92.0,17.0
991,2018,15,6,6.0,6,3,daniel-ricciardo,red-bull,tag-heuer,pirelli,,,1:38.153,98153.0,1:37.406,97406.0,1:36.996,96996.0,+0.981,981.0,+0.202,202.0,12.0
991,2018,15,7,7.0,7,11,sergio-perez,force-india,mercedes,pirelli,,,1:38.814,98814.0,1:38.342,98342.0,1:37.985,97985.0,+1.970,1970.0,+0.989,989.0,19.0
991,2018,15,8,8.0,8,8,romain-grosjean,haas,ferrari,pirelli,,,1:38.685,98685.0,1:38.367,98367.0,1:38.320,98320.0,+2.305,2305.0,+0.335,335.0,15.0
991,2018,15,9,9.0,9,31,esteban-ocon,force-india,mercedes,pirelli,,,1:38.912,98912.0,1:38.534,98534.0,1:38.365,98365.0,+2.350,2350.0,+0.045,45.0,20.0
991,2018,15,10,10.0,10,27,nico-hulkenberg,renault,renault,pirelli,,,1:38.932,98932.0,1:38.450,98450.0,1:38.588,98588.0,+2.573,2573.0,+0.223,223.0,18.0
991,2018,15,11,11.0,11,14,fernando-alonso,mclaren,renault,pirelli,,,1:39.022,99022.0,1:38.641,98641.0,,,,,,,12.0
991,2018,15,12,12.0,12,55,carlos-sainz-jr,renault,renault,pirelli,,,1:39.103,99103.0,1:38.716,98716.0,,,,,,,12.0
991,2018,15,13,13.0,13,16,charles-leclerc,sauber,ferrari,pirelli,,,1:39.206,99206.0,1:38.747,98747.0,,,,,,,14.0
991,2018,15,14,14.0,14,9,marcus-ericsson,sauber,ferrari,pirelli,,,1:39.366,99366.0,1:39.453,99453.0,,,,,,,14.0
991,2018,15,15,15.0,15,10,pierre-gasly,toro-rosso,honda,pirelli,,,1:39.614,99614.0,1:39.691,99691.0,,,,,,,13.0
991,2018,15,16,16.0,16,20,kevin-magnussen,haas,ferrari,pirelli,,,1:39.644,99644.0,,,,,,,,,6.0
991,2018,15,17,17.0,17,28,brendon-hartley,toro-rosso,honda,pirelli,,,1:39.809,99809.0,,,,,,,,,8.0
991,2018,15,18,18.0,18,2,stoffel-vandoorne,mclaren,renault,pirelli,,,1:39.864,99864.0,,,,,,,,,8.0
991,2018,15,19,19.0,19,35,sergey-sirotkin,williams,mercedes,pirelli,,,1:41.263,101263.0,,,,,,,,,8.0
991,2018,15,20,20.0,20,18,lance-stroll,williams,mercedes,pirelli,,,1:41.334,101334.0,,,,,,,,,6.0
992,2018,16,1,1.0,1,77,valtteri-bottas,mercedes,mercedes,pirelli,,,1:32.964,92964.0,1:32.744,92744.0,1:31.387,91387.0,,,,,17.0
992,2018,16,2,2.0,2,44,lewis-hamilton,mercedes,mercedes,pirelli,,,1:32.410,92410.0,1:32.595,92595.0,1:31.532,91532.0,+0.145,145.0,+0.145,145.0,18.0
992,2018,16,3,3.0,3,5,sebastian-vettel,ferrari,ferrari,pirelli,,,1:33.476,93476.0,1:33.045,93045.0,1:31.943,91943.0,+0.556,556.0,+0.411,411.0,18.0
992,2018,16,4,4.0,4,7,kimi-raikkonen,ferrari,ferrari,pirelli,,,1:33.341,93341.0,1:33.065,93065.0,1:32.237,92237.0,+0.850,850.0,+0.294,294.0,18.0
992,2018,16,5,5.0,5,20,kevin-magnussen,haas,ferrari,pirelli,,,1:34.078,94078.0,1:33.747,93747.0,1:33.181,93181.0,+1.794,1794.0,+0.944,944.0,15.0
992,2018,16,6,6.0,6,31,esteban-ocon,force-india,mercedes,pirelli,,,1:34.290,94290.0,1:33.596,93596.0,1:33.413,93413.0,+2.026,2026.0,+0.232,232.0,17.0
992,2018,16,7,7.0,7,16,charles-leclerc,sauber,ferrari,pirelli,,,1:33.924,93924.0,1:33.488,93488.0,1:33.419,93419.0,+2.032,2032.0,+0.006,6.0,17.0
992,2018,16,8,8.0,8,11,sergio-perez,force-india,mercedes,pirelli,,,1:34.084,94084.0,1:33.923,93923.0,1:33.563,93563.0,+2.176,2176.0,+0.144,144.0,16.0
992,2018,16,9,9.0,9,8,romain-grosjean,haas,ferrari,pirelli,,,1:34.022,94022.0,1:33.517,93517.0,1:33.704,93704.0,+2.317,2317.0,+0.141,141.0,17.0
992,2018,16,10,10.0,10,9,marcus-ericsson,sauber,ferrari,pirelli,,,1:34.170,94170.0,1:33.995,93995.0,1:35.196,95196.0,+3.809,3809.0,+1.492,1492.0,17.0
992,2018,16,11,11.0,11,33,max-verstappen,red-bull,tag-heuer,pirelli,,,1:33.048,93048.0,,,,,,,,,5.0
992,2018,16,12,12.0,12,3,daniel-ricciardo,red-bull,tag-heuer,pirelli,,,1:33.247,93247.0,,,,,,,,,4.0
992,2018,16,13,13.0,13,10,pierre-gasly,toro-rosso,honda,pirelli,,,1:34.383,94383.0,,,,,,,,,8.0
992,2018,16,14,14.0,14,55,carlos-sainz-jr,renault,renault,pirelli,,,1:34.626,94626.0,,,,,,,,,6.0
992,2018,16,15,15.0,15,27,nico-hulkenberg,renault,renault,pirelli,,,1:34.655,94655.0,,,,,,,,,6.0
992,2018,16,16,16.0,16,28,brendon-hartley,toro-rosso,honda,pirelli,,,1:35.037,95037.0,,,,,,,,,7.0
992,2018,16,17,17.0,17,14,fernando-alonso,mclaren,renault,pirelli,,,1:35.504,95504.0,,,,,,,,,6.0
992,2018,16,18,18.0,18,35,sergey-sirotkin,williams,mercedes,pirelli,,,1:35.612,95612.0,,,,,,,,,6.0
992,2018,16,19,19.0,19,2,stoffel-vandoorne,mclaren,renault,pirelli,,,1:35.977,95977.0,,,,,,,,,6.0
992,2018,16,20,20.0,20,18,lance-stroll,williams,mercedes,pirelli,,,1:36.437,96437.0,,,,,,,,,7.0
993,2018,17,1,1.0,1,44,lewis-hamilton,mercedes,mercedes,pirelli,,,1:28.702,88702.0,1:28.017,88017.0,1:27.760,87760.0,,,,,11.0
993,2018,17,2,2.0,2,77,valtteri-bottas,mercedes,mercedes,pirelli,,,1:29.297,89297.0,1:27.987,87987.0,1:28.059,88059.0,+0.299,299.0,+0.299,299.0,12.0
993,2018,17,3,3.0,3,33,max-verstappen,red-bull,tag-heuer,pirelli,,,1:29.480,89480.0,1:28.849,88849.0,1:29.057,89057.0,+1.297,1297.0,+0.998,998.0,10.0
993,2018,17,4,4.0,4,7,kimi-raikkonen,ferrari,ferrari,pirelli,,,1:29.631,89631.0,1:28.595,88595.0,1:29.521,89521.0,+1.761,1761.0,+0.464,464.0,13.0
993,2018,17,5,5.0,5,8,romain-grosjean,haas,ferrari,pirelli,,,1:29.724,89724.0,1:29.678,89678.0,1:29.761,89761.0,+2.001,2001.0,+0.240,240.0,17.0
993,2018,17,6,6.0,6,28,brendon-hartley,toro-rosso,honda,pirelli,,,1:30.248,90248.0,1:29.848,89848.0,1:30.023,90023.0,+2.263,2263.0,+0.262,262.0,15.0
993,2018,17,7,7.0,7,10,pierre-gasly,toro-rosso,honda,pirelli,,,1:30.137,90137.0,1:29.810,89810.0,1:30.093,90093.0,+2.333,2333.0,+0.070,70.0,15.0
993,2018,17,8,8.0,8,31,esteban-ocon,force-india,mercedes,pirelli,,,1:29.899,89899.0,1:29.538,89538.0,1:30.126,90126.0,+2.366,2366.0,+0.033,33.0,13.0
993,2018,17,9,9.0,9,5,sebastian-vettel,ferrari,ferrari,pirelli,,,1:29.049,89049.0,1:28.279,88279.0,1:32.192,92192.0,+4.432,4432.0,+2.066,2066.0,13.0
993,2018,17,10,10.0,10,11,sergio-perez,force-india,mercedes,pirelli,,,1:30.247,90247.0,1:29.567,89567.0,1:37.229,97229.0,+9.469,9469.0,+5.037,5037.0,16.0
993,2018,17,11,11.0,11,16,charles-leclerc,sauber,ferrari,pirelli,,,1:29.706,89706.0,1:29.864,89864.0,,,,,,,12.0
993,2018,17,12,12.0,12,20,kevin-magnussen,haas,ferrari,pirelli,,,1:30.219,90219.0,1:30.226,90226.0,,,,,,,13.0
993,2018,17,13,13.0,13,55,carlos-sainz-jr,renault,renault,pirelli,,,1:30.236,90236.0,1:30.490,90490.0,,,,,,,12.0
993,2018,17,14,14.0,14,18,lance-stroll,williams,mercedes,pirelli,,,1:30.317,90317.0,1:30.714,90714.0,,,,,,,10.0
993,2018,17,15,15.0,15,3,daniel-ricciardo,red-bull,tag-heuer,pirelli,,,1:29.806,89806.0,,,,,,,,,4.0
993,2018,17,16,16.0,16,27,nico-hulkenberg,renault,renault,pirelli,,,1:30.361,90361.0,,,,,,,,,7.0
993,2018,17,17,17.0,17,35,sergey-sirotkin,williams,mercedes,pirelli,,,1:30.372,90372.0,,,,,,,,,8.0
993,2018,17,18,18.0,18,14,fernando-alonso,mclaren,renault,pirelli,,,1:30.573,90573.0,,,,,,,,,6.0
993,2018,17,19,19.0,19,2,stoffel-vandoorne,mclaren,renault,pirelli,,,1:31.041,91041.0,,,,,,,,,10.0
993,2018,17,20,20.0,20,9,marcus-ericsson,sauber,ferrari,pirelli,,,1:31.213,91213.0,,,,,,,,,4.0
994,2018,18,1,1.0,1,44,lewis-hamilton,mercedes,mercedes,pirelli,,,1:34.130,94130.0,1:33.480,93480.0,1:32.237,92237.0,,,,,20.0
994,2018,18,2,2.0,2,5,sebastian-vettel,ferrari,ferrari,pirelli,,,1:34.569,94569.0,1:33.079,93079.0,1:32.298,92298.0,+0.061,61.0,+0.061,61.0,18.0
994,2018,18,3,3.0,3,7,kimi-raikkonen,ferrari,ferrari,pirelli,,,1:34.703,94703.0,1:32.884,92884.0,1:32.307,92307.0,+0.070,70.0,+0.009,9.0,15.0
994,2018,18,4,4.0,4,77,valtteri-bottas,mercedes,mercedes,pirelli,,,1:34.518,94518.0,1:33.702,93702.0,1:32.616,92616.0,+0.379,379.0,+0.309,309.0,17.0
994,2018,18,5,5.0,5,3,daniel-ricciardo,red-bull,tag-heuer,pirelli,,,1:34.755,94755.0,1:34.185,94185.0,1:33.494,93494.0,+1.257,1257.0,+0.878,878.0,14.0
994,2018,18,6,6.0,6,31,esteban-ocon,force-india,mercedes,pirelli,,,1:34.876,94876.0,1:34.522,94522.0,1:34.145,94145.0,+1.908,1908.0,+0.651,651.0,18.0
994,2018,18,7,7.0,7,27,nico-hulkenberg,renault,renault,pirelli,,,1:34.932,94932.0,1:34.564,94564.0,1:34.215,94215.0,+1.978,1978.0,+0.070,70.0,18.0
994,2018,18,8,8.0,8,8,romain-grosjean,haas,ferrari,pirelli,,,1:34.892,94892.0,1:34.419,94419.0,1:34.250,94250.0,+2.013,2013.0,+0.035,35.0,17.0
994,2018,18,9,9.0,9,16,charles-leclerc,sauber,ferrari,pirelli,,,1:35.069,95069.0,1:34.255,94255.0,1:34.420,94420.0,+2.183,2183.0,+0.170,170.0,17.0
994,2018,18,10,10.0,10,11,sergio-perez,force-india,mercedes,pirelli,,,1:35.193,95193.0,1:34.525,94525.0,1:34.594,94594.0,+2.357,2357.0,+0.174,174.0,17.0
994,2018,18,11,11.0,11,55,carlos-sainz-jr,renault,renault,pirelli,,,1:34.891,94891.0,1:34.566,94566.0,,,,,,,12.0
994,2018,18,12,12.0,12,20,kevin-magnussen,haas,ferrari,pirelli,,,1:34.972,94972.0,1:34.732,94732.0,,,,,,,12.0
994,2018,18,13,13.0,13,10,pierre-gasly,toro-rosso,honda,pirelli,,,1:34.850,94850.0,,,,,,,,,13.0
994,2018,18,14,14.0,14,28,brendon-hartley,toro-rosso,honda,pirelli,,,1:35.206,95206.0,,,,,,,,,13.0
994,2018,18,15,15.0,15,33,max-verstappen,red-bull,tag-heuer,pirelli,,,1:34.766,94766.0,,,,,,,,,4.0
994,2018,18,16,16.0,16,14,fernando-alonso,mclaren,renault,pirelli,,,1:35.294,95294.0,,,,,,,,,6.0
994,2018,18,17,17.0,17,35,sergey-sirotkin,williams,mercedes,pirelli,,,1:35.362,95362.0,,,,,,,,,6.0
994,2018,18,18,18.0,18,18,lance-stroll,williams,mercedes,pirelli,,,1:35.480,95480.0,,,,,,,,,8.0
994,2018,18,19,19.0,19,9,marcus-ericsson,sauber,ferrari,pirelli,,,1:35.536,95536.0,,,,,,,,,8.0
994,2018,18,20,20.0,20,2,stoffel-vandoorne,mclaren,renault,pirelli,,,1:35.735,95735.0,,,,,,,,,6.0
995,2018,19,1,1.0,1,3,daniel-ricciardo,red-bull,tag-heuer,pirelli,,,1:15.866,75866.0,1:15.845,75845.0,1:14.759,74759.0,,,,,16.0
995,2018,19,2,2.0,2,33,max-verstappen,red-bull,tag-heuer,pirelli,,,1:15.756,75756.0,1:15.640,75640.0,1:14.785,74785.0,+0.026,26.0,+0.026,26.0,16.0
995,2018,19,3,3.0,3,44,lewis-hamilton,mercedes,mercedes,pirelli,,,1:15.673,75673.0,1:15.644,75644.0,1:14.894,74894.0,+0.135,135.0,+0.109,109.0,21.0
995,2018,19,4,4.0,4,5,sebastian-vettel,ferrari,ferrari,pirelli,,,1:16.089,76089.0,1:15.715,75715.0,1:14.970,74970.0,+0.211,211.0,+0.076,76.0,16.0
995,2018,19,5,5.0,5,77,valtteri-bottas,mercedes,mercedes,pirelli,,,1:15.580,75580.0,1:15.923,75923.0,1:15.160,75160.0,+0.401,401.0,+0.190,190.0,22.0
995,2018,19,6,6.0,6,7,kimi-raikkonen,ferrari,ferrari,pirelli,,,1:16.446,76446.0,1:15.996,75996.0,1:15.330,75330.0,+0.571,571.0,+0.170,170.0,20.0
995,2018,19,7,7.0,7,27,nico-hulkenberg,renault,renault,pirelli,,,1:16.498,76498.0,1:16.126,76126.0,1:15.827,75827.0,+1.068,1068.0,+0.497,497.0,18.0
995,2018,19,8,8.0,8,55,carlos-sainz-jr,renault,renault,pirelli,,,1:16.813,76813.0,1:16.188,76188.0,1:16.084,76084.0,+1.325,1325.0,+0.257,257.0,18.0
995,2018,19,9,9.0,9,16,charles-leclerc,sauber,ferrari,pirelli,,,1:16.862,76862.0,1:16.320,76320.0,1:16.189,76189.0,+1.430,1430.0,+0.105,105.0,20.0
995,2018,19,10,10.0,10,9,marcus-ericsson,sauber,ferrari,pirelli,,,1:16.701,76701.0,1:16.633,76633.0,1:16.513,76513.0,+1.754,1754.0,+0.324,324.0,20.0
995,2018,19,11,11.0,11,31,esteban-ocon,force-india,mercedes,pirelli,,,1:16.252,76252.0,1:16.844,76844.0,,,,,,,16.0
995,2018,19,12,12.0,12,14,fernando-alonso,mclaren,renault,pirelli,,,1:16.857,76857.0,1:16.871,76871.0,,,,,,,12.0
995,2018,19,13,13.0,13,11,sergio-perez,force-india,mercedes,pirelli,,,1:16.242,76242.0,1:17.167,77167.0,,,,,,,16.0
995,2018,19,14,14.0,14,28,brendon-hartley,toro-rosso,honda,pirelli,,,1:16.682,76682.0,1:17.184,77184.0,,,,,,,12.0
995,2018,19,15,15.0,15,10,pierre-gasly,toro-rosso,honda,pirelli,,,1:16.828,76828.0,,,,,,,,,11.0
995,2018,19,16,16.0,16,8,romain-grosjean,haas,ferrari,pirelli,,,1:16.911,76911.0,,,,,,,,,9.0
995,2018,19,17,17.0,17,2,stoffel-vandoorne,mclaren,renault,pirelli,,,1:16.966,76966.0,,,,,,,,,6.0
995,2018,19,18,18.0,18,20,kevin-magnussen,haas,ferrari,pirelli,,,1:17.599,77599.0,,,,,,,,,9.0
995,2018,19,19,19.0,19,18,lance-stroll,williams,mercedes,pirelli,,,1:17.689,77689.0,,,,,,,,,5.0
995,2018,19,20,20.0,20,35,sergey-sirotkin,williams,mercedes,pirelli,,,1:17.886,77886.0,,,,,,,,,6.0
996,2018,20,1,1.0,1,44,lewis-hamilton,mercedes,mercedes,pirelli,,,1:08.464,68464.0,1:07.795,67795.0,1:07.281,67281.0,,,,,17.0
996,2018,20,2,2.0,2,5,sebastian-vettel,ferrari,ferrari,pirelli,,,1:08.452,68452.0,1:07.776,67776.0,1:07.374,67374.0,+0.093,93.0,+0.093,93.0,17.0
996,2018,20,3,3.0,3,77,valtteri-bottas,mercedes,mercedes,pirelli,,,1:08.492,68492.0,1:07.727,67727.0,1:07.441,67441.0,+0.160,160.0,+0.067,67.0,17.0
996,2018,20,4,4.0,4,7,kimi-raikkonen,ferrari,ferrari,pirelli,,,1:08.452,68452.0,1:08.028,68028.0,1:07.456,67456.0,+0.175,175.0,+0.015,15.0,17.0
996,2018,20,5,5.0,5,33,max-verstappen,red-bull,tag-heuer,pirelli,,,1:08.205,68205.0,1:08.017,68017.0,1:07.778,67778.0,+0.497,497.0,+0.322,322.0,16.0
996,2018,20,6,6.0,6,3,daniel-ricciardo,red-bull,tag-heuer,pirelli,,,1:08.544,68544.0,1:08.055,68055.0,1:07.780,67780.0,+0.499,499.0,+0.002,2.0,16.0
996,2018,20,7,7.0,7,9,marcus-ericsson,sauber,ferrari,pirelli,,,1:08.754,68754.0,1:08.579,68579.0,1:08.296,68296.0,+1.015,1015.0,+0.516,516.0,19.0
996,2018,20,8,8.0,8,16,charles-leclerc,sauber,ferrari,pirelli,,,1:08.667,68667.0,1:08.335,68335.0,1:08.492,68492.0,+1.211,1211.0,+0.196,196.0,23.0
996,2018,20,9,9.0,9,8,romain-grosjean,haas,ferrari,pirelli,,,1:08.735,68735.0,1:08.239,68239.0,1:08.517,68517.0,+1.236,1236.0,+0.025,25.0,17.0
996,2018,20,10,10.0,10,10,pierre-gasly,toro-rosso,honda,pirelli,,,1:09.046,69046.0,1:08.616,68616.0,1:09.029,69029.0,+1.748,1748.0,+0.512,512.0,24.0
996,2018,20,11,11.0,11,20,kevin-magnussen,haas,ferrari,pirelli,,,1:08.474,68474.0,1:08.659,68659.0,,,,,,,12.0
996,2018,20,12,12.0,12,11,sergio-perez,force-india,mercedes,pirelli,,,1:09.217,69217.0,1:08.741,68741.0,,,,,,,15.0
996,2018,20,13,13.0,13,31,esteban-ocon,force-india,mercedes,pirelli,,,1:09.264,69264.0,1:08.770,68770.0,,,,,,,18.0
996,2018,20,14,14.0,14,27,nico-hulkenberg,renault,renault,pirelli,,,1:09.009,69009.0,1:08.834,68834.0,,,,,,,15.0
996,2018,20,15,15.0,15,35,sergey-sirotkin,williams,mercedes,pirelli,,,1:09.259,69259.0,1:10.381,70381.0,,,,,,,11.0
996,2018,20,16,16.0,16,55,carlos-sainz-jr,renault,renault,pirelli,,,1:09.269,69269.0,,,,,,,,,9.0
996,2018,20,17,17.0,17,28,brendon-hartley,toro-rosso,honda,pirelli,,,1:09.280,69280.0,,,,,,,,,10.0
996,2018,20,18,18.0,18,14,fernando-alonso,mclaren,renault,pirelli,,,1:09.402,69402.0,,,,,,,,,9.0
996,2018,20,19,19.0,19,18,lance-stroll,williams,mercedes,pirelli,,,1:09.441,69441.0,,,,,,,,,9.0
996,2018,20,20,20.0,20,2,stoffel-vandoorne,mclaren,renault,pirelli,,,1:09.601,69601.0,,,,,,,,,9.0
997,2018,21,1,1.0,1,44,lewis-hamilton,mercedes,mercedes,pirelli,,,1:36.828,96828.0,1:35.693,95693.0,1:34.794,94794.0,,,,,19.0
997,2018,21,2,2.0,2,77,valtteri-bottas,mercedes,mercedes,pirelli,,,1:36.789,96789.0,1:36.392,96392.0,1:34.956,94956.0,+0.162,162.0,+0.162,162.0,19.0
997,2018,21,3,3.0,3,5,sebastian-vettel,ferrari,ferrari,pirelli,,,1:36.775,96775.0,1:36.345,96345.0,1:35.125,95125.0,+0.331,331.0,+0.169,169.0,18.0
997,2018,21,4,4.0,4,7,kimi-raikkonen,ferrari,ferrari,pirelli,,,1:37.010,97010.0,1:36.735,96735.0,1:35.365,95365.0,+0.571,571.0,+0.240,240.0,18.0
997,2018,21,5,5.0,5,3,daniel-ricciardo,red-bull,tag-heuer,pirelli,,,1:37.117,97117.0,1:36.964,96964.0,1:35.401,95401.0,+0.607,607.0,+0.036,36.0,16.0
997,2018,21,6,6.0,6,33,max-verstappen,red-bull,tag-heuer,pirelli,,,1:37.195,97195.0,1:36.144,96144.0,1:35.589,95589.0,+0.795,795.0,+0.188,188.0,14.0
997,2018,21,7,7.0,7,8,romain-grosjean,haas,ferrari,pirelli,,,1:37.575,97575.0,1:36.732,96732.0,1:36.192,96192.0,+1.398,1398.0,+0.603,603.0,15.0
997,2018,21,8,8.0,8,16,charles-leclerc,sauber,ferrari,pirelli,,,1:37.124,97124.0,1:36.580,96580.0,1:36.237,96237.0,+1.443,1443.0,+0.045,45.0,20.0
997,2018,21,9,9.0,9,31,esteban-ocon,force-india,mercedes,pirelli,,,1:36.936,96936.0,1:36.814,96814.0,1:36.540,96540.0,+1.746,1746.0,+0.303,303.0,18.0
997,2018,21,10,10.0,10,27,nico-hulkenberg,renault,renault,pirelli,,,1:37.569,97569.0,1:36.630,96630.0,1:36.542,96542.0,+1.748,1748.0,+0.002,2.0,15.0
997,2018,21,11,11.0,11,55,carlos-sainz-jr,renault,renault,pirelli,,,1:37.757,97757.0,1:36.982,96982.0,,,,,,,9.0
997,2018,21,12,12.0,12,9,marcus-ericsson,sauber,ferrari,pirelli,,,1:37.619,97619.0,1:37.132,97132.0,,,,,,,14.0
997,2018,21,13,13.0,13,20,kevin-magnussen,haas,ferrari,pirelli,,,1:37.934,97934.0,1:37.309,97309.0,,,,,,,12.0
997,2018,21,14,14.0,14,11,sergio-perez,force-india,mercedes,pirelli,,,1:37.255,97255.0,1:37.541,97541.0,,,,,,,12.0
997,2018,21,15,15.0,15,14,fernando-alonso,mclaren,renault,pirelli,,,1:37.890,97890.0,1:37.743,97743.0,,,,,,,15.0
997,2018,21,16,16.0,16,28,brendon-hartley,toro-rosso,honda,pirelli,,,1:37.994,97994.0,,,,,,,,,9.0
997,2018,21,17,17.0,17,10,pierre-gasly,toro-rosso,honda,pirelli,,,1:38.166,98166.0,,,,,,,,,9.0
997,2018,21,18,18.0,18,2,stoffel-vandoorne,mclaren,renault,pirelli,,,1:38.577,98577.0,,,,,,,,,9.0
997,2018,21,19,19.0,19,35,sergey-sirotkin,williams,mercedes,pirelli,,,1:38.635,98635.0,,,,,,,,,6.0
997,2018,21,20,20.0,20,18,lance-stroll,williams,mercedes,pirelli,,,1:38.682,98682.0,,,,,,,,,6.0
998,2019,1,1,1.0,1,44,lewis-hamilton,mercedes,mercedes,pirelli,,,1:22.043,82043.0,1:21.014,81014.0,1:20.486,80486.0,,,,,18.0
998,2019,1,2,2.0,2,77,valtteri-bottas,mercedes,mercedes,pirelli,,,1:22.367,82367.0,1:21.193,81193.0,1:20.598,80598.0,+0.112,112.0,+0.112,112.0,19.0
998,2019,1,3,3.0,3,5,sebastian-vettel,ferrari,ferrari,pirelli,,,1:22.885,82885.0,1:21.912,81912.0,1:21.190,81190.0,+0.704,704.0,+0.592,592.0,16.0
998,2019,1,4,4.0,4,33,max-verstappen,red-bull,honda,pirelli,,,1:22.876,82876.0,1:21.678,81678.0,1:21.320,81320.0,+0.834,834.0,+0.130,130.0,17.0
998,2019,1,5,5.0,5,16,charles-leclerc,ferrari,ferrari,pirelli,,,1:22.017,82017.0,1:21.739,81739.0,1:21.442,81442.0,+0.956,956.0,+0.122,122.0,17.0
998,2019,1,6,6.0,6,8,romain-grosjean,haas,ferrari,pirelli,,,1:22.959,82959.0,1:21.870,81870.0,1:21.826,81826.0,+1.340,1340.0,+0.384,384.0,17.0
998,2019,1,7,7.0,7,20,kevin-magnussen,haas,ferrari,pirelli,,,1:22.519,82519.0,1:22.221,82221.0,1:22.099,82099.0,+1.613,1613.0,+0.273,273.0,18.0
998,2019,1,8,8.0,8,4,lando-norris,mclaren,renault,pirelli,,,1:22.702,82702.0,1:22.423,82423.0,1:22.304,82304.0,+1.818,1818.0,+0.205,205.0,21.0
998,2019,1,9,9.0,9,7,kimi-raikkonen,alfa-romeo,ferrari,pirelli,,,1:22.966,82966.0,1:22.349,82349.0,1:22.314,82314.0,+1.828,1828.0,+0.010,10.0,17.0
998,2019,1,10,10.0,10,11,sergio-perez,racing-point,bwt-mercedes,pirelli,,,1:22.908,82908.0,1:22.532,82532.0,1:22.781,82781.0,+2.295,2295.0,+0.467,467.0,15.0
998,2019,1,11,11.0,11,27,nico-hulkenberg,renault,renault,pirelli,,,1:22.540,82540.0,1:22.562,82562.0,,,,,,,10.0
998,2019,1,12,12.0,12,3,daniel-ricciardo,renault,renault,pirelli,,,1:22.921,82921.0,1:22.570,82570.0,,,,,,,12.0
998,2019,1,13,13.0,13,23,alexander-albon,toro-rosso,honda,pirelli,,,1:22.757,82757.0,1:22.636,82636.0,,,,,,,14.0
998,2019,1,14,14.0,14,99,antonio-giovinazzi,alfa-romeo,ferrari,pirelli,,,1:22.431,82431.0,1:22.714,82714.0,,,,,,,14.0
998,2019,1,15,15.0,15,26,daniil-kvyat,toro-rosso,honda,pirelli,,,1:22.511,82511.0,1:22.774,82774.0,,,,,,,13.0
998,2019,1,16,16.0,16,18,lance-stroll,racing-point,bwt-mercedes,pirelli,,,1:23.017,83017.0,,,,,,,,,6.0
998,2019,1,17,17.0,17,10,pierre-gasly,red-bull,honda,pirelli,,,1:23.020,83020.0,,,,,,,,,6.0
998,2019,1,18,18.0,18,55,carlos-sainz-jr,mclaren,renault,pirelli,,,1:23.084,83084.0,,,,,,,,,6.0
998,2019,1,19,19.0,19,63,george-russell,williams,mercedes,pirelli,,,1:24.360,84360.0,,,,,,,,,9.0
998,2019,1,20,20.0,20,88,robert-kubica,williams,mercedes,pirelli,,,1:26.067,86067.0,,,,,,,,,8.0
999,2019,2,1,1.0,1,16,charles-leclerc,ferrari,ferrari,pirelli,,,1:28.495,88495.0,1:28.046,88046.0,1:27.866,87866.0,,,,,14.0
999,2019,2,2,2.0,2,5,sebastian-vettel,ferrari,ferrari,pirelli,,,1:28.733,88733.0,1:28.356,88356.0,1:28.160,88160.0,+0.294,294.0,+0.294,294.0,14.0
999,2019,2,3,3.0,3,44,lewis-hamilton,mercedes,mercedes,pirelli,,,1:29.262,89262.0,1:28.578,88578.0,1:28.190,88190.0,+0.324,324.0,+0.030,30.0,16.0
999,2019,2,4,4.0,4,77,valtteri-bottas,mercedes,mercedes,pirelli,,,1:29.498,89498.0,1:28.830,88830.0,1:28.256,88256.0,+0.390,390.0,+0.066,66.0,15.0
999,2019,2,5,5.0,5,33,max-verstappen,red-bull,honda,pirelli,,,1:29.579,89579.0,1:29.109,89109.0,1:28.752,88752.0,+0.886,886.0,+0.496,496.0,12.0
999,2019,2,6,6.0,6,20,kevin-magnussen,haas,ferrari,pirelli,,,1:29.532,89532.0,1:29.017,89017.0,1:28.757,88757.0,+0.891,891.0,+0.005,5.0,15.0
999,2019,2,7,7.0,7,55,carlos-sainz-jr,mclaren,renault,pirelli,,,1:29.528,89528.0,1:29.055,89055.0,1:28.813,88813.0,+0.947,947.0,+0.056,56.0,17.0
999,2019,2,8,8.0,8,8,romain-grosjean,haas,ferrari,pirelli,,,1:29.688,89688.0,1:29.249,89249.0,1:29.015,89015.0,+1.149,1149.0,+0.202,202.0,17.0
999,2019,2,9,9.0,9,7,kimi-raikkonen,alfa-romeo,ferrari,pirelli,,,1:29.959,89959.0,1:29.471,89471.0,1:29.022,89022.0,+1.156,1156.0,+0.007,7.0,18.0
999,2019,2,10,10.0,10,4,lando-norris,mclaren,renault,pirelli,,,1:29.381,89381.0,1:29.258,89258.0,1:29.043,89043.0,+1.177,1177.0,+0.021,21.0,18.0
999,2019,2,11,11.0,11,3,daniel-ricciardo,renault,renault,pirelli,,,1:29.859,89859.0,1:29.488,89488.0,,,,,,,12.0
999,2019,2,12,12.0,12,23,alexander-albon,toro-rosso,honda,pirelli,,,1:29.514,89514.0,1:29.513,89513.0,,,,,,,15.0
999,2019,2,13,13.0,13,10,pierre-gasly,red-bull,honda,pirelli,,,1:29.900,89900.0,1:29.526,89526.0,,,,,,,12.0
999,2019,2,14,14.0,14,11,sergio-perez,racing-point,bwt-mercedes,pirelli,,,1:29.893,89893.0,1:29.756,89756.0,,,,,,,12.0
999,2019,2,15,15.0,15,26,daniil-kvyat,toro-rosso,honda,pirelli,,,1:29.876,89876.0,1:29.854,89854.0,,,,,,,10.0
999,2019,2,16,16.0,16,99,antonio-giovinazzi,alfa-romeo,ferrari,pirelli,,,1:30.026,90026.0,,,,,,,,,6.0
999,2019,2,17,17.0,17,27,nico-hulkenberg,renault,renault,pirelli,,,1:30.034,90034.0,,,,,,,,,6.0
999,2019,2,18,18.0,18,18,lance-stroll,racing-point,bwt-mercedes,pirelli,,,1:30.217,90217.0,,,,,,,,,6.0
999,2019,2,19,19.0,19,63,george-russell,williams,mercedes,pirelli,,,1:31.759,91759.0,,,,,,,,,8.0
999,2019,2,20,20.0,20,88,robert-kubica,williams,mercedes,pirelli,,,1:31.799,91799.0,,,,,,,,,8.0
1000,2019,3,1,1.0,1,77,valtteri-bottas,mercedes,mercedes,pirelli,,,1:32.658,92658.0,1:31.728,91728.0,1:31.547,91547.0,,,,,16.0
1000,2019,3,2,2.0,2,44,lewis-hamilton,mercedes,mercedes,pirelli,,,1:33.115,93115.0,1:31.637,91637.0,1:31.570,91570.0,+0.023,23.0,+0.023,23.0,16.0
1000,2019,3,3,3.0,3,5,sebastian-vettel,ferrari,ferrari,pirelli,,,1:33.557,93557.0,1:32.232,92232.0,1:31.848,91848.0,+0.301,301.0,+0.278,278.0,17.0
1000,2019,3,4,4.0,4,16,charles-leclerc,ferrari,ferrari,pirelli,,,1:32.712,92712.0,1:32.324,92324.0,1:31.865,91865.0,+0.318,318.0,+0.017,17.0,16.0
1000,2019,3,5,5.0,5,33,max-verstappen,red-bull,honda,pirelli,,,1:33.274,93274.0,1:32.369,92369.0,1:32.089,92089.0,+0.542,542.0,+0.224,224.0,14.0
1000,2019,3,6,6.0,6,10,pierre-gasly,red-bull,honda,pirelli,,,1:33.863,93863.0,1:32.948,92948.0,1:32.930,92930.0,+1.383,1383.0,+0.841,841.0,14.0
1000,2019,3,7,7.0,7,3,daniel-ricciardo,renault,renault,pirelli,,,1:33.709,93709.0,1:33.214,93214.0,1:32.958,92958.0,+1.411,1411.0,+0.028,28.0,18.0
1000,2019,3,8,8.0,8,27,nico-hulkenberg,renault,renault,pirelli,,,1:33.644,93644.0,1:32.968,92968.0,1:32.962,92962.0,+1.415,1415.0,+0.004,4.0,15.0
1000,2019,3,9,9.0,9,20,kevin-magnussen,haas,ferrari,pirelli,,,1:34.036,94036.0,1:33.150,93150.0,,,,,,,16.0
1000,2019,3,10,10.0,10,8,romain-grosjean,haas,ferrari,pirelli,,,1:33.752,93752.0,1:33.156,93156.0,,,,,,,15.0
1000,2019,3,11,11.0,11,26,daniil-kvyat,toro-rosso,honda,pirelli,,,1:33.783,93783.0,1:33.236,93236.0,,,,,,,12.0
1000,2019,3,12,12.0,12,11,sergio-perez,racing-point,bwt-mercedes,pirelli,,,1:34.026,94026.0,1:33.299,93299.0,,,,,,,12.0
1000,2019,3,13,13.0,13,7,kimi-raikkonen,alfa-romeo,ferrari,pirelli,,,1:34.125,94125.0,1:33.419,93419.0,,,,,,,12.0
1000,2019,3,14,14.0,14,55,carlos-sainz-jr,mclaren,renault,pirelli,,,1:33.686,93686.0,1:33.523,93523.0,,,,,,,12.0
1000,2019,3,15,15.0,15,4,lando-norris,mclaren,renault,pirelli,,,1:34.148,94148.0,1:33.967,93967.0,,,,,,,12.0
1000,2019,3,16,16.0,16,18,lance-stroll,racing-point,bwt-mercedes,pirelli,,,1:34.292,94292.0,,,,,,,,,6.0
1000,2019,3,17,17.0,17,63,george-russell,williams,mercedes,pirelli,,,1:35.253,95253.0,,,,,,,,,9.0
1000,2019,3,18,18.0,18,88,robert-kubica,williams,mercedes,pirelli,,,1:35.281,95281.0,,,,,,,,,9.0
1000,2019,3,19,,NC,99,antonio-giovinazzi,alfa-romeo,ferrari,pirelli,,,,,,,,,,,,,2.0
1001,2019,4,1,1.0,1,77,valtteri-bottas,mercedes,mercedes,pirelli,,,1:42.026,102026.0,1:41.500,101500.0,1:40.495,100495.0,,,,,20.0
1001,2019,4,2,2.0,2,44,lewis-hamilton,mercedes,mercedes,pirelli,,,1:41.614,101614.0,1:41.580,101580.0,1:40.554,100554.0,+0.059,59.0,+0.059,59.0,21.0
1001,2019,4,3,3.0,3,5,sebastian-vettel,ferrari,ferrari,pirelli,,,1:42.042,102042.0,1:41.889,101889.0,1:40.797,100797.0,+0.302,302.0,+0.243,243.0,23.0
1001,2019,4,4,4.0,4,33,max-verstappen,red-bull,honda,pirelli,,,1:41.727,101727.0,1:41.388,101388.0,1:41.069,101069.0,+0.574,574.0,+0.272,272.0,15.0
1001,2019,4,5,5.0,5,11,sergio-perez,racing-point,bwt-mercedes,pirelli,,,1:42.249,102249.0,1:41.870,101870.0,1:41.593,101593.0,+1.098,1098.0,+0.524,524.0,17.0
1001,2019,4,6,6.0,6,26,daniil-kvyat,toro-rosso,honda,pirelli,,,1:42.324,102324.0,1:42.221,102221.0,1:41.681,101681.0,+1.186,1186.0,+0.088,88.0,23.0
1001,2019,4,7,7.0,7,4,lando-norris,mclaren,renault,pirelli,,,1:42.371,102371.0,1:42.084,102084.0,1:41.886,101886.0,+1.391,1391.0,+0.205,205.0,23.0
1001,2019,4,8,8.0,8,99,antonio-giovinazzi,alfa-romeo,ferrari,pirelli,,,1:42.140,102140.0,1:42.381,102381.0,1:42.424,102424.0,+1.929,1929.0,+0.538,538.0,21.0
1001,2019,4,9,9.0,9,16,charles-leclerc,ferrari,ferrari,pirelli,,,1:41.426,101426.0,1:41.995,101995.0,,,,,,,11.0
1001,2019,4,10,10.0,10,55,carlos-sainz-jr,mclaren,renault,pirelli,,,1:41.936,101936.0,1:42.398,102398.0,,,,,,,17.0
1001,2019,4,11,11.0,11,3,daniel-ricciardo,renault,renault,pirelli,,,1:42.486,102486.0,1:42.477,102477.0,,,,,,,15.0
1001,2019,4,12,12.0,12,23,alexander-albon,toro-rosso,honda,pirelli,,,1:42.154,102154.0,1:42.494,102494.0,,,,,,,18.0
1001,2019,4,13,13.0,13,20,kevin-magnussen,haas,ferrari,pirelli,,,1:42.382,102382.0,1:42.699,102699.0,,,,,,,16.0
1001,2019,4,14,14.0,14,18,lance-stroll,racing-point,bwt-mercedes,pirelli,,,1:42.630,102630.0,,,,,,,,,8.0
1001,2019,4,15,15.0,15,8,romain-grosjean,haas,ferrari,pirelli,,,1:43.407,103407.0,,,,,,,,,10.0
1001,2019,4,16,16.0,16,27,nico-hulkenberg,renault,renault,pirelli,,,1:43.427,103427.0,,,,,,,,,8.0
1001,2019,4,17,17.0,17,63,george-russell,williams,mercedes,pirelli,,,1:45.062,105062.0,,,,,,,,,9.0
1001,2019,4,18,18.0,18,88,robert-kubica,williams,mercedes,pirelli,,,1:45.455,105455.0,,,,,,,,,8.0
1001,2019,4,19,,EX,7,kimi-raikkonen,alfa-romeo,ferrari,pirelli,,,1:42.059,102059.0,1:42.082,102082.0,1:43.068,103068.0,,,,,21.0
1001,2019,4,20,,EX,10,pierre-gasly,red-bull,honda,pirelli,,,1:41.335,101335.0,,,,,,,,,5.0
1002,2019,5,1,1.0,1,77,valtteri-bottas,mercedes,mercedes,pirelli,,,1:16.979,76979.0,1:15.924,75924.0,1:15.406,75406.0,,,,,18.0
1002,2019,5,2,2.0,2,44,lewis-hamilton,mercedes,mercedes,pirelli,,,1:17.292,77292.0,1:16.038,76038.0,1:16.040,76040.0,+0.634,634.0,+0.634,634.0,17.0
1002,2019,5,3,3.0,3,5,sebastian-vettel,ferrari,ferrari,pirelli,,,1:17.425,77425.0,1:16.667,76667.0,1:16.272,76272.0,+0.866,866.0,+0.232,232.0,18.0
1002,2019,5,4,4.0,4,33,max-verstappen,red-bull,honda,pirelli,,,1:17.244,77244.0,1:16.726,76726.0,1:16.357,76357.0,+0.951,951.0,+0.085,85.0,12.0
1002,2019,5,5,5.0,5,16,charles-leclerc,ferrari,ferrari,pirelli,,,1:17.388,77388.0,1:16.714,76714.0,1:16.588,76588.0,+1.182,1182.0,+0.231,231.0,19.0
1002,2019,5,6,6.0,6,10,pierre-gasly,red-bull,honda,pirelli,,,1:17.862,77862.0,1:16.932,76932.0,1:16.708,76708.0,+1.302,1302.0,+0.120,120.0,17.0
1002,2019,5,7,7.0,7,8,romain-grosjean,haas,ferrari,pirelli,,,1:18.042,78042.0,1:17.066,77066.0,1:16.911,76911.0,+1.505,1505.0,+0.203,203.0,16.0
1002,2019,5,8,8.0,8,20,kevin-magnussen,haas,ferrari,pirelli,,,1:17.669,77669.0,1:17.272,77272.0,1:16.922,76922.0,+1.516,1516.0,+0.011,11.0,15.0
1002,2019,5,9,9.0,9,26,daniil-kvyat,toro-rosso,honda,pirelli,,,1:17.914,77914.0,1:17.243,77243.0,1:17.573,77573.0,+2.167,2167.0,+0.651,651.0,20.0
1002,2019,5,10,10.0,10,3,daniel-ricciardo,renault,renault,pirelli,,,1:18.385,78385.0,1:17.299,77299.0,1:18.106,78106.0,+2.700,2700.0,+0.533,533.0,19.0
1002,2019,5,11,11.0,11,4,lando-norris,mclaren,renault,pirelli,,,1:17.611,77611.0,1:17.338,77338.0,,,,,,,14.0
1002,2019,5,12,12.0,12,23,alexander-albon,toro-rosso,honda,pirelli,,,1:17.796,77796.0,1:17.445,77445.0,,,,,,,14.0
1002,2019,5,13,13.0,13,55,carlos-sainz-jr,mclaren,renault,pirelli,,,1:17.760,77760.0,1:17.599,77599.0,,,,,,,12.0
1002,2019,5,14,14.0,14,7,kimi-raikkonen,alfa-romeo,ferrari,pirelli,,,1:18.132,78132.0,1:17.788,77788.0,,,,,,,14.0
1002,2019,5,15,15.0,15,11,sergio-perez,racing-point,bwt-mercedes,pirelli,,,1:18.286,78286.0,1:17.886,77886.0,,,,,,,12.0
1002,2019,5,16,16.0,16,27,nico-hulkenberg,renault,renault,pirelli,,,1:18.404,78404.0,,,,,,,,,7.0
1002,2019,5,17,17.0,17,18,lance-stroll,racing-point,bwt-mercedes,pirelli,,,1:18.471,78471.0,,,,,,,,,9.0
1002,2019,5,18,18.0,18,99,antonio-giovinazzi,alfa-romeo,ferrari,pirelli,,,1:18.664,78664.0,,,,,,,,,8.0
1002,2019,5,19,19.0,19,63,george-russell,williams,mercedes,pirelli,,,1:19.072,79072.0,,,,,,,,,8.0
1002,2019,5,20,20.0,20,88,robert-kubica,williams,mercedes,pirelli,,,1:20.254,80254.0,,,,,,,,,9.0
1003,2019,6,1,1.0,1,44,lewis-hamilton,mercedes,mercedes,pirelli,,,1:11.542,71542.0,1:10.835,70835.0,1:10.166,70166.0,,,,,28.0
1003,2019,6,2,2.0,2,77,valtteri-bottas,mercedes,mercedes,pirelli,,,1:11.562,71562.0,1:10.701,70701.0,1:10.252,70252.0,+0.086,86.0,+0.086,86.0,27.0
1003,2019,6,3,3.0,3,33,max-verstappen,red-bull,honda,pirelli,,,1:11.597,71597.0,1:10.618,70618.0,1:10.641,70641.0,+0.475,475.0,+0.389,389.0,19.0
1003,2019,6,4,4.0,4,5,sebastian-vettel,ferrari,ferrari,pirelli,,,1:11.434,71434.0,1:11.227,71227.0,1:10.947,70947.0,+0.781,781.0,+0.306,306.0,27.0
1003,2019,6,5,5.0,5,10,pierre-gasly,red-bull,honda,pirelli,,,1:11.740,71740.0,1:11.457,71457.0,1:11.041,71041.0,+0.875,875.0,+0.094,94.0,24.0
1003,2019,6,6,6.0,6,20,kevin-magnussen,haas,ferrari,pirelli,,,1:11.865,71865.0,1:11.363,71363.0,1:11.109,71109.0,+0.943,943.0,+0.068,68.0,24.0
1003,2019,6,7,7.0,7,3,daniel-ricciardo,renault,renault,pirelli,,,1:11.767,71767.0,1:11.543,71543.0,1:11.218,71218.0,+1.052,1052.0,+0.109,109.0,25.0
1003,2019,6,8,8.0,8,26,daniil-kvyat,toro-rosso,honda,pirelli,,,1:11.602,71602.0,1:11.412,71412.0,1:11.271,71271.0,+1.105,1105.0,+0.053,53.0,30.0
1003,2019,6,9,9.0,9,55,carlos-sainz-jr,mclaren,renault,pirelli,,,1:11.872,71872.0,1:11.608,71608.0,1:11.417,71417.0,+1.251,1251.0,+0.146,146.0,30.0
1003,2019,6,10,10.0,10,23,alexander-albon,toro-rosso,honda,pirelli,,,1:12.007,72007.0,1:11.429,71429.0,1:11.653,71653.0,+1.487,1487.0,+0.236,236.0,31.0
1003,2019,6,11,11.0,11,27,nico-hulkenberg,renault,renault,pirelli,,,1:12.097,72097.0,1:11.670,71670.0,,,,,,,20.0
1003,2019,6,12,12.0,12,4,lando-norris,mclaren,renault,pirelli,,,1:11.845,71845.0,1:11.724,71724.0,,,,,,,22.0
1003,2019,6,13,13.0,13,8,romain-grosjean,haas,ferrari,pirelli,,,1:11.837,71837.0,1:12.027,72027.0,,,,,,,21.0
1003,2019,6,14,14.0,14,7,kimi-raikkonen,alfa-romeo,ferrari,pirelli,,,1:11.993,71993.0,1:12.115,72115.0,,,,,,,21.0
1003,2019,6,15,15.0,15,99,antonio-giovinazzi,alfa-romeo,ferrari,pirelli,,,1:11.976,71976.0,1:12.185,72185.0,,,,,,,22.0
1003,2019,6,16,16.0,16,16,charles-leclerc,ferrari,ferrari,pirelli,,,1:12.149,72149.0,,,,,,,,,8.0
1003,2019,6,17,17.0,17,11,sergio-perez,racing-point,bwt-mercedes,pirelli,,,1:12.233,72233.0,,,,,,,,,11.0
1003,2019,6,18,18.0,18,18,lance-stroll,racing-point,bwt-mercedes,pirelli,,,1:12.846,72846.0,,,,,,,,,11.0
1003,2019,6,19,19.0,19,63,george-russell,williams,mercedes,pirelli,,,1:13.477,73477.0,,,,,,,,,13.0
1003,2019,6,20,20.0,20,88,robert-kubica,williams,mercedes,pirelli,,,1:13.751,73751.0,,,,,,,,,13.0
1004,2019,7,1,1.0,1,5,sebastian-vettel,ferrari,ferrari,pirelli,,,1:11.200,71200.0,1:11.142,71142.0,1:10.240,70240.0,,,,,23.0
1004,2019,7,2,2.0,2,44,lewis-hamilton,mercedes,mercedes,pirelli,,,1:11.518,71518.0,1:11.010,71010.0,1:10.446,70446.0,+0.206,206.0,+0.206,206.0,22.0
1004,2019,7,3,3.0,3,16,charles-leclerc,ferrari,ferrari,pirelli,,,1:11.214,71214.0,1:11.205,71205.0,1:10.920,70920.0,+0.680,680.0,+0.474,474.0,23.0
1004,2019,7,4,4.0,4,3,daniel-ricciardo,renault,renault,pirelli,,,1:11.837,71837.0,1:11.532,71532.0,1:11.071,71071.0,+0.831,831.0,+0.151,151.0,20.0
1004,2019,7,5,5.0,5,10,pierre-gasly,red-bull,honda,pirelli,,,1:12.023,72023.0,1:11.196,71196.0,1:11.079,71079.0,+0.839,839.0,+0.008,8.0,17.0
1004,2019,7,6,6.0,6,77,valtteri-bottas,mercedes,mercedes,pirelli,,,1:11.229,71229.0,1:11.095,71095.0,1:11.101,71101.0,+0.861,861.0,+0.022,22.0,19.0
1004,2019,7,7,7.0,7,27,nico-hulkenberg,renault,renault,pirelli,,,1:11.720,71720.0,1:11.553,71553.0,1:11.324,71324.0,+1.084,1084.0,+0.223,223.0,21.0
1004,2019,7,8,8.0,8,4,lando-norris,mclaren,renault,pirelli,,,1:11.780,71780.0,1:11.735,71735.0,1:11.863,71863.0,+1.623,1623.0,+0.539,539.0,20.0
1004,2019,7,9,9.0,9,55,carlos-sainz-jr,mclaren,renault,pirelli,,,1:11.750,71750.0,1:11.572,71572.0,1:13.981,73981.0,+3.741,3741.0,+2.118,2118.0,19.0
1004,2019,7,10,10.0,10,20,kevin-magnussen,haas,ferrari,pirelli,,,1:12.107,72107.0,1:11.786,71786.0,,,,,,,15.0
1004,2019,7,11,11.0,11,33,max-verstappen,red-bull,honda,pirelli,,,1:11.619,71619.0,1:11.800,71800.0,,,,,,,12.0
1004,2019,7,12,12.0,12,26,daniil-kvyat,toro-rosso,honda,pirelli,,,1:11.965,71965.0,1:11.921,71921.0,,,,,,,17.0
1004,2019,7,13,13.0,13,99,antonio-giovinazzi,alfa-romeo,ferrari,pirelli,,,1:12.122,72122.0,1:12.136,72136.0,,,,,,,16.0
1004,2019,7,14,14.0,14,23,alexander-albon,toro-rosso,honda,pirelli,,,1:12.020,72020.0,1:12.193,72193.0,,,,,,,16.0
1004,2019,7,15,15.0,15,8,romain-grosjean,haas,ferrari,pirelli,,,1:12.109,72109.0,,,,,,,,,15.0
1004,2019,7,16,16.0,16,11,sergio-perez,racing-point,bwt-mercedes,pirelli,,,1:12.197,72197.0,,,,,,,,,6.0
1004,2019,7,17,17.0,17,7,kimi-raikkonen,alfa-romeo,ferrari,pirelli,,,1:12.230,72230.0,,,,,,,,,10.0
1004,2019,7,18,18.0,18,18,lance-stroll,racing-point,bwt-mercedes,pirelli,,,1:12.266,72266.0,,,,,,,,,9.0
1004,2019,7,19,19.0,19,63,george-russell,williams,mercedes,pirelli,,,1:13.617,73617.0,,,,,,,,,10.0
1004,2019,7,20,20.0,20,88,robert-kubica,williams,mercedes,pirelli,,,1:14.393,74393.0,,,,,,,,,10.0
1005,2019,8,1,1.0,1,44,lewis-hamilton,mercedes,mercedes,pirelli,,,1:30.609,90609.0,1:29.520,89520.0,1:28.319,88319.0,,,,,20.0
1005,2019,8,2,2.0,2,77,valtteri-bottas,mercedes,mercedes,pirelli,,,1:30.550,90550.0,1:29.437,89437.0,1:28.605,88605.0,+0.286,286.0,+0.286,286.0,19.0
1005,2019,8,3,3.0,3,16,charles-leclerc,ferrari,ferrari,pirelli,,,1:30.647,90647.0,1:29.699,89699.0,1:28.965,88965.0,+0.646,646.0,+0.360,360.0,19.0
1005,2019,8,4,4.0,4,33,max-verstappen,red-bull,honda,pirelli,,,1:31.327,91327.0,1:30.099,90099.0,1:29.409,89409.0,+1.090,1090.0,+0.444,444.0,19.0
1005,2019,8,5,5.0,5,4,lando-norris,mclaren,renault,pirelli,,,1:30.989,90989.0,1:30.019,90019.0,1:29.418,89418.0,+1.099,1099.0,+0.009,9.0,21.0
1005,2019,8,6,6.0,6,55,carlos-sainz-jr,mclaren,renault,pirelli,,,1:31.073,91073.0,1:30.319,90319.0,1:29.522,89522.0,+1.203,1203.0,+0.104,104.0,21.0
1005,2019,8,7,7.0,7,5,sebastian-vettel,ferrari,ferrari,pirelli,,,1:31.075,91075.0,1:29.506,89506.0,1:29.799,89799.0,+1.480,1480.0,+0.277,277.0,19.0
1005,2019,8,8,8.0,8,3,daniel-ricciardo,renault,renault,pirelli,,,1:30.954,90954.0,1:30.369,90369.0,1:29.918,89918.0,+1.599,1599.0,+0.119,119.0,20.0
1005,2019,8,9,9.0,9,10,pierre-gasly,red-bull,honda,pirelli,,,1:31.152,91152.0,1:30.421,90421.0,1:30.184,90184.0,+1.865,1865.0,+0.266,266.0,19.0
1005,2019,8,10,10.0,10,99,antonio-giovinazzi,alfa-romeo,ferrari,pirelli,,,1:31.180,91180.0,1:30.408,90408.0,1:33.420,93420.0,+5.101,5101.0,+3.236,3236.0,17.0
1005,2019,8,11,11.0,11,23,alexander-albon,toro-rosso,honda,pirelli,,,1:31.445,91445.0,1:30.461,90461.0,,,,,,,14.0
1005,2019,8,12,12.0,12,7,kimi-raikkonen,alfa-romeo,ferrari,pirelli,,,1:30.972,90972.0,1:30.533,90533.0,,,,,,,14.0
1005,2019,8,13,13.0,13,27,nico-hulkenberg,renault,renault,pirelli,,,1:30.865,90865.0,1:30.544,90544.0,,,,,,,15.0
1005,2019,8,14,14.0,14,11,sergio-perez,racing-point,bwt-mercedes,pirelli,,,1:30.964,90964.0,1:30.738,90738.0,,,,,,,15.0
1005,2019,8,15,15.0,15,20,kevin-magnussen,haas,ferrari,pirelli,,,1:31.166,91166.0,1:31.440,91440.0,,,,,,,17.0
1005,2019,8,16,16.0,16,26,daniil-kvyat,toro-rosso,honda,pirelli,,,1:31.564,91564.0,,,,,,,,,6.0
1005,2019,8,17,17.0,17,8,romain-grosjean,haas,ferrari,pirelli,,,1:31.626,91626.0,,,,,,,,,9.0
1005,2019,8,18,18.0,18,18,lance-stroll,racing-point,bwt-mercedes,pirelli,,,1:31.726,91726.0,,,,,,,,,9.0
1005,2019,8,19,19.0,19,63,george-russell,williams,mercedes,pirelli,,,1:32.789,92789.0,,,,,,,,,8.0
1005,2019,8,20,20.0,20,88,robert-kubica,williams,mercedes,pirelli,,,1:33.205,93205.0,,,,,,,,,8.0
1006,2019,9,1,1.0,1,16,charles-leclerc,ferrari,ferrari,pirelli,,,1:04.138,64138.0,1:03.378,63378.0,1:03.003,63003.0,,,,,19.0
1006,2019,9,2,2.0,2,44,lewis-hamilton,mercedes,mercedes,pirelli,,,1:03.818,63818.0,1:03.803,63803.0,1:03.262,63262.0,+0.259,259.0,+0.259,259.0,27.0
1006,2019,9,3,3.0,3,33,max-verstappen,red-bull,honda,pirelli,,,1:03.807,63807.0,1:03.835,63835.0,1:03.439,63439.0,+0.436,436.0,+0.177,177.0,18.0
1006,2019,9,4,4.0,4,77,valtteri-bottas,mercedes,mercedes,pirelli,,,1:04.084,64084.0,1:03.863,63863.0,1:03.537,63537.0,+0.534,534.0,+0.098,98.0,25.0
1006,2019,9,5,5.0,5,20,kevin-magnussen,haas,ferrari,pirelli,,,1:04.778,64778.0,1:04.466,64466.0,1:04.072,64072.0,+1.069,1069.0,+0.535,535.0,20.0
1006,2019,9,6,6.0,6,4,lando-norris,mclaren,renault,pirelli,,,1:04.361,64361.0,1:04.211,64211.0,1:04.099,64099.0,+1.096,1096.0,+0.027,27.0,19.0
1006,2019,9,7,7.0,7,7,kimi-raikkonen,alfa-romeo,ferrari,pirelli,,,1:04.615,64615.0,1:04.056,64056.0,1:04.166,64166.0,+1.163,1163.0,+0.067,67.0,23.0
1006,2019,9,8,8.0,8,99,antonio-giovinazzi,alfa-romeo,ferrari,pirelli,,,1:04.450,64450.0,1:04.194,64194.0,1:04.179,64179.0,+1.176,1176.0,+0.013,13.0,22.0
1006,2019,9,9,9.0,9,10,pierre-gasly,red-bull,honda,pirelli,,,1:04.412,64412.0,1:03.988,63988.0,1:04.199,64199.0,+1.196,1196.0,+0.020,20.0,18.0
1006,2019,9,10,10.0,10,5,sebastian-vettel,ferrari,ferrari,pirelli,,,1:04.340,64340.0,1:03.667,63667.0,,,,,,,9.0
1006,2019,9,11,11.0,11,8,romain-grosjean,haas,ferrari,pirelli,,,1:04.552,64552.0,1:04.490,64490.0,,,,,,,18.0
1006,2019,9,12,12.0,12,27,nico-hulkenberg,renault,renault,pirelli,,,1:04.733,64733.0,1:04.516,64516.0,,,,,,,12.0
1006,2019,9,13,13.0,13,23,alexander-albon,toro-rosso,honda,pirelli,,,1:04.708,64708.0,1:04.665,64665.0,,,,,,,15.0
1006,2019,9,14,14.0,14,3,daniel-ricciardo,renault,renault,pirelli,,,1:04.647,64647.0,1:04.790,64790.0,,,,,,,12.0
1006,2019,9,15,15.0,15,55,carlos-sainz-jr,mclaren,renault,pirelli,,,1:04.453,64453.0,1:13.601,73601.0,,,,,,,12.0
1006,2019,9,16,16.0,16,11,sergio-perez,racing-point,bwt-mercedes,pirelli,,,1:04.789,64789.0,,,,,,,,,8.0
1006,2019,9,17,17.0,17,18,lance-stroll,racing-point,bwt-mercedes,pirelli,,,1:04.832,64832.0,,,,,,,,,9.0
1006,2019,9,18,18.0,18,26,daniil-kvyat,toro-rosso,honda,pirelli,,,1:05.324,65324.0,,,,,,,,,8.0
1006,2019,9,19,19.0,19,63,george-russell,williams,mercedes,pirelli,,,1:05.904,65904.0,,,,,,,,,12.0
1006,2019,9,20,20.0,20,88,robert-kubica,williams,mercedes,pirelli,,,1:06.206,66206.0,,,,,,,,,11.0
1007,2019,10,1,1.0,1,77,valtteri-bottas,mercedes,mercedes,pirelli,,,1:25.750,85750.0,1:25.672,85672.0,1:25.093,85093.0,,,,,21.0
1007,2019,10,2,2.0,2,44,lewis-hamilton,mercedes,mercedes,pirelli,,,1:25.513,85513.0,1:25.840,85840.0,1:25.099,85099.0,+0.006,6.0,+0.006,6.0,17.0
1007,2019,10,3,3.0,3,16,charles-leclerc,ferrari,ferrari,pirelli,,,1:25.533,85533.0,1:25.546,85546.0,1:25.172,85172.0,+0.079,79.0,+0.073,73.0,18.0
1007,2019,10,4,4.0,4,33,max-verstappen,red-bull,honda,pirelli,,,1:25.700,85700.0,1:25.848,85848.0,1:25.276,85276.0,+0.183,183.0,+0.104,104.0,21.0
1007,2019,10,5,5.0,5,10,pierre-gasly,red-bull,honda,pirelli,,,1:26.273,86273.0,1:26.038,86038.0,1:25.590,85590.0,+0.497,497.0,+0.314,314.0,21.0
1007,2019,10,6,6.0,6,5,sebastian-vettel,ferrari,ferrari,pirelli,,,1:25.898,85898.0,1:26.023,86023.0,1:25.787,85787.0,+0.694,694.0,+0.197,197.0,19.0
1007,2019,10,7,7.0,7,3,daniel-ricciardo,renault,renault,pirelli,,,1:26.428,86428.0,1:26.283,86283.0,1:26.182,86182.0,+1.089,1089.0,+0.395,395.0,21.0
1007,2019,10,8,8.0,8,4,lando-norris,mclaren,renault,pirelli,,,1:26.079,86079.0,1:26.385,86385.0,1:26.224,86224.0,+1.131,1131.0,+0.042,42.0,21.0
1007,2019,10,9,9.0,9,23,alexander-albon,toro-rosso,honda,pirelli,,,1:26.482,86482.0,1:26.403,86403.0,1:26.345,86345.0,+1.252,1252.0,+0.121,121.0,24.0
1007,2019,10,10,10.0,10,27,nico-hulkenberg,renault,renault,pirelli,,,1:26.568,86568.0,1:26.397,86397.0,1:26.386,86386.0,+1.293,1293.0,+0.041,41.0,21.0
1007,2019,10,11,11.0,11,99,antonio-giovinazzi,alfa-romeo,ferrari,pirelli,,,1:26.449,86449.0,1:26.519,86519.0,,,,,,,18.0
1007,2019,10,12,12.0,12,7,kimi-raikkonen,alfa-romeo,ferrari,pirelli,,,1:26.558,86558.0,1:26.546,86546.0,,,,,,,18.0
1007,2019,10,13,13.0,13,55,carlos-sainz-jr,mclaren,renault,pirelli,,,1:26.203,86203.0,1:26.578,86578.0,,,,,,,15.0
1007,2019,10,14,14.0,14,8,romain-grosjean,haas,ferrari,pirelli,,,1:26.347,86347.0,1:26.757,86757.0,,,,,,,17.0
1007,2019,10,15,15.0,15,11,sergio-perez,racing-point,bwt-mercedes,pirelli,,,1:26.649,86649.0,1:26.928,86928.0,,,,,,,14.0
1007,2019,10,16,16.0,16,20,kevin-magnussen,haas,ferrari,pirelli,,,1:26.662,86662.0,,,,,,,,,9.0
1007,2019,10,17,17.0,17,26,daniil-kvyat,toro-rosso,honda,pirelli,,,1:26.721,86721.0,,,,,,,,,10.0
1007,2019,10,18,18.0,18,18,lance-stroll,racing-point,bwt-mercedes,pirelli,,,1:26.762,86762.0,,,,,,,,,9.0
1007,2019,10,19,19.0,19,63,george-russell,williams,mercedes,pirelli,,,1:27.789,87789.0,,,,,,,,,9.0
1007,2019,10,20,20.0,20,88,robert-kubica,williams,mercedes,pirelli,,,1:28.257,88257.0,,,,,,,,,10.0
1008,2019,11,1,1.0,1,44,lewis-hamilton,mercedes,mercedes,pirelli,,,1:12.852,72852.0,1:12.149,72149.0,1:11.767,71767.0,,,,,19.0
1008,2019,11,2,2.0,2,33,max-verstappen,red-bull,honda,pirelli,,,1:12.593,72593.0,1:12.427,72427.0,1:12.113,72113.0,+0.346,346.0,+0.346,346.0,17.0
1008,2019,11,3,3.0,3,77,valtteri-bottas,mercedes,mercedes,pirelli,,,1:13.075,73075.0,1:12.424,72424.0,1:12.129,72129.0,+0.362,362.0,+0.016,16.0,19.0
1008,2019,11,4,4.0,4,10,pierre-gasly,red-bull,honda,pirelli,,,1:12.991,72991.0,1:12.385,72385.0,1:12.522,72522.0,+0.755,755.0,+0.393,393.0,15.0
1008,2019,11,5,5.0,5,7,kimi-raikkonen,alfa-romeo,ferrari,pirelli,,,1:13.066,73066.0,1:12.519,72519.0,1:12.538,72538.0,+0.771,771.0,+0.016,16.0,18.0
1008,2019,11,6,6.0,6,8,romain-grosjean,haas,ferrari,pirelli,,,1:13.146,73146.0,1:12.769,72769.0,1:12.851,72851.0,+1.084,1084.0,+0.313,313.0,20.0
1008,2019,11,7,7.0,7,55,carlos-sainz-jr,mclaren,renault,pirelli,,,1:13.221,73221.0,1:12.632,72632.0,1:12.897,72897.0,+1.130,1130.0,+0.046,46.0,21.0
1008,2019,11,8,8.0,8,11,sergio-perez,racing-point,bwt-mercedes,pirelli,,,1:13.194,73194.0,1:12.776,72776.0,1:13.065,73065.0,+1.298,1298.0,+0.168,168.0,15.0
1008,2019,11,9,9.0,9,27,nico-hulkenberg,renault,renault,pirelli,,,1:13.186,73186.0,1:12.766,72766.0,1:13.126,73126.0,+1.359,1359.0,+0.061,61.0,15.0
1008,2019,11,10,10.0,10,16,charles-leclerc,ferrari,ferrari,pirelli,,,1:12.229,72229.0,1:12.344,72344.0,,,,,,,9.0
1008,2019,11,11,11.0,11,99,antonio-giovinazzi,alfa-romeo,ferrari,pirelli,,,1:13.170,73170.0,1:12.786,72786.0,,,,,,,15.0
1008,2019,11,12,12.0,12,20,kevin-magnussen,haas,ferrari,pirelli,,,1:13.103,73103.0,1:12.789,72789.0,,,,,,,11.0
1008,2019,11,13,13.0,13,3,daniel-ricciardo,renault,renault,pirelli,,,1:13.131,73131.0,1:12.799,72799.0,,,,,,,12.0
1008,2019,11,14,14.0,14,26,daniil-kvyat,toro-rosso,honda,pirelli,,,1:13.278,73278.0,1:13.135,73135.0,,,,,,,15.0
1008,2019,11,15,15.0,15,18,lance-stroll,racing-point,bwt-mercedes,pirelli,,,1:13.256,73256.0,1:13.450,73450.0,,,,,,,15.0
1008,2019,11,16,16.0,16,4,lando-norris,mclaren,renault,pirelli,,,1:13.333,73333.0,,,,,,,,,9.0
1008,2019,11,17,17.0,17,23,alexander-albon,toro-rosso,honda,pirelli,,,1:13.461,73461.0,,,,,,,,,9.0
1008,2019,11,18,18.0,18,63,george-russell,williams,mercedes,pirelli,,,1:14.721,74721.0,,,,,,,,,11.0
1008,2019,11,19,19.0,19,88,robert-kubica,williams,mercedes,pirelli,,,1:14.839,74839.0,,,,,,,,,11.0
1008,2019,11,20,,NC,5,sebastian-vettel,ferrari,ferrari,pirelli,,,,,,,,,,,,,1.0
1009,2019,12,1,1.0,1,33,max-verstappen,red-bull,honda,pirelli,,,1:15.817,75817.0,1:15.573,75573.0,1:14.572,74572.0,,,,,16.0
1009,2019,12,2,2.0,2,77,valtteri-bottas,mercedes,mercedes,pirelli,,,1:16.078,76078.0,1:15.669,75669.0,1:14.590,74590.0,+0.018,18.0,+0.018,18.0,19.0
1009,2019,12,3,3.0,3,44,lewis-hamilton,mercedes,mercedes,pirelli,,,1:16.068,76068.0,1:15.548,75548.0,1:14.769,74769.0,+0.197,197.0,+0.179,179.0,22.0
1009,2019,12,4,4.0,4,16,charles-leclerc,ferrari,ferrari,pirelli,,,1:16.337,76337.0,1:15.792,75792.0,1:15.043,75043.0,+0.471,471.0,+0.274,274.0,17.0
1009,2019,12,5,5.0,5,5,sebastian-vettel,ferrari,ferrari,pirelli,,,1:16.452,76452.0,1:15.885,75885.0,1:15.071,75071.0,+0.499,499.0,+0.028,28.0,18.0
1009,2019,12,6,6.0,6,10,pierre-gasly,red-bull,honda,pirelli,,,1:16.716,76716.0,1:16.393,76393.0,1:15.450,75450.0,+0.878,878.0,+0.379,379.0,19.0
1009,2019,12,7,7.0,7,4,lando-norris,mclaren,renault,pirelli,,,1:16.697,76697.0,1:16.060,76060.0,1:15.800,75800.0,+1.228,1228.0,+0.350,350.0,18.0
1009,2019,12,8,8.0,8,55,carlos-sainz-jr,mclaren,renault,pirelli,,,1:16.493,76493.0,1:16.308,76308.0,1:15.852,75852.0,+1.280,1280.0,+0.052,52.0,20.0
1009,2019,12,9,9.0,9,8,romain-grosjean,haas,ferrari,pirelli,,,1:16.978,76978.0,1:16.319,76319.0,1:16.013,76013.0,+1.441,1441.0,+0.161,161.0,21.0
1009,2019,12,10,10.0,10,7,kimi-raikkonen,alfa-romeo,ferrari,pirelli,,,1:16.506,76506.0,1:16.518,76518.0,1:16.041,76041.0,+1.469,1469.0,+0.028,28.0,20.0
1009,2019,12,11,11.0,11,27,nico-hulkenberg,renault,renault,pirelli,,,1:16.790,76790.0,1:16.565,76565.0,,,,,,,12.0
1009,2019,12,12,12.0,12,23,alexander-albon,toro-rosso,honda,pirelli,,,1:16.912,76912.0,1:16.687,76687.0,,,,,,,14.0
1009,2019,12,13,13.0,13,26,daniil-kvyat,toro-rosso,honda,pirelli,,,1:16.750,76750.0,1:16.692,76692.0,,,,,,,14.0
1009,2019,12,14,14.0,14,99,antonio-giovinazzi,alfa-romeo,ferrari,pirelli,,,1:16.894,76894.0,1:16.804,76804.0,,,,,,,14.0
1009,2019,12,15,15.0,15,20,kevin-magnussen,haas,ferrari,pirelli,,,1:16.122,76122.0,1:17.081,77081.0,,,,,,,13.0
1009,2019,12,16,16.0,16,63,george-russell,williams,mercedes,pirelli,,,1:17.031,77031.0,,,,,,,,,9.0
1009,2019,12,17,17.0,17,11,sergio-perez,racing-point,bwt-mercedes,pirelli,,,1:17.109,77109.0,,,,,,,,,6.0
1009,2019,12,18,18.0,18,3,daniel-ricciardo,renault,renault,pirelli,,,1:17.257,77257.0,,,,,,,,,6.0
1009,2019,12,19,19.0,19,18,lance-stroll,racing-point,bwt-mercedes,pirelli,,,1:17.542,77542.0,,,,,,,,,9.0
1009,2019,12,20,20.0,20,88,robert-kubica,williams,mercedes,pirelli,,,1:18.324,78324.0,,,,,,,,,9.0
1010,2019,13,1,1.0,1,16,charles-leclerc,ferrari,ferrari,pirelli,,,1:43.587,103587.0,1:42.938,102938.0,1:42.519,102519.0,,,,,17.0
1010,2019,13,2,2.0,2,5,sebastian-vettel,ferrari,ferrari,pirelli,,,1:44.109,104109.0,1:43.037,103037.0,1:43.267,103267.0,+0.748,748.0,+0.748,748.0,17.0
1010,2019,13,3,3.0,3,44,lewis-hamilton,mercedes,mercedes,pirelli,,,1:45.260,105260.0,1:43.592,103592.0,1:43.282,103282.0,+0.763,763.0,+0.015,15.0,19.0
1010,2019,13,4,4.0,4,77,valtteri-bottas,mercedes,mercedes,pirelli,,,1:45.141,105141.0,1:43.980,103980.0,1:43.415,103415.0,+0.896,896.0,+0.133,133.0,19.0
1010,2019,13,5,5.0,5,33,max-verstappen,red-bull,honda,pirelli,,,1:44.622,104622.0,1:44.132,104132.0,1:43.690,103690.0,+1.171,1171.0,+0.275,275.0,16.0
1010,2019,13,6,6.0,6,3,daniel-ricciardo,renault,renault,pirelli,,,1:45.560,105560.0,1:44.103,104103.0,1:44.257,104257.0,+1.738,1738.0,+0.567,567.0,17.0
1010,2019,13,7,7.0,7,27,nico-hulkenberg,renault,renault,pirelli,,,1:45.899,105899.0,1:44.549,104549.0,1:44.542,104542.0,+2.023,2023.0,+0.285,285.0,16.0
1010,2019,13,8,8.0,8,7,kimi-raikkonen,alfa-romeo,ferrari,pirelli,,,1:45.842,105842.0,1:44.140,104140.0,1:44.557,104557.0,+2.038,2038.0,+0.015,15.0,18.0
1010,2019,13,9,9.0,9,11,sergio-perez,racing-point,bwt-mercedes,pirelli,,,1:45.732,105732.0,1:44.707,104707.0,1:44.706,104706.0,+2.187,2187.0,+0.149,149.0,18.0
1010,2019,13,10,10.0,10,20,kevin-magnussen,haas,ferrari,pirelli,,,1:45.839,105839.0,1:44.738,104738.0,1:45.086,105086.0,+2.567,2567.0,+0.380,380.0,18.0
1010,2019,13,11,11.0,11,8,romain-grosjean,haas,ferrari,pirelli,,,1:45.694,105694.0,1:44.797,104797.0,,,,,,,12.0
1010,2019,13,12,12.0,12,4,lando-norris,mclaren,renault,pirelli,,,1:46.154,106154.0,1:44.847,104847.0,,,,,,,12.0
1010,2019,13,13,13.0,13,18,lance-stroll,racing-point,bwt-mercedes,pirelli,,,1:46.000,106000.0,1:45.047,105047.0,,,,,,,8.0
1010,2019,13,14,14.0,14,23,alexander-albon,red-bull,honda,pirelli,,,1:45.528,105528.0,1:45.799,105799.0,,,,,,,8.0
1010,2019,13,15,15.0,15,99,antonio-giovinazzi,alfa-romeo,ferrari,pirelli,,,1:45.637,105637.0,,,,,,,,,7.0
1010,2019,13,16,16.0,16,10,pierre-gasly,toro-rosso,honda,pirelli,,,1:46.435,106435.0,,,,,,,,,5.0
1010,2019,13,17,17.0,17,55,carlos-sainz-jr,mclaren,renault,pirelli,,,1:46.507,106507.0,,,,,,,,,6.0
1010,2019,13,18,18.0,18,26,daniil-kvyat,toro-rosso,honda,pirelli,,,1:46.518,106518.0,,,,,,,,,4.0
1010,2019,13,19,19.0,19,63,george-russell,williams,mercedes,pirelli,,,1:47.548,107548.0,,,,,,,,,6.0
1010,2019,13,20,,NC,88,robert-kubica,williams,mercedes,pirelli,,,,,,,,,,,,,2.0
1011,2019,14,1,1.0,1,16,charles-leclerc,ferrari,ferrari,pirelli,,,1:20.126,80126.0,1:19.553,79553.0,1:19.307,79307.0,,,,,18.0
1011,2019,14,2,2.0,2,44,lewis-hamilton,mercedes,mercedes,pirelli,,,1:20.272,80272.0,1:19.464,79464.0,1:19.346,79346.0,+0.039,39.0,+0.039,39.0,16.0
1011,2019,14,3,3.0,3,77,valtteri-bottas,mercedes,mercedes,pirelli,,,1:20.156,80156.0,1:20.018,80018.0,1:19.354,79354.0,+0.047,47.0,+0.008,8.0,17.0
1011,2019,14,4,4.0,4,5,sebastian-vettel,ferrari,ferrari,pirelli,,,1:20.378,80378.0,1:19.715,79715.0,1:19.457,79457.0,+0.150,150.0,+0.103,103.0,17.0
1011,2019,14,5,5.0,5,3,daniel-ricciardo,renault,renault,pirelli,,,1:20.374,80374.0,1:19.833,79833.0,1:19.839,79839.0,+0.532,532.0,+0.382,382.0,13.0
1011,2019,14,6,6.0,6,27,nico-hulkenberg,renault,renault,pirelli,,,1:20.155,80155.0,1:20.275,80275.0,1:20.049,80049.0,+0.742,742.0,+0.210,210.0,14.0
1011,2019,14,7,7.0,7,55,carlos-sainz-jr,mclaren,renault,pirelli,,,1:20.413,80413.0,1:20.202,80202.0,1:20.455,80455.0,+1.148,1148.0,+0.406,406.0,20.0
1011,2019,14,8,8.0,8,23,alexander-albon,red-bull,honda,pirelli,,,1:20.382,80382.0,1:20.021,80021.0,,,,,,,15.0
1011,2019,14,9,9.0,9,18,lance-stroll,racing-point,bwt-mercedes,pirelli,,,1:20.643,80643.0,1:20.498,80498.0,,,,,,,19.0
1011,2019,14,10,10.0,10,7,kimi-raikkonen,alfa-romeo,ferrari,pirelli,,,1:20.634,80634.0,1:20.515,80515.0,,,,,,,16.0
1011,2019,14,11,11.0,11,99,antonio-giovinazzi,alfa-romeo,ferrari,pirelli,,,1:20.657,80657.0,1:20.517,80517.0,,,,,,,15.0
1011,2019,14,12,12.0,12,20,kevin-magnussen,haas,ferrari,pirelli,,,1:20.616,80616.0,1:20.615,80615.0,,,,,,,14.0
1011,2019,14,13,13.0,13,26,daniil-kvyat,toro-rosso,honda,pirelli,,,1:20.723,80723.0,1:20.630,80630.0,,,,,,,17.0
1011,2019,14,14,14.0,14,4,lando-norris,mclaren,renault,pirelli,,,1:20.646,80646.0,1:21.068,81068.0,,,,,,,15.0
1011,2019,14,15,15.0,15,10,pierre-gasly,toro-rosso,honda,pirelli,,,1:20.508,80508.0,1:21.125,81125.0,,,,,,,15.0
1011,2019,14,16,16.0,16,8,romain-grosjean,haas,ferrari,pirelli,,,1:20.784,80784.0,,,,,,,,,8.0
1011,2019,14,17,17.0,17,11,sergio-perez,racing-point,bwt-mercedes,pirelli,,,1:21.291,81291.0,,,,,,,,,6.0
1011,2019,14,18,18.0,18,63,george-russell,williams,mercedes,pirelli,,,1:21.800,81800.0,,,,,,,,,8.0
1011,2019,14,19,19.0,19,88,robert-kubica,williams,mercedes,pirelli,,,1:22.356,82356.0,,,,,,,,,9.0
1011,2019,14,20,,NC,33,max-verstappen,red-bull,honda,pirelli,,,,,,,,,,,,,3.0
1012,2019,15,1,1.0,1,16,charles-leclerc,ferrari,ferrari,pirelli,,,1:38.014,98014.0,1:36.650,96650.0,1:36.217,96217.0,,,,,18.0
1012,2019,15,2,2.0,2,44,lewis-hamilton,mercedes,mercedes,pirelli,,,1:37.565,97565.0,1:36.933,96933.0,1:36.408,96408.0,+0.191,191.0,+0.191,191.0,19.0
1012,2019,15,3,3.0,3,5,sebastian-vettel,ferrari,ferrari,pirelli,,,1:38.374,98374.0,1:36.720,96720.0,1:36.437,96437.0,+0.220,220.0,+0.029,29.0,16.0
1012,2019,15,4,4.0,4,33,max-verstappen,red-bull,honda,pirelli,,,1:38.540,98540.0,1:37.089,97089.0,1:36.813,96813.0,+0.596,596.0,+0.376,376.0,15.0
1012,2019,15,5,5.0,5,77,valtteri-bottas,mercedes,mercedes,pirelli,,,1:37.317,97317.0,1:37.142,97142.0,1:37.146,97146.0,+0.929,929.0,+0.333,333.0,18.0
1012,2019,15,6,6.0,6,23,alexander-albon,red-bull,honda,pirelli,,,1:39.106,99106.0,1:37.865,97865.0,1:37.411,97411.0,+1.194,1194.0,+0.265,265.0,16.0
1012,2019,15,7,7.0,7,55,carlos-sainz-jr,mclaren,renault,pirelli,,,1:38.882,98882.0,1:37.982,97982.0,1:37.818,97818.0,+1.601,1601.0,+0.407,407.0,19.0
1012,2019,15,8,8.0,8,27,nico-hulkenberg,renault,renault,pirelli,,,1:39.001,99001.0,1:38.580,98580.0,1:38.264,98264.0,+2.047,2047.0,+0.169,169.0,18.0
1012,2019,15,9,9.0,9,4,lando-norris,mclaren,renault,pirelli,,,1:38.606,98606.0,1:37.572,97572.0,1:38.329,98329.0,+2.112,2112.0,+0.065,65.0,19.0
1012,2019,15,10,10.0,10,11,sergio-perez,racing-point,bwt-mercedes,pirelli,,,1:39.909,99909.0,1:38.620,98620.0,,,,,,,14.0
1012,2019,15,11,11.0,11,99,antonio-giovinazzi,alfa-romeo,ferrari,pirelli,,,1:39.272,99272.0,1:38.697,98697.0,,,,,,,14.0
1012,2019,15,12,12.0,12,10,pierre-gasly,toro-rosso,honda,pirelli,,,1:39.085,99085.0,1:38.699,98699.0,,,,,,,12.0
1012,2019,15,13,13.0,13,7,kimi-raikkonen,alfa-romeo,ferrari,pirelli,,,1:39.454,99454.0,1:38.858,98858.0,,,,,,,14.0
1012,2019,15,14,14.0,14,20,kevin-magnussen,haas,ferrari,pirelli,,,1:39.942,99942.0,1:39.650,99650.0,,,,,,,14.0
1012,2019,15,15,15.0,15,26,daniil-kvyat,toro-rosso,honda,pirelli,,,1:39.957,99957.0,,,,,,,,,7.0
1012,2019,15,16,16.0,16,18,lance-stroll,racing-point,bwt-mercedes,pirelli,,,1:39.979,99979.0,,,,,,,,,8.0
1012,2019,15,17,17.0,17,8,romain-grosjean,haas,ferrari,pirelli,,,1:40.277,100277.0,,,,,,,,,8.0
1012,2019,15,18,18.0,18,63,george-russell,williams,mercedes,pirelli,,,1:40.867,100867.0,,,,,,,,,7.0
1012,2019,15,19,19.0,19,88,robert-kubica,williams,mercedes,pirelli,,,1:41.186,101186.0,,,,,,,,,6.0
1012,2019,15,20,,EX,3,daniel-ricciardo,renault,renault,pirelli,,,1:39.362,99362.0,1:38.399,98399.0,1:38.095,98095.0,,,,,18.0
1013,2019,16,1,1.0,1,16,charles-leclerc,ferrari,ferrari,pirelli,,,1:33.613,93613.0,1:32.434,92434.0,1:31.628,91628.0,,,,,18.0
1013,2019,16,2,2.0,2,44,lewis-hamilton,mercedes,mercedes,pirelli,,,1:33.230,93230.0,1:33.134,93134.0,1:32.030,92030.0,+0.402,402.0,+0.402,402.0,19.0
1013,2019,16,3,3.0,3,5,sebastian-vettel,ferrari,ferrari,pirelli,,,1:33.032,93032.0,1:32.536,92536.0,1:32.053,92053.0,+0.425,425.0,+0.023,23.0,22.0
1013,2019,16,4,4.0,4,33,max-verstappen,red-bull,honda,pirelli,,,1:33.368,93368.0,1:32.634,92634.0,1:32.310,92310.0,+0.682,682.0,+0.257,257.0,15.0
1013,2019,16,5,5.0,5,77,valtteri-bottas,mercedes,mercedes,pirelli,,,1:33.413,93413.0,1:33.281,93281.0,1:32.632,92632.0,+1.004,1004.0,+0.322,322.0,18.0
1013,2019,16,6,6.0,6,55,carlos-sainz-jr,mclaren,renault,pirelli,,,1:34.184,94184.0,1:33.807,93807.0,1:33.222,93222.0,+1.594,1594.0,+0.590,590.0,20.0
1013,2019,16,7,7.0,7,27,nico-hulkenberg,renault,renault,pirelli,,,1:34.236,94236.0,1:33.898,93898.0,1:33.289,93289.0,+1.661,1661.0,+0.067,67.0,15.0
1013,2019,16,8,8.0,8,4,lando-norris,mclaren,renault,pirelli,,,1:34.201,94201.0,1:33.725,93725.0,1:33.301,93301.0,+1.673,1673.0,+0.012,12.0,20.0
1013,2019,16,9,9.0,9,8,romain-grosjean,haas,ferrari,pirelli,,,1:34.283,94283.0,1:33.643,93643.0,1:33.517,93517.0,+1.889,1889.0,+0.216,216.0,19.0
1013,2019,16,10,10.0,10,3,daniel-ricciardo,renault,renault,pirelli,,,1:34.138,94138.0,1:33.862,93862.0,1:33.661,93661.0,+2.033,2033.0,+0.144,144.0,18.0
1013,2019,16,11,11.0,11,10,pierre-gasly,toro-rosso,honda,pirelli,,,1:34.456,94456.0,1:33.950,93950.0,,,,,,,13.0
1013,2019,16,12,12.0,12,11,sergio-perez,racing-point,bwt-mercedes,pirelli,,,1:34.336,94336.0,1:33.958,93958.0,,,,,,,14.0
1013,2019,16,13,13.0,13,99,antonio-giovinazzi,alfa-romeo,ferrari,pirelli,,,1:34.755,94755.0,1:34.037,94037.0,,,,,,,14.0
1013,2019,16,14,14.0,14,20,kevin-magnussen,haas,ferrari,pirelli,,,1:33.889,93889.0,1:34.082,94082.0,,,,,,,13.0
1013,2019,16,15,15.0,15,18,lance-stroll,racing-point,bwt-mercedes,pirelli,,,1:34.287,94287.0,1:34.233,94233.0,,,,,,,14.0
1013,2019,16,16,16.0,16,7,kimi-raikkonen,alfa-romeo,ferrari,pirelli,,,1:34.840,94840.0,,,,,,,,,8.0
1013,2019,16,17,17.0,17,63,george-russell,williams,mercedes,pirelli,,,1:35.356,95356.0,,,,,,,,,8.0
1013,2019,16,18,18.0,18,88,robert-kubica,williams,mercedes,pirelli,,,1:36.474,96474.0,,,,,,,,,8.0
1013,2019,16,19,19.0,19,23,alexander-albon,red-bull,honda,pirelli,,,1:39.197,99197.0,,,,,,,,,4.0
1013,2019,16,20,,NC,26,daniil-kvyat,toro-rosso,honda,pirelli,,,,,,,,,,,,,0.0
1014,2019,17,1,1.0,1,5,sebastian-vettel,ferrari,ferrari,pirelli,,,1:28.988,88988.0,1:28.174,88174.0,1:27.064,87064.0,,,,,16.0
1014,2019,17,2,2.0,2,16,charles-leclerc,ferrari,ferrari,pirelli,,,1:28.405,88405.0,1:28.179,88179.0,1:27.253,87253.0,+0.189,189.0,+0.189,189.0,16.0
1014,2019,17,3,3.0,3,77,valtteri-bottas,mercedes,mercedes,pirelli,,,1:28.896,88896.0,1:27.688,87688.0,1:27.293,87293.0,+0.229,229.0,+0.040,40.0,21.0
1014,2019,17,4,4.0,4,44,lewis-hamilton,mercedes,mercedes,pirelli,,,1:28.735,88735.0,1:27.826,87826.0,1:27.302,87302.0,+0.238,238.0,+0.009,9.0,20.0
1014,2019,17,5,5.0,5,33,max-verstappen,red-bull,honda,pirelli,,,1:28.754,88754.0,1:28.499,88499.0,1:27.851,87851.0,+0.787,787.0,+0.549,549.0,16.0
1014,2019,17,6,6.0,6,23,alexander-albon,red-bull,honda,pirelli,,,1:29.351,89351.0,1:28.156,88156.0,1:27.851,87851.0,+0.787,787.0,+0.000,0.0,19.0
1014,2019,17,7,7.0,7,55,carlos-sainz-jr,mclaren,renault,pirelli,,,1:29.018,89018.0,1:28.577,88577.0,1:28.304,88304.0,+1.240,1240.0,+0.453,453.0,21.0
1014,2019,17,8,8.0,8,4,lando-norris,mclaren,renault,pirelli,,,1:28.873,88873.0,1:28.571,88571.0,1:28.464,88464.0,+1.400,1400.0,+0.160,160.0,21.0
1014,2019,17,9,9.0,9,10,pierre-gasly,toro-rosso,honda,pirelli,,,1:29.411,89411.0,1:28.779,88779.0,1:28.836,88836.0,+1.772,1772.0,+0.372,372.0,21.0
1014,2019,17,10,10.0,10,8,romain-grosjean,haas,ferrari,pirelli,,,1:29.572,89572.0,1:29.144,89144.0,1:29.341,89341.0,+2.277,2277.0,+0.505,505.0,15.0
1014,2019,17,11,11.0,11,99,antonio-giovinazzi,alfa-romeo,ferrari,pirelli,,,1:29.604,89604.0,1:29.254,89254.0,,,,,,,15.0
1014,2019,17,12,12.0,12,18,lance-stroll,racing-point,bwt-mercedes,pirelli,,,1:29.594,89594.0,1:29.345,89345.0,,,,,,,12.0
1014,2019,17,13,13.0,13,7,kimi-raikkonen,alfa-romeo,ferrari,pirelli,,,1:29.636,89636.0,1:29.358,89358.0,,,,,,,15.0
1014,2019,17,14,14.0,14,26,daniil-kvyat,toro-rosso,honda,pirelli,,,1:29.723,89723.0,1:29.563,89563.0,,,,,,,16.0
1014,2019,17,15,15.0,15,27,nico-hulkenberg,renault,renault,pirelli,,,1:29.619,89619.0,1:30.112,90112.0,,,,,,,13.0
1014,2019,17,16,16.0,16,3,daniel-ricciardo,renault,renault,pirelli,,,1:29.822,89822.0,,,,,,,,,8.0
1014,2019,17,17,17.0,17,11,sergio-perez,racing-point,bwt-mercedes,pirelli,,,1:30.344,90344.0,,,,,,,,,9.0
1014,2019,17,18,18.0,18,63,george-russell,williams,mercedes,pirelli,,,1:30.364,90364.0,,,,,,,,,10.0
1014,2019,17,19,,NC,20,kevin-magnussen,haas,ferrari,pirelli,,,,,,,,,,,,,2.0
1014,2019,17,20,,NC,88,robert-kubica,williams,mercedes,pirelli,,,,,,,,,,,,,1.0
1015,2019,18,1,1.0,1,33,max-verstappen,red-bull,honda,pirelli,,,1:15.949,75949.0,1:16.136,76136.0,1:14.758,74758.0,,,,,16.0
1015,2019,18,2,2.0,2,16,charles-leclerc,ferrari,ferrari,pirelli,,,1:16.364,76364.0,1:16.219,76219.0,1:15.024,75024.0,+0.266,266.0,+0.266,266.0,18.0
1015,2019,18,3,3.0,3,5,sebastian-vettel,ferrari,ferrari,pirelli,,,1:16.696,76696.0,1:15.914,75914.0,1:15.170,75170.0,+0.412,412.0,+0.146,146.0,18.0
1015,2019,18,4,4.0,4,44,lewis-hamilton,mercedes,mercedes,pirelli,,,1:16.424,76424.0,1:15.721,75721.0,1:15.262,75262.0,+0.504,504.0,+0.092,92.0,20.0
1015,2019,18,5,5.0,5,23,alexander-albon,red-bull,honda,pirelli,,,1:16.175,76175.0,1:16.574,76574.0,1:15.336,75336.0,+0.578,578.0,+0.074,74.0,18.0
1015,2019,18,6,6.0,6,77,valtteri-bottas,mercedes,mercedes,pirelli,,,1:17.062,77062.0,1:15.852,75852.0,1:15.338,75338.0,+0.580,580.0,+0.002,2.0,18.0
1015,2019,18,7,7.0,7,55,carlos-sainz-jr,mclaren,renault,pirelli,,,1:17.044,77044.0,1:16.267,76267.0,1:16.014,76014.0,+1.256,1256.0,+0.676,676.0,19.0
1015,2019,18,8,8.0,8,4,lando-norris,mclaren,renault,pirelli,,,1:17.092,77092.0,1:16.447,76447.0,1:16.322,76322.0,+1.564,1564.0,+0.308,308.0,20.0
1015,2019,18,9,9.0,9,26,daniil-kvyat,toro-rosso,honda,pirelli,,,1:17.041,77041.0,1:16.657,76657.0,1:16.469,76469.0,+1.711,1711.0,+0.147,147.0,22.0
1015,2019,18,10,10.0,10,10,pierre-gasly,toro-rosso,honda,pirelli,,,1:17.065,77065.0,1:16.679,76679.0,1:16.586,76586.0,+1.828,1828.0,+0.117,117.0,22.0
1015,2019,18,11,11.0,11,11,sergio-perez,racing-point,bwt-mercedes,pirelli,,,1:17.465,77465.0,1:16.687,76687.0,,,,,,,14.0
1015,2019,18,12,12.0,12,27,nico-hulkenberg,renault,renault,pirelli,,,1:17.608,77608.0,1:16.885,76885.0,,,,,,,14.0
1015,2019,18,13,13.0,13,3,daniel-ricciardo,renault,renault,pirelli,,,1:17.270,77270.0,1:16.933,76933.0,,,,,,,14.0
1015,2019,18,14,14.0,14,7,kimi-raikkonen,alfa-romeo,ferrari,pirelli,,,1:17.225,77225.0,1:16.967,76967.0,,,,,,,14.0
1015,2019,18,15,15.0,15,99,antonio-giovinazzi,alfa-romeo,ferrari,pirelli,,,1:17.794,77794.0,1:17.269,77269.0,,,,,,,14.0
1015,2019,18,16,16.0,16,18,lance-stroll,racing-point,bwt-mercedes,pirelli,,,1:18.065,78065.0,,,,,,,,,8.0
1015,2019,18,17,17.0,17,20,kevin-magnussen,haas,ferrari,pirelli,,,1:18.436,78436.0,,,,,,,,,9.0
1015,2019,18,18,18.0,18,8,romain-grosjean,haas,ferrari,pirelli,,,1:18.599,78599.0,,,,,,,,,9.0
1015,2019,18,19,19.0,19,63,george-russell,williams,mercedes,pirelli,,,1:18.823,78823.0,,,,,,,,,10.0
1015,2019,18,20,20.0,20,88,robert-kubica,williams,mercedes,pirelli,,,1:20.179,80179.0,,,,,,,,,9.0
1016,2019,19,1,1.0,1,77,valtteri-bottas,mercedes,mercedes,pirelli,,,1:33.750,93750.0,1:33.160,93160.0,1:32.029,92029.0,,,,,18.0
1016,2019,19,2,2.0,2,5,sebastian-vettel,ferrari,ferrari,pirelli,,,1:33.766,93766.0,1:32.782,92782.0,1:32.041,92041.0,+0.012,12.0,+0.012,12.0,17.0
1016,2019,19,3,3.0,3,33,max-verstappen,red-bull,honda,pirelli,,,1:33.549,93549.0,1:33.120,93120.0,1:32.096,92096.0,+0.067,67.0,+0.055,55.0,16.0
1016,2019,19,4,4.0,4,16,charles-leclerc,ferrari,ferrari,pirelli,,,1:33.988,93988.0,1:32.760,92760.0,1:32.137,92137.0,+0.108,108.0,+0.041,41.0,19.0
1016,2019,19,5,5.0,5,44,lewis-hamilton,mercedes,mercedes,pirelli,,,1:33.454,93454.0,1:33.045,93045.0,1:32.321,92321.0,+0.292,292.0,+0.184,184.0,17.0
1016,2019,19,6,6.0,6,23,alexander-albon,red-bull,honda,pirelli,,,1:33.984,93984.0,1:32.898,92898.0,1:32.548,92548.0,+0.519,519.0,+0.227,227.0,14.0
1016,2019,19,7,7.0,7,55,carlos-sainz-jr,mclaren,renault,pirelli,,,1:33.916,93916.0,1:33.422,93422.0,1:32.847,92847.0,+0.818,818.0,+0.299,299.0,15.0
1016,2019,19,8,8.0,8,4,lando-norris,mclaren,renault,pirelli,,,1:33.353,93353.0,1:33.316,93316.0,1:33.175,93175.0,+1.146,1146.0,+0.328,328.0,18.0
1016,2019,19,9,9.0,9,3,daniel-ricciardo,renault,renault,pirelli,,,1:33.835,93835.0,1:33.608,93608.0,1:33.488,93488.0,+1.459,1459.0,+0.313,313.0,15.0
1016,2019,19,10,10.0,10,10,pierre-gasly,toro-rosso,honda,pirelli,,,1:33.556,93556.0,1:33.715,93715.0,1:33.601,93601.0,+1.572,1572.0,+0.113,113.0,19.0
1016,2019,19,11,11.0,11,27,nico-hulkenberg,renault,renault,pirelli,,,1:34.092,94092.0,1:33.815,93815.0,,,,,,,12.0
1016,2019,19,12,12.0,12,20,kevin-magnussen,haas,ferrari,pirelli,,,1:33.812,93812.0,1:33.979,93979.0,,,,,,,12.0
1016,2019,19,13,13.0,13,26,daniil-kvyat,toro-rosso,honda,pirelli,,,1:34.138,94138.0,1:33.989,93989.0,,,,,,,14.0
1016,2019,19,14,14.0,14,18,lance-stroll,racing-point,bwt-mercedes,pirelli,,,1:33.921,93921.0,1:34.100,94100.0,,,,,,,14.0
1016,2019,19,15,15.0,15,8,romain-grosjean,haas,ferrari,pirelli,,,1:34.161,94161.0,1:34.158,94158.0,,,,,,,14.0
1016,2019,19,16,16.0,16,99,antonio-giovinazzi,alfa-romeo,ferrari,pirelli,,,1:34.226,94226.0,,,,,,,,,8.0
1016,2019,19,17,17.0,17,7,kimi-raikkonen,alfa-romeo,ferrari,pirelli,,,1:34.369,94369.0,,,,,,,,,8.0
1016,2019,19,18,18.0,18,63,george-russell,williams,mercedes,pirelli,,,1:35.372,95372.0,,,,,,,,,9.0
1016,2019,19,19,19.0,19,11,sergio-perez,racing-point,bwt-mercedes,pirelli,,,1:35.808,95808.0,,,,,,,,,5.0
1016,2019,19,20,20.0,20,88,robert-kubica,williams,mercedes,pirelli,,,1:35.889,95889.0,,,,,,,,,9.0
1017,2019,20,1,1.0,1,33,max-verstappen,red-bull,honda,pirelli,,,1:08.242,68242.0,1:07.503,67503.0,1:07.508,67508.0,,,,,12.0
1017,2019,20,2,2.0,2,5,sebastian-vettel,ferrari,ferrari,pirelli,,,1:08.556,68556.0,1:08.050,68050.0,1:07.631,67631.0,+0.123,123.0,+0.123,123.0,15.0
1017,2019,20,3,3.0,3,44,lewis-hamilton,mercedes,mercedes,pirelli,,,1:08.614,68614.0,1:08.088,68088.0,1:07.699,67699.0,+0.191,191.0,+0.068,68.0,16.0
1017,2019,20,4,4.0,4,16,charles-leclerc,ferrari,ferrari,pirelli,,,1:08.496,68496.0,1:07.888,67888.0,1:07.728,67728.0,+0.220,220.0,+0.029,29.0,20.0
1017,2019,20,5,5.0,5,77,valtteri-bottas,mercedes,mercedes,pirelli,,,1:08.545,68545.0,1:08.232,68232.0,1:07.874,67874.0,+0.366,366.0,+0.146,146.0,17.0
1017,2019,20,6,6.0,6,23,alexander-albon,red-bull,honda,pirelli,,,1:08.503,68503.0,1:08.117,68117.0,1:07.935,67935.0,+0.427,427.0,+0.061,61.0,14.0
1017,2019,20,7,7.0,7,10,pierre-gasly,toro-rosso,honda,pirelli,,,1:08.909,68909.0,1:08.770,68770.0,1:08.837,68837.0,+1.329,1329.0,+0.902,902.0,22.0
1017,2019,20,8,8.0,8,8,romain-grosjean,haas,ferrari,pirelli,,,1:09.197,69197.0,1:08.705,68705.0,1:08.854,68854.0,+1.346,1346.0,+0.017,17.0,16.0
1017,2019,20,9,9.0,9,7,kimi-raikkonen,alfa-romeo,ferrari,pirelli,,,1:09.276,69276.0,1:08.858,68858.0,1:08.984,68984.0,+1.476,1476.0,+0.130,130.0,20.0
1017,2019,20,10,10.0,10,20,kevin-magnussen,haas,ferrari,pirelli,,,1:08.875,68875.0,1:08.803,68803.0,1:09.037,69037.0,+1.529,1529.0,+0.053,53.0,15.0
1017,2019,20,11,11.0,11,4,lando-norris,mclaren,renault,pirelli,,,1:08.891,68891.0,1:08.868,68868.0,,,,,,,13.0
1017,2019,20,12,12.0,12,3,daniel-ricciardo,renault,renault,pirelli,,,1:09.086,69086.0,1:08.903,68903.0,,,,,,,12.0
1017,2019,20,13,13.0,13,99,antonio-giovinazzi,alfa-romeo,ferrari,pirelli,,,1:09.175,69175.0,1:08.919,68919.0,,,,,,,14.0
1017,2019,20,14,14.0,14,27,nico-hulkenberg,renault,renault,pirelli,,,1:09.050,69050.0,1:08.921,68921.0,,,,,,,12.0
1017,2019,20,15,15.0,15,11,sergio-perez,racing-point,bwt-mercedes,pirelli,,,1:09.288,69288.0,1:09.035,69035.0,,,,,,,14.0
1017,2019,20,16,16.0,16,26,daniil-kvyat,toro-rosso,honda,pirelli,,,1:09.320,69320.0,,,,,,,,,10.0
1017,2019,20,17,17.0,17,18,lance-stroll,racing-point,bwt-mercedes,pirelli,,,1:09.536,69536.0,,,,,,,,,9.0
1017,2019,20,18,18.0,18,63,george-russell,williams,mercedes,pirelli,,,1:10.126,70126.0,,,,,,,,,9.0
1017,2019,20,19,19.0,19,88,robert-kubica,williams,mercedes,pirelli,,,1:10.614,70614.0,,,,,,,,,9.0
1017,2019,20,20,,NC,55,carlos-sainz-jr,mclaren,renault,pirelli,,,,,,,,,,,,,2.0
1018,2019,21,1,1.0,1,44,lewis-hamilton,mercedes,mercedes,pirelli,,,1:35.851,95851.0,1:35.634,95634.0,1:34.779,94779.0,,,,,19.0
1018,2019,21,2,2.0,2,77,valtteri-bottas,mercedes,mercedes,pirelli,,,1:36.200,96200.0,1:35.674,95674.0,1:34.973,94973.0,+0.194,194.0,+0.194,194.0,16.0
1018,2019,21,3,3.0,3,33,max-verstappen,red-bull,honda,pirelli,,,1:36.390,96390.0,1:36.275,96275.0,1:35.139,95139.0,+0.360,360.0,+0.166,166.0,16.0
1018,2019,21,4,4.0,4,16,charles-leclerc,ferrari,ferrari,pirelli,,,1:36.478,96478.0,1:35.543,95543.0,1:35.219,95219.0,+0.440,440.0,+0.080,80.0,16.0
1018,2019,21,5,5.0,5,5,sebastian-vettel,ferrari,ferrari,pirelli,,,1:36.963,96963.0,1:35.786,95786.0,1:35.339,95339.0,+0.560,560.0,+0.120,120.0,16.0
1018,2019,21,6,6.0,6,23,alexander-albon,red-bull,honda,pirelli,,,1:36.102,96102.0,1:36.718,96718.0,1:35.682,95682.0,+0.903,903.0,+0.343,343.0,21.0
1018,2019,21,7,7.0,7,4,lando-norris,mclaren,renault,pirelli,,,1:37.545,97545.0,1:36.764,96764.0,1:36.436,96436.0,+1.657,1657.0,+0.754,754.0,17.0
1018,2019,21,8,8.0,8,3,daniel-ricciardo,renault,renault,pirelli,,,1:37.106,97106.0,1:36.785,96785.0,1:36.456,96456.0,+1.677,1677.0,+0.020,20.0,15.0
1018,2019,21,9,9.0,9,55,carlos-sainz-jr,mclaren,renault,pirelli,,,1:37.358,97358.0,1:36.308,96308.0,1:36.459,96459.0,+1.680,1680.0,+0.003,3.0,17.0
1018,2019,21,10,10.0,10,27,nico-hulkenberg,renault,renault,pirelli,,,1:37.506,97506.0,1:36.859,96859.0,1:36.710,96710.0,+1.931,1931.0,+0.251,251.0,18.0
1018,2019,21,11,11.0,11,11,sergio-perez,racing-point,bwt-mercedes,pirelli,,,1:36.961,96961.0,1:37.055,97055.0,,,,,,,13.0
1018,2019,21,12,12.0,12,10,pierre-gasly,toro-rosso,honda,pirelli,,,1:37.198,97198.0,1:37.089,97089.0,,,,,,,12.0
1018,2019,21,13,13.0,13,18,lance-stroll,racing-point,bwt-mercedes,pirelli,,,1:37.528,97528.0,1:37.103,97103.0,,,,,,,14.0
1018,2019,21,14,14.0,14,26,daniil-kvyat,toro-rosso,honda,pirelli,,,1:37.683,97683.0,1:37.141,97141.0,,,,,,,12.0
1018,2019,21,15,15.0,15,20,kevin-magnussen,haas,ferrari,pirelli,,,1:37.710,97710.0,1:37.254,97254.0,,,,,,,14.0
1018,2019,21,16,16.0,16,8,romain-grosjean,haas,ferrari,pirelli,,,1:38.051,98051.0,,,,,,,,,8.0
1018,2019,21,17,17.0,17,99,antonio-giovinazzi,alfa-romeo,ferrari,pirelli,,,1:38.114,98114.0,,,,,,,,,6.0
1018,2019,21,18,18.0,18,7,kimi-raikkonen,alfa-romeo,ferrari,pirelli,,,1:38.383,98383.0,,,,,,,,,6.0
1018,2019,21,19,19.0,19,63,george-russell,williams,mercedes,pirelli,,,1:38.717,98717.0,,,,,,,,,8.0
1018,2019,21,20,20.0,20,88,robert-kubica,williams,mercedes,pirelli,,,1:39.236,99236.0,,,,,,,,,6.0
1019,2020,1,1,1.0,1,77,valtteri-bottas,mercedes,mercedes,pirelli,,,1:04.111,64111.0,1:03.015,63015.0,1:02.939,62939.0,,,,,19.0
1019,2020,1,2,2.0,2,44,lewis-hamilton,mercedes,mercedes,pirelli,,,1:04.198,64198.0,1:03.096,63096.0,1:02.951,62951.0,+0.012,12.0,+0.012,12.0,21.0
1019,2020,1,3,3.0,3,33,max-verstappen,red-bull,honda,pirelli,,,1:04.024,64024.0,1:04.000,64000.0,1:03.477,63477.0,+0.538,538.0,+0.526,526.0,23.0
1019,2020,1,4,4.0,4,4,lando-norris,mclaren,renault,pirelli,,,1:04.606,64606.0,1:03.819,63819.0,1:03.626,63626.0,+0.687,687.0,+0.149,149.0,17.0
1019,2020,1,5,5.0,5,23,alexander-albon,red-bull,honda,pirelli,,,1:04.661,64661.0,1:03.746,63746.0,1:03.868,63868.0,+0.929,929.0,+0.242,242.0,18.0
1019,2020,1,6,6.0,6,11,sergio-perez,racing-point,bwt-mercedes,pirelli,,,1:04.543,64543.0,1:03.860,63860.0,1:03.868,63868.0,+0.929,929.0,+0.000,0.0,19.0
1019,2020,1,7,7.0,7,16,charles-leclerc,ferrari,ferrari,pirelli,,,1:04.500,64500.0,1:04.041,64041.0,1:03.923,63923.0,+0.984,984.0,+0.055,55.0,20.0
1019,2020,1,8,8.0,8,55,carlos-sainz-jr,mclaren,renault,pirelli,,,1:04.537,64537.0,1:03.971,63971.0,1:03.971,63971.0,+1.032,1032.0,+0.048,48.0,18.0
1019,2020,1,9,9.0,9,18,lance-stroll,racing-point,bwt-mercedes,pirelli,,,1:04.309,64309.0,1:03.955,63955.0,1:04.029,64029.0,+1.090,1090.0,+0.058,58.0,17.0
1019,2020,1,10,10.0,10,3,daniel-ricciardo,renault,renault,pirelli,,,1:04.556,64556.0,1:04.023,64023.0,1:04.239,64239.0,+1.300,1300.0,+0.210,210.0,15.0
1019,2020,1,11,11.0,11,5,sebastian-vettel,ferrari,ferrari,pirelli,,,1:04.554,64554.0,1:04.206,64206.0,,,,,,,13.0
1019,2020,1,12,12.0,12,10,pierre-gasly,alphatauri,honda,pirelli,,,1:04.603,64603.0,1:04.305,64305.0,,,,,,,14.0
1019,2020,1,13,13.0,13,26,daniil-kvyat,alphatauri,honda,pirelli,,,1:05.031,65031.0,1:04.431,64431.0,,,,,,,14.0
1019,2020,1,14,14.0,14,31,esteban-ocon,renault,renault,pirelli,,,1:04.933,64933.0,1:04.643,64643.0,,,,,,,12.0
1019,2020,1,15,15.0,15,8,romain-grosjean,haas,ferrari,pirelli,,,1:05.094,65094.0,1:04.691,64691.0,,,,,,,14.0
1019,2020,1,16,16.0,16,20,kevin-magnussen,haas,ferrari,pirelli,,,1:05.164,65164.0,,,,,,,,,8.0
1019,2020,1,17,17.0,17,63,george-russell,williams,mercedes,pirelli,,,1:05.167,65167.0,,,,,,,,,10.0
1019,2020,1,18,18.0,18,99,antonio-giovinazzi,alfa-romeo,ferrari,pirelli,,,1:05.175,65175.0,,,,,,,,,8.0
1019,2020,1,19,19.0,19,7,kimi-raikkonen,alfa-romeo,ferrari,pirelli,,,1:05.224,65224.0,,,,,,,,,9.0
1019,2020,1,20,20.0,20,6,nicholas-latifi,williams,mercedes,pirelli,,,1:05.757,65757.0,,,,,,,,,12.0
1020,2020,2,1,1.0,1,44,lewis-hamilton,mercedes,mercedes,pirelli,,,1:18.188,78188.0,1:17.825,77825.0,1:19.273,79273.0,,,,,34.0
1020,2020,2,2,2.0,2,33,max-verstappen,red-bull,honda,pirelli,,,1:18.297,78297.0,1:17.938,77938.0,1:20.489,80489.0,+1.216,1216.0,+1.216,1216.0,34.0
1020,2020,2,3,3.0,3,55,carlos-sainz-jr,mclaren,renault,pirelli,,,1:18.590,78590.0,1:18.836,78836.0,1:20.671,80671.0,+1.398,1398.0,+0.182,182.0,33.0
1020,2020,2,4,4.0,4,77,valtteri-bottas,mercedes,mercedes,pirelli,,,1:18.791,78791.0,1:18.657,78657.0,1:20.701,80701.0,+1.428,1428.0,+0.030,30.0,34.0
1020,2020,2,5,5.0,5,31,esteban-ocon,renault,renault,pirelli,,,1:19.687,79687.0,1:18.764,78764.0,1:20.922,80922.0,+1.649,1649.0,+0.221,221.0,33.0
1020,2020,2,6,6.0,6,4,lando-norris,mclaren,renault,pirelli,,,1:18.504,78504.0,1:18.448,78448.0,1:20.925,80925.0,+1.652,1652.0,+0.003,3.0,34.0
1020,2020,2,7,7.0,7,23,alexander-albon,red-bull,honda,pirelli,,,1:20.882,80882.0,1:19.014,79014.0,1:21.011,81011.0,+1.738,1738.0,+0.086,86.0,31.0
1020,2020,2,8,8.0,8,10,pierre-gasly,alphatauri,honda,pirelli,,,1:20.192,80192.0,1:18.744,78744.0,1:21.028,81028.0,+1.755,1755.0,+0.017,17.0,33.0
1020,2020,2,9,9.0,9,3,daniel-ricciardo,renault,renault,pirelli,,,1:19.662,79662.0,1:19.229,79229.0,1:21.192,81192.0,+1.919,1919.0,+0.164,164.0,32.0
1020,2020,2,10,10.0,10,5,sebastian-vettel,ferrari,ferrari,pirelli,,,1:20.243,80243.0,1:19.545,79545.0,1:21.651,81651.0,+2.378,2378.0,+0.459,459.0,33.0
1020,2020,2,11,11.0,11,16,charles-leclerc,ferrari,ferrari,pirelli,,,1:20.871,80871.0,1:19.628,79628.0,,,,,,,24.0
1020,2020,2,12,12.0,12,63,george-russell,williams,mercedes,pirelli,,,1:20.382,80382.0,1:19.636,79636.0,,,,,,,22.0
1020,2020,2,13,13.0,13,18,lance-stroll,racing-point,bwt-mercedes,pirelli,,,1:19.697,79697.0,1:19.645,79645.0,,,,,,,23.0
1020,2020,2,14,14.0,14,26,daniil-kvyat,alphatauri,honda,pirelli,,,1:19.824,79824.0,1:19.717,79717.0,,,,,,,24.0
1020,2020,2,15,15.0,15,20,kevin-magnussen,haas,ferrari,pirelli,,,1:21.140,81140.0,1:20.211,80211.0,,,,,,,22.0
1020,2020,2,16,16.0,16,7,kimi-raikkonen,alfa-romeo,ferrari,pirelli,,,1:21.372,81372.0,,,,,,,,,12.0
1020,2020,2,17,17.0,17,11,sergio-perez,racing-point,bwt-mercedes,pirelli,,,1:21.607,81607.0,,,,,,,,,12.0
1020,2020,2,18,18.0,18,6,nicholas-latifi,williams,mercedes,pirelli,,,1:21.759,81759.0,,,,,,,,,12.0
1020,2020,2,19,19.0,19,99,antonio-giovinazzi,alfa-romeo,ferrari,pirelli,,,1:21.831,81831.0,,,,,,,,,12.0
1020,2020,2,20,20.0,20,8,romain-grosjean,haas,ferrari,pirelli,,,,,,,,,,,,,1.0
1021,2020,3,1,1.0,1,44,lewis-hamilton,mercedes,mercedes,pirelli,,,1:14.907,74907.0,1:14.261,74261.0,1:13.447,73447.0,,,,,22.0
1021,2020,3,2,2.0,2,77,valtteri-bottas,mercedes,mercedes,pirelli,,,1:15.474,75474.0,1:14.530,74530.0,1:13.554,73554.0,+0.107,107.0,+0.107,107.0,20.0
1021,2020,3,3,3.0,3,18,lance-stroll,racing-point,bwt-mercedes,pirelli,,,1:14.895,74895.0,1:15.176,75176.0,1:14.377,74377.0,+0.930,930.0,+0.823,823.0,22.0
1021,2020,3,4,4.0,4,11,sergio-perez,racing-point,bwt-mercedes,pirelli,,,1:14.681,74681.0,1:15.394,75394.0,1:14.545,74545.0,+1.098,1098.0,+0.168,168.0,22.0
1021,2020,3,5,5.0,5,5,sebastian-vettel,ferrari,ferrari,pirelli,,,1:15.455,75455.0,1:15.131,75131.0,1:14.774,74774.0,+1.327,1327.0,+0.229,229.0,20.0
1021,2020,3,6,6.0,6,16,charles-leclerc,ferrari,ferrari,pirelli,,,1:15.793,75793.0,1:15.006,75006.0,1:14.817,74817.0,+1.370,1370.0,+0.043,43.0,20.0
1021,2020,3,7,7.0,7,33,max-verstappen,red-bull,honda,pirelli,,,1:15.495,75495.0,1:14.976,74976.0,1:14.849,74849.0,+1.402,1402.0,+0.032,32.0,21.0
1021,2020,3,8,8.0,8,4,lando-norris,mclaren,renault,pirelli,,,1:15.444,75444.0,1:15.085,75085.0,1:14.966,74966.0,+1.519,1519.0,+0.117,117.0,20.0
1021,2020,3,9,9.0,9,55,carlos-sainz-jr,mclaren,renault,pirelli,,,1:15.281,75281.0,1:15.267,75267.0,1:15.027,75027.0,+1.580,1580.0,+0.061,61.0,21.0
1021,2020,3,10,10.0,10,10,pierre-gasly,alphatauri,honda,pirelli,,,1:15.767,75767.0,1:15.508,75508.0,,,,,,,14.0
1021,2020,3,11,11.0,11,3,daniel-ricciardo,renault,renault,pirelli,,,1:15.848,75848.0,1:15.661,75661.0,,,,,,,14.0
1021,2020,3,12,12.0,12,63,george-russell,williams,mercedes,pirelli,,,1:15.585,75585.0,1:15.698,75698.0,,,,,,,14.0
1021,2020,3,13,13.0,13,23,alexander-albon,red-bull,honda,pirelli,,,1:15.722,75722.0,1:15.715,75715.0,,,,,,,16.0
1021,2020,3,14,14.0,14,31,esteban-ocon,renault,renault,pirelli,,,1:15.719,75719.0,1:15.742,75742.0,,,,,,,14.0
1021,2020,3,15,15.0,15,6,nicholas-latifi,williams,mercedes,pirelli,,,1:16.105,76105.0,1:16.544,76544.0,,,,,,,14.0
1021,2020,3,16,16.0,16,20,kevin-magnussen,haas,ferrari,pirelli,,,1:16.152,76152.0,,,,,,,,,9.0
1021,2020,3,17,17.0,17,26,daniil-kvyat,alphatauri,honda,pirelli,,,1:16.204,76204.0,,,,,,,,,9.0
1021,2020,3,18,18.0,18,8,romain-grosjean,haas,ferrari,pirelli,,,1:16.407,76407.0,,,,,,,,,8.0
1021,2020,3,19,19.0,19,99,antonio-giovinazzi,alfa-romeo,ferrari,pirelli,,,1:16.506,76506.0,,,,,,,,,12.0
1021,2020,3,20,20.0,20,7,kimi-raikkonen,alfa-romeo,ferrari,pirelli,,,1:16.614,76614.0,,,,,,,,,12.0
1022,2020,4,1,1.0,1,44,lewis-hamilton,mercedes,mercedes,pirelli,,,1:25.900,85900.0,1:25.347,85347.0,1:24.303,84303.0,,,,,22.0
1022,2020,4,2,2.0,2,77,valtteri-bottas,mercedes,mercedes,pirelli,,,1:25.801,85801.0,1:25.015,85015.0,1:24.616,84616.0,+0.313,313.0,+0.313,313.0,17.0
1022,2020,4,3,3.0,3,33,max-verstappen,red-bull,honda,pirelli,,,1:26.115,86115.0,1:26.144,86144.0,1:25.325,85325.0,+1.022,1022.0,+0.709,709.0,15.0
1022,2020,4,4,4.0,4,16,charles-leclerc,ferrari,ferrari,pirelli,,,1:26.550,86550.0,1:26.203,86203.0,1:25.427,85427.0,+1.124,1124.0,+0.102,102.0,16.0
1022,2020,4,5,5.0,5,4,lando-norris,mclaren,renault,pirelli,,,1:26.855,86855.0,1:26.420,86420.0,1:25.782,85782.0,+1.479,1479.0,+0.355,355.0,20.0
1022,2020,4,6,6.0,6,18,lance-stroll,racing-point,bwt-mercedes,pirelli,,,1:26.243,86243.0,1:26.501,86501.0,1:25.839,85839.0,+1.536,1536.0,+0.057,57.0,20.0
1022,2020,4,7,7.0,7,55,carlos-sainz-jr,mclaren,renault,pirelli,,,1:26.715,86715.0,1:26.149,86149.0,1:25.965,85965.0,+1.662,1662.0,+0.126,126.0,20.0
1022,2020,4,8,8.0,8,3,daniel-ricciardo,renault,renault,pirelli,,,1:26.677,86677.0,1:26.339,86339.0,1:26.009,86009.0,+1.706,1706.0,+0.044,44.0,19.0
1022,2020,4,9,9.0,9,31,esteban-ocon,renault,renault,pirelli,,,1:26.396,86396.0,1:26.252,86252.0,1:26.209,86209.0,+1.906,1906.0,+0.200,200.0,20.0
1022,2020,4,10,10.0,10,5,sebastian-vettel,ferrari,ferrari,pirelli,,,1:26.469,86469.0,1:26.455,86455.0,1:26.339,86339.0,+2.036,2036.0,+0.130,130.0,20.0
1022,2020,4,11,11.0,11,10,pierre-gasly,alphatauri,honda,pirelli,,,1:26.343,86343.0,1:26.501,86501.0,,,,,,,12.0
1022,2020,4,12,12.0,12,23,alexander-albon,red-bull,honda,pirelli,,,1:26.565,86565.0,1:26.545,86545.0,,,,,,,11.0
1022,2020,4,13,13.0,13,27,nico-hulkenberg,racing-point,bwt-mercedes,pirelli,,,1:26.327,86327.0,1:26.566,86566.0,,,,,,,14.0
1022,2020,4,14,14.0,14,26,daniil-kvyat,alphatauri,honda,pirelli,,,1:26.774,86774.0,1:26.744,86744.0,,,,,,,12.0
1022,2020,4,15,15.0,15,63,george-russell,williams,mercedes,pirelli,,,1:26.732,86732.0,1:27.092,87092.0,,,,,,,14.0
1022,2020,4,16,16.0,16,20,kevin-magnussen,haas,ferrari,pirelli,,,1:27.158,87158.0,,,,,,,,,9.0
1022,2020,4,17,17.0,17,99,antonio-giovinazzi,alfa-romeo,ferrari,pirelli,,,1:27.164,87164.0,,,,,,,,,9.0
1022,2020,4,18,18.0,18,7,kimi-raikkonen,alfa-romeo,ferrari,pirelli,,,1:27.366,87366.0,,,,,,,,,9.0
1022,2020,4,19,19.0,19,8,romain-grosjean,haas,ferrari,pirelli,,,1:27.643,87643.0,,,,,,,,,9.0
1022,2020,4,20,20.0,20,6,nicholas-latifi,williams,mercedes,pirelli,,,1:27.705,87705.0,,,,,,,,,7.0
1023,2020,5,1,1.0,1,77,valtteri-bottas,mercedes,mercedes,pirelli,,,1:26.738,86738.0,1:25.785,85785.0,1:25.154,85154.0,,,,,20.0
1023,2020,5,2,2.0,2,44,lewis-hamilton,mercedes,mercedes,pirelli,,,1:26.818,86818.0,1:26.266,86266.0,1:25.217,85217.0,+0.063,63.0,+0.063,63.0,20.0
1023,2020,5,3,3.0,3,27,nico-hulkenberg,racing-point,bwt-mercedes,pirelli,,,1:27.279,87279.0,1:26.261,86261.0,1:26.082,86082.0,+0.928,928.0,+0.865,865.0,18.0
1023,2020,5,4,4.0,4,33,max-verstappen,red-bull,honda,pirelli,,,1:27.154,87154.0,1:26.779,86779.0,1:26.176,86176.0,+1.022,1022.0,+0.094,94.0,12.0
1023,2020,5,5,5.0,5,3,daniel-ricciardo,renault,renault,pirelli,,,1:27.442,87442.0,1:26.636,86636.0,1:26.297,86297.0,+1.143,1143.0,+0.121,121.0,14.0
1023,2020,5,6,6.0,6,18,lance-stroll,racing-point,bwt-mercedes,pirelli,,,1:27.187,87187.0,1:26.674,86674.0,1:26.428,86428.0,+1.274,1274.0,+0.131,131.0,18.0
1023,2020,5,7,7.0,7,10,pierre-gasly,alphatauri,honda,pirelli,,,1:27.154,87154.0,1:26.523,86523.0,1:26.534,86534.0,+1.380,1380.0,+0.106,106.0,18.0
1023,2020,5,8,8.0,8,16,charles-leclerc,ferrari,ferrari,pirelli,,,1:27.427,87427.0,1:26.709,86709.0,1:26.614,86614.0,+1.460,1460.0,+0.080,80.0,16.0
1023,2020,5,9,9.0,9,23,alexander-albon,red-bull,honda,pirelli,,,1:27.153,87153.0,1:26.642,86642.0,1:26.669,86669.0,+1.515,1515.0,+0.055,55.0,18.0
1023,2020,5,10,10.0,10,4,lando-norris,mclaren,renault,pirelli,,,1:27.217,87217.0,1:26.885,86885.0,1:26.778,86778.0,+1.624,1624.0,+0.109,109.0,18.0
1023,2020,5,11,11.0,11,31,esteban-ocon,renault,renault,pirelli,,,1:27.278,87278.0,1:27.011,87011.0,,,,,,,12.0
1023,2020,5,12,12.0,12,5,sebastian-vettel,ferrari,ferrari,pirelli,,,1:27.612,87612.0,1:27.078,87078.0,,,,,,,14.0
1023,2020,5,13,13.0,13,55,carlos-sainz-jr,mclaren,renault,pirelli,,,1:27.450,87450.0,1:27.083,87083.0,,,,,,,12.0
1023,2020,5,14,14.0,14,8,romain-grosjean,haas,ferrari,pirelli,,,1:27.519,87519.0,1:27.254,87254.0,,,,,,,16.0
1023,2020,5,15,15.0,15,63,george-russell,williams,mercedes,pirelli,,,1:27.757,87757.0,1:27.455,87455.0,,,,,,,11.0
1023,2020,5,16,16.0,16,26,daniil-kvyat,alphatauri,honda,pirelli,,,1:27.882,87882.0,,,,,,,,,6.0
1023,2020,5,17,17.0,17,20,kevin-magnussen,haas,ferrari,pirelli,,,1:28.236,88236.0,,,,,,,,,9.0
1023,2020,5,18,18.0,18,6,nicholas-latifi,williams,mercedes,pirelli,,,1:28.430,88430.0,,,,,,,,,6.0
1023,2020,5,19,19.0,19,99,antonio-giovinazzi,alfa-romeo,ferrari,pirelli,,,1:28.433,88433.0,,,,,,,,,6.0
1023,2020,5,20,20.0,20,7,kimi-raikkonen,alfa-romeo,ferrari,pirelli,,,1:28.493,88493.0,,,,,,,,,6.0
1024,2020,6,1,1.0,1,44,lewis-hamilton,mercedes,mercedes,pirelli,,,1:16.872,76872.0,1:16.013,76013.0,1:15.584,75584.0,,,,,15.0
1024,2020,6,2,2.0,2,77,valtteri-bottas,mercedes,mercedes,pirelli,,,1:17.243,77243.0,1:16.152,76152.0,1:15.643,75643.0,+0.059,59.0,+0.059,59.0,15.0
1024,2020,6,3,3.0,3,33,max-verstappen,red-bull,honda,pirelli,,,1:17.213,77213.0,1:16.518,76518.0,1:16.292,76292.0,+0.708,708.0,+0.649,649.0,15.0
1024,2020,6,4,4.0,4,11,sergio-perez,racing-point,bwt-mercedes,pirelli,,,1:17.117,77117.0,1:16.936,76936.0,1:16.482,76482.0,+0.898,898.0,+0.190,190.0,15.0
1024,2020,6,5,5.0,5,18,lance-stroll,racing-point,bwt-mercedes,pirelli,,,1:17.316,77316.0,1:16.666,76666.0,1:16.589,76589.0,+1.005,1005.0,+0.107,107.0,15.0
1024,2020,6,6,6.0,6,23,alexander-albon,red-bull,honda,pirelli,,,1:17.419,77419.0,1:17.163,77163.0,1:17.029,77029.0,+1.445,1445.0,+0.440,440.0,18.0
1024,2020,6,7,7.0,7,55,carlos-sainz-jr,mclaren,renault,pirelli,,,1:17.438,77438.0,1:16.876,76876.0,1:17.044,77044.0,+1.460,1460.0,+0.015,15.0,17.0
1024,2020,6,8,8.0,8,4,lando-norris,mclaren,renault,pirelli,,,1:17.577,77577.0,1:17.166,77166.0,1:17.084,77084.0,+1.500,1500.0,+0.040,40.0,18.0
1024,2020,6,9,9.0,9,16,charles-leclerc,ferrari,ferrari,pirelli,,,1:17.256,77256.0,1:16.953,76953.0,1:17.087,77087.0,+1.503,1503.0,+0.003,3.0,18.0
1024,2020,6,10,10.0,10,10,pierre-gasly,alphatauri,honda,pirelli,,,1:17.356,77356.0,1:16.800,76800.0,1:17.136,77136.0,+1.552,1552.0,+0.049,49.0,18.0
1024,2020,6,11,11.0,11,5,sebastian-vettel,ferrari,ferrari,pirelli,,,1:17.573,77573.0,1:17.168,77168.0,,,,,,,12.0
1024,2020,6,12,12.0,12,26,daniil-kvyat,alphatauri,honda,pirelli,,,1:17.676,77676.0,1:17.192,77192.0,,,,,,,12.0
1024,2020,6,13,13.0,13,3,daniel-ricciardo,renault,renault,pirelli,,,1:17.667,77667.0,1:17.198,77198.0,,,,,,,12.0
1024,2020,6,14,14.0,14,7,kimi-raikkonen,alfa-romeo,ferrari,pirelli,,,1:17.797,77797.0,1:17.386,77386.0,,,,,,,12.0
1024,2020,6,15,15.0,15,31,esteban-ocon,renault,renault,pirelli,,,1:17.765,77765.0,1:17.567,77567.0,,,,,,,12.0
1024,2020,6,16,16.0,16,20,kevin-magnussen,haas,ferrari,pirelli,,,1:17.908,77908.0,,,,,,,,,6.0
1024,2020,6,17,17.0,17,8,romain-grosjean,haas,ferrari,pirelli,,,1:18.089,78089.0,,,,,,,,,6.0
1024,2020,6,18,18.0,18,63,george-russell,williams,mercedes,pirelli,,,1:18.099,78099.0,,,,,,,,,9.0
1024,2020,6,19,19.0,19,6,nicholas-latifi,williams,mercedes,pirelli,,,1:18.532,78532.0,,,,,,,,,9.0
1024,2020,6,20,20.0,20,99,antonio-giovinazzi,alfa-romeo,ferrari,pirelli,,,1:18.697,78697.0,,,,,,,,,6.0
1025,2020,7,1,1.0,1,44,lewis-hamilton,mercedes,mercedes,pirelli,,,1:42.323,102323.0,1:42.014,102014.0,1:41.252,101252.0,,,,,15.0
1025,2020,7,2,2.0,2,77,valtteri-bottas,mercedes,mercedes,pirelli,,,1:42.534,102534.0,1:42.126,102126.0,1:41.763,101763.0,+0.511,511.0,+0.511,511.0,17.0
1025,2020,7,3,3.0,3,33,max-verstappen,red-bull,honda,pirelli,,,1:43.197,103197.0,1:42.473,102473.0,1:41.778,101778.0,+0.526,526.0,+0.015,15.0,17.0
1025,2020,7,4,4.0,4,3,daniel-ricciardo,renault,renault,pirelli,,,1:43.309,103309.0,1:42.487,102487.0,1:42.061,102061.0,+0.809,809.0,+0.283,283.0,11.0
1025,2020,7,5,5.0,5,23,alexander-albon,red-bull,honda,pirelli,,,1:43.418,103418.0,1:42.193,102193.0,1:42.264,102264.0,+1.012,1012.0,+0.203,203.0,15.0
1025,2020,7,6,6.0,6,31,esteban-ocon,renault,renault,pirelli,,,1:43.505,103505.0,1:42.534,102534.0,1:42.396,102396.0,+1.144,1144.0,+0.132,132.0,15.0
1025,2020,7,7,7.0,7,55,carlos-sainz-jr,mclaren,renault,pirelli,,,1:43.322,103322.0,1:42.478,102478.0,1:42.438,102438.0,+1.186,1186.0,+0.042,42.0,15.0
1025,2020,7,8,8.0,8,11,sergio-perez,racing-point,bwt-mercedes,pirelli,,,1:43.349,103349.0,1:42.670,102670.0,1:42.532,102532.0,+1.280,1280.0,+0.094,94.0,15.0
1025,2020,7,9,9.0,9,18,lance-stroll,racing-point,bwt-mercedes,pirelli,,,1:43.265,103265.0,1:42.491,102491.0,1:42.603,102603.0,+1.351,1351.0,+0.071,71.0,15.0
1025,2020,7,10,10.0,10,4,lando-norris,mclaren,renault,pirelli,,,1:43.514,103514.0,1:42.722,102722.0,1:42.657,102657.0,+1.405,1405.0,+0.054,54.0,17.0
1025,2020,7,11,11.0,11,26,daniil-kvyat,alphatauri,honda,pirelli,,,1:43.267,103267.0,1:42.730,102730.0,,,,,,,12.0
1025,2020,7,12,12.0,12,10,pierre-gasly,alphatauri,honda,pirelli,,,1:43.262,103262.0,1:42.745,102745.0,,,,,,,12.0
1025,2020,7,13,13.0,13,16,charles-leclerc,ferrari,ferrari,pirelli,,,1:43.656,103656.0,1:42.996,102996.0,,,,,,,12.0
1025,2020,7,14,14.0,14,5,sebastian-vettel,ferrari,ferrari,pirelli,,,1:43.567,103567.0,1:43.261,103261.0,,,,,,,12.0
1025,2020,7,15,15.0,15,63,george-russell,williams,mercedes,pirelli,,,1:43.630,103630.0,1:43.468,103468.0,,,,,,,11.0
1025,2020,7,16,16.0,16,7,kimi-raikkonen,alfa-romeo,ferrari,pirelli,,,1:43.743,103743.0,,,,,,,,,6.0
1025,2020,7,17,17.0,17,8,romain-grosjean,haas,ferrari,pirelli,,,1:43.838,103838.0,,,,,,,,,6.0
1025,2020,7,18,18.0,18,99,antonio-giovinazzi,alfa-romeo,ferrari,pirelli,,,1:43.950,103950.0,,,,,,,,,6.0
1025,2020,7,19,19.0,19,6,nicholas-latifi,williams,mercedes,pirelli,,,1:44.138,104138.0,,,,,,,,,6.0
1025,2020,7,20,20.0,20,20,kevin-magnussen,haas,ferrari,pirelli,,,1:44.314,104314.0,,,,,,,,,8.0
1026,2020,8,1,1.0,1,44,lewis-hamilton,mercedes,mercedes,pirelli,,,1:19.514,79514.0,1:19.092,79092.0,1:18.887,78887.0,,,,,18.0
1026,2020,8,2,2.0,2,77,valtteri-bottas,mercedes,mercedes,pirelli,,,1:19.786,79786.0,1:18.952,78952.0,1:18.956,78956.0,+0.069,69.0,+0.069,69.0,18.0
1026,2020,8,3,3.0,3,55,carlos-sainz-jr,mclaren,renault,pirelli,,,1:20.099,80099.0,1:19.705,79705.0,1:19.695,79695.0,+0.808,808.0,+0.739,739.0,16.0
1026,2020,8,4,4.0,4,11,sergio-perez,racing-point,bwt-mercedes,pirelli,,,1:20.048,80048.0,1:19.718,79718.0,1:19.720,79720.0,+0.833,833.0,+0.025,25.0,17.0
1026,2020,8,5,5.0,5,33,max-verstappen,red-bull,honda,pirelli,,,1:20.193,80193.0,1:19.780,79780.0,1:19.795,79795.0,+0.908,908.0,+0.075,75.0,17.0
1026,2020,8,6,6.0,6,4,lando-norris,mclaren,renault,pirelli,,,1:20.344,80344.0,1:19.962,79962.0,1:19.820,79820.0,+0.933,933.0,+0.025,25.0,18.0
1026,2020,8,7,7.0,7,3,daniel-ricciardo,renault,renault,pirelli,,,1:20.548,80548.0,1:20.031,80031.0,1:19.864,79864.0,+0.977,977.0,+0.044,44.0,16.0
1026,2020,8,8,8.0,8,18,lance-stroll,racing-point,bwt-mercedes,pirelli,,,1:20.400,80400.0,1:19.924,79924.0,1:20.049,80049.0,+1.162,1162.0,+0.185,185.0,19.0
1026,2020,8,9,9.0,9,23,alexander-albon,red-bull,honda,pirelli,,,1:21.104,81104.0,1:20.064,80064.0,1:20.090,80090.0,+1.203,1203.0,+0.041,41.0,19.0
1026,2020,8,10,10.0,10,10,pierre-gasly,alphatauri,honda,pirelli,,,1:20.145,80145.0,1:19.909,79909.0,1:20.177,80177.0,+1.290,1290.0,+0.087,87.0,20.0
1026,2020,8,11,11.0,11,26,daniil-kvyat,alphatauri,honda,pirelli,,,1:20.307,80307.0,1:20.169,80169.0,,,,,,,14.0
1026,2020,8,12,12.0,12,31,esteban-ocon,renault,renault,pirelli,,,1:20.747,80747.0,1:20.234,80234.0,,,,,,,12.0
1026,2020,8,13,13.0,13,16,charles-leclerc,ferrari,ferrari,pirelli,,,1:20.443,80443.0,1:20.273,80273.0,,,,,,,15.0
1026,2020,8,14,14.0,14,7,kimi-raikkonen,alfa-romeo,ferrari,pirelli,,,1:21.010,81010.0,1:20.926,80926.0,,,,,,,14.0
1026,2020,8,15,15.0,15,20,kevin-magnussen,haas,ferrari,pirelli,,,1:20.869,80869.0,1:21.573,81573.0,,,,,,,14.0
1026,2020,8,16,16.0,16,8,romain-grosjean,haas,ferrari,pirelli,,,1:21.139,81139.0,,,,,,,,,8.0
1026,2020,8,17,17.0,17,5,sebastian-vettel,ferrari,ferrari,pirelli,,,1:21.151,81151.0,,,,,,,,,5.0
1026,2020,8,18,18.0,18,99,antonio-giovinazzi,alfa-romeo,ferrari,pirelli,,,1:21.206,81206.0,,,,,,,,,9.0
1026,2020,8,19,19.0,19,63,george-russell,williams,mercedes,pirelli,,,1:21.587,81587.0,,,,,,,,,7.0
1026,2020,8,20,20.0,20,6,nicholas-latifi,williams,mercedes,pirelli,,,1:21.717,81717.0,,,,,,,,,8.0
1027,2020,9,1,1.0,1,44,lewis-hamilton,mercedes,mercedes,pirelli,,,1:15.778,75778.0,1:15.309,75309.0,1:15.144,75144.0,,,,,14.0
1027,2020,9,2,2.0,2,77,valtteri-bottas,mercedes,mercedes,pirelli,,,1:15.749,75749.0,1:15.322,75322.0,1:15.203,75203.0,+0.059,59.0,+0.059,59.0,11.0
1027,2020,9,3,3.0,3,33,max-verstappen,red-bull,honda,pirelli,,,1:16.335,76335.0,1:15.471,75471.0,1:15.509,75509.0,+0.365,365.0,+0.306,306.0,12.0
1027,2020,9,4,4.0,4,23,alexander-albon,red-bull,honda,pirelli,,,1:16.527,76527.0,1:15.914,75914.0,1:15.954,75954.0,+0.810,810.0,+0.445,445.0,14.0
1027,2020,9,5,5.0,5,16,charles-leclerc,ferrari,ferrari,pirelli,,,1:16.698,76698.0,1:16.324,76324.0,1:16.270,76270.0,+1.126,1126.0,+0.316,316.0,18.0
1027,2020,9,6,6.0,6,11,sergio-perez,racing-point,bwt-mercedes,pirelli,,,1:16.596,76596.0,1:16.489,76489.0,1:16.311,76311.0,+1.167,1167.0,+0.041,41.0,16.0
1027,2020,9,7,7.0,7,18,lance-stroll,racing-point,bwt-mercedes,pirelli,,,1:16.701,76701.0,1:16.271,76271.0,1:16.356,76356.0,+1.212,1212.0,+0.045,45.0,14.0
1027,2020,9,8,8.0,8,3,daniel-ricciardo,renault,renault,pirelli,,,1:16.981,76981.0,1:16.243,76243.0,1:16.543,76543.0,+1.399,1399.0,+0.187,187.0,14.0
1027,2020,9,9,9.0,9,55,carlos-sainz-jr,mclaren,renault,pirelli,,,1:16.993,76993.0,1:16.522,76522.0,1:17.870,77870.0,+2.726,2726.0,+1.327,1327.0,17.0
1027,2020,9,10,10.0,10,31,esteban-ocon,renault,renault,pirelli,,,1:16.825,76825.0,1:16.297,76297.0,,,,,,,14.0
1027,2020,9,11,11.0,11,4,lando-norris,mclaren,renault,pirelli,,,1:16.895,76895.0,1:16.640,76640.0,,,,,,,12.0
1027,2020,9,12,12.0,12,26,daniil-kvyat,alphatauri,honda,pirelli,,,1:16.928,76928.0,1:16.854,76854.0,,,,,,,11.0
1027,2020,9,13,13.0,13,7,kimi-raikkonen,alfa-romeo,ferrari,pirelli,,,1:17.059,77059.0,1:16.854,76854.0,,,,,,,12.0
1027,2020,9,14,14.0,14,5,sebastian-vettel,ferrari,ferrari,pirelli,,,1:17.072,77072.0,1:16.858,76858.0,,,,,,,12.0
1027,2020,9,15,15.0,15,8,romain-grosjean,haas,ferrari,pirelli,,,1:17.069,77069.0,1:17.254,77254.0,,,,,,,12.0
1027,2020,9,16,16.0,16,10,pierre-gasly,alphatauri,honda,pirelli,,,1:17.125,77125.0,,,,,,,,,6.0
1027,2020,9,17,17.0,17,99,antonio-giovinazzi,alfa-romeo,ferrari,pirelli,,,1:17.220,77220.0,,,,,,,,,6.0
1027,2020,9,18,18.0,18,63,george-russell,williams,mercedes,pirelli,,,1:17.232,77232.0,,,,,,,,,9.0
1027,2020,9,19,19.0,19,6,nicholas-latifi,williams,mercedes,pirelli,,,1:17.320,77320.0,,,,,,,,,9.0
1027,2020,9,20,20.0,20,20,kevin-magnussen,haas,ferrari,pirelli,,,1:17.348,77348.0,,,,,,,,,6.0
1028,2020,10,1,1.0,1,44,lewis-hamilton,mercedes,mercedes,pirelli,,,1:32.983,92983.0,1:32.835,92835.0,1:31.304,91304.0,,,,,19.0
1028,2020,10,2,2.0,2,33,max-verstappen,red-bull,honda,pirelli,,,1:33.630,93630.0,1:33.157,93157.0,1:31.867,91867.0,+0.563,563.0,+0.563,563.0,21.0
1028,2020,10,3,3.0,3,77,valtteri-bottas,mercedes,mercedes,pirelli,,,1:32.656,92656.0,1:32.405,92405.0,1:31.956,91956.0,+0.652,652.0,+0.089,89.0,19.0
1028,2020,10,4,4.0,4,11,sergio-perez,racing-point,bwt-mercedes,pirelli,,,1:33.704,93704.0,1:33.038,93038.0,1:32.317,92317.0,+1.013,1013.0,+0.361,361.0,15.0
1028,2020,10,5,5.0,5,3,daniel-ricciardo,renault,renault,pirelli,,,1:33.650,93650.0,1:32.218,92218.0,1:32.364,92364.0,+1.060,1060.0,+0.047,47.0,15.0
1028,2020,10,6,6.0,6,55,carlos-sainz-jr,mclaren,renault,pirelli,,,1:33.967,93967.0,1:32.757,92757.0,1:32.550,92550.0,+1.246,1246.0,+0.186,186.0,15.0
1028,2020,10,7,7.0,7,31,esteban-ocon,renault,renault,pirelli,,,1:33.557,93557.0,1:33.196,93196.0,1:32.624,92624.0,+1.320,1320.0,+0.074,74.0,20.0
1028,2020,10,8,8.0,8,4,lando-norris,mclaren,renault,pirelli,,,1:33.804,93804.0,1:33.081,93081.0,1:32.847,92847.0,+1.543,1543.0,+0.223,223.0,19.0
1028,2020,10,9,9.0,9,10,pierre-gasly,alphatauri,honda,pirelli,,,1:33.734,93734.0,1:33.139,93139.0,1:33.000,93000.0,+1.696,1696.0,+0.153,153.0,21.0
1028,2020,10,10,10.0,10,23,alexander-albon,red-bull,honda,pirelli,,,1:33.919,93919.0,1:33.153,93153.0,1:33.008,93008.0,+1.704,1704.0,+0.008,8.0,19.0
1028,2020,10,11,11.0,11,16,charles-leclerc,ferrari,ferrari,pirelli,,,1:34.071,94071.0,1:33.239,93239.0,,,,,,,10.0
1028,2020,10,12,12.0,12,26,daniil-kvyat,alphatauri,honda,pirelli,,,1:33.511,93511.0,1:33.249,93249.0,,,,,,,16.0
1028,2020,10,13,13.0,13,18,lance-stroll,racing-point,bwt-mercedes,pirelli,,,1:33.852,93852.0,1:33.364,93364.0,,,,,,,11.0
1028,2020,10,14,14.0,14,63,george-russell,williams,mercedes,pirelli,,,1:34.020,94020.0,1:33.583,93583.0,,,,,,,11.0
1028,2020,10,15,15.0,15,5,sebastian-vettel,ferrari,ferrari,pirelli,,,1:34.134,94134.0,1:33.609,93609.0,,,,,,,11.0
1028,2020,10,16,16.0,16,8,romain-grosjean,haas,ferrari,pirelli,,,1:34.592,94592.0,,,,,,,,,7.0
1028,2020,10,17,17.0,17,99,antonio-giovinazzi,alfa-romeo,ferrari,pirelli,,,1:34.594,94594.0,,,,,,,,,6.0
1028,2020,10,18,18.0,18,20,kevin-magnussen,haas,ferrari,pirelli,,,1:34.681,94681.0,,,,,,,,,8.0
1028,2020,10,19,19.0,19,6,nicholas-latifi,williams,mercedes,pirelli,,,1:35.066,95066.0,,,,,,,,,5.0
1028,2020,10,20,20.0,20,7,kimi-raikkonen,alfa-romeo,ferrari,pirelli,,,1:35.267,95267.0,,,,,,,,,5.0
1029,2020,11,1,1.0,1,77,valtteri-bottas,mercedes,mercedes,pirelli,,,1:26.573,86573.0,1:25.971,85971.0,1:25.269,85269.0,,,,,19.0
1029,2020,11,2,2.0,2,44,lewis-hamilton,mercedes,mercedes,pirelli,,,1:26.620,86620.0,1:25.390,85390.0,1:25.525,85525.0,+0.256,256.0,+0.256,256.0,18.0
1029,2020,11,3,3.0,3,33,max-verstappen,red-bull,honda,pirelli,,,1:26.319,86319.0,1:25.467,85467.0,1:25.562,85562.0,+0.293,293.0,+0.037,37.0,15.0
1029,2020,11,4,4.0,4,16,charles-leclerc,ferrari,ferrari,pirelli,,,1:26.857,86857.0,1:26.240,86240.0,1:26.035,86035.0,+0.766,766.0,+0.473,473.0,18.0
1029,2020,11,5,5.0,5,23,alexander-albon,red-bull,honda,pirelli,,,1:27.126,87126.0,1:26.285,86285.0,1:26.047,86047.0,+0.778,778.0,+0.012,12.0,15.0
1029,2020,11,6,6.0,6,3,daniel-ricciardo,renault,renault,pirelli,,,1:26.836,86836.0,1:26.096,86096.0,1:26.223,86223.0,+0.954,954.0,+0.176,176.0,18.0
1029,2020,11,7,7.0,7,31,esteban-ocon,renault,renault,pirelli,,,1:27.086,87086.0,1:26.364,86364.0,1:26.242,86242.0,+0.973,973.0,+0.019,19.0,20.0
1029,2020,11,8,8.0,8,4,lando-norris,mclaren,renault,pirelli,,,1:26.829,86829.0,1:26.316,86316.0,1:26.458,86458.0,+1.189,1189.0,+0.216,216.0,18.0
1029,2020,11,9,9.0,9,11,sergio-perez,racing-point,bwt-mercedes,pirelli,,,1:27.120,87120.0,1:26.330,86330.0,1:26.704,86704.0,+1.435,1435.0,+0.246,246.0,17.0
1029,2020,11,10,10.0,10,55,carlos-sainz-jr,mclaren,renault,pirelli,,,1:27.378,87378.0,1:26.361,86361.0,1:26.709,86709.0,+1.440,1440.0,+0.005,5.0,20.0
1029,2020,11,11,11.0,11,5,sebastian-vettel,ferrari,ferrari,pirelli,,,1:27.107,87107.0,1:26.738,86738.0,,,,,,,16.0
1029,2020,11,12,12.0,12,10,pierre-gasly,alphatauri,honda,pirelli,,,1:27.072,87072.0,1:26.776,86776.0,,,,,,,16.0
1029,2020,11,13,13.0,13,26,daniil-kvyat,alphatauri,honda,pirelli,,,1:27.285,87285.0,1:26.848,86848.0,,,,,,,16.0
1029,2020,11,14,14.0,14,99,antonio-giovinazzi,alfa-romeo,ferrari,pirelli,,,1:27.532,87532.0,1:26.936,86936.0,,,,,,,14.0
1029,2020,11,15,15.0,15,20,kevin-magnussen,haas,ferrari,pirelli,,,1:27.231,87231.0,1:27.125,87125.0,,,,,,,16.0
1029,2020,11,16,16.0,16,8,romain-grosjean,haas,ferrari,pirelli,,,1:27.552,87552.0,,,,,,,,,10.0
1029,2020,11,17,17.0,17,63,george-russell,williams,mercedes,pirelli,,,1:27.564,87564.0,,,,,,,,,9.0
1029,2020,11,18,18.0,18,6,nicholas-latifi,williams,mercedes,pirelli,,,1:27.812,87812.0,,,,,,,,,9.0
1029,2020,11,19,19.0,19,7,kimi-raikkonen,alfa-romeo,ferrari,pirelli,,,1:27.817,87817.0,,,,,,,,,8.0
1029,2020,11,20,20.0,20,27,nico-hulkenberg,racing-point,bwt-mercedes,pirelli,,,1:28.021,88021.0,,,,,,,,,10.0
1030,2020,12,1,1.0,1,44,lewis-hamilton,mercedes,mercedes,pirelli,,,1:16.828,76828.0,1:16.824,76824.0,1:16.652,76652.0,,,,,21.0
1030,2020,12,2,2.0,2,77,valtteri-bottas,mercedes,mercedes,pirelli,,,1:16.945,76945.0,1:16.466,76466.0,1:16.754,76754.0,+0.102,102.0,+0.102,102.0,17.0
1030,2020,12,3,3.0,3,33,max-verstappen,red-bull,honda,pirelli,,,1:16.879,76879.0,1:17.038,77038.0,1:16.904,76904.0,+0.252,252.0,+0.150,150.0,23.0
1030,2020,12,4,4.0,4,16,charles-leclerc,ferrari,ferrari,pirelli,,,1:17.421,77421.0,1:17.367,77367.0,1:17.090,77090.0,+0.438,438.0,+0.186,186.0,23.0
1030,2020,12,5,5.0,5,11,sergio-perez,racing-point,bwt-mercedes,pirelli,,,1:17.370,77370.0,1:17.129,77129.0,1:17.223,77223.0,+0.571,571.0,+0.133,133.0,21.0
1030,2020,12,6,6.0,6,23,alexander-albon,red-bull,honda,pirelli,,,1:17.435,77435.0,1:17.411,77411.0,1:17.437,77437.0,+0.785,785.0,+0.214,214.0,29.0
1030,2020,12,7,7.0,7,55,carlos-sainz-jr,mclaren,renault,pirelli,,,1:17.627,77627.0,1:17.183,77183.0,1:17.520,77520.0,+0.868,868.0,+0.083,83.0,24.0
1030,2020,12,8,8.0,8,4,lando-norris,mclaren,renault,pirelli,,,1:17.547,77547.0,1:17.321,77321.0,1:17.525,77525.0,+0.873,873.0,+0.005,5.0,24.0
1030,2020,12,9,9.0,9,10,pierre-gasly,alphatauri,honda,pirelli,,,1:17.209,77209.0,1:17.367,77367.0,1:17.803,77803.0,+1.151,1151.0,+0.278,278.0,26.0
1030,2020,12,10,10.0,10,3,daniel-ricciardo,renault,renault,pirelli,,,1:17.621,77621.0,1:17.481,77481.0,,,,,,,17.0
1030,2020,12,11,11.0,11,31,esteban-ocon,renault,renault,pirelli,,,1:17.775,77775.0,1:17.614,77614.0,,,,,,,18.0
1030,2020,12,12,12.0,12,18,lance-stroll,racing-point,bwt-mercedes,pirelli,,,1:17.667,77667.0,1:17.626,77626.0,,,,,,,22.0
1030,2020,12,13,13.0,13,26,daniil-kvyat,alphatauri,honda,pirelli,,,1:17.841,77841.0,1:17.728,77728.0,,,,,,,22.0
1030,2020,12,14,14.0,14,63,george-russell,williams,mercedes,pirelli,,,1:17.931,77931.0,1:17.788,77788.0,,,,,,,17.0
1030,2020,12,15,15.0,15,5,sebastian-vettel,ferrari,ferrari,pirelli,,,1:17.446,77446.0,1:17.919,77919.0,,,,,,,20.0
1030,2020,12,16,16.0,16,7,kimi-raikkonen,alfa-romeo,ferrari,pirelli,,,1:18.201,78201.0,,,,,,,,,12.0
1030,2020,12,17,17.0,17,99,antonio-giovinazzi,alfa-romeo,ferrari,pirelli,,,1:18.323,78323.0,,,,,,,,,12.0
1030,2020,12,18,18.0,18,8,romain-grosjean,haas,ferrari,pirelli,,,1:18.364,78364.0,,,,,,,,,12.0
1030,2020,12,19,19.0,19,20,kevin-magnussen,haas,ferrari,pirelli,,,1:18.508,78508.0,,,,,,,,,10.0
1030,2020,12,20,20.0,20,6,nicholas-latifi,williams,mercedes,pirelli,,,1:18.777,78777.0,,,,,,,,,11.0
1031,2020,13,1,1.0,1,77,valtteri-bottas,mercedes,mercedes,pirelli,,,1:14.221,74221.0,1:14.585,74585.0,1:13.609,73609.0,,,,,22.0
1031,2020,13,2,2.0,2,44,lewis-hamilton,mercedes,mercedes,pirelli,,,1:14.229,74229.0,1:14.643,74643.0,1:13.706,73706.0,+0.097,97.0,+0.097,97.0,22.0
1031,2020,13,3,3.0,3,33,max-verstappen,red-bull,honda,pirelli,,,1:15.034,75034.0,1:14.974,74974.0,1:14.176,74176.0,+0.567,567.0,+0.470,470.0,16.0
1031,2020,13,4,4.0,4,10,pierre-gasly,alphatauri,honda,pirelli,,,1:15.183,75183.0,1:14.681,74681.0,1:14.502,74502.0,+0.893,893.0,+0.326,326.0,19.0
1031,2020,13,5,5.0,5,3,daniel-ricciardo,renault,renault,pirelli,,,1:15.474,75474.0,1:14.953,74953.0,1:14.520,74520.0,+0.911,911.0,+0.018,18.0,18.0
1031,2020,13,6,6.0,6,23,alexander-albon,red-bull,honda,pirelli,,,1:15.402,75402.0,1:14.745,74745.0,1:14.572,74572.0,+0.963,963.0,+0.052,52.0,21.0
1031,2020,13,7,7.0,7,16,charles-leclerc,ferrari,ferrari,pirelli,,,1:15.123,75123.0,1:15.017,75017.0,1:14.616,74616.0,+1.007,1007.0,+0.044,44.0,20.0
1031,2020,13,8,8.0,8,26,daniil-kvyat,alphatauri,honda,pirelli,,,1:15.412,75412.0,1:15.022,75022.0,1:14.696,74696.0,+1.087,1087.0,+0.080,80.0,21.0
1031,2020,13,9,9.0,9,4,lando-norris,mclaren,renault,pirelli,,,1:15.274,75274.0,1:15.051,75051.0,1:14.814,74814.0,+1.205,1205.0,+0.118,118.0,17.0
1031,2020,13,10,10.0,10,55,carlos-sainz-jr,mclaren,renault,pirelli,,,1:15.528,75528.0,1:15.027,75027.0,1:14.911,74911.0,+1.302,1302.0,+0.097,97.0,19.0
1031,2020,13,11,11.0,11,11,sergio-perez,racing-point,bwt-mercedes,pirelli,,,1:15.407,75407.0,1:15.061,75061.0,,,,,,,16.0
1031,2020,13,12,12.0,12,31,esteban-ocon,renault,renault,pirelli,,,1:15.352,75352.0,1:15.201,75201.0,,,,,,,14.0
1031,2020,13,13,13.0,13,63,george-russell,williams,mercedes,pirelli,,,1:15.760,75760.0,1:15.323,75323.0,,,,,,,18.0
1031,2020,13,14,14.0,14,5,sebastian-vettel,ferrari,ferrari,pirelli,,,1:15.571,75571.0,1:15.385,75385.0,,,,,,,20.0
1031,2020,13,15,15.0,15,18,lance-stroll,racing-point,bwt-mercedes,pirelli,,,1:15.822,75822.0,1:15.494,75494.0,,,,,,,16.0
1031,2020,13,16,16.0,16,8,romain-grosjean,haas,ferrari,pirelli,,,1:15.918,75918.0,,,,,,,,,10.0
1031,2020,13,17,17.0,17,20,kevin-magnussen,haas,ferrari,pirelli,,,1:15.939,75939.0,,,,,,,,,11.0
1031,2020,13,18,18.0,18,7,kimi-raikkonen,alfa-romeo,ferrari,pirelli,,,1:15.953,75953.0,,,,,,,,,10.0
1031,2020,13,19,19.0,19,6,nicholas-latifi,williams,mercedes,pirelli,,,1:15.987,75987.0,,,,,,,,,12.0
1031,2020,13,20,20.0,20,99,antonio-giovinazzi,alfa-romeo,ferrari,pirelli,,,1:16.208,76208.0,,,,,,,,,8.0
1032,2020,14,1,1.0,1,18,lance-stroll,racing-point,bwt-mercedes,pirelli,,,2:07.467,127467.0,1:53.372,113372.0,1:47.765,107765.0,,,,,22.0
1032,2020,14,2,2.0,2,33,max-verstappen,red-bull,honda,pirelli,,,1:57.485,117485.0,1:50.293,110293.0,1:48.055,108055.0,+0.290,290.0,+0.290,290.0,26.0
1032,2020,14,3,3.0,3,11,sergio-perez,racing-point,bwt-mercedes,pirelli,,,2:07.614,127614.0,1:54.097,114097.0,1:49.321,109321.0,+1.556,1556.0,+1.266,1266.0,21.0
1032,2020,14,4,4.0,4,23,alexander-albon,red-bull,honda,pirelli,,,1:59.431,119431.0,1:52.282,112282.0,1:50.448,110448.0,+2.683,2683.0,+1.127,1127.0,26.0
1032,2020,14,5,5.0,5,3,daniel-ricciardo,renault,renault,pirelli,,,2:05.598,125598.0,1:54.278,114278.0,1:51.595,111595.0,+3.830,3830.0,+1.147,1147.0,26.0
1032,2020,14,6,6.0,6,44,lewis-hamilton,mercedes,mercedes,pirelli,,,2:07.599,127599.0,1:52.709,112709.0,1:52.560,112560.0,+4.795,4795.0,+0.965,965.0,23.0
1032,2020,14,7,7.0,7,31,esteban-ocon,renault,renault,pirelli,,,2:06.115,126115.0,1:53.657,113657.0,1:52.622,112622.0,+4.857,4857.0,+0.062,62.0,26.0
1032,2020,14,8,8.0,8,7,kimi-raikkonen,alfa-romeo,ferrari,pirelli,,,2:01.249,121249.0,1:53.793,113793.0,1:52.745,112745.0,+4.980,4980.0,+0.123,123.0,27.0
1032,2020,14,9,9.0,9,77,valtteri-bottas,mercedes,mercedes,pirelli,,,2:07.001,127001.0,1:53.767,113767.0,1:53.258,113258.0,+5.493,5493.0,+0.513,513.0,23.0
1032,2020,14,10,10.0,10,99,antonio-giovinazzi,alfa-romeo,ferrari,pirelli,,,2:07.341,127341.0,1:53.431,113431.0,1:57.226,117226.0,+9.461,9461.0,+3.968,3968.0,26.0
1032,2020,14,11,11.0,11,4,lando-norris,mclaren,renault,pirelli,,,2:07.167,127167.0,1:54.945,114945.0,,,,,,,18.0
1032,2020,14,12,12.0,12,5,sebastian-vettel,ferrari,ferrari,pirelli,,,2:03.356,123356.0,1:55.169,115169.0,,,,,,,18.0
1032,2020,14,13,13.0,13,55,carlos-sainz-jr,mclaren,renault,pirelli,,,2:07.489,127489.0,1:55.410,115410.0,,,,,,,18.0
1032,2020,14,14,14.0,14,16,charles-leclerc,ferrari,ferrari,pirelli,,,2:04.464,124464.0,1:56.696,116696.0,,,,,,,18.0
1032,2020,14,15,15.0,15,10,pierre-gasly,alphatauri,honda,pirelli,,,2:05.579,125579.0,1:58.556,118556.0,,,,,,,17.0
1032,2020,14,16,16.0,16,20,kevin-magnussen,haas,ferrari,pirelli,,,2:08.007,128007.0,,,,,,,,,10.0
1032,2020,14,17,17.0,17,26,daniil-kvyat,alphatauri,honda,pirelli,,,2:09.070,129070.0,,,,,,,,,8.0
1032,2020,14,18,18.0,18,63,george-russell,williams,mercedes,pirelli,,,2:10.017,130017.0,,,,,,,,,9.0
1032,2020,14,19,19.0,19,8,romain-grosjean,haas,ferrari,pirelli,,,2:12.909,132909.0,,,,,,,,,7.0
1032,2020,14,20,20.0,20,6,nicholas-latifi,williams,mercedes,pirelli,,,2:21.611,141611.0,,,,,,,,,9.0
1033,2020,15,1,1.0,1,44,lewis-hamilton,mercedes,mercedes,pirelli,,,1:28.343,88343.0,1:27.586,87586.0,1:27.264,87264.0,,,,,16.0
1033,2020,15,2,2.0,2,77,valtteri-bottas,mercedes,mercedes,pirelli,,,1:28.767,88767.0,1:28.063,88063.0,1:27.553,87553.0,+0.289,289.0,+0.289,289.0,16.0
1033,2020,15,3,3.0,3,33,max-verstappen,red-bull,honda,pirelli,,,1:28.885,88885.0,1:28.025,88025.0,1:27.678,87678.0,+0.414,414.0,+0.125,125.0,15.0
1033,2020,15,4,4.0,4,23,alexander-albon,red-bull,honda,pirelli,,,1:28.732,88732.0,1:28.749,88749.0,1:28.274,88274.0,+1.010,1010.0,+0.596,596.0,18.0
1033,2020,15,5,5.0,5,11,sergio-perez,racing-point,bwt-mercedes,pirelli,,,1:29.178,89178.0,1:28.894,88894.0,1:28.322,88322.0,+1.058,1058.0,+0.048,48.0,20.0
1033,2020,15,6,6.0,6,3,daniel-ricciardo,renault,renault,pirelli,,,1:29.005,89005.0,1:28.648,88648.0,1:28.417,88417.0,+1.153,1153.0,+0.095,95.0,17.0
1033,2020,15,7,7.0,7,31,esteban-ocon,renault,renault,pirelli,,,1:29.203,89203.0,1:28.937,88937.0,1:28.419,88419.0,+1.155,1155.0,+0.002,2.0,14.0
1033,2020,15,8,8.0,8,10,pierre-gasly,alphatauri,honda,pirelli,,,1:28.971,88971.0,1:29.008,89008.0,1:28.448,88448.0,+1.184,1184.0,+0.029,29.0,14.0
1033,2020,15,9,9.0,9,4,lando-norris,mclaren,renault,pirelli,,,1:29.464,89464.0,1:28.877,88877.0,1:28.542,88542.0,+1.278,1278.0,+0.094,94.0,17.0
1033,2020,15,10,10.0,10,26,daniil-kvyat,alphatauri,honda,pirelli,,,1:29.158,89158.0,1:28.944,88944.0,1:28.618,88618.0,+1.354,1354.0,+0.076,76.0,17.0
1033,2020,15,11,11.0,11,5,sebastian-vettel,ferrari,ferrari,pirelli,,,1:29.142,89142.0,1:29.149,89149.0,,,,,,,11.0
1033,2020,15,12,12.0,12,16,charles-leclerc,ferrari,ferrari,pirelli,,,1:29.137,89137.0,1:29.165,89165.0,,,,,,,11.0
1033,2020,15,13,13.0,13,18,lance-stroll,racing-point,bwt-mercedes,pirelli,,,1:28.679,88679.0,1:29.557,89557.0,,,,,,,11.0
1033,2020,15,14,14.0,14,63,george-russell,williams,mercedes,pirelli,,,1:29.294,89294.0,1:31.218,91218.0,,,,,,,11.0
1033,2020,15,15,15.0,15,55,carlos-sainz-jr,mclaren,renault,pirelli,,,1:28.975,88975.0,,,,,,,,,5.0
1033,2020,15,16,16.0,16,99,antonio-giovinazzi,alfa-romeo,ferrari,pirelli,,,1:29.491,89491.0,,,,,,,,,6.0
1033,2020,15,17,17.0,17,7,kimi-raikkonen,alfa-romeo,ferrari,pirelli,,,1:29.810,89810.0,,,,,,,,,6.0
1033,2020,15,18,18.0,18,20,kevin-magnussen,haas,ferrari,pirelli,,,1:30.111,90111.0,,,,,,,,,6.0
1033,2020,15,19,19.0,19,8,romain-grosjean,haas,ferrari,pirelli,,,1:30.138,90138.0,,,,,,,,,6.0
1033,2020,15,20,20.0,20,6,nicholas-latifi,williams,mercedes,pirelli,,,1:30.182,90182.0,,,,,,,,,6.0
1034,2020,16,1,1.0,1,77,valtteri-bottas,mercedes,mercedes,pirelli,,,53.904,53904.0,53.803,53803.0,53.377,53377.0,,,,,24.0
1034,2020,16,2,2.0,2,63,george-russell,mercedes,mercedes,pirelli,,,54.160,54160.0,53.819,53819.0,53.403,53403.0,+0.026,26.0,+0.026,26.0,25.0
1034,2020,16,3,3.0,3,33,max-verstappen,red-bull,honda,pirelli,,,54.037,54037.0,53.647,53647.0,53.433,53433.0,+0.056,56.0,+0.030,30.0,17.0
1034,2020,16,4,4.0,4,16,charles-leclerc,ferrari,ferrari,pirelli,,,54.249,54249.0,53.825,53825.0,53.613,53613.0,+0.236,236.0,+0.180,180.0,21.0
1034,2020,16,5,5.0,5,11,sergio-perez,racing-point,bwt-mercedes,pirelli,,,54.236,54236.0,53.787,53787.0,53.790,53790.0,+0.413,413.0,+0.177,177.0,17.0
1034,2020,16,6,6.0,6,26,daniil-kvyat,alphatauri,honda,pirelli,,,54.346,54346.0,53.856,53856.0,53.906,53906.0,+0.529,529.0,+0.116,116.0,26.0
1034,2020,16,7,7.0,7,3,daniel-ricciardo,renault,renault,pirelli,,,54.388,54388.0,53.871,53871.0,53.957,53957.0,+0.580,580.0,+0.051,51.0,15.0
1034,2020,16,8,8.0,8,55,carlos-sainz-jr,mclaren,renault,pirelli,,,54.450,54450.0,53.818,53818.0,54.010,54010.0,+0.633,633.0,+0.053,53.0,20.0
1034,2020,16,9,9.0,9,10,pierre-gasly,alphatauri,honda,pirelli,,,54.207,54207.0,53.941,53941.0,54.154,54154.0,+0.777,777.0,+0.144,144.0,28.0
1034,2020,16,10,10.0,10,18,lance-stroll,racing-point,bwt-mercedes,pirelli,,,54.595,54595.0,53.840,53840.0,54.200,54200.0,+0.823,823.0,+0.046,46.0,19.0
1034,2020,16,11,11.0,11,31,esteban-ocon,renault,renault,pirelli,,,54.309,54309.0,53.995,53995.0,,,,,,,13.0
1034,2020,16,12,12.0,12,23,alexander-albon,red-bull,honda,pirelli,,,54.620,54620.0,54.026,54026.0,,,,,,,12.0
1034,2020,16,13,13.0,13,5,sebastian-vettel,ferrari,ferrari,pirelli,,,54.301,54301.0,54.175,54175.0,,,,,,,17.0
1034,2020,16,14,14.0,14,99,antonio-giovinazzi,alfa-romeo,ferrari,pirelli,,,54.523,54523.0,54.377,54377.0,,,,,,,14.0
1034,2020,16,15,15.0,15,4,lando-norris,mclaren,renault,pirelli,,,54.194,54194.0,54.693,54693.0,,,,,,,15.0
1034,2020,16,16,16.0,16,20,kevin-magnussen,haas,ferrari,pirelli,,,54.705,54705.0,,,,,,,,,9.0
1034,2020,16,17,17.0,17,6,nicholas-latifi,williams,mercedes,pirelli,,,54.796,54796.0,,,,,,,,,11.0
1034,2020,16,18,18.0,18,89,jack-aitken,williams,mercedes,pirelli,,,54.892,54892.0,,,,,,,,,9.0
1034,2020,16,19,19.0,19,7,kimi-raikkonen,alfa-romeo,ferrari,pirelli,,,54.963,54963.0,,,,,,,,,11.0
1034,2020,16,20,20.0,20,51,pietro-fittipaldi,haas,ferrari,pirelli,,,55.426,55426.0,,,,,,,,,11.0
1035,2020,17,1,1.0,1,33,max-verstappen,red-bull,honda,pirelli,,,1:35.993,95993.0,1:35.641,95641.0,1:35.246,95246.0,,,,,19.0
1035,2020,17,2,2.0,2,77,valtteri-bottas,mercedes,mercedes,pirelli,,,1:35.699,95699.0,1:35.527,95527.0,1:35.271,95271.0,+0.025,25.0,+0.025,25.0,18.0
1035,2020,17,3,3.0,3,44,lewis-hamilton,mercedes,mercedes,pirelli,,,1:35.528,95528.0,1:35.466,95466.0,1:35.332,95332.0,+0.086,86.0,+0.061,61.0,20.0
1035,2020,17,4,4.0,4,4,lando-norris,mclaren,renault,pirelli,,,1:36.016,96016.0,1:35.849,95849.0,1:35.497,95497.0,+0.251,251.0,+0.165,165.0,17.0
1035,2020,17,5,5.0,5,23,alexander-albon,red-bull,honda,pirelli,,,1:36.106,96106.0,1:35.654,95654.0,1:35.571,95571.0,+0.325,325.0,+0.074,74.0,15.0
1035,2020,17,6,6.0,6,55,carlos-sainz-jr,mclaren,renault,pirelli,,,1:36.517,96517.0,1:36.192,96192.0,1:35.815,95815.0,+0.569,569.0,+0.244,244.0,14.0
1035,2020,17,7,7.0,7,26,daniil-kvyat,alphatauri,honda,pirelli,,,1:36.459,96459.0,1:36.214,96214.0,1:35.963,95963.0,+0.717,717.0,+0.148,148.0,20.0
1035,2020,17,8,8.0,8,18,lance-stroll,racing-point,bwt-mercedes,pirelli,,,1:36.502,96502.0,1:36.143,96143.0,1:36.046,96046.0,+0.800,800.0,+0.083,83.0,15.0
1035,2020,17,9,9.0,9,16,charles-leclerc,ferrari,ferrari,pirelli,,,1:35.881,95881.0,1:35.932,95932.0,1:36.065,96065.0,+0.819,819.0,+0.019,19.0,20.0
1035,2020,17,10,10.0,10,10,pierre-gasly,alphatauri,honda,pirelli,,,1:36.545,96545.0,1:36.282,96282.0,1:36.242,96242.0,+0.996,996.0,+0.177,177.0,20.0
1035,2020,17,11,11.0,11,31,esteban-ocon,renault,renault,pirelli,,,1:36.783,96783.0,1:36.359,96359.0,,,,,,,12.0
1035,2020,17,12,12.0,12,3,daniel-ricciardo,renault,renault,pirelli,,,1:36.704,96704.0,1:36.406,96406.0,,,,,,,9.0
1035,2020,17,13,13.0,13,5,sebastian-vettel,ferrari,ferrari,pirelli,,,1:36.655,96655.0,1:36.631,96631.0,,,,,,,12.0
1035,2020,17,14,14.0,14,99,antonio-giovinazzi,alfa-romeo,ferrari,pirelli,,,1:37.075,97075.0,1:38.248,98248.0,,,,,,,12.0
1035,2020,17,15,15.0,15,11,sergio-perez,racing-point,bwt-mercedes,pirelli,,,1:36.034,96034.0,,,,,,,,,4.0
1035,2020,17,16,16.0,16,7,kimi-raikkonen,alfa-romeo,ferrari,pirelli,,,1:37.555,97555.0,,,,,,,,,6.0
1035,2020,17,17,17.0,17,20,kevin-magnussen,haas,ferrari,pirelli,,,1:37.863,97863.0,,,,,,,,,9.0
1035,2020,17,18,18.0,18,63,george-russell,williams,mercedes,pirelli,,,1:38.045,98045.0,,,,,,,,,8.0
1035,2020,17,19,19.0,19,51,pietro-fittipaldi,haas,ferrari,pirelli,,,1:38.173,98173.0,,,,,,,,,9.0
1035,2020,17,20,20.0,20,6,nicholas-latifi,williams,mercedes,pirelli,,,1:38.443,98443.0,,,,,,,,,7.0
1036,2021,1,1,1.0,1,33,max-verstappen,red-bull,honda,pirelli,,,1:30.499,90499.0,1:30.318,90318.0,1:28.997,88997.0,,,,,15.0
1036,2021,1,2,2.0,2,44,lewis-hamilton,mercedes,mercedes,pirelli,,,1:30.617,90617.0,1:30.085,90085.0,1:29.385,89385.0,+0.388,388.0,+0.388,388.0,18.0
1036,2021,1,3,3.0,3,77,valtteri-bottas,mercedes,mercedes,pirelli,,,1:31.200,91200.0,1:30.186,90186.0,1:29.586,89586.0,+0.589,589.0,+0.201,201.0,17.0
1036,2021,1,4,4.0,4,16,charles-leclerc,ferrari,ferrari,pirelli,,,1:30.691,90691.0,1:30.010,90010.0,1:29.678,89678.0,+0.681,681.0,+0.092,92.0,15.0
1036,2021,1,5,5.0,5,10,pierre-gasly,alphatauri,honda,pirelli,,,1:30.848,90848.0,1:30.513,90513.0,1:29.809,89809.0,+0.812,812.0,+0.131,131.0,15.0
1036,2021,1,6,6.0,6,3,daniel-ricciardo,mclaren,mercedes,pirelli,,,1:30.795,90795.0,1:30.222,90222.0,1:29.927,89927.0,+0.930,930.0,+0.118,118.0,18.0
1036,2021,1,7,7.0,7,4,lando-norris,mclaren,mercedes,pirelli,,,1:30.902,90902.0,1:30.099,90099.0,1:29.974,89974.0,+0.977,977.0,+0.047,47.0,18.0
1036,2021,1,8,8.0,8,55,carlos-sainz-jr,ferrari,ferrari,pirelli,,,1:31.653,91653.0,1:30.009,90009.0,1:30.215,90215.0,+1.218,1218.0,+0.241,241.0,17.0
1036,2021,1,9,9.0,9,14,fernando-alonso,alpine,renault,pirelli,,,1:30.863,90863.0,1:30.595,90595.0,1:30.249,90249.0,+1.252,1252.0,+0.034,34.0,15.0
1036,2021,1,10,10.0,10,18,lance-stroll,aston-martin,mercedes,pirelli,,,1:31.261,91261.0,1:30.624,90624.0,1:30.601,90601.0,+1.604,1604.0,+0.352,352.0,15.0
1036,2021,1,11,11.0,11,11,sergio-perez,red-bull,honda,pirelli,,,1:31.165,91165.0,1:30.659,90659.0,,,,,,,11.0
1036,2021,1,12,12.0,12,99,antonio-giovinazzi,alfa-romeo,ferrari,pirelli,,,1:30.998,90998.0,1:30.708,90708.0,,,,,,,12.0
1036,2021,1,13,13.0,13,22,yuki-tsunoda,alphatauri,honda,pirelli,,,1:30.607,90607.0,1:31.203,91203.0,,,,,,,9.0
1036,2021,1,14,14.0,14,7,kimi-raikkonen,alfa-romeo,ferrari,pirelli,,,1:31.547,91547.0,1:31.238,91238.0,,,,,,,12.0
1036,2021,1,15,15.0,15,63,george-russell,williams,mercedes,pirelli,,,1:31.316,91316.0,1:33.430,93430.0,,,,,,,11.0
1036,2021,1,16,16.0,16,31,esteban-ocon,alpine,renault,pirelli,,,1:31.724,91724.0,,,,,,,,,6.0
1036,2021,1,17,17.0,17,6,nicholas-latifi,williams,mercedes,pirelli,,,1:31.936,91936.0,,,,,,,,,8.0
1036,2021,1,18,18.0,18,5,sebastian-vettel,aston-martin,mercedes,pirelli,,,1:32.056,92056.0,,,,,,,,,6.0
1036,2021,1,19,19.0,19,47,mick-schumacher,haas,ferrari,pirelli,,,1:32.449,92449.0,,,,,,,,,6.0
1036,2021,1,20,20.0,20,9,nikita-mazepin,haas,ferrari,pirelli,,,1:33.273,93273.0,,,,,,,,,7.0
1037,2021,2,1,1.0,1,44,lewis-hamilton,mercedes,mercedes,pirelli,,,1:14.823,74823.0,1:14.817,74817.0,1:14.411,74411.0,,,,,23.0
1037,2021,2,2,2.0,2,11,sergio-perez,red-bull,honda,pirelli,,,1:15.395,75395.0,1:14.716,74716.0,1:14.446,74446.0,+0.035,35.0,+0.035,35.0,18.0
1037,2021,2,3,3.0,3,33,max-verstappen,red-bull,honda,pirelli,,,1:15.109,75109.0,1:14.884,74884.0,1:14.498,74498.0,+0.087,87.0,+0.052,52.0,20.0
1037,2021,2,4,4.0,4,16,charles-leclerc,ferrari,ferrari,pirelli,,,1:15.413,75413.0,1:14.808,74808.0,1:14.740,74740.0,+0.329,329.0,+0.242,242.0,19.0
1037,2021,2,5,5.0,5,10,pierre-gasly,alphatauri,honda,pirelli,,,1:15.548,75548.0,1:14.927,74927.0,1:14.790,74790.0,+0.379,379.0,+0.050,50.0,21.0
1037,2021,2,6,6.0,6,3,daniel-ricciardo,mclaren,mercedes,pirelli,,,1:15.669,75669.0,1:15.033,75033.0,1:14.826,74826.0,+0.415,415.0,+0.036,36.0,21.0
1037,2021,2,7,7.0,7,4,lando-norris,mclaren,mercedes,pirelli,,,1:15.009,75009.0,1:14.718,74718.0,1:14.875,74875.0,+0.464,464.0,+0.049,49.0,15.0
1037,2021,2,8,8.0,8,77,valtteri-bottas,mercedes,mercedes,pirelli,,,1:14.672,74672.0,1:14.905,74905.0,1:14.898,74898.0,+0.487,487.0,+0.023,23.0,22.0
1037,2021,2,9,9.0,9,31,esteban-ocon,alpine,renault,pirelli,,,1:15.385,75385.0,1:15.117,75117.0,1:15.210,75210.0,+0.799,799.0,+0.312,312.0,20.0
1037,2021,2,10,10.0,10,18,lance-stroll,aston-martin,mercedes,pirelli,,,1:15.522,75522.0,1:15.138,75138.0,,,,,,,20.0
1037,2021,2,11,11.0,11,55,carlos-sainz-jr,ferrari,ferrari,pirelli,,,1:15.406,75406.0,1:15.199,75199.0,,,,,,,16.0
1037,2021,2,12,12.0,12,63,george-russell,williams,mercedes,pirelli,,,1:15.826,75826.0,1:15.261,75261.0,,,,,,,16.0
1037,2021,2,13,13.0,13,5,sebastian-vettel,aston-martin,mercedes,pirelli,,,1:15.459,75459.0,1:15.394,75394.0,,,,,,,14.0
1037,2021,2,14,14.0,14,6,nicholas-latifi,williams,mercedes,pirelli,,,1:15.653,75653.0,1:15.593,75593.0,,,,,,,14.0
1037,2021,2,15,15.0,15,14,fernando-alonso,alpine,renault,pirelli,,,1:15.832,75832.0,1:15.593,75593.0,,,,,,,14.0
1037,2021,2,16,16.0,16,7,kimi-raikkonen,alfa-romeo,ferrari,pirelli,,,1:15.974,75974.0,,,,,,,,,10.0
1037,2021,2,17,17.0,17,99,antonio-giovinazzi,alfa-romeo,ferrari,pirelli,,,1:16.122,76122.0,,,,,,,,,9.0
1037,2021,2,18,18.0,18,47,mick-schumacher,haas,ferrari,pirelli,,,1:16.279,76279.0,,,,,,,,,12.0
1037,2021,2,19,19.0,19,9,nikita-mazepin,haas,ferrari,pirelli,,,1:16.797,76797.0,,,,,,,,,12.0
1037,2021,2,20,,NC,22,yuki-tsunoda,alphatauri,honda,pirelli,,,,,,,,,,,,,2.0
1038,2021,3,1,1.0,1,77,valtteri-bottas,mercedes,mercedes,pirelli,,,1:18.722,78722.0,1:18.458,78458.0,1:18.348,78348.0,,,,,23.0
1038,2021,3,2,2.0,2,44,lewis-hamilton,mercedes,mercedes,pirelli,,,1:18.857,78857.0,1:17.968,77968.0,1:18.355,78355.0,+0.007,7.0,+0.007,7.0,24.0
1038,2021,3,3,3.0,3,33,max-verstappen,red-bull,honda,pirelli,,,1:19.485,79485.0,1:18.650,78650.0,1:18.746,78746.0,+0.398,398.0,+0.391,391.0,20.0
1038,2021,3,4,4.0,4,11,sergio-perez,red-bull,honda,pirelli,,,1:19.337,79337.0,1:18.845,78845.0,1:18.890,78890.0,+0.542,542.0,+0.144,144.0,22.0
1038,2021,3,5,5.0,5,55,carlos-sainz-jr,ferrari,ferrari,pirelli,,,1:19.309,79309.0,1:18.813,78813.0,1:19.039,79039.0,+0.691,691.0,+0.149,149.0,23.0
1038,2021,3,6,6.0,6,31,esteban-ocon,alpine,renault,pirelli,,,1:19.092,79092.0,1:18.586,78586.0,1:19.042,79042.0,+0.694,694.0,+0.003,3.0,17.0
1038,2021,3,7,7.0,7,4,lando-norris,mclaren,mercedes,pirelli,,,1:18.794,78794.0,1:18.481,78481.0,1:19.116,79116.0,+0.768,768.0,+0.074,74.0,24.0
1038,2021,3,8,8.0,8,16,charles-leclerc,ferrari,ferrari,pirelli,,,1:19.373,79373.0,1:18.769,78769.0,1:19.306,79306.0,+0.958,958.0,+0.190,190.0,29.0
1038,2021,3,9,9.0,9,10,pierre-gasly,alphatauri,honda,pirelli,,,1:19.464,79464.0,1:19.052,79052.0,1:19.475,79475.0,+1.127,1127.0,+0.169,169.0,26.0
1038,2021,3,10,10.0,10,5,sebastian-vettel,aston-martin,mercedes,pirelli,,,1:19.403,79403.0,1:18.970,78970.0,1:19.659,79659.0,+1.311,1311.0,+0.184,184.0,22.0
1038,2021,3,11,11.0,11,63,george-russell,williams,mercedes,pirelli,,,1:19.797,79797.0,1:19.109,79109.0,,,,,,,15.0
1038,2021,3,12,12.0,12,99,antonio-giovinazzi,alfa-romeo,ferrari,pirelli,,,1:19.410,79410.0,1:19.216,79216.0,,,,,,,19.0
1038,2021,3,13,13.0,13,14,fernando-alonso,alpine,renault,pirelli,,,1:19.728,79728.0,1:19.456,79456.0,,,,,,,12.0
1038,2021,3,14,14.0,14,22,yuki-tsunoda,alphatauri,honda,pirelli,,,1:19.684,79684.0,1:19.463,79463.0,,,,,,,17.0
1038,2021,3,15,15.0,15,7,kimi-raikkonen,alfa-romeo,ferrari,pirelli,,,1:19.748,79748.0,1:19.812,79812.0,,,,,,,19.0
1038,2021,3,16,16.0,16,3,daniel-ricciardo,mclaren,mercedes,pirelli,,,1:19.839,79839.0,,,,,,,,,11.0
1038,2021,3,17,17.0,17,18,lance-stroll,aston-martin,mercedes,pirelli,,,1:19.913,79913.0,,,,,,,,,10.0
1038,2021,3,18,18.0,18,6,nicholas-latifi,williams,mercedes,pirelli,,,1:20.285,80285.0,,,,,,,,,9.0
1038,2021,3,19,19.0,19,47,mick-schumacher,haas,ferrari,pirelli,,,1:20.452,80452.0,,,,,,,,,11.0
1038,2021,3,20,20.0,20,9,nikita-mazepin,haas,ferrari,pirelli,,,1:20.912,80912.0,,,,,,,,,11.0
1039,2021,4,1,1.0,1,44,lewis-hamilton,mercedes,mercedes,pirelli,,,1:18.245,78245.0,1:17.166,77166.0,1:16.741,76741.0,,,,,19.0
1039,2021,4,2,2.0,2,33,max-verstappen,red-bull,honda,pirelli,,,1:18.090,78090.0,1:16.922,76922.0,1:16.777,76777.0,+0.036,36.0,+0.036,36.0,14.0
1039,2021,4,3,3.0,3,77,valtteri-bottas,mercedes,mercedes,pirelli,,,1:18.005,78005.0,1:17.142,77142.0,1:16.873,76873.0,+0.132,132.0,+0.096,96.0,16.0
1039,2021,4,4,4.0,4,16,charles-leclerc,ferrari,ferrari,pirelli,,,1:18.041,78041.0,1:17.717,77717.0,1:17.510,77510.0,+0.769,769.0,+0.637,637.0,18.0
1039,2021,4,5,5.0,5,31,esteban-ocon,alpine,renault,pirelli,,,1:18.281,78281.0,1:17.743,77743.0,1:17.580,77580.0,+0.839,839.0,+0.070,70.0,15.0
1039,2021,4,6,6.0,6,55,carlos-sainz-jr,ferrari,ferrari,pirelli,,,1:18.205,78205.0,1:17.656,77656.0,1:17.620,77620.0,+0.879,879.0,+0.040,40.0,15.0
1039,2021,4,7,7.0,7,3,daniel-ricciardo,mclaren,mercedes,pirelli,,,1:18.264,78264.0,1:17.719,77719.0,1:17.622,77622.0,+0.881,881.0,+0.002,2.0,14.0
1039,2021,4,8,8.0,8,11,sergio-perez,red-bull,honda,pirelli,,,1:18.203,78203.0,1:17.669,77669.0,1:17.701,77701.0,+0.960,960.0,+0.079,79.0,17.0
1039,2021,4,9,9.0,9,4,lando-norris,mclaren,mercedes,pirelli,,,1:17.821,77821.0,1:17.696,77696.0,1:18.010,78010.0,+1.269,1269.0,+0.309,309.0,17.0
1039,2021,4,10,10.0,10,14,fernando-alonso,alpine,renault,pirelli,,,1:18.281,78281.0,1:17.966,77966.0,1:18.147,78147.0,+1.406,1406.0,+0.137,137.0,17.0
1039,2021,4,11,11.0,11,18,lance-stroll,aston-martin,mercedes,pirelli,,,1:18.241,78241.0,1:17.974,77974.0,,,,,,,12.0
1039,2021,4,12,12.0,12,10,pierre-gasly,alphatauri,honda,pirelli,,,1:18.190,78190.0,1:17.982,77982.0,,,,,,,9.0
1039,2021,4,13,13.0,13,5,sebastian-vettel,aston-martin,mercedes,pirelli,,,1:18.289,78289.0,1:18.079,78079.0,,,,,,,12.0
1039,2021,4,14,14.0,14,99,antonio-giovinazzi,alfa-romeo,ferrari,pirelli,,,1:18.549,78549.0,1:18.356,78356.0,,,,,,,12.0
1039,2021,4,15,15.0,15,63,george-russell,williams,mercedes,pirelli,,,1:18.445,78445.0,1:19.154,79154.0,,,,,,,11.0
1039,2021,4,16,16.0,16,22,yuki-tsunoda,alphatauri,honda,pirelli,,,1:18.556,78556.0,,,,,,,,,6.0
1039,2021,4,17,17.0,17,7,kimi-raikkonen,alfa-romeo,ferrari,pirelli,,,1:18.917,78917.0,,,,,,,,,6.0
1039,2021,4,18,18.0,18,47,mick-schumacher,haas,ferrari,pirelli,,,1:19.117,79117.0,,,,,,,,,9.0
1039,2021,4,19,19.0,19,6,nicholas-latifi,williams,mercedes,pirelli,,,1:19.219,79219.0,,,,,,,,,9.0
1039,2021,4,20,20.0,20,9,nikita-mazepin,haas,ferrari,pirelli,,,1:19.807,79807.0,,,,,,,,,9.0
1040,2021,5,1,1.0,1,16,charles-leclerc,ferrari,ferrari,pirelli,,,1:11.113,71113.0,1:10.597,70597.0,1:10.346,70346.0,,,,,27.0
1040,2021,5,2,2.0,2,33,max-verstappen,red-bull,honda,pirelli,,,1:11.124,71124.0,1:10.650,70650.0,1:10.576,70576.0,+0.230,230.0,+0.230,230.0,23.0
1040,2021,5,3,3.0,3,77,valtteri-bottas,mercedes,mercedes,pirelli,,,1:10.938,70938.0,1:10.695,70695.0,1:10.601,70601.0,+0.255,255.0,+0.025,25.0,28.0
1040,2021,5,4,4.0,4,55,carlos-sainz-jr,ferrari,ferrari,pirelli,,,1:11.324,71324.0,1:10.806,70806.0,1:10.611,70611.0,+0.265,265.0,+0.010,10.0,25.0
1040,2021,5,5,5.0,5,4,lando-norris,mclaren,mercedes,pirelli,,,1:11.321,71321.0,1:11.031,71031.0,1:10.620,70620.0,+0.274,274.0,+0.009,9.0,23.0
1040,2021,5,6,6.0,6,10,pierre-gasly,alphatauri,honda,pirelli,,,1:11.560,71560.0,1:11.179,71179.0,1:10.900,70900.0,+0.554,554.0,+0.280,280.0,30.0
1040,2021,5,7,7.0,7,44,lewis-hamilton,mercedes,mercedes,pirelli,,,1:11.622,71622.0,1:11.116,71116.0,1:11.095,71095.0,+0.749,749.0,+0.195,195.0,30.0
1040,2021,5,8,8.0,8,5,sebastian-vettel,aston-martin,mercedes,pirelli,,,1:12.078,72078.0,1:11.309,71309.0,1:11.419,71419.0,+1.073,1073.0,+0.324,324.0,26.0
1040,2021,5,9,9.0,9,11,sergio-perez,red-bull,honda,pirelli,,,1:11.644,71644.0,1:11.019,71019.0,1:11.573,71573.0,+1.227,1227.0,+0.154,154.0,26.0
1040,2021,5,10,10.0,10,99,antonio-giovinazzi,alfa-romeo,ferrari,pirelli,,,1:11.658,71658.0,1:11.409,71409.0,1:11.779,71779.0,+1.433,1433.0,+0.206,206.0,28.0
1040,2021,5,11,11.0,11,31,esteban-ocon,alpine,renault,pirelli,,,1:11.740,71740.0,1:11.486,71486.0,,,,,,,22.0
1040,2021,5,12,12.0,12,3,daniel-ricciardo,mclaren,mercedes,pirelli,,,1:11.747,71747.0,1:11.598,71598.0,,,,,,,21.0
1040,2021,5,13,13.0,13,18,lance-stroll,aston-martin,mercedes,pirelli,,,1:11.979,71979.0,1:11.600,71600.0,,,,,,,20.0
1040,2021,5,14,14.0,14,7,kimi-raikkonen,alfa-romeo,ferrari,pirelli,,,1:11.899,71899.0,1:11.642,71642.0,,,,,,,21.0
1040,2021,5,15,15.0,15,63,george-russell,williams,mercedes,pirelli,,,1:12.016,72016.0,1:11.830,71830.0,,,,,,,24.0
1040,2021,5,16,16.0,16,22,yuki-tsunoda,alphatauri,honda,pirelli,,,1:12.096,72096.0,,,,,,,,,13.0
1040,2021,5,17,17.0,17,14,fernando-alonso,alpine,renault,pirelli,,,1:12.205,72205.0,,,,,,,,,12.0
1040,2021,5,18,18.0,18,6,nicholas-latifi,williams,mercedes,pirelli,,,1:12.366,72366.0,,,,,,,,,14.0
1040,2021,5,19,19.0,19,9,nikita-mazepin,haas,ferrari,pirelli,,,1:12.958,72958.0,,,,,,,,,12.0
1041,2021,6,1,1.0,1,16,charles-leclerc,ferrari,ferrari,pirelli,,,1:42.241,102241.0,1:41.659,101659.0,1:41.218,101218.0,,,,,19.0
1041,2021,6,2,2.0,2,44,lewis-hamilton,mercedes,mercedes,pirelli,,,1:41.545,101545.0,1:41.634,101634.0,1:41.450,101450.0,+0.232,232.0,+0.232,232.0,21.0
1041,2021,6,3,3.0,3,33,max-verstappen,red-bull,honda,pirelli,,,1:41.760,101760.0,1:41.625,101625.0,1:41.563,101563.0,+0.345,345.0,+0.113,113.0,19.0
1041,2021,6,4,4.0,4,10,pierre-gasly,alphatauri,honda,pirelli,,,1:42.288,102288.0,1:41.932,101932.0,1:41.565,101565.0,+0.347,347.0,+0.002,2.0,18.0
1041,2021,6,5,5.0,5,55,carlos-sainz-jr,ferrari,ferrari,pirelli,,,1:42.121,102121.0,1:41.740,101740.0,1:41.576,101576.0,+0.358,358.0,+0.011,11.0,18.0
1041,2021,6,6,6.0,6,4,lando-norris,mclaren,mercedes,pirelli,,,1:42.167,102167.0,1:41.813,101813.0,1:41.747,101747.0,+0.529,529.0,+0.171,171.0,20.0
1041,2021,6,7,7.0,7,11,sergio-perez,red-bull,honda,pirelli,,,1:41.968,101968.0,1:41.630,101630.0,1:41.917,101917.0,+0.699,699.0,+0.170,170.0,18.0
1041,2021,6,8,8.0,8,22,yuki-tsunoda,alphatauri,honda,pirelli,,,1:42.521,102521.0,1:41.654,101654.0,1:42.211,102211.0,+0.993,993.0,+0.294,294.0,19.0
1041,2021,6,9,9.0,9,14,fernando-alonso,alpine,renault,pirelli,,,1:42.934,102934.0,1:42.195,102195.0,1:42.327,102327.0,+1.109,1109.0,+0.116,116.0,20.0
1041,2021,6,10,10.0,10,77,valtteri-bottas,mercedes,mercedes,pirelli,,,1:42.701,102701.0,1:42.106,102106.0,1:42.659,102659.0,+1.441,1441.0,+0.332,332.0,21.0
1041,2021,6,11,11.0,11,5,sebastian-vettel,aston-martin,mercedes,pirelli,,,1:42.460,102460.0,1:42.224,102224.0,,,,,,,15.0
1041,2021,6,12,12.0,12,31,esteban-ocon,alpine,renault,pirelli,,,1:42.426,102426.0,1:42.273,102273.0,,,,,,,11.0
1041,2021,6,13,13.0,13,3,daniel-ricciardo,mclaren,mercedes,pirelli,,,1:42.304,102304.0,1:42.558,102558.0,,,,,,,14.0
1041,2021,6,14,14.0,14,7,kimi-raikkonen,alfa-romeo,ferrari,pirelli,,,1:42.923,102923.0,1:42.587,102587.0,,,,,,,15.0
1041,2021,6,15,15.0,15,63,george-russell,williams,mercedes,pirelli,,,1:42.728,102728.0,1:42.758,102758.0,,,,,,,12.0
1041,2021,6,16,16.0,16,6,nicholas-latifi,williams,mercedes,pirelli,,,1:43.128,103128.0,,,,,,,,,8.0
1041,2021,6,17,17.0,17,47,mick-schumacher,haas,ferrari,pirelli,,,1:44.158,104158.0,,,,,,,,,10.0
1041,2021,6,18,18.0,18,9,nikita-mazepin,haas,ferrari,pirelli,,,1:44.238,104238.0,,,,,,,,,9.0
1041,2021,6,19,,NC,18,lance-stroll,aston-martin,mercedes,pirelli,,,,,,,,,,,,,2.0
1041,2021,6,20,,NC,99,antonio-giovinazzi,alfa-romeo,ferrari,pirelli,,,,,,,,,,,,,4.0
1042,2021,7,1,1.0,1,33,max-verstappen,red-bull,honda,pirelli,,,1:31.001,91001.0,1:31.080,91080.0,1:29.990,89990.0,,,,,16.0
1042,2021,7,2,2.0,2,44,lewis-hamilton,mercedes,mercedes,pirelli,,,1:31.237,91237.0,1:30.788,90788.0,1:30.248,90248.0,+0.258,258.0,+0.258,258.0,20.0
1042,2021,7,3,3.0,3,77,valtteri-bottas,mercedes,mercedes,pirelli,,,1:31.669,91669.0,1:30.735,90735.0,1:30.376,90376.0,+0.386,386.0,+0.128,128.0,16.0
1042,2021,7,4,4.0,4,11,sergio-perez,red-bull,honda,pirelli,,,1:31.560,91560.0,1:30.971,90971.0,1:30.445,90445.0,+0.455,455.0,+0.069,69.0,16.0
1042,2021,7,5,5.0,5,55,carlos-sainz-jr,ferrari,ferrari,pirelli,,,1:32.079,92079.0,1:31.146,91146.0,1:30.840,90840.0,+0.850,850.0,+0.395,395.0,19.0
1042,2021,7,6,6.0,6,10,pierre-gasly,alphatauri,honda,pirelli,,,1:31.898,91898.0,1:31.353,91353.0,1:30.868,90868.0,+0.878,878.0,+0.028,28.0,22.0
1042,2021,7,7,7.0,7,16,charles-leclerc,ferrari,ferrari,pirelli,,,1:32.209,92209.0,1:31.567,91567.0,1:30.987,90987.0,+0.997,997.0,+0.119,119.0,20.0
1042,2021,7,8,8.0,8,4,lando-norris,mclaren,mercedes,pirelli,,,1:31.733,91733.0,1:31.542,91542.0,1:31.252,91252.0,+1.262,1262.0,+0.265,265.0,18.0
1042,2021,7,9,9.0,9,14,fernando-alonso,alpine,renault,pirelli,,,1:32.158,92158.0,1:31.549,91549.0,1:31.340,91340.0,+1.350,1350.0,+0.088,88.0,17.0
1042,2021,7,10,10.0,10,3,daniel-ricciardo,mclaren,mercedes,pirelli,,,1:32.181,92181.0,1:31.615,91615.0,1:31.382,91382.0,+1.392,1392.0,+0.042,42.0,21.0
1042,2021,7,11,11.0,11,31,esteban-ocon,alpine,renault,pirelli,,,1:32.139,92139.0,1:31.736,91736.0,,,,,,,10.0
1042,2021,7,12,12.0,12,5,sebastian-vettel,aston-martin,mercedes,pirelli,,,1:32.132,92132.0,1:31.767,91767.0,,,,,,,12.0
1042,2021,7,13,13.0,13,99,antonio-giovinazzi,alfa-romeo,ferrari,pirelli,,,1:32.722,92722.0,1:31.813,91813.0,,,,,,,13.0
1042,2021,7,14,14.0,14,63,george-russell,williams,mercedes,pirelli,,,1:33.060,93060.0,1:32.065,92065.0,,,,,,,13.0
1042,2021,7,15,15.0,15,47,mick-schumacher,haas,ferrari,pirelli,,,1:32.942,92942.0,,,,,,,,,7.0
1042,2021,7,16,16.0,16,6,nicholas-latifi,williams,mercedes,pirelli,,,1:33.062,93062.0,,,,,,,,,7.0
1042,2021,7,17,17.0,17,7,kimi-raikkonen,alfa-romeo,ferrari,pirelli,,,1:33.354,93354.0,,,,,,,,,7.0
1042,2021,7,18,18.0,18,9,nikita-mazepin,haas,ferrari,pirelli,,,1:33.554,93554.0,,,,,,,,,7.0
1042,2021,7,19,,NC,18,lance-stroll,aston-martin,mercedes,pirelli,,,2:12.584,132584.0,,,,,,,,,7.0
1042,2021,7,20,,NC,22,yuki-tsunoda,alphatauri,honda,pirelli,,,,,,,,,,,,,2.0
1043,2021,8,1,1.0,1,33,max-verstappen,red-bull,honda,pirelli,,,1:04.489,64489.0,1:04.433,64433.0,1:03.841,63841.0,,,,,20.0
1043,2021,8,2,2.0,2,77,valtteri-bottas,mercedes,mercedes,pirelli,,,1:04.537,64537.0,1:04.443,64443.0,1:04.035,64035.0,+0.194,194.0,+0.194,194.0,23.0
1043,2021,8,3,3.0,3,44,lewis-hamilton,mercedes,mercedes,pirelli,,,1:04.672,64672.0,1:04.512,64512.0,1:04.067,64067.0,+0.226,226.0,+0.032,32.0,25.0
1043,2021,8,4,4.0,4,4,lando-norris,mclaren,mercedes,pirelli,,,1:04.584,64584.0,1:04.298,64298.0,1:04.120,64120.0,+0.279,279.0,+0.053,53.0,17.0
1043,2021,8,5,5.0,5,11,sergio-perez,red-bull,honda,pirelli,,,1:04.638,64638.0,1:04.197,64197.0,1:04.168,64168.0,+0.327,327.0,+0.048,48.0,21.0
1043,2021,8,6,6.0,6,10,pierre-gasly,alphatauri,honda,pirelli,,,1:04.765,64765.0,1:04.429,64429.0,1:04.236,64236.0,+0.395,395.0,+0.068,68.0,18.0
1043,2021,8,7,7.0,7,16,charles-leclerc,ferrari,ferrari,pirelli,,,1:04.745,64745.0,1:04.646,64646.0,1:04.472,64472.0,+0.631,631.0,+0.236,236.0,21.0
1043,2021,8,8,8.0,8,22,yuki-tsunoda,alphatauri,honda,pirelli,,,1:04.608,64608.0,1:04.631,64631.0,1:04.514,64514.0,+0.673,673.0,+0.042,42.0,21.0
1043,2021,8,9,9.0,9,14,fernando-alonso,alpine,renault,pirelli,,,1:04.971,64971.0,1:04.582,64582.0,1:04.574,64574.0,+0.733,733.0,+0.060,60.0,18.0
1043,2021,8,10,10.0,10,18,lance-stroll,aston-martin,mercedes,pirelli,,,1:04.821,64821.0,1:04.663,64663.0,1:04.708,64708.0,+0.867,867.0,+0.134,134.0,18.0
1043,2021,8,11,11.0,11,63,george-russell,williams,mercedes,pirelli,,,1:05.033,65033.0,1:04.671,64671.0,,,,,,,14.0
1043,2021,8,12,12.0,12,55,carlos-sainz-jr,ferrari,ferrari,pirelli,,,1:04.859,64859.0,1:04.800,64800.0,,,,,,,15.0
1043,2021,8,13,13.0,13,3,daniel-ricciardo,mclaren,mercedes,pirelli,,,1:05.142,65142.0,1:04.808,64808.0,,,,,,,14.0
1043,2021,8,14,14.0,14,5,sebastian-vettel,aston-martin,mercedes,pirelli,,,1:05.051,65051.0,1:04.875,64875.0,,,,,,,15.0
1043,2021,8,15,15.0,15,99,antonio-giovinazzi,alfa-romeo,ferrari,pirelli,,,1:05.092,65092.0,1:04.913,64913.0,,,,,,,17.0
1043,2021,8,16,16.0,16,6,nicholas-latifi,williams,mercedes,pirelli,,,1:05.175,65175.0,,,,,,,,,9.0
1043,2021,8,17,17.0,17,31,esteban-ocon,alpine,renault,pirelli,,,1:05.217,65217.0,,,,,,,,,6.0
1043,2021,8,18,18.0,18,7,kimi-raikkonen,alfa-romeo,ferrari,pirelli,,,1:05.429,65429.0,,,,,,,,,8.0
1043,2021,8,19,19.0,19,47,mick-schumacher,haas,ferrari,pirelli,,,1:06.041,66041.0,,,,,,,,,8.0
1043,2021,8,20,20.0,20,9,nikita-mazepin,haas,ferrari,pirelli,,,1:06.192,66192.0,,,,,,,,,9.0
1044,2021,9,1,1.0,1,33,max-verstappen,red-bull,honda,pirelli,,,1:04.249,64249.0,1:03.927,63927.0,1:03.720,63720.0,,,,,16.0
1044,2021,9,2,2.0,2,4,lando-norris,mclaren,mercedes,pirelli,,,1:04.345,64345.0,1:04.415,64415.0,1:03.768,63768.0,+0.048,48.0,+0.048,48.0,19.0
1044,2021,9,3,3.0,3,11,sergio-perez,red-bull,honda,pirelli,,,1:04.833,64833.0,1:04.483,64483.0,1:03.990,63990.0,+0.270,270.0,+0.222,222.0,24.0
1044,2021,9,4,4.0,4,44,lewis-hamilton,mercedes,mercedes,pirelli,,,1:04.506,64506.0,1:04.258,64258.0,1:04.014,64014.0,+0.294,294.0,+0.024,24.0,18.0
1044,2021,9,5,5.0,5,77,valtteri-bottas,mercedes,mercedes,pirelli,,,1:04.563,64563.0,1:04.376,64376.0,1:04.049,64049.0,+0.329,329.0,+0.035,35.0,19.0
1044,2021,9,6,6.0,6,10,pierre-gasly,alphatauri,honda,pirelli,,,1:04.841,64841.0,1:04.412,64412.0,1:04.107,64107.0,+0.387,387.0,+0.058,58.0,21.0
1044,2021,9,7,7.0,7,22,yuki-tsunoda,alphatauri,honda,pirelli,,,1:04.967,64967.0,1:04.518,64518.0,1:04.273,64273.0,+0.553,553.0,+0.166,166.0,21.0
1044,2021,9,8,8.0,8,5,sebastian-vettel,aston-martin,mercedes,pirelli,,,1:04.846,64846.0,1:04.493,64493.0,1:04.570,64570.0,+0.850,850.0,+0.297,297.0,20.0
1044,2021,9,9,9.0,9,63,george-russell,williams,mercedes,pirelli,,,1:04.907,64907.0,1:04.553,64553.0,1:04.591,64591.0,+0.871,871.0,+0.021,21.0,15.0
1044,2021,9,10,10.0,10,18,lance-stroll,aston-martin,mercedes,pirelli,,,1:04.927,64927.0,1:04.547,64547.0,1:04.618,64618.0,+0.898,898.0,+0.027,27.0,21.0
1044,2021,9,11,11.0,11,55,carlos-sainz-jr,ferrari,ferrari,pirelli,,,1:04.596,64596.0,1:04.559,64559.0,,,,,,,15.0
1044,2021,9,12,12.0,12,16,charles-leclerc,ferrari,ferrari,pirelli,,,1:04.906,64906.0,1:04.600,64600.0,,,,,,,15.0
1044,2021,9,13,13.0,13,3,daniel-ricciardo,mclaren,mercedes,pirelli,,,1:04.977,64977.0,1:04.719,64719.0,,,,,,,15.0
1044,2021,9,14,14.0,14,14,fernando-alonso,alpine,renault,pirelli,,,1:04.472,64472.0,1:04.856,64856.0,,,,,,,9.0
1044,2021,9,15,15.0,15,99,antonio-giovinazzi,alfa-romeo,ferrari,pirelli,,,1:04.782,64782.0,1:05.083,65083.0,,,,,,,15.0
1044,2021,9,16,16.0,16,7,kimi-raikkonen,alfa-romeo,ferrari,pirelli,,,1:05.009,65009.0,,,,,,,,,9.0
1044,2021,9,17,17.0,17,31,esteban-ocon,alpine,renault,pirelli,,,1:05.051,65051.0,,,,,,,,,6.0
1044,2021,9,18,18.0,18,6,nicholas-latifi,williams,mercedes,pirelli,,,1:05.195,65195.0,,,,,,,,,6.0
1044,2021,9,19,19.0,19,47,mick-schumacher,haas,ferrari,pirelli,,,1:05.427,65427.0,,,,,,,,,9.0
1044,2021,9,20,20.0,20,9,nikita-mazepin,haas,ferrari,pirelli,,,1:05.951,65951.0,,,,,,,,,9.0
1045,2021,10,1,1.0,1,44,lewis-hamilton,mercedes,mercedes,pirelli,,,1:26.786,86786.0,1:26.023,86023.0,1:26.134,86134.0,,,,,23.0
1045,2021,10,2,2.0,2,33,max-verstappen,red-bull,honda,pirelli,,,1:26.751,86751.0,1:26.315,86315.0,1:26.209,86209.0,+0.075,75.0,+0.075,75.0,16.0
1045,2021,10,3,3.0,3,77,valtteri-bottas,mercedes,mercedes,pirelli,,,1:27.487,87487.0,1:26.764,86764.0,1:26.328,86328.0,+0.194,194.0,+0.119,119.0,22.0
1045,2021,10,4,4.0,4,16,charles-leclerc,ferrari,ferrari,pirelli,,,1:27.051,87051.0,1:26.919,86919.0,1:26.828,86828.0,+0.694,694.0,+0.500,500.0,20.0
1045,2021,10,5,5.0,5,11,sergio-perez,red-bull,honda,pirelli,,,1:27.121,87121.0,1:27.073,87073.0,1:26.844,86844.0,+0.710,710.0,+0.016,16.0,17.0
1045,2021,10,6,6.0,6,4,lando-norris,mclaren,mercedes,pirelli,,,1:27.444,87444.0,1:27.220,87220.0,1:26.897,86897.0,+0.763,763.0,+0.053,53.0,20.0
1045,2021,10,7,7.0,7,3,daniel-ricciardo,mclaren,mercedes,pirelli,,,1:27.323,87323.0,1:27.125,87125.0,1:26.899,86899.0,+0.765,765.0,+0.002,2.0,22.0
1045,2021,10,8,8.0,8,63,george-russell,williams,mercedes,pirelli,,,1:27.671,87671.0,1:27.080,87080.0,1:26.971,86971.0,+0.837,837.0,+0.072,72.0,17.0
1045,2021,10,9,9.0,9,55,carlos-sainz-jr,ferrari,ferrari,pirelli,,,1:27.337,87337.0,1:26.848,86848.0,1:27.007,87007.0,+0.873,873.0,+0.036,36.0,21.0
1045,2021,10,10,10.0,10,5,sebastian-vettel,aston-martin,mercedes,pirelli,,,1:27.493,87493.0,1:27.103,87103.0,1:27.179,87179.0,+1.045,1045.0,+0.172,172.0,15.0
1045,2021,10,11,11.0,11,14,fernando-alonso,alpine,renault,pirelli,,,1:27.580,87580.0,1:27.245,87245.0,,,,,,,12.0
1045,2021,10,12,12.0,12,10,pierre-gasly,alphatauri,honda,pirelli,,,1:27.600,87600.0,1:27.273,87273.0,,,,,,,14.0
1045,2021,10,13,13.0,13,31,esteban-ocon,alpine,renault,pirelli,,,1:27.415,87415.0,1:27.340,87340.0,,,,,,,12.0
1045,2021,10,14,14.0,14,99,antonio-giovinazzi,alfa-romeo,ferrari,pirelli,,,1:27.595,87595.0,1:27.617,87617.0,,,,,,,15.0
1045,2021,10,15,15.0,15,18,lance-stroll,aston-martin,mercedes,pirelli,,,1:28.017,88017.0,1:27.665,87665.0,,,,,,,12.0
1045,2021,10,16,16.0,16,22,yuki-tsunoda,alphatauri,honda,pirelli,,,1:28.043,88043.0,,,,,,,,,10.0
1045,2021,10,17,17.0,17,7,kimi-raikkonen,alfa-romeo,ferrari,pirelli,,,1:28.062,88062.0,,,,,,,,,9.0
1045,2021,10,18,18.0,18,6,nicholas-latifi,williams,mercedes,pirelli,,,1:28.254,88254.0,,,,,,,,,8.0
1045,2021,10,19,19.0,19,47,mick-schumacher,haas,ferrari,pirelli,,,1:28.738,88738.0,,,,,,,,,10.0
1045,2021,10,20,20.0,20,9,nikita-mazepin,haas,ferrari,pirelli,,,1:29.051,89051.0,,,,,,,,,9.0
1046,2021,11,1,1.0,1,44,lewis-hamilton,mercedes,mercedes,pirelli,,,1:16.424,76424.0,1:16.553,76553.0,1:15.419,75419.0,,,,,19.0
1046,2021,11,2,2.0,2,77,valtteri-bottas,mercedes,mercedes,pirelli,,,1:16.569,76569.0,1:16.702,76702.0,1:15.734,75734.0,+0.315,315.0,+0.315,315.0,18.0
1046,2021,11,3,3.0,3,33,max-verstappen,red-bull,honda,pirelli,,,1:16.214,76214.0,1:15.650,75650.0,1:15.840,75840.0,+0.421,421.0,+0.106,106.0,17.0
1046,2021,11,4,4.0,4,11,sergio-perez,red-bull,honda,pirelli,,,1:17.233,77233.0,1:16.443,76443.0,1:16.421,76421.0,+1.002,1002.0,+0.581,581.0,16.0
1046,2021,11,5,5.0,5,10,pierre-gasly,alphatauri,honda,pirelli,,,1:16.874,76874.0,1:16.394,76394.0,1:16.483,76483.0,+1.064,1064.0,+0.062,62.0,15.0
1046,2021,11,6,6.0,6,4,lando-norris,mclaren,mercedes,pirelli,,,1:17.081,77081.0,1:16.385,76385.0,1:16.489,76489.0,+1.070,1070.0,+0.006,6.0,17.0
1046,2021,11,7,7.0,7,16,charles-leclerc,ferrari,ferrari,pirelli,,,1:17.084,77084.0,1:16.574,76574.0,1:16.496,76496.0,+1.077,1077.0,+0.007,7.0,17.0
1046,2021,11,8,8.0,8,31,esteban-ocon,alpine,renault,pirelli,,,1:17.367,77367.0,1:16.766,76766.0,1:16.653,76653.0,+1.234,1234.0,+0.157,157.0,15.0
1046,2021,11,9,9.0,9,14,fernando-alonso,alpine,renault,pirelli,,,1:17.123,77123.0,1:16.541,76541.0,1:16.715,76715.0,+1.296,1296.0,+0.062,62.0,15.0
1046,2021,11,10,10.0,10,5,sebastian-vettel,aston-martin,mercedes,pirelli,,,1:17.105,77105.0,1:16.794,76794.0,1:16.750,76750.0,+1.331,1331.0,+0.035,35.0,15.0
1046,2021,11,11,11.0,11,3,daniel-ricciardo,mclaren,mercedes,pirelli,,,1:17.664,77664.0,1:16.871,76871.0,,,,,,,13.0
1046,2021,11,12,12.0,12,18,lance-stroll,aston-martin,mercedes,pirelli,,,1:17.038,77038.0,1:16.893,76893.0,,,,,,,12.0
1046,2021,11,13,13.0,13,7,kimi-raikkonen,alfa-romeo,ferrari,pirelli,,,1:17.553,77553.0,1:17.564,77564.0,,,,,,,15.0
1046,2021,11,14,14.0,14,99,antonio-giovinazzi,alfa-romeo,ferrari,pirelli,,,1:17.776,77776.0,1:17.583,77583.0,,,,,,,12.0
1046,2021,11,15,15.0,15,55,carlos-sainz-jr,ferrari,ferrari,pirelli,,,1:16.649,76649.0,,,,,,,,,5.0
1046,2021,11,16,16.0,16,22,yuki-tsunoda,alphatauri,honda,pirelli,,,1:17.919,77919.0,,,,,,,,,8.0
1046,2021,11,17,17.0,17,63,george-russell,williams,mercedes,pirelli,,,1:17.944,77944.0,,,,,,,,,8.0
1046,2021,11,18,18.0,18,6,nicholas-latifi,williams,mercedes,pirelli,,,1:18.036,78036.0,,,,,,,,,8.0
1046,2021,11,19,19.0,19,9,nikita-mazepin,haas,ferrari,pirelli,,,1:18.922,78922.0,,,,,,,,,9.0
1047,2021,12,1,1.0,1,33,max-verstappen,red-bull,honda,pirelli,,,1:58.717,118717.0,1:56.559,116559.0,1:59.765,119765.0,,,,,20.0
1047,2021,12,2,2.0,2,63,george-russell,williams,mercedes,pirelli,,,1:59.864,119864.0,1:56.950,116950.0,2:00.086,120086.0,+0.321,321.0,+0.321,321.0,24.0
1047,2021,12,3,3.0,3,44,lewis-hamilton,mercedes,mercedes,pirelli,,,1:59.218,119218.0,1:56.229,116229.0,2:00.099,120099.0,+0.334,334.0,+0.013,13.0,22.0
1047,2021,12,4,4.0,4,3,daniel-ricciardo,mclaren,mercedes,pirelli,,,2:01.583,121583.0,1:57.127,117127.0,2:00.864,120864.0,+1.099,1099.0,+0.765,765.0,22.0
1047,2021,12,5,5.0,5,5,sebastian-vettel,aston-martin,mercedes,pirelli,,,2:00.175,120175.0,1:56.814,116814.0,2:00.935,120935.0,+1.170,1170.0,+0.071,71.0,23.0
1047,2021,12,6,6.0,6,10,pierre-gasly,alphatauri,honda,pirelli,,,2:00.387,120387.0,1:56.440,116440.0,2:01.164,121164.0,+1.399,1399.0,+0.229,229.0,23.0
1047,2021,12,7,7.0,7,11,sergio-perez,red-bull,honda,pirelli,,,1:59.334,119334.0,1:56.886,116886.0,2:02.112,122112.0,+2.347,2347.0,+0.948,948.0,22.0
1047,2021,12,8,8.0,8,77,valtteri-bottas,mercedes,mercedes,pirelli,,,1:59.870,119870.0,1:56.295,116295.0,2:02.502,122502.0,+2.737,2737.0,+0.390,390.0,22.0
1047,2021,12,9,9.0,9,31,esteban-ocon,alpine,renault,pirelli,,,2:01.824,121824.0,1:57.354,117354.0,2:03.513,123513.0,+3.748,3748.0,+1.011,1011.0,23.0
1047,2021,12,10,10.0,10,4,lando-norris,mclaren,mercedes,pirelli,,,1:58.301,118301.0,1:56.025,116025.0,,,,,,,19.0
1047,2021,12,11,11.0,11,16,charles-leclerc,ferrari,ferrari,pirelli,,,2:00.728,120728.0,1:57.721,117721.0,,,,,,,16.0
1047,2021,12,12,12.0,12,6,nicholas-latifi,williams,mercedes,pirelli,,,2:00.966,120966.0,1:58.056,118056.0,,,,,,,17.0
1047,2021,12,13,13.0,13,55,carlos-sainz-jr,ferrari,ferrari,pirelli,,,2:01.184,121184.0,1:58.137,118137.0,,,,,,,15.0
1047,2021,12,14,14.0,14,14,fernando-alonso,alpine,renault,pirelli,,,2:01.653,121653.0,1:58.205,118205.0,,,,,,,16.0
1047,2021,12,15,15.0,15,18,lance-stroll,aston-martin,mercedes,pirelli,,,2:01.597,121597.0,1:58.231,118231.0,,,,,,,16.0
1047,2021,12,16,16.0,16,99,antonio-giovinazzi,alfa-romeo,ferrari,pirelli,,,2:02.306,122306.0,,,,,,,,,9.0
1047,2021,12,17,17.0,17,22,yuki-tsunoda,alphatauri,honda,pirelli,,,2:02.413,122413.0,,,,,,,,,9.0
1047,2021,12,18,18.0,18,47,mick-schumacher,haas,ferrari,pirelli,,,2:03.973,123973.0,,,,,,,,,9.0
1047,2021,12,19,19.0,19,7,kimi-raikkonen,alfa-romeo,ferrari,pirelli,,,2:04.452,124452.0,,,,,,,,,9.0
1047,2021,12,20,20.0,20,9,nikita-mazepin,haas,ferrari,pirelli,,,2:04.939,124939.0,,,,,,,,,8.0
1048,2021,13,1,1.0,1,33,max-verstappen,red-bull,honda,pirelli,,,1:10.036,70036.0,1:09.071,69071.0,1:08.885,68885.0,,,,,15.0
1048,2021,13,2,2.0,2,44,lewis-hamilton,mercedes,mercedes,pirelli,,,1:10.114,70114.0,1:09.726,69726.0,1:08.923,68923.0,+0.038,38.0,+0.038,38.0,17.0
1048,2021,13,3,3.0,3,77,valtteri-bottas,mercedes,mercedes,pirelli,,,1:10.219,70219.0,1:09.769,69769.0,1:09.222,69222.0,+0.337,337.0,+0.299,299.0,17.0
1048,2021,13,4,4.0,4,10,pierre-gasly,alphatauri,honda,pirelli,,,1:10.274,70274.0,1:09.541,69541.0,1:09.478,69478.0,+0.593,593.0,+0.256,256.0,17.0
1048,2021,13,5,5.0,5,16,charles-leclerc,ferrari,ferrari,pirelli,,,1:09.829,69829.0,1:09.437,69437.0,1:09.527,69527.0,+0.642,642.0,+0.049,49.0,18.0
1048,2021,13,6,6.0,6,55,carlos-sainz-jr,ferrari,ferrari,pirelli,,,1:10.022,70022.0,1:09.870,69870.0,1:09.537,69537.0,+0.652,652.0,+0.010,10.0,19.0
1048,2021,13,7,7.0,7,99,antonio-giovinazzi,alfa-romeo,ferrari,pirelli,,,1:10.050,70050.0,1:10.033,70033.0,1:09.590,69590.0,+0.705,705.0,+0.053,53.0,17.0
1048,2021,13,8,8.0,8,31,esteban-ocon,alpine,renault,pirelli,,,1:10.179,70179.0,1:09.919,69919.0,1:09.933,69933.0,+1.048,1048.0,+0.343,343.0,17.0
1048,2021,13,9,9.0,9,14,fernando-alonso,alpine,renault,pirelli,,,1:10.435,70435.0,1:10.020,70020.0,1:09.956,69956.0,+1.071,1071.0,+0.023,23.0,13.0
1048,2021,13,10,10.0,10,3,daniel-ricciardo,mclaren,mercedes,pirelli,,,1:10.255,70255.0,1:09.865,69865.0,1:10.166,70166.0,+1.281,1281.0,+0.210,210.0,17.0
1048,2021,13,11,11.0,11,63,george-russell,williams,mercedes,pirelli,,,1:10.382,70382.0,1:10.332,70332.0,,,,,,,13.0
1048,2021,13,12,12.0,12,18,lance-stroll,aston-martin,mercedes,pirelli,,,1:10.438,70438.0,1:10.367,70367.0,,,,,,,13.0
1048,2021,13,13,13.0,13,4,lando-norris,mclaren,mercedes,pirelli,,,1:10.489,70489.0,1:10.406,70406.0,,,,,,,13.0
1048,2021,13,14,14.0,14,6,nicholas-latifi,williams,mercedes,pirelli,,,1:10.093,70093.0,1:11.161,71161.0,,,,,,,16.0
1048,2021,13,15,15.0,15,22,yuki-tsunoda,alphatauri,honda,pirelli,,,1:10.462,70462.0,1:11.314,71314.0,,,,,,,15.0
1048,2021,13,16,16.0,16,11,sergio-perez,red-bull,honda,pirelli,,,1:10.530,70530.0,,,,,,,,,9.0
1048,2021,13,17,17.0,17,5,sebastian-vettel,aston-martin,mercedes,pirelli,,,1:10.731,70731.0,,,,,,,,,7.0
1048,2021,13,18,18.0,18,88,robert-kubica,alfa-romeo,ferrari,pirelli,,,1:11.301,71301.0,,,,,,,,,9.0
1048,2021,13,19,19.0,19,47,mick-schumacher,haas,ferrari,pirelli,,,1:11.387,71387.0,,,,,,,,,11.0
1048,2021,13,20,20.0,20,9,nikita-mazepin,haas,ferrari,pirelli,,,1:11.875,71875.0,,,,,,,,,10.0
1049,2021,14,1,1.0,1,77,valtteri-bottas,mercedes,mercedes,pirelli,,,1:20.685,80685.0,1:20.032,80032.0,1:19.555,79555.0,,,,,18.0
1049,2021,14,2,2.0,2,44,lewis-hamilton,mercedes,mercedes,pirelli,,,1:20.543,80543.0,1:19.936,79936.0,1:19.651,79651.0,+0.096,96.0,+0.096,96.0,18.0
1049,2021,14,3,3.0,3,33,max-verstappen,red-bull,honda,pirelli,,,1:21.035,81035.0,1:20.229,80229.0,1:19.966,79966.0,+0.411,411.0,+0.315,315.0,19.0
1049,2021,14,4,4.0,4,4,lando-norris,mclaren,mercedes,pirelli,,,1:20.916,80916.0,1:20.059,80059.0,1:19.989,79989.0,+0.434,434.0,+0.023,23.0,21.0
1049,2021,14,5,5.0,5,3,daniel-ricciardo,mclaren,mercedes,pirelli,,,1:21.292,81292.0,1:20.435,80435.0,1:19.995,79995.0,+0.440,440.0,+0.006,6.0,17.0
1049,2021,14,6,6.0,6,10,pierre-gasly,alphatauri,honda,pirelli,,,1:21.440,81440.0,1:20.556,80556.0,1:20.260,80260.0,+0.705,705.0,+0.265,265.0,16.0
1049,2021,14,7,7.0,7,55,carlos-sainz-jr,ferrari,ferrari,pirelli,,,1:21.118,81118.0,1:20.750,80750.0,1:20.462,80462.0,+0.907,907.0,+0.202,202.0,18.0
1049,2021,14,8,8.0,8,16,charles-leclerc,ferrari,ferrari,pirelli,,,1:21.219,81219.0,1:20.767,80767.0,1:20.510,80510.0,+0.955,955.0,+0.048,48.0,18.0
1049,2021,14,9,9.0,9,11,sergio-perez,red-bull,honda,pirelli,,,1:21.308,81308.0,1:20.882,80882.0,1:20.611,80611.0,+1.056,1056.0,+0.101,101.0,20.0
1049,2021,14,10,10.0,10,99,antonio-giovinazzi,alfa-romeo,ferrari,pirelli,,,1:21.197,81197.0,1:20.726,80726.0,1:20.808,80808.0,+1.253,1253.0,+0.197,197.0,16.0
1049,2021,14,11,11.0,11,5,sebastian-vettel,aston-martin,mercedes,pirelli,,,1:21.394,81394.0,1:20.913,80913.0,,,,,,,14.0
1049,2021,14,12,12.0,12,18,lance-stroll,aston-martin,mercedes,pirelli,,,1:21.415,81415.0,1:21.020,81020.0,,,,,,,13.0
1049,2021,14,13,13.0,13,14,fernando-alonso,alpine,renault,pirelli,,,1:21.487,81487.0,1:21.069,81069.0,,,,,,,11.0
1049,2021,14,14,14.0,14,31,esteban-ocon,alpine,renault,pirelli,,,1:21.500,81500.0,1:21.103,81103.0,,,,,,,12.0
1049,2021,14,15,15.0,15,63,george-russell,williams,mercedes,pirelli,,,1:21.890,81890.0,1:21.392,81392.0,,,,,,,16.0
1049,2021,14,16,16.0,16,6,nicholas-latifi,williams,mercedes,pirelli,,,1:21.925,81925.0,,,,,,,,,10.0
1049,2021,14,17,17.0,17,22,yuki-tsunoda,alphatauri,honda,pirelli,,,1:21.973,81973.0,,,,,,,,,9.0
1049,2021,14,18,18.0,18,47,mick-schumacher,haas,ferrari,pirelli,,,1:22.248,82248.0,,,,,,,,,8.0
1049,2021,14,19,19.0,19,88,robert-kubica,alfa-romeo,ferrari,pirelli,,,1:22.530,82530.0,,,,,,,,,7.0
1049,2021,14,20,20.0,20,9,nikita-mazepin,haas,ferrari,pirelli,,,1:22.716,82716.0,,,,,,,,,9.0
1050,2021,15,1,1.0,1,4,lando-norris,mclaren,mercedes,pirelli,,,1:47.238,107238.0,1:45.827,105827.0,1:41.993,101993.0,,,,,23.0
1050,2021,15,2,2.0,2,55,carlos-sainz-jr,ferrari,ferrari,pirelli,,,1:47.924,107924.0,1:46.521,106521.0,1:42.510,102510.0,+0.517,517.0,+0.517,517.0,25.0
1050,2021,15,3,3.0,3,63,george-russell,williams,mercedes,pirelli,,,1:48.303,108303.0,1:46.435,106435.0,1:42.983,102983.0,+0.990,990.0,+0.473,473.0,26.0
1050,2021,15,4,4.0,4,44,lewis-hamilton,mercedes,mercedes,pirelli,,,1:45.992,105992.0,1:45.129,105129.0,1:44.050,104050.0,+2.057,2057.0,+1.067,1067.0,24.0
1050,2021,15,5,5.0,5,3,daniel-ricciardo,mclaren,mercedes,pirelli,,,1:48.345,108345.0,1:46.361,106361.0,1:44.156,104156.0,+2.163,2163.0,+0.106,106.0,23.0
1050,2021,15,6,6.0,6,14,fernando-alonso,alpine,renault,pirelli,,,1:47.877,107877.0,1:45.514,105514.0,1:44.204,104204.0,+2.211,2211.0,+0.048,48.0,25.0
1050,2021,15,7,7.0,7,77,valtteri-bottas,mercedes,mercedes,pirelli,,,1:46.396,106396.0,1:45.306,105306.0,1:44.710,104710.0,+2.717,2717.0,+0.506,506.0,24.0
1050,2021,15,8,8.0,8,18,lance-stroll,aston-martin,mercedes,pirelli,,,1:48.322,108322.0,1:46.360,106360.0,1:44.956,104956.0,+2.963,2963.0,+0.246,246.0,23.0
1050,2021,15,9,9.0,9,11,sergio-perez,red-bull,honda,pirelli,,,1:46.455,106455.0,1:45.834,105834.0,1:45.337,105337.0,+3.344,3344.0,+0.381,381.0,24.0
1050,2021,15,10,10.0,10,31,esteban-ocon,alpine,renault,pirelli,,,1:48.099,108099.0,1:46.070,106070.0,1:45.865,105865.0,+3.872,3872.0,+0.528,528.0,25.0
1050,2021,15,11,11.0,11,5,sebastian-vettel,aston-martin,mercedes,pirelli,,,1:47.205,107205.0,1:46.573,106573.0,,,,,,,18.0
1050,2021,15,12,12.0,12,10,pierre-gasly,alphatauri,honda,pirelli,,,1:47.828,107828.0,1:46.641,106641.0,,,,,,,18.0
1050,2021,15,13,13.0,13,22,yuki-tsunoda,alphatauri,honda,pirelli,,,1:48.854,108854.0,1:46.751,106751.0,,,,,,,20.0
1050,2021,15,14,14.0,14,6,nicholas-latifi,williams,mercedes,pirelli,,,1:48.252,108252.0,,,,,,,,,12.0
1050,2021,15,15,15.0,15,16,charles-leclerc,ferrari,ferrari,pirelli,,,1:48.470,108470.0,,,,,,,,,10.0
1050,2021,15,16,16.0,16,7,kimi-raikkonen,alfa-romeo,ferrari,pirelli,,,1:49.586,109586.0,,,,,,,,,10.0
1050,2021,15,17,17.0,17,47,mick-schumacher,haas,ferrari,pirelli,,,1:49.830,109830.0,,,,,,,,,10.0
1050,2021,15,18,18.0,18,99,antonio-giovinazzi,alfa-romeo,ferrari,pirelli,,,1:51.023,111023.0,,,,,,,,,9.0
1050,2021,15,19,19.0,19,9,nikita-mazepin,haas,ferrari,pirelli,,,1:53.764,113764.0,,,,,,,,,10.0
1050,2021,15,20,20.0,20,33,max-verstappen,red-bull,honda,pirelli,,,,,,,,,,,,,2.0
1051,2021,16,1,1.0,1,44,lewis-hamilton,mercedes,mercedes,pirelli,,,1:24.585,84585.0,1:23.082,83082.0,1:22.868,82868.0,,,,,28.0
1051,2021,16,2,2.0,2,77,valtteri-bottas,mercedes,mercedes,pirelli,,,1:25.047,85047.0,1:23.579,83579.0,1:22.998,82998.0,+0.130,130.0,+0.130,130.0,27.0
1051,2021,16,3,3.0,3,33,max-verstappen,red-bull,honda,pirelli,,,1:24.592,84592.0,1:23.732,83732.0,1:23.196,83196.0,+0.328,328.0,+0.198,198.0,25.0
1051,2021,16,4,4.0,4,16,charles-leclerc,ferrari,ferrari,pirelli,,,1:24.869,84869.0,1:24.015,84015.0,1:23.265,83265.0,+0.397,397.0,+0.069,69.0,30.0
1051,2021,16,5,5.0,5,10,pierre-gasly,alphatauri,honda,pirelli,,,1:24.704,84704.0,1:23.817,83817.0,1:23.326,83326.0,+0.458,458.0,+0.061,61.0,24.0
1051,2021,16,6,6.0,6,14,fernando-alonso,alpine,renault,pirelli,,,1:25.174,85174.0,1:23.914,83914.0,1:23.477,83477.0,+0.609,609.0,+0.151,151.0,24.0
1051,2021,16,7,7.0,7,11,sergio-perez,red-bull,honda,pirelli,,,1:24.963,84963.0,1:23.961,83961.0,1:23.706,83706.0,+0.838,838.0,+0.229,229.0,24.0
1051,2021,16,8,8.0,8,4,lando-norris,mclaren,mercedes,pirelli,,,1:25.138,85138.0,1:24.642,84642.0,1:23.954,83954.0,+1.086,1086.0,+0.248,248.0,25.0
1051,2021,16,9,9.0,9,18,lance-stroll,aston-martin,mercedes,pirelli,,,1:25.511,85511.0,1:24.601,84601.0,1:24.305,84305.0,+1.437,1437.0,+0.351,351.0,23.0
1051,2021,16,10,10.0,10,22,yuki-tsunoda,alphatauri,honda,pirelli,,,1:25.409,85409.0,1:24.054,84054.0,1:24.368,84368.0,+1.500,1500.0,+0.063,63.0,24.0
1051,2021,16,11,11.0,11,5,sebastian-vettel,aston-martin,mercedes,pirelli,,,1:25.787,85787.0,1:24.795,84795.0,,,,,,,19.0
1051,2021,16,12,12.0,12,31,esteban-ocon,alpine,renault,pirelli,,,1:25.422,85422.0,1:24.842,84842.0,,,,,,,18.0
1051,2021,16,13,13.0,13,63,george-russell,williams,mercedes,pirelli,,,1:25.417,85417.0,1:25.007,85007.0,,,,,,,20.0
1051,2021,16,14,14.0,14,47,mick-schumacher,haas,ferrari,pirelli,,,1:25.555,85555.0,1:25.200,85200.0,,,,,,,19.0
1051,2021,16,15,15.0,15,55,carlos-sainz-jr,ferrari,ferrari,pirelli,,,1:25.177,85177.0,,,,,,,,,13.0
1051,2021,16,16,16.0,16,3,daniel-ricciardo,mclaren,mercedes,pirelli,,,1:25.881,85881.0,,,,,,,,,10.0
1051,2021,16,17,17.0,17,6,nicholas-latifi,williams,mercedes,pirelli,,,1:26.086,86086.0,,,,,,,,,10.0
1051,2021,16,18,18.0,18,99,antonio-giovinazzi,alfa-romeo,ferrari,pirelli,,,1:26.430,86430.0,,,,,,,,,11.0
1051,2021,16,19,19.0,19,7,kimi-raikkonen,alfa-romeo,ferrari,pirelli,,,1:27.525,87525.0,,,,,,,,,11.0
1051,2021,16,20,20.0,20,9,nikita-mazepin,haas,ferrari,pirelli,,,1:28.449,88449.0,,,,,,,,,10.0
1052,2021,17,1,1.0,1,33,max-verstappen,red-bull,honda,pirelli,,,1:34.352,94352.0,1:33.464,93464.0,1:32.910,92910.0,,,,,16.0
1052,2021,17,2,2.0,2,44,lewis-hamilton,mercedes,mercedes,pirelli,,,1:34.579,94579.0,1:33.797,93797.0,1:33.119,93119.0,+0.209,209.0,+0.209,209.0,16.0
1052,2021,17,3,3.0,3,11,sergio-perez,red-bull,honda,pirelli,,,1:34.369,94369.0,1:34.178,94178.0,1:33.134,93134.0,+0.224,224.0,+0.015,15.0,19.0
1052,2021,17,4,4.0,4,77,valtteri-bottas,mercedes,mercedes,pirelli,,,1:34.590,94590.0,1:33.959,93959.0,1:33.475,93475.0,+0.565,565.0,+0.341,341.0,15.0
1052,2021,17,5,5.0,5,16,charles-leclerc,ferrari,ferrari,pirelli,,,1:34.153,94153.0,1:33.928,93928.0,1:33.606,93606.0,+0.696,696.0,+0.131,131.0,17.0
1052,2021,17,6,6.0,6,55,carlos-sainz-jr,ferrari,ferrari,pirelli,,,1:34.558,94558.0,1:34.126,94126.0,1:33.792,93792.0,+0.882,882.0,+0.186,186.0,15.0
1052,2021,17,7,7.0,7,3,daniel-ricciardo,mclaren,mercedes,pirelli,,,1:34.407,94407.0,1:34.643,94643.0,1:33.808,93808.0,+0.898,898.0,+0.016,16.0,15.0
1052,2021,17,8,8.0,8,4,lando-norris,mclaren,mercedes,pirelli,,,1:34.551,94551.0,1:33.880,93880.0,1:33.887,93887.0,+0.977,977.0,+0.079,79.0,14.0
1052,2021,17,9,9.0,9,10,pierre-gasly,alphatauri,honda,pirelli,,,1:34.567,94567.0,1:34.583,94583.0,1:34.118,94118.0,+1.208,1208.0,+0.231,231.0,17.0
1052,2021,17,10,10.0,10,22,yuki-tsunoda,alphatauri,honda,pirelli,,,1:35.360,95360.0,1:35.137,95137.0,1:34.918,94918.0,+2.008,2008.0,+0.800,800.0,18.0
1052,2021,17,11,11.0,11,31,esteban-ocon,alpine,renault,pirelli,,,1:35.747,95747.0,1:35.377,95377.0,,,,,,,12.0
1052,2021,17,12,12.0,12,5,sebastian-vettel,aston-martin,mercedes,pirelli,,,1:35.281,95281.0,1:35.500,95500.0,,,,,,,9.0
1052,2021,17,13,13.0,13,99,antonio-giovinazzi,alfa-romeo,ferrari,pirelli,,,1:35.920,95920.0,1:35.794,95794.0,,,,,,,8.0
1052,2021,17,14,14.0,14,14,fernando-alonso,alpine,renault,pirelli,,,1:35.756,95756.0,1:44.549,104549.0,,,,,,,12.0
1052,2021,17,15,15.0,15,63,george-russell,williams,mercedes,pirelli,,,1:35.746,95746.0,,,,,,,,,11.0
1052,2021,17,16,16.0,16,18,lance-stroll,aston-martin,mercedes,pirelli,,,1:35.983,95983.0,,,,,,,,,7.0
1052,2021,17,17,17.0,17,6,nicholas-latifi,williams,mercedes,pirelli,,,1:35.995,95995.0,,,,,,,,,6.0
1052,2021,17,18,18.0,18,7,kimi-raikkonen,alfa-romeo,ferrari,pirelli,,,1:36.311,96311.0,,,,,,,,,7.0
1052,2021,17,19,19.0,19,47,mick-schumacher,haas,ferrari,pirelli,,,1:36.499,96499.0,,,,,,,,,9.0
1052,2021,17,20,20.0,20,9,nikita-mazepin,haas,ferrari,pirelli,,,1:36.796,96796.0,,,,,,,,,8.0
1053,2021,18,1,1.0,1,77,valtteri-bottas,mercedes,mercedes,pirelli,,,1:16.727,76727.0,1:16.864,76864.0,1:15.875,75875.0,,,,,23.0
1053,2021,18,2,2.0,2,44,lewis-hamilton,mercedes,mercedes,pirelli,,,1:17.207,77207.0,1:16.474,76474.0,1:16.020,76020.0,+0.145,145.0,+0.145,145.0,22.0
1053,2021,18,3,3.0,3,33,max-verstappen,red-bull,honda,pirelli,,,1:16.788,76788.0,1:16.483,76483.0,1:16.225,76225.0,+0.350,350.0,+0.205,205.0,18.0
1053,2021,18,4,4.0,4,11,sergio-perez,red-bull,honda,pirelli,,,1:17.003,77003.0,1:17.055,77055.0,1:16.342,76342.0,+0.467,467.0,+0.117,117.0,18.0
1053,2021,18,5,5.0,5,10,pierre-gasly,alphatauri,honda,pirelli,,,1:16.908,76908.0,1:16.955,76955.0,1:16.456,76456.0,+0.581,581.0,+0.114,114.0,22.0
1053,2021,18,6,6.0,6,55,carlos-sainz-jr,ferrari,ferrari,pirelli,,,1:17.517,77517.0,1:17.248,77248.0,1:16.761,76761.0,+0.886,886.0,+0.305,305.0,23.0
1053,2021,18,7,7.0,7,3,daniel-ricciardo,mclaren,mercedes,pirelli,,,1:17.719,77719.0,1:17.092,77092.0,1:16.763,76763.0,+0.888,888.0,+0.002,2.0,17.0
1053,2021,18,8,8.0,8,16,charles-leclerc,ferrari,ferrari,pirelli,,,1:16.748,76748.0,1:17.034,77034.0,1:16.837,76837.0,+0.962,962.0,+0.074,74.0,22.0
1053,2021,18,9,9.0,9,22,yuki-tsunoda,alphatauri,honda,pirelli,,,1:17.330,77330.0,1:16.701,76701.0,1:17.158,77158.0,+1.283,1283.0,+0.321,321.0,19.0
1053,2021,18,10,10.0,10,4,lando-norris,mclaren,mercedes,pirelli,,,1:17.569,77569.0,1:17.473,77473.0,1:36.830,96830.0,+20.955,20955.0,+19.672,19672.0,19.0
1053,2021,18,11,11.0,11,5,sebastian-vettel,aston-martin,mercedes,pirelli,,,1:17.502,77502.0,1:17.746,77746.0,,,,,,,16.0
1053,2021,18,12,12.0,12,7,kimi-raikkonen,alfa-romeo,ferrari,pirelli,,,1:17.606,77606.0,1:17.958,77958.0,,,,,,,18.0
1053,2021,18,13,13.0,13,63,george-russell,williams,mercedes,pirelli,,,1:17.958,77958.0,1:18.172,78172.0,,,,,,,13.0
1053,2021,18,14,14.0,14,99,antonio-giovinazzi,alfa-romeo,ferrari,pirelli,,,1:17.897,77897.0,1:18.290,78290.0,,,,,,,15.0
1053,2021,18,15,15.0,15,31,esteban-ocon,alpine,renault,pirelli,,,1:18.126,78126.0,1:18.405,78405.0,,,,,,,13.0
1053,2021,18,16,16.0,16,14,fernando-alonso,alpine,renault,pirelli,,,1:18.452,78452.0,,,,,,,,,7.0
1053,2021,18,17,17.0,17,6,nicholas-latifi,williams,mercedes,pirelli,,,1:18.756,78756.0,,,,,,,,,8.0
1053,2021,18,18,18.0,18,47,mick-schumacher,haas,ferrari,pirelli,,,1:18.858,78858.0,,,,,,,,,9.0
1053,2021,18,19,19.0,19,9,nikita-mazepin,haas,ferrari,pirelli,,,1:19.303,79303.0,,,,,,,,,9.0
1053,2021,18,20,20.0,20,18,lance-stroll,aston-martin,mercedes,pirelli,,,1:20.873,80873.0,,,,,,,,,3.0
1054,2021,19,1,1.0,1,33,max-verstappen,red-bull,honda,pirelli,,,1:09.329,69329.0,1:08.499,68499.0,1:08.372,68372.0,+0.438,438.0,+0.438,438.0,17.0
1054,2021,19,2,2.0,2,77,valtteri-bottas,mercedes,mercedes,pirelli,,,1:09.040,69040.0,1:08.426,68426.0,1:08.469,68469.0,+0.535,535.0,+0.097,97.0,23.0
1054,2021,19,3,3.0,3,11,sergio-perez,red-bull,honda,pirelli,,,1:09.172,69172.0,1:08.973,68973.0,1:08.483,68483.0,+0.549,549.0,+0.014,14.0,22.0
1054,2021,19,4,4.0,4,10,pierre-gasly,alphatauri,honda,pirelli,,,1:09.347,69347.0,1:08.903,68903.0,1:08.777,68777.0,+0.843,843.0,+0.294,294.0,18.0
1054,2021,19,5,5.0,5,55,carlos-sainz-jr,ferrari,ferrari,pirelli,,,1:09.046,69046.0,1:09.031,69031.0,1:08.826,68826.0,+0.892,892.0,+0.049,49.0,19.0
1054,2021,19,6,6.0,6,16,charles-leclerc,ferrari,ferrari,pirelli,,,1:09.155,69155.0,1:08.859,68859.0,1:08.960,68960.0,+1.026,1026.0,+0.134,134.0,22.0
1054,2021,19,7,7.0,7,4,lando-norris,mclaren,mercedes,pirelli,,,1:09.365,69365.0,1:09.030,69030.0,1:08.980,68980.0,+1.046,1046.0,+0.020,20.0,22.0
1054,2021,19,8,8.0,8,3,daniel-ricciardo,mclaren,mercedes,pirelli,,,1:09.374,69374.0,1:09.093,69093.0,1:09.039,69039.0,+1.105,1105.0,+0.059,59.0,22.0
1054,2021,19,9,9.0,9,14,fernando-alonso,alpine,renault,pirelli,,,1:09.391,69391.0,1:09.137,69137.0,1:09.113,69113.0,+1.179,1179.0,+0.074,74.0,19.0
1054,2021,19,10,10.0,10,31,esteban-ocon,alpine,renault,pirelli,,,1:09.430,69430.0,1:09.189,69189.0,,,,,,,14.0
1054,2021,19,11,11.0,11,5,sebastian-vettel,aston-martin,mercedes,pirelli,,,1:09.451,69451.0,1:09.399,69399.0,,,,,,,15.0
1054,2021,19,12,12.0,12,22,yuki-tsunoda,alphatauri,honda,pirelli,,,1:09.350,69350.0,1:09.483,69483.0,,,,,,,9.0
1054,2021,19,13,13.0,13,7,kimi-raikkonen,alfa-romeo,ferrari,pirelli,,,1:09.598,69598.0,1:09.503,69503.0,,,,,,,15.0
1054,2021,19,14,14.0,14,99,antonio-giovinazzi,alfa-romeo,ferrari,pirelli,,,1:09.342,69342.0,1:10.227,70227.0,,,,,,,14.0
1054,2021,19,15,15.0,15,18,lance-stroll,aston-martin,mercedes,pirelli,,,1:09.663,69663.0,,,,,,,,,9.0
1054,2021,19,16,16.0,16,6,nicholas-latifi,williams,mercedes,pirelli,,,1:09.897,69897.0,,,,,,,,,9.0
1054,2021,19,17,17.0,17,63,george-russell,williams,mercedes,pirelli,,,1:09.953,69953.0,,,,,,,,,10.0
1054,2021,19,18,18.0,18,47,mick-schumacher,haas,ferrari,pirelli,,,1:10.329,70329.0,,,,,,,,,11.0
1054,2021,19,19,19.0,19,9,nikita-mazepin,haas,ferrari,pirelli,,,1:10.589,70589.0,,,,,,,,,10.0
1054,2021,19,20,,DSQ,44,lewis-hamilton,mercedes,mercedes,pirelli,,,1:08.733,68733.0,1:08.068,68068.0,1:07.934,67934.0,,,,,23.0
1055,2021,20,1,1.0,1,44,lewis-hamilton,mercedes,mercedes,pirelli,,,1:21.901,81901.0,1:21.682,81682.0,1:20.827,80827.0,,,,,18.0
1055,2021,20,2,2.0,2,33,max-verstappen,red-bull,honda,pirelli,,,1:21.996,81996.0,1:21.984,81984.0,1:21.424,81424.0,+0.597,597.0,+0.597,597.0,18.0
1055,2021,20,3,3.0,3,77,valtteri-bottas,mercedes,mercedes,pirelli,,,1:22.016,82016.0,1:21.991,81991.0,1:21.478,81478.0,+0.651,651.0,+0.054,54.0,20.0
1055,2021,20,4,4.0,4,10,pierre-gasly,alphatauri,honda,pirelli,,,1:22.535,82535.0,1:21.728,81728.0,1:21.640,81640.0,+0.813,813.0,+0.162,162.0,19.0
1055,2021,20,5,5.0,5,14,fernando-alonso,alpine,renault,pirelli,,,1:22.422,82422.0,1:21.894,81894.0,1:21.670,81670.0,+0.843,843.0,+0.030,30.0,18.0
1055,2021,20,6,6.0,6,4,lando-norris,mclaren,mercedes,pirelli,,,1:22.839,82839.0,1:22.216,82216.0,1:21.731,81731.0,+0.904,904.0,+0.061,61.0,21.0
1055,2021,20,7,7.0,7,55,carlos-sainz-jr,ferrari,ferrari,pirelli,,,1:22.304,82304.0,1:22.241,82241.0,1:21.840,81840.0,+1.013,1013.0,+0.109,109.0,21.0
1055,2021,20,8,8.0,8,22,yuki-tsunoda,alphatauri,honda,pirelli,,,1:22.458,82458.0,1:22.058,82058.0,1:21.881,81881.0,+1.054,1054.0,+0.041,41.0,18.0
1055,2021,20,9,9.0,9,31,esteban-ocon,alpine,renault,pirelli,,,1:22.565,82565.0,1:22.012,82012.0,1:22.028,82028.0,+1.201,1201.0,+0.147,147.0,18.0
1055,2021,20,10,10.0,10,5,sebastian-vettel,aston-martin,mercedes,pirelli,,,1:22.549,82549.0,1:22.146,82146.0,1:22.785,82785.0,+1.958,1958.0,+0.757,757.0,21.0
1055,2021,20,11,11.0,11,11,sergio-perez,red-bull,honda,pirelli,,,1:22.398,82398.0,1:22.346,82346.0,,,,,,,12.0
1055,2021,20,12,12.0,12,18,lance-stroll,aston-martin,mercedes,pirelli,,,1:22.551,82551.0,1:22.460,82460.0,,,,,,,15.0
1055,2021,20,13,13.0,13,16,charles-leclerc,ferrari,ferrari,pirelli,,,1:22.742,82742.0,1:22.463,82463.0,,,,,,,15.0
1055,2021,20,14,14.0,14,3,daniel-ricciardo,mclaren,mercedes,pirelli,,,1:22.688,82688.0,1:22.597,82597.0,,,,,,,15.0
1055,2021,20,15,15.0,15,63,george-russell,williams,mercedes,pirelli,,,1:22.863,82863.0,1:22.756,82756.0,,,,,,,16.0
1055,2021,20,16,16.0,16,7,kimi-raikkonen,alfa-romeo,ferrari,pirelli,,,1:23.156,83156.0,,,,,,,,,9.0
1055,2021,20,17,17.0,17,6,nicholas-latifi,williams,mercedes,pirelli,,,1:23.213,83213.0,,,,,,,,,10.0
1055,2021,20,18,18.0,18,99,antonio-giovinazzi,alfa-romeo,ferrari,pirelli,,,1:23.262,83262.0,,,,,,,,,8.0
1055,2021,20,19,19.0,19,47,mick-schumacher,haas,ferrari,pirelli,,,1:23.407,83407.0,,,,,,,,,9.0
1055,2021,20,20,20.0,20,9,nikita-mazepin,haas,ferrari,pirelli,,,1:25.859,85859.0,,,,,,,,,9.0
1056,2021,21,1,1.0,1,44,lewis-hamilton,mercedes,mercedes,pirelli,,,1:28.466,88466.0,1:27.712,87712.0,1:27.511,87511.0,,,,,23.0
1056,2021,21,2,2.0,2,77,valtteri-bottas,mercedes,mercedes,pirelli,,,1:28.057,88057.0,1:28.054,88054.0,1:27.622,87622.0,+0.111,111.0,+0.111,111.0,25.0
1056,2021,21,3,3.0,3,33,max-verstappen,red-bull,honda,pirelli,,,1:28.285,88285.0,1:27.953,87953.0,1:27.653,87653.0,+0.142,142.0,+0.031,31.0,19.0
1056,2021,21,4,4.0,4,16,charles-leclerc,ferrari,ferrari,pirelli,,,1:28.310,88310.0,1:28.459,88459.0,1:28.054,88054.0,+0.543,543.0,+0.401,401.0,24.0
1056,2021,21,5,5.0,5,11,sergio-perez,red-bull,honda,pirelli,,,1:28.021,88021.0,1:27.946,87946.0,1:28.123,88123.0,+0.612,612.0,+0.069,69.0,23.0
1056,2021,21,6,6.0,6,10,pierre-gasly,alphatauri,honda,pirelli,,,1:28.401,88401.0,1:28.314,88314.0,1:28.125,88125.0,+0.614,614.0,+0.002,2.0,26.0
1056,2021,21,7,7.0,7,4,lando-norris,mclaren,mercedes,pirelli,,,1:28.338,88338.0,1:28.344,88344.0,1:28.180,88180.0,+0.669,669.0,+0.055,55.0,21.0
1056,2021,21,8,8.0,8,22,yuki-tsunoda,alphatauri,honda,pirelli,,,1:28.503,88503.0,1:28.222,88222.0,1:28.442,88442.0,+0.931,931.0,+0.262,262.0,26.0
1056,2021,21,9,9.0,9,31,esteban-ocon,alpine,renault,pirelli,,,1:28.752,88752.0,1:28.574,88574.0,1:28.647,88647.0,+1.136,1136.0,+0.205,205.0,22.0
1056,2021,21,10,10.0,10,99,antonio-giovinazzi,alfa-romeo,ferrari,pirelli,,,1:28.899,88899.0,1:28.616,88616.0,1:28.754,88754.0,+1.243,1243.0,+0.107,107.0,21.0
1056,2021,21,11,11.0,11,3,daniel-ricciardo,mclaren,mercedes,pirelli,,,1:28.216,88216.0,1:28.668,88668.0,,,,,,,17.0
1056,2021,21,12,12.0,12,7,kimi-raikkonen,alfa-romeo,ferrari,pirelli,,,1:28.856,88856.0,1:28.885,88885.0,,,,,,,18.0
1056,2021,21,13,13.0,13,14,fernando-alonso,alpine,renault,pirelli,,,1:28.944,88944.0,1:28.920,88920.0,,,,,,,17.0
1056,2021,21,14,14.0,14,63,george-russell,williams,mercedes,pirelli,,,1:28.926,88926.0,1:29.054,89054.0,,,,,,,17.0
1056,2021,21,15,15.0,15,55,carlos-sainz-jr,ferrari,ferrari,pirelli,,,1:28.237,88237.0,1:53.652,113652.0,,,,,,,16.0
1056,2021,21,16,16.0,16,6,nicholas-latifi,williams,mercedes,pirelli,,,1:29.177,89177.0,,,,,,,,,9.0
1056,2021,21,17,17.0,17,5,sebastian-vettel,aston-martin,mercedes,pirelli,,,1:29.198,89198.0,,,,,,,,,10.0
1056,2021,21,18,18.0,18,18,lance-stroll,aston-martin,mercedes,pirelli,,,1:29.368,89368.0,,,,,,,,,9.0
1056,2021,21,19,19.0,19,47,mick-schumacher,haas,ferrari,pirelli,,,1:29.464,89464.0,,,,,,,,,9.0
1056,2021,21,20,20.0,20,9,nikita-mazepin,haas,ferrari,pirelli,,,1:30.473,90473.0,,,,,,,,,8.0
1057,2021,22,1,1.0,1,33,max-verstappen,red-bull,honda,pirelli,,,1:23.322,83322.0,1:22.800,82800.0,1:22.109,82109.0,,,,,20.0
1057,2021,22,2,2.0,2,44,lewis-hamilton,mercedes,mercedes,pirelli,,,1:22.845,82845.0,1:23.145,83145.0,1:22.480,82480.0,+0.371,371.0,+0.371,371.0,19.0
1057,2021,22,3,3.0,3,4,lando-norris,mclaren,mercedes,pirelli,,,1:23.553,83553.0,1:23.256,83256.0,1:22.931,82931.0,+0.822,822.0,+0.451,451.0,20.0
1057,2021,22,4,4.0,4,11,sergio-perez,red-bull,honda,pirelli,,,1:23.350,83350.0,1:23.135,83135.0,1:22.947,82947.0,+0.838,838.0,+0.016,16.0,24.0
1057,2021,22,5,5.0,5,55,carlos-sainz-jr,ferrari,ferrari,pirelli,,,1:23.624,83624.0,1:23.174,83174.0,1:22.992,82992.0,+0.883,883.0,+0.045,45.0,22.0
1057,2021,22,6,6.0,6,77,valtteri-bottas,mercedes,mercedes,pirelli,,,1:23.117,83117.0,1:23.246,83246.0,1:23.036,83036.0,+0.927,927.0,+0.044,44.0,20.0
1057,2021,22,7,7.0,7,16,charles-leclerc,ferrari,ferrari,pirelli,,,1:23.467,83467.0,1:23.202,83202.0,1:23.122,83122.0,+1.013,1013.0,+0.086,86.0,23.0
1057,2021,22,8,8.0,8,22,yuki-tsunoda,alphatauri,honda,pirelli,,,1:23.428,83428.0,1:23.404,83404.0,1:23.220,83220.0,+1.111,1111.0,+0.098,98.0,22.0
1057,2021,22,9,9.0,9,31,esteban-ocon,alpine,renault,pirelli,,,1:23.764,83764.0,1:23.420,83420.0,1:23.389,83389.0,+1.280,1280.0,+0.169,169.0,20.0
1057,2021,22,10,10.0,10,3,daniel-ricciardo,mclaren,mercedes,pirelli,,,1:23.829,83829.0,1:23.448,83448.0,1:23.409,83409.0,+1.300,1300.0,+0.020,20.0,19.0
1057,2021,22,11,11.0,11,14,fernando-alonso,alpine,renault,pirelli,,,1:23.846,83846.0,1:23.460,83460.0,,,,,,,12.0
1057,2021,22,12,12.0,12,10,pierre-gasly,alphatauri,honda,pirelli,,,1:23.489,83489.0,1:24.043,84043.0,,,,,,,16.0
1057,2021,22,13,13.0,13,18,lance-stroll,aston-martin,mercedes,pirelli,,,1:24.061,84061.0,1:24.066,84066.0,,,,,,,17.0
1057,2021,22,14,14.0,14,99,antonio-giovinazzi,alfa-romeo,ferrari,pirelli,,,1:24.118,84118.0,1:24.251,84251.0,,,,,,,17.0
1057,2021,22,15,15.0,15,5,sebastian-vettel,aston-martin,mercedes,pirelli,,,1:24.225,84225.0,1:24.305,84305.0,,,,,,,18.0
1057,2021,22,16,16.0,16,6,nicholas-latifi,williams,mercedes,pirelli,,,1:24.338,84338.0,,,,,,,,,8.0
1057,2021,22,17,17.0,17,63,george-russell,williams,mercedes,pirelli,,,1:24.423,84423.0,,,,,,,,,7.0
1057,2021,22,18,18.0,18,7,kimi-raikkonen,alfa-romeo,ferrari,pirelli,,,1:24.779,84779.0,,,,,,,,,8.0
1057,2021,22,19,19.0,19,47,mick-schumacher,haas,ferrari,pirelli,,,1:24.906,84906.0,,,,,,,,,9.0
1057,2021,22,20,20.0,20,9,nikita-mazepin,haas,ferrari,pirelli,,,1:25.685,85685.0,,,,,,,,,9.0
1058,2022,1,1,1.0,1,16,charles-leclerc,ferrari,ferrari,pirelli,,,1:31.471,91471.0,1:30.932,90932.0,1:30.558,90558.0,,,,,15.0
1058,2022,1,2,2.0,2,1,max-verstappen,red-bull,rbpt,pirelli,,,1:31.785,91785.0,1:30.757,90757.0,1:30.681,90681.0,+0.123,123.0,+0.123,123.0,14.0
1058,2022,1,3,3.0,3,55,carlos-sainz-jr,ferrari,ferrari,pirelli,,,1:31.567,91567.0,1:30.787,90787.0,1:30.687,90687.0,+0.129,129.0,+0.006,6.0,15.0
1058,2022,1,4,4.0,4,11,sergio-perez,red-bull,rbpt,pirelli,,,1:32.311,92311.0,1:31.008,91008.0,1:30.921,90921.0,+0.363,363.0,+0.234,234.0,18.0
1058,2022,1,5,5.0,5,44,lewis-hamilton,mercedes,mercedes,pirelli,,,1:32.285,92285.0,1:31.048,91048.0,1:31.238,91238.0,+0.680,680.0,+0.317,317.0,17.0
1058,2022,1,6,6.0,6,77,valtteri-bottas,alfa-romeo,ferrari,pirelli,,,1:31.919,91919.0,1:31.717,91717.0,1:31.560,91560.0,+1.002,1002.0,+0.322,322.0,15.0
1058,2022,1,7,7.0,7,20,kevin-magnussen,haas,ferrari,pirelli,,,1:31.955,91955.0,1:31.461,91461.0,1:31.808,91808.0,+1.250,1250.0,+0.248,248.0,12.0
1058,2022,1,8,8.0,8,14,fernando-alonso,alpine,renault,pirelli,,,1:32.346,92346.0,1:31.621,91621.0,1:32.195,92195.0,+1.637,1637.0,+0.387,387.0,14.0
1058,2022,1,9,9.0,9,63,george-russell,mercedes,mercedes,pirelli,,,1:32.269,92269.0,1:31.252,91252.0,1:32.216,92216.0,+1.658,1658.0,+0.021,21.0,17.0
1058,2022,1,10,10.0,10,10,pierre-gasly,alphatauri,rbpt,pirelli,,,1:32.096,92096.0,1:31.635,91635.0,1:32.338,92338.0,+1.780,1780.0,+0.122,122.0,21.0
1058,2022,1,11,11.0,11,31,esteban-ocon,alpine,renault,pirelli,,,1:32.041,92041.0,1:31.782,91782.0,,,,,,,12.0
1058,2022,1,12,12.0,12,47,mick-schumacher,haas,ferrari,pirelli,,,1:32.380,92380.0,1:31.998,91998.0,,,,,,,11.0
1058,2022,1,13,13.0,13,4,lando-norris,mclaren,mercedes,pirelli,,,1:32.239,92239.0,1:32.008,92008.0,,,,,,,14.0
1058,2022,1,14,14.0,14,23,alexander-albon,williams,mercedes,pirelli,,,1:32.726,92726.0,1:32.664,92664.0,,,,,,,13.0
1058,2022,1,15,15.0,15,24,guanyu-zhou,alfa-romeo,ferrari,pirelli,,,1:32.493,92493.0,1:33.543,93543.0,,,,,,,12.0
1058,2022,1,16,16.0,16,22,yuki-tsunoda,alphatauri,rbpt,pirelli,,,1:32.750,92750.0,,,,,,,,,8.0
1058,2022,1,17,17.0,17,27,nico-hulkenberg,aston-martin,mercedes,pirelli,,,1:32.777,92777.0,,,,,,,,,6.0
1058,2022,1,18,18.0,18,3,daniel-ricciardo,mclaren,mercedes,pirelli,,,1:32.945,92945.0,,,,,,,,,8.0
1058,2022,1,19,19.0,19,18,lance-stroll,aston-martin,mercedes,pirelli,,,1:33.032,93032.0,,,,,,,,,6.0
1058,2022,1,20,20.0,20,6,nicholas-latifi,williams,mercedes,pirelli,,,1:33.634,93634.0,,,,,,,,,8.0
1059,2022,2,1,1.0,1,11,sergio-perez,red-bull,rbpt,pirelli,,,1:29.705,89705.0,1:28.924,88924.0,1:28.200,88200.0,,,,,20.0
1059,2022,2,2,2.0,2,16,charles-leclerc,ferrari,ferrari,pirelli,,,1:29.039,89039.0,1:28.780,88780.0,1:28.225,88225.0,+0.025,25.0,+0.025,25.0,22.0
1059,2022,2,3,3.0,3,55,carlos-sainz-jr,ferrari,ferrari,pirelli,,,1:28.855,88855.0,1:28.686,88686.0,1:28.402,88402.0,+0.202,202.0,+0.177,177.0,23.0
1059,2022,2,4,4.0,4,1,max-verstappen,red-bull,rbpt,pirelli,,,1:28.928,88928.0,1:28.945,88945.0,1:28.461,88461.0,+0.261,261.0,+0.059,59.0,22.0
1059,2022,2,5,5.0,5,31,esteban-ocon,alpine,renault,pirelli,,,1:30.093,90093.0,1:29.584,89584.0,1:29.068,89068.0,+0.868,868.0,+0.607,607.0,19.0
1059,2022,2,6,6.0,6,63,george-russell,mercedes,mercedes,pirelli,,,1:29.680,89680.0,1:29.618,89618.0,1:29.104,89104.0,+0.904,904.0,+0.036,36.0,21.0
1059,2022,2,7,7.0,7,14,fernando-alonso,alpine,renault,pirelli,,,1:29.978,89978.0,1:29.295,89295.0,1:29.147,89147.0,+0.947,947.0,+0.043,43.0,20.0
1059,2022,2,8,8.0,8,77,valtteri-bottas,alfa-romeo,ferrari,pirelli,,,1:29.683,89683.0,1:29.404,89404.0,1:29.183,89183.0,+0.983,983.0,+0.036,36.0,22.0
1059,2022,2,9,9.0,9,10,pierre-gasly,alphatauri,rbpt,pirelli,,,1:29.891,89891.0,1:29.418,89418.0,1:29.254,89254.0,+1.054,1054.0,+0.071,71.0,22.0
1059,2022,2,10,10.0,10,20,kevin-magnussen,haas,ferrari,pirelli,,,1:29.831,89831.0,1:29.546,89546.0,1:29.588,89588.0,+1.388,1388.0,+0.334,334.0,24.0
1059,2022,2,11,11.0,11,4,lando-norris,mclaren,mercedes,pirelli,,,1:29.957,89957.0,1:29.651,89651.0,,,,,,,16.0
1059,2022,2,12,12.0,12,3,daniel-ricciardo,mclaren,mercedes,pirelli,,,1:30.009,90009.0,1:29.773,89773.0,,,,,,,17.0
1059,2022,2,13,13.0,13,24,guanyu-zhou,alfa-romeo,ferrari,pirelli,,,1:29.978,89978.0,1:29.819,89819.0,,,,,,,17.0
1059,2022,2,14,14.0,14,47,mick-schumacher,haas,ferrari,pirelli,,,1:30.167,90167.0,1:29.920,89920.0,,,,,,,13.0
1059,2022,2,15,15.0,15,18,lance-stroll,aston-martin,mercedes,pirelli,,,1:30.256,90256.0,1:31.009,91009.0,,,,,,,15.0
1059,2022,2,16,16.0,16,44,lewis-hamilton,mercedes,mercedes,pirelli,,,1:30.343,90343.0,,,,,,,,,11.0
1059,2022,2,17,17.0,17,23,alexander-albon,williams,mercedes,pirelli,,,1:30.492,90492.0,,,,,,,,,9.0
1059,2022,2,18,18.0,18,27,nico-hulkenberg,aston-martin,mercedes,pirelli,,,1:30.543,90543.0,,,,,,,,,10.0
1059,2022,2,19,19.0,19,6,nicholas-latifi,williams,mercedes,pirelli,,,1:31.817,91817.0,,,,,,,,,4.0
1059,2022,2,20,,NC,22,yuki-tsunoda,alphatauri,rbpt,pirelli,,,,,,,,,,,,,2.0
1060,2022,3,1,1.0,1,16,charles-leclerc,ferrari,ferrari,pirelli,,,1:18.881,78881.0,1:18.606,78606.0,1:17.868,77868.0,,,,,21.0
1060,2022,3,2,2.0,2,1,max-verstappen,red-bull,rbpt,pirelli,,,1:18.580,78580.0,1:18.611,78611.0,1:18.154,78154.0,+0.286,286.0,+0.286,286.0,21.0
1060,2022,3,3,3.0,3,11,sergio-perez,red-bull,rbpt,pirelli,,,1:18.834,78834.0,1:18.340,78340.0,1:18.240,78240.0,+0.372,372.0,+0.086,86.0,21.0
1060,2022,3,4,4.0,4,4,lando-norris,mclaren,mercedes,pirelli,,,1:19.280,79280.0,1:19.066,79066.0,1:18.703,78703.0,+0.835,835.0,+0.463,463.0,20.0
1060,2022,3,5,5.0,5,44,lewis-hamilton,mercedes,mercedes,pirelli,,,1:19.401,79401.0,1:19.106,79106.0,1:18.825,78825.0,+0.957,957.0,+0.122,122.0,28.0
1060,2022,3,6,6.0,6,63,george-russell,mercedes,mercedes,pirelli,,,1:19.405,79405.0,1:19.076,79076.0,1:18.933,78933.0,+1.065,1065.0,+0.108,108.0,26.0
1060,2022,3,7,7.0,7,3,daniel-ricciardo,mclaren,mercedes,pirelli,,,1:19.665,79665.0,1:19.130,79130.0,1:19.032,79032.0,+1.164,1164.0,+0.099,99.0,22.0
1060,2022,3,8,8.0,8,31,esteban-ocon,alpine,renault,pirelli,,,1:19.605,79605.0,1:19.136,79136.0,1:19.061,79061.0,+1.193,1193.0,+0.029,29.0,23.0
1060,2022,3,9,9.0,9,55,carlos-sainz-jr,ferrari,ferrari,pirelli,,,1:18.983,78983.0,1:18.469,78469.0,1:19.408,79408.0,+1.540,1540.0,+0.347,347.0,22.0
1060,2022,3,10,10.0,10,14,fernando-alonso,alpine,renault,pirelli,,,1:19.192,79192.0,1:18.815,78815.0,,,,,,,15.0
1060,2022,3,11,11.0,11,10,pierre-gasly,alphatauri,rbpt,pirelli,,,1:19.580,79580.0,1:19.226,79226.0,,,,,,,19.0
1060,2022,3,12,12.0,12,77,valtteri-bottas,alfa-romeo,ferrari,pirelli,,,1:19.251,79251.0,1:19.410,79410.0,,,,,,,13.0
1060,2022,3,13,13.0,13,22,yuki-tsunoda,alphatauri,rbpt,pirelli,,,1:19.742,79742.0,1:19.424,79424.0,,,,,,,17.0
1060,2022,3,14,14.0,14,24,guanyu-zhou,alfa-romeo,ferrari,pirelli,,,1:19.910,79910.0,1:20.155,80155.0,,,,,,,16.0
1060,2022,3,15,15.0,15,47,mick-schumacher,haas,ferrari,pirelli,,,1:20.104,80104.0,1:20.465,80465.0,,,,,,,19.0
1060,2022,3,16,16.0,16,20,kevin-magnussen,haas,ferrari,pirelli,,,1:20.254,80254.0,,,,,,,,,11.0
1060,2022,3,17,17.0,17,5,sebastian-vettel,aston-martin,mercedes,pirelli,,,1:21.149,81149.0,,,,,,,,,3.0
1060,2022,3,18,18.0,18,6,nicholas-latifi,williams,mercedes,pirelli,,,1:21.372,81372.0,,,,,,,,,8.0
1060,2022,3,19,,NC,18,lance-stroll,aston-martin,mercedes,pirelli,,,,,,,,,,,,,2.0
1060,2022,3,20,,DSQ,23,alexander-albon,williams,mercedes,pirelli,,,1:20.135,80135.0,,,,,,,,,11.0
1061,2022,4,1,1.0,1,1,max-verstappen,red-bull,rbpt,pirelli,,,1:19.295,79295.0,1:18.793,78793.0,1:27.999,87999.0,,,,,22.0
1061,2022,4,2,2.0,2,16,charles-leclerc,ferrari,ferrari,pirelli,,,1:18.796,78796.0,1:19.584,79584.0,1:28.778,88778.0,+0.779,779.0,+0.779,779.0,22.0
1061,2022,4,3,3.0,3,4,lando-norris,mclaren,mercedes,pirelli,,,1:20.168,80168.0,1:19.294,79294.0,1:29.131,89131.0,+1.132,1132.0,+0.353,353.0,22.0
1061,2022,4,4,4.0,4,20,kevin-magnussen,haas,ferrari,pirelli,,,1:20.147,80147.0,1:19.902,79902.0,1:29.164,89164.0,+1.165,1165.0,+0.033,33.0,21.0
1061,2022,4,5,5.0,5,14,fernando-alonso,alpine,renault,pirelli,,,1:20.198,80198.0,1:19.595,79595.0,1:29.202,89202.0,+1.203,1203.0,+0.038,38.0,26.0
1061,2022,4,6,6.0,6,3,daniel-ricciardo,mclaren,mercedes,pirelli,,,1:19.980,79980.0,1:20.031,80031.0,1:29.742,89742.0,+1.743,1743.0,+0.540,540.0,21.0
1061,2022,4,7,7.0,7,11,sergio-perez,red-bull,rbpt,pirelli,,,1:19.773,79773.0,1:19.296,79296.0,1:29.808,89808.0,+1.809,1809.0,+0.066,66.0,25.0
1061,2022,4,8,8.0,8,77,valtteri-bottas,alfa-romeo,ferrari,pirelli,,,1:20.419,80419.0,1:20.192,80192.0,1:30.439,90439.0,+2.440,2440.0,+0.631,631.0,23.0
1061,2022,4,9,9.0,9,5,sebastian-vettel,aston-martin,mercedes,pirelli,,,1:20.364,80364.0,1:19.957,79957.0,1:31.062,91062.0,+3.063,3063.0,+0.623,623.0,25.0
1061,2022,4,10,10.0,10,55,carlos-sainz-jr,ferrari,ferrari,pirelli,,,1:19.305,79305.0,1:18.990,78990.0,,,,,,,13.0
1061,2022,4,11,11.0,11,63,george-russell,mercedes,mercedes,pirelli,,,1:20.383,80383.0,1:20.757,80757.0,,,,,,,16.0
1061,2022,4,12,12.0,12,47,mick-schumacher,haas,ferrari,pirelli,,,1:20.422,80422.0,1:20.916,80916.0,,,,,,,16.0
1061,2022,4,13,13.0,13,44,lewis-hamilton,mercedes,mercedes,pirelli,,,1:20.470,80470.0,1:21.138,81138.0,,,,,,,15.0
1061,2022,4,14,14.0,14,24,guanyu-zhou,alfa-romeo,ferrari,pirelli,,,1:19.730,79730.0,1:21.434,81434.0,,,,,,,16.0
1061,2022,4,15,15.0,15,18,lance-stroll,aston-martin,mercedes,pirelli,,,1:20.342,80342.0,1:28.119,88119.0,,,,,,,14.0
1061,2022,4,16,16.0,16,22,yuki-tsunoda,alphatauri,rbpt,pirelli,,,1:20.474,80474.0,,,,,,,,,11.0
1061,2022,4,17,17.0,17,10,pierre-gasly,alphatauri,rbpt,pirelli,,,1:20.732,80732.0,,,,,,,,,11.0
1061,2022,4,18,18.0,18,6,nicholas-latifi,williams,mercedes,pirelli,,,1:21.971,81971.0,,,,,,,,,13.0
1061,2022,4,19,19.0,19,31,esteban-ocon,alpine,renault,pirelli,,,1:22.338,82338.0,,,,,,,,,9.0
1061,2022,4,20,,NC,23,alexander-albon,williams,mercedes,pirelli,,,,,,,,,,,,,3.0
1062,2022,5,1,1.0,1,16,charles-leclerc,ferrari,ferrari,pirelli,,,1:29.474,89474.0,1:29.130,89130.0,1:28.796,88796.0,,,,,25.0
1062,2022,5,2,2.0,2,55,carlos-sainz-jr,ferrari,ferrari,pirelli,,,1:30.079,90079.0,1:29.729,89729.0,1:28.986,88986.0,+0.190,190.0,+0.190,190.0,26.0
1062,2022,5,3,3.0,3,1,max-verstappen,red-bull,rbpt,pirelli,,,1:29.836,89836.0,1:29.202,89202.0,1:28.991,88991.0,+0.195,195.0,+0.005,5.0,18.0
1062,2022,5,4,4.0,4,11,sergio-perez,red-bull,rbpt,pirelli,,,1:30.055,90055.0,1:29.673,89673.0,1:29.036,89036.0,+0.240,240.0,+0.045,45.0,21.0
1062,2022,5,5,5.0,5,77,valtteri-bottas,alfa-romeo,ferrari,pirelli,,,1:30.845,90845.0,1:29.751,89751.0,1:29.475,89475.0,+0.679,679.0,+0.439,439.0,20.0
1062,2022,5,6,6.0,6,44,lewis-hamilton,mercedes,mercedes,pirelli,,,1:30.388,90388.0,1:29.797,89797.0,1:29.625,89625.0,+0.829,829.0,+0.150,150.0,21.0
1062,2022,5,7,7.0,7,10,pierre-gasly,alphatauri,rbpt,pirelli,,,1:30.779,90779.0,1:30.128,90128.0,1:29.690,89690.0,+0.894,894.0,+0.065,65.0,22.0
1062,2022,5,8,8.0,8,4,lando-norris,mclaren,mercedes,pirelli,,,1:30.761,90761.0,1:29.634,89634.0,1:29.750,89750.0,+0.954,954.0,+0.060,60.0,22.0
1062,2022,5,9,9.0,9,22,yuki-tsunoda,alphatauri,rbpt,pirelli,,,1:30.485,90485.0,1:30.031,90031.0,1:29.932,89932.0,+1.136,1136.0,+0.182,182.0,21.0
1062,2022,5,10,10.0,10,18,lance-stroll,aston-martin,mercedes,pirelli,,,1:30.441,90441.0,1:29.996,89996.0,1:30.676,90676.0,+1.880,1880.0,+0.744,744.0,21.0
1062,2022,5,11,11.0,11,14,fernando-alonso,alpine,renault,pirelli,,,1:30.407,90407.0,1:30.160,90160.0,,,,,,,14.0
1062,2022,5,12,12.0,12,63,george-russell,mercedes,mercedes,pirelli,,,1:30.490,90490.0,1:30.173,90173.0,,,,,,,15.0
1062,2022,5,13,13.0,13,5,sebastian-vettel,aston-martin,mercedes,pirelli,,,1:30.677,90677.0,1:30.214,90214.0,,,,,,,15.0
1062,2022,5,14,14.0,14,3,daniel-ricciardo,mclaren,mercedes,pirelli,,,1:30.583,90583.0,1:30.310,90310.0,,,,,,,15.0
1062,2022,5,15,15.0,15,47,mick-schumacher,haas,ferrari,pirelli,,,1:30.645,90645.0,1:30.423,90423.0,,,,,,,19.0
1062,2022,5,16,16.0,16,20,kevin-magnussen,haas,ferrari,pirelli,,,1:30.975,90975.0,,,,,,,,,11.0
1062,2022,5,17,17.0,17,24,guanyu-zhou,alfa-romeo,ferrari,pirelli,,,1:31.020,91020.0,,,,,,,,,9.0
1062,2022,5,18,18.0,18,23,alexander-albon,williams,mercedes,pirelli,,,1:31.266,91266.0,,,,,,,,,10.0
1062,2022,5,19,19.0,19,6,nicholas-latifi,williams,mercedes,pirelli,,,1:31.325,91325.0,,,,,,,,,10.0
1063,2022,6,1,1.0,1,16,charles-leclerc,ferrari,ferrari,pirelli,,,1:19.861,79861.0,1:19.969,79969.0,1:18.750,78750.0,,,,,12.0
1063,2022,6,2,2.0,2,1,max-verstappen,red-bull,rbpt,pirelli,,,1:20.091,80091.0,1:19.219,79219.0,1:19.073,79073.0,+0.323,323.0,+0.323,323.0,16.0
1063,2022,6,3,3.0,3,55,carlos-sainz-jr,ferrari,ferrari,pirelli,,,1:19.892,79892.0,1:19.453,79453.0,1:19.166,79166.0,+0.416,416.0,+0.093,93.0,16.0
1063,2022,6,4,4.0,4,63,george-russell,mercedes,mercedes,pirelli,,,1:20.218,80218.0,1:19.470,79470.0,1:19.393,79393.0,+0.643,643.0,+0.227,227.0,14.0
1063,2022,6,5,5.0,5,11,sergio-perez,red-bull,rbpt,pirelli,,,1:20.447,80447.0,1:19.830,79830.0,1:19.420,79420.0,+0.670,670.0,+0.027,27.0,17.0
1063,2022,6,6,6.0,6,44,lewis-hamilton,mercedes,mercedes,pirelli,,,1:20.252,80252.0,1:19.794,79794.0,1:19.512,79512.0,+0.762,762.0,+0.092,92.0,15.0
1063,2022,6,7,7.0,7,77,valtteri-bottas,alfa-romeo,ferrari,pirelli,,,1:20.355,80355.0,1:20.053,80053.0,1:19.608,79608.0,+0.858,858.0,+0.096,96.0,18.0
1063,2022,6,8,8.0,8,20,kevin-magnussen,haas,ferrari,pirelli,,,1:20.227,80227.0,1:19.810,79810.0,1:19.682,79682.0,+0.932,932.0,+0.074,74.0,18.0
1063,2022,6,9,9.0,9,3,daniel-ricciardo,mclaren,mercedes,pirelli,,,1:20.549,80549.0,1:20.287,80287.0,1:20.297,80297.0,+1.547,1547.0,+0.615,615.0,15.0
1063,2022,6,10,10.0,10,47,mick-schumacher,haas,ferrari,pirelli,,,1:20.683,80683.0,1:20.436,80436.0,1:20.368,80368.0,+1.618,1618.0,+0.071,71.0,18.0
1063,2022,6,11,11.0,11,4,lando-norris,mclaren,mercedes,pirelli,,,1:20.838,80838.0,1:20.471,80471.0,,,,,,,12.0
1063,2022,6,12,12.0,12,31,esteban-ocon,alpine,renault,pirelli,,,1:20.880,80880.0,1:20.638,80638.0,,,,,,,9.0
1063,2022,6,13,13.0,13,22,yuki-tsunoda,alphatauri,rbpt,pirelli,,,1:20.707,80707.0,1:20.639,80639.0,,,,,,,15.0
1063,2022,6,14,14.0,14,10,pierre-gasly,alphatauri,rbpt,pirelli,,,1:20.719,80719.0,1:20.861,80861.0,,,,,,,15.0
1063,2022,6,15,15.0,15,24,guanyu-zhou,alfa-romeo,ferrari,pirelli,,,1:20.476,80476.0,1:21.094,81094.0,,,,,,,15.0
1063,2022,6,16,16.0,16,5,sebastian-vettel,aston-martin,mercedes,pirelli,,,1:20.954,80954.0,,,,,,,,,6.0
1063,2022,6,17,17.0,17,14,fernando-alonso,alpine,renault,pirelli,,,1:21.043,81043.0,,,,,,,,,5.0
1063,2022,6,18,18.0,18,18,lance-stroll,aston-martin,mercedes,pirelli,,,1:21.418,81418.0,,,,,,,,,6.0
1063,2022,6,19,19.0,19,23,alexander-albon,williams,mercedes,pirelli,,,1:21.645,81645.0,,,,,,,,,6.0
1063,2022,6,20,20.0,20,6,nicholas-latifi,williams,mercedes,pirelli,,,1:21.915,81915.0,,,,,,,,,9.0
1064,2022,7,1,1.0,1,16,charles-leclerc,ferrari,ferrari,pirelli,,,1:12.569,72569.0,1:11.864,71864.0,1:11.376,71376.0,,,,,24.0
1064,2022,7,2,2.0,2,55,carlos-sainz-jr,ferrari,ferrari,pirelli,,,1:12.616,72616.0,1:12.074,72074.0,1:11.601,71601.0,+0.225,225.0,+0.225,225.0,25.0
1064,2022,7,3,3.0,3,11,sergio-perez,red-bull,rbpt,pirelli,,,1:13.004,73004.0,1:11.954,71954.0,1:11.629,71629.0,+0.253,253.0,+0.028,28.0,25.0
1064,2022,7,4,4.0,4,1,max-verstappen,red-bull,rbpt,pirelli,,,1:12.993,72993.0,1:12.117,72117.0,1:11.666,71666.0,+0.290,290.0,+0.037,37.0,25.0
1064,2022,7,5,5.0,5,4,lando-norris,mclaren,mercedes,pirelli,,,1:12.927,72927.0,1:12.266,72266.0,1:11.849,71849.0,+0.473,473.0,+0.183,183.0,27.0
1064,2022,7,6,6.0,6,63,george-russell,mercedes,mercedes,pirelli,,,1:12.787,72787.0,1:12.617,72617.0,1:12.112,72112.0,+0.736,736.0,+0.263,263.0,27.0
1064,2022,7,7,7.0,7,14,fernando-alonso,alpine,renault,pirelli,,,1:13.394,73394.0,1:12.688,72688.0,1:12.247,72247.0,+0.871,871.0,+0.135,135.0,22.0
1064,2022,7,8,8.0,8,44,lewis-hamilton,mercedes,mercedes,pirelli,,,1:13.444,73444.0,1:12.595,72595.0,1:12.560,72560.0,+1.184,1184.0,+0.313,313.0,29.0
1064,2022,7,9,9.0,9,5,sebastian-vettel,aston-martin,mercedes,pirelli,,,1:13.313,73313.0,1:12.613,72613.0,1:12.732,72732.0,+1.356,1356.0,+0.172,172.0,28.0
1064,2022,7,10,10.0,10,31,esteban-ocon,alpine,renault,pirelli,,,1:12.848,72848.0,1:12.528,72528.0,1:13.047,73047.0,+1.671,1671.0,+0.315,315.0,22.0
1064,2022,7,11,11.0,11,22,yuki-tsunoda,alphatauri,rbpt,pirelli,,,1:13.110,73110.0,1:12.797,72797.0,,,,,,,20.0
1064,2022,7,12,12.0,12,77,valtteri-bottas,alfa-romeo,ferrari,pirelli,,,1:13.541,73541.0,1:12.909,72909.0,,,,,,,17.0
1064,2022,7,13,13.0,13,20,kevin-magnussen,haas,ferrari,pirelli,,,1:13.069,73069.0,1:12.921,72921.0,,,,,,,20.0
1064,2022,7,14,14.0,14,3,daniel-ricciardo,mclaren,mercedes,pirelli,,,1:13.338,73338.0,1:12.964,72964.0,,,,,,,21.0
1064,2022,7,15,15.0,15,47,mick-schumacher,haas,ferrari,pirelli,,,1:13.469,73469.0,1:13.081,73081.0,,,,,,,17.0
1064,2022,7,16,16.0,16,23,alexander-albon,williams,mercedes,pirelli,,,1:13.611,73611.0,,,,,,,,,14.0
1064,2022,7,17,17.0,17,10,pierre-gasly,alphatauri,rbpt,pirelli,,,1:13.660,73660.0,,,,,,,,,10.0
1064,2022,7,18,18.0,18,18,lance-stroll,aston-martin,mercedes,pirelli,,,1:13.678,73678.0,,,,,,,,,11.0
1064,2022,7,19,19.0,19,6,nicholas-latifi,williams,mercedes,pirelli,,,1:14.403,74403.0,,,,,,,,,13.0
1064,2022,7,20,20.0,20,24,guanyu-zhou,alfa-romeo,ferrari,pirelli,,,1:15.606,75606.0,,,,,,,,,9.0
1065,2022,8,1,1.0,1,16,charles-leclerc,ferrari,ferrari,pirelli,,,1:42.865,102865.0,1:42.046,102046.0,1:41.359,101359.0,,,,,19.0
1065,2022,8,2,2.0,2,11,sergio-perez,red-bull,rbpt,pirelli,,,1:42.733,102733.0,1:41.955,101955.0,1:41.641,101641.0,+0.282,282.0,+0.282,282.0,18.0
1065,2022,8,3,3.0,3,1,max-verstappen,red-bull,rbpt,pirelli,,,1:42.722,102722.0,1:42.227,102227.0,1:41.706,101706.0,+0.347,347.0,+0.065,65.0,19.0
1065,2022,8,4,4.0,4,55,carlos-sainz-jr,ferrari,ferrari,pirelli,,,1:42.957,102957.0,1:42.088,102088.0,1:41.814,101814.0,+0.455,455.0,+0.108,108.0,19.0
1065,2022,8,5,5.0,5,63,george-russell,mercedes,mercedes,pirelli,,,1:43.754,103754.0,1:43.281,103281.0,1:42.712,102712.0,+1.353,1353.0,+0.898,898.0,23.0
1065,2022,8,6,6.0,6,10,pierre-gasly,alphatauri,rbpt,pirelli,,,1:43.268,103268.0,1:43.129,103129.0,1:42.845,102845.0,+1.486,1486.0,+0.133,133.0,23.0
1065,2022,8,7,7.0,7,44,lewis-hamilton,mercedes,mercedes,pirelli,,,1:43.939,103939.0,1:43.182,103182.0,1:42.924,102924.0,+1.565,1565.0,+0.079,79.0,22.0
1065,2022,8,8,8.0,8,22,yuki-tsunoda,alphatauri,rbpt,pirelli,,,1:43.595,103595.0,1:43.376,103376.0,1:43.056,103056.0,+1.697,1697.0,+0.132,132.0,22.0
1065,2022,8,9,9.0,9,5,sebastian-vettel,aston-martin,mercedes,pirelli,,,1:43.279,103279.0,1:43.268,103268.0,1:43.091,103091.0,+1.732,1732.0,+0.035,35.0,18.0
1065,2022,8,10,10.0,10,14,fernando-alonso,alpine,renault,pirelli,,,1:44.083,104083.0,1:43.360,103360.0,1:43.173,103173.0,+1.814,1814.0,+0.082,82.0,20.0
1065,2022,8,11,11.0,11,4,lando-norris,mclaren,mercedes,pirelli,,,1:44.237,104237.0,1:43.398,103398.0,,,,,,,16.0
1065,2022,8,12,12.0,12,3,daniel-ricciardo,mclaren,mercedes,pirelli,,,1:44.437,104437.0,1:43.574,103574.0,,,,,,,17.0
1065,2022,8,13,13.0,13,31,esteban-ocon,alpine,renault,pirelli,,,1:43.903,103903.0,1:43.585,103585.0,,,,,,,13.0
1065,2022,8,14,14.0,14,24,guanyu-zhou,alfa-romeo,ferrari,pirelli,,,1:43.777,103777.0,1:43.790,103790.0,,,,,,,13.0
1065,2022,8,15,15.0,15,77,valtteri-bottas,alfa-romeo,ferrari,pirelli,,,1:44.478,104478.0,1:44.444,104444.0,,,,,,,13.0
1065,2022,8,16,16.0,16,20,kevin-magnussen,haas,ferrari,pirelli,,,1:44.643,104643.0,,,,,,,,,9.0
1065,2022,8,17,17.0,17,23,alexander-albon,williams,mercedes,pirelli,,,1:44.719,104719.0,,,,,,,,,9.0
1065,2022,8,18,18.0,18,6,nicholas-latifi,williams,mercedes,pirelli,,,1:45.367,105367.0,,,,,,,,,8.0
1065,2022,8,19,19.0,19,18,lance-stroll,aston-martin,mercedes,pirelli,,,1:45.371,105371.0,,,,,,,,,7.0
1065,2022,8,20,20.0,20,47,mick-schumacher,haas,ferrari,pirelli,,,1:45.775,105775.0,,,,,,,,,9.0
1066,2022,9,1,1.0,1,1,max-verstappen,red-bull,rbpt,pirelli,,,1:32.219,92219.0,1:23.746,83746.0,1:21.299,81299.0,,,,,30.0
1066,2022,9,2,2.0,2,14,fernando-alonso,alpine,renault,pirelli,,,1:32.277,92277.0,1:24.848,84848.0,1:21.944,81944.0,+0.645,645.0,+0.645,645.0,29.0
1066,2022,9,3,3.0,3,55,carlos-sainz-jr,ferrari,ferrari,pirelli,,,1:32.781,92781.0,1:25.197,85197.0,1:22.096,82096.0,+0.797,797.0,+0.152,152.0,29.0
1066,2022,9,4,4.0,4,44,lewis-hamilton,mercedes,mercedes,pirelli,,,1:33.841,93841.0,1:25.543,85543.0,1:22.891,82891.0,+1.592,1592.0,+0.795,795.0,31.0
1066,2022,9,5,5.0,5,20,kevin-magnussen,haas,ferrari,pirelli,,,1:32.957,92957.0,1:26.254,86254.0,1:22.960,82960.0,+1.661,1661.0,+0.069,69.0,31.0
1066,2022,9,6,6.0,6,47,mick-schumacher,haas,ferrari,pirelli,,,1:33.707,93707.0,1:25.684,85684.0,1:23.356,83356.0,+2.057,2057.0,+0.396,396.0,31.0
1066,2022,9,7,7.0,7,31,esteban-ocon,alpine,renault,pirelli,,,1:33.012,93012.0,1:26.135,86135.0,1:23.529,83529.0,+2.230,2230.0,+0.173,173.0,30.0
1066,2022,9,8,8.0,8,63,george-russell,mercedes,mercedes,pirelli,,,1:33.160,93160.0,1:24.950,84950.0,1:23.557,83557.0,+2.258,2258.0,+0.028,28.0,30.0
1066,2022,9,9,9.0,9,3,daniel-ricciardo,mclaren,mercedes,pirelli,,,1:33.636,93636.0,1:26.375,86375.0,1:23.749,83749.0,+2.450,2450.0,+0.192,192.0,30.0
1066,2022,9,10,10.0,10,24,guanyu-zhou,alfa-romeo,ferrari,pirelli,,,1:33.692,93692.0,1:26.116,86116.0,1:24.030,84030.0,+2.731,2731.0,+0.281,281.0,31.0
1066,2022,9,11,11.0,11,77,valtteri-bottas,alfa-romeo,ferrari,pirelli,,,1:33.689,93689.0,1:26.788,86788.0,,,,,,,21.0
1066,2022,9,12,12.0,12,23,alexander-albon,williams,mercedes,pirelli,,,1:34.047,94047.0,1:26.858,86858.0,,,,,,,21.0
1066,2022,9,13,13.0,13,11,sergio-perez,red-bull,rbpt,pirelli,,,1:33.929,93929.0,1:33.127,93127.0,,,,,,,14.0
1066,2022,9,14,14.0,14,4,lando-norris,mclaren,mercedes,pirelli,,,1:34.066,94066.0,,,,,,,,,15.0
1066,2022,9,15,15.0,15,16,charles-leclerc,ferrari,ferrari,pirelli,,,1:33.008,93008.0,,,,,,,,,10.0
1066,2022,9,16,16.0,16,10,pierre-gasly,alphatauri,rbpt,pirelli,,,1:34.492,94492.0,,,,,,,,,11.0
1066,2022,9,17,17.0,17,5,sebastian-vettel,aston-martin,mercedes,pirelli,,,1:34.512,94512.0,,,,,,,,,12.0
1066,2022,9,18,18.0,18,18,lance-stroll,aston-martin,mercedes,pirelli,,,1:35.532,95532.0,,,,,,,,,11.0
1066,2022,9,19,19.0,19,6,nicholas-latifi,williams,mercedes,pirelli,,,1:35.660,95660.0,,,,,,,,,11.0
1066,2022,9,20,20.0,20,22,yuki-tsunoda,alphatauri,rbpt,pirelli,,,1:36.575,96575.0,,,,,,,,,4.0
1067,2022,10,1,1.0,1,55,carlos-sainz-jr,ferrari,ferrari,pirelli,,,1:40.190,100190.0,1:41.602,101602.0,1:40.983,100983.0,,,,,26.0
1067,2022,10,2,2.0,2,1,max-verstappen,red-bull,rbpt,pirelli,,,1:39.129,99129.0,1:40.655,100655.0,1:41.055,101055.0,+0.072,72.0,+0.072,72.0,24.0
1067,2022,10,3,3.0,3,16,charles-leclerc,ferrari,ferrari,pirelli,,,1:39.846,99846.0,1:41.247,101247.0,1:41.298,101298.0,+0.315,315.0,+0.243,243.0,26.0
1067,2022,10,4,4.0,4,11,sergio-perez,red-bull,rbpt,pirelli,,,1:40.521,100521.0,1:42.513,102513.0,1:41.616,101616.0,+0.633,633.0,+0.318,318.0,26.0
1067,2022,10,5,5.0,5,44,lewis-hamilton,mercedes,mercedes,pirelli,,,1:40.428,100428.0,1:41.062,101062.0,1:41.995,101995.0,+1.012,1012.0,+0.379,379.0,23.0
1067,2022,10,6,6.0,6,4,lando-norris,mclaren,mercedes,pirelli,,,1:41.515,101515.0,1:41.821,101821.0,1:42.084,102084.0,+1.101,1101.0,+0.089,89.0,26.0
1067,2022,10,7,7.0,7,14,fernando-alonso,alpine,renault,pirelli,,,1:41.598,101598.0,1:42.209,102209.0,1:42.116,102116.0,+1.133,1133.0,+0.032,32.0,23.0
1067,2022,10,8,8.0,8,63,george-russell,mercedes,mercedes,pirelli,,,1:40.028,100028.0,1:41.725,101725.0,1:42.161,102161.0,+1.178,1178.0,+0.045,45.0,23.0
1067,2022,10,9,9.0,9,24,guanyu-zhou,alfa-romeo,ferrari,pirelli,,,1:40.791,100791.0,1:42.640,102640.0,1:42.719,102719.0,+1.736,1736.0,+0.558,558.0,28.0
1067,2022,10,10,10.0,10,6,nicholas-latifi,williams,mercedes,pirelli,,,1:41.998,101998.0,1:43.273,103273.0,2:03.095,123095.0,+22.112,22112.0,+20.376,20376.0,24.0
1067,2022,10,11,11.0,11,10,pierre-gasly,alphatauri,rbpt,pirelli,,,1:41.680,101680.0,1:43.702,103702.0,,,,,,,19.0
1067,2022,10,12,12.0,12,77,valtteri-bottas,alfa-romeo,ferrari,pirelli,,,1:41.396,101396.0,1:44.232,104232.0,,,,,,,20.0
1067,2022,10,13,13.0,13,22,yuki-tsunoda,alphatauri,rbpt,pirelli,,,1:41.893,101893.0,1:44.311,104311.0,,,,,,,19.0
1067,2022,10,14,14.0,14,3,daniel-ricciardo,mclaren,mercedes,pirelli,,,1:41.933,101933.0,1:44.355,104355.0,,,,,,,18.0
1067,2022,10,15,15.0,15,31,esteban-ocon,alpine,renault,pirelli,,,1:41.730,101730.0,1:45.190,105190.0,,,,,,,17.0
1067,2022,10,16,16.0,16,23,alexander-albon,williams,mercedes,pirelli,,,1:42.078,102078.0,,,,,,,,,11.0
1067,2022,10,17,17.0,17,20,kevin-magnussen,haas,ferrari,pirelli,,,1:42.159,102159.0,,,,,,,,,11.0
1067,2022,10,18,18.0,18,5,sebastian-vettel,aston-martin,mercedes,pirelli,,,1:42.666,102666.0,,,,,,,,,9.0
1067,2022,10,19,19.0,19,47,mick-schumacher,haas,ferrari,pirelli,,,1:42.708,102708.0,,,,,,,,,11.0
1067,2022,10,20,20.0,20,18,lance-stroll,aston-martin,mercedes,pirelli,,,1:43.430,103430.0,,,,,,,,,10.0
1068,2022,11,1,1.0,1,1,max-verstappen,red-bull,rbpt,pirelli,,,1:05.852,65852.0,1:05.374,65374.0,1:04.984,64984.0,,,,,19.0
1068,2022,11,2,2.0,2,16,charles-leclerc,ferrari,ferrari,pirelli,,,1:05.419,65419.0,1:05.287,65287.0,1:05.013,65013.0,+0.029,29.0,+0.029,29.0,26.0
1068,2022,11,3,3.0,3,55,carlos-sainz-jr,ferrari,ferrari,pirelli,,,1:05.660,65660.0,1:05.576,65576.0,1:05.066,65066.0,+0.082,82.0,+0.053,53.0,26.0
1068,2022,11,4,4.0,4,63,george-russell,mercedes,mercedes,pirelli,,,1:06.235,66235.0,1:05.697,65697.0,1:05.431,65431.0,+0.447,447.0,+0.365,365.0,24.0
1068,2022,11,5,5.0,5,31,esteban-ocon,alpine,renault,pirelli,,,1:06.468,66468.0,1:05.993,65993.0,1:05.726,65726.0,+0.742,742.0,+0.295,295.0,27.0
1068,2022,11,6,6.0,6,20,kevin-magnussen,haas,ferrari,pirelli,,,1:06.366,66366.0,1:05.894,65894.0,1:05.879,65879.0,+0.895,895.0,+0.153,153.0,22.0
1068,2022,11,7,7.0,7,47,mick-schumacher,haas,ferrari,pirelli,,,1:06.405,66405.0,1:06.151,66151.0,1:06.011,66011.0,+1.027,1027.0,+0.132,132.0,22.0
1068,2022,11,8,8.0,8,14,fernando-alonso,alpine,renault,pirelli,,,1:06.016,66016.0,1:06.082,66082.0,1:06.103,66103.0,+1.119,1119.0,+0.092,92.0,22.0
1068,2022,11,9,9.0,9,44,lewis-hamilton,mercedes,mercedes,pirelli,,,1:06.079,66079.0,1:05.475,65475.0,1:13.151,73151.0,+8.167,8167.0,+7.048,7048.0,20.0
1068,2022,11,10,10.0,10,10,pierre-gasly,alphatauri,rbpt,pirelli,,,1:06.589,66589.0,1:06.160,66160.0,,,,,,,20.0
1068,2022,11,11,11.0,11,23,alexander-albon,williams,mercedes,pirelli,,,1:06.516,66516.0,1:06.230,66230.0,,,,,,,15.0
1068,2022,11,12,12.0,12,77,valtteri-bottas,alfa-romeo,ferrari,pirelli,,,1:06.442,66442.0,1:06.319,66319.0,,,,,,,14.0
1068,2022,11,13,13.0,13,11,sergio-perez,red-bull,rbpt,pirelli,,,1:06.143,66143.0,1:06.458,66458.0,,,,,,,24.0
1068,2022,11,14,14.0,14,22,yuki-tsunoda,alphatauri,rbpt,pirelli,,,1:06.463,66463.0,1:06.851,66851.0,,,,,,,19.0
1068,2022,11,15,15.0,15,4,lando-norris,mclaren,mercedes,pirelli,,,1:06.330,66330.0,1:25.847,85847.0,,,,,,,19.0
1068,2022,11,16,16.0,16,3,daniel-ricciardo,mclaren,mercedes,pirelli,,,1:06.613,66613.0,,,,,,,,,10.0
1068,2022,11,17,17.0,17,18,lance-stroll,aston-martin,mercedes,pirelli,,,1:06.847,66847.0,,,,,,,,,12.0
1068,2022,11,18,18.0,18,24,guanyu-zhou,alfa-romeo,ferrari,pirelli,,,1:06.901,66901.0,,,,,,,,,9.0
1068,2022,11,19,19.0,19,6,nicholas-latifi,williams,mercedes,pirelli,,,1:07.003,67003.0,,,,,,,,,9.0
1068,2022,11,20,20.0,20,5,sebastian-vettel,aston-martin,mercedes,pirelli,,,1:07.083,67083.0,,,,,,,,,12.0
1069,2022,12,1,1.0,1,16,charles-leclerc,ferrari,ferrari,pirelli,,,1:31.727,91727.0,1:31.216,91216.0,1:30.872,90872.0,,,,,17.0
1069,2022,12,2,2.0,2,1,max-verstappen,red-bull,rbpt,pirelli,,,1:31.891,91891.0,1:31.990,91990.0,1:31.176,91176.0,+0.304,304.0,+0.304,304.0,14.0
1069,2022,12,3,3.0,3,11,sergio-perez,red-bull,rbpt,pirelli,,,1:32.354,92354.0,1:32.120,92120.0,1:31.335,91335.0,+0.463,463.0,+0.159,159.0,20.0
1069,2022,12,4,4.0,4,44,lewis-hamilton,mercedes,mercedes,pirelli,,,1:33.041,93041.0,1:32.274,92274.0,1:31.765,91765.0,+0.893,893.0,+0.430,430.0,19.0
1069,2022,12,5,5.0,5,4,lando-norris,mclaren,mercedes,pirelli,,,1:32.672,92672.0,1:32.777,92777.0,1:32.032,92032.0,+1.160,1160.0,+0.267,267.0,14.0
1069,2022,12,6,6.0,6,63,george-russell,mercedes,mercedes,pirelli,,,1:33.109,93109.0,1:32.633,92633.0,1:32.131,92131.0,+1.259,1259.0,+0.099,99.0,20.0
1069,2022,12,7,7.0,7,14,fernando-alonso,alpine,renault,pirelli,,,1:32.819,92819.0,1:32.631,92631.0,1:32.552,92552.0,+1.680,1680.0,+0.421,421.0,17.0
1069,2022,12,8,8.0,8,22,yuki-tsunoda,alphatauri,rbpt,pirelli,,,1:33.394,93394.0,1:32.836,92836.0,1:32.780,92780.0,+1.908,1908.0,+0.228,228.0,20.0
1069,2022,12,9,9.0,9,55,carlos-sainz-jr,ferrari,ferrari,pirelli,,,1:32.297,92297.0,1:31.081,91081.0,,,,,,,10.0
1069,2022,12,10,10.0,10,20,kevin-magnussen,haas,ferrari,pirelli,,,1:32.756,92756.0,1:32.649,92649.0,,,,,,,9.0
1069,2022,12,11,11.0,11,3,daniel-ricciardo,mclaren,mercedes,pirelli,,,1:33.404,93404.0,1:32.922,92922.0,,,,,,,12.0
1069,2022,12,12,12.0,12,31,esteban-ocon,alpine,renault,pirelli,,,1:33.346,93346.0,1:33.048,93048.0,,,,,,,12.0
1069,2022,12,13,13.0,13,77,valtteri-bottas,alfa-romeo,ferrari,pirelli,,,1:33.034,93034.0,1:33.052,93052.0,,,,,,,13.0
1069,2022,12,14,14.0,14,5,sebastian-vettel,aston-martin,mercedes,pirelli,,,1:33.285,93285.0,1:33.276,93276.0,,,,,,,15.0
1069,2022,12,15,15.0,15,23,alexander-albon,williams,mercedes,pirelli,,,1:33.423,93423.0,1:33.307,93307.0,,,,,,,11.0
1069,2022,12,16,16.0,16,10,pierre-gasly,alphatauri,rbpt,pirelli,,,1:33.439,93439.0,,,,,,,,,7.0
1069,2022,12,17,17.0,17,18,lance-stroll,aston-martin,mercedes,pirelli,,,1:33.439,93439.0,,,,,,,,,9.0
1069,2022,12,18,18.0,18,24,guanyu-zhou,alfa-romeo,ferrari,pirelli,,,1:33.674,93674.0,,,,,,,,,8.0
1069,2022,12,19,19.0,19,47,mick-schumacher,haas,ferrari,pirelli,,,1:33.701,93701.0,,,,,,,,,9.0
1069,2022,12,20,20.0,20,6,nicholas-latifi,williams,mercedes,pirelli,,,1:33.794,93794.0,,,,,,,,,6.0
1070,2022,13,1,1.0,1,63,george-russell,mercedes,mercedes,pirelli,,,1:18.407,78407.0,1:18.154,78154.0,1:17.377,77377.0,,,,,23.0
1070,2022,13,2,2.0,2,55,carlos-sainz-jr,ferrari,ferrari,pirelli,,,1:18.434,78434.0,1:17.946,77946.0,1:17.421,77421.0,+0.044,44.0,+0.044,44.0,22.0
1070,2022,13,3,3.0,3,16,charles-leclerc,ferrari,ferrari,pirelli,,,1:18.806,78806.0,1:17.768,77768.0,1:17.567,77567.0,+0.190,190.0,+0.146,146.0,22.0
1070,2022,13,4,4.0,4,4,lando-norris,mclaren,mercedes,pirelli,,,1:18.653,78653.0,1:18.121,78121.0,1:17.769,77769.0,+0.392,392.0,+0.202,202.0,19.0
1070,2022,13,5,5.0,5,31,esteban-ocon,alpine,renault,pirelli,,,1:18.866,78866.0,1:18.216,78216.0,1:18.018,78018.0,+0.641,641.0,+0.249,249.0,20.0
1070,2022,13,6,6.0,6,14,fernando-alonso,alpine,renault,pirelli,,,1:18.716,78716.0,1:17.904,77904.0,1:18.078,78078.0,+0.701,701.0,+0.060,60.0,17.0
1070,2022,13,7,7.0,7,44,lewis-hamilton,mercedes,mercedes,pirelli,,,1:18.374,78374.0,1:18.035,78035.0,1:18.142,78142.0,+0.765,765.0,+0.064,64.0,21.0
1070,2022,13,8,8.0,8,77,valtteri-bottas,alfa-romeo,ferrari,pirelli,,,1:18.935,78935.0,1:18.445,78445.0,1:18.157,78157.0,+0.780,780.0,+0.015,15.0,20.0
1070,2022,13,9,9.0,9,3,daniel-ricciardo,mclaren,mercedes,pirelli,,,1:18.775,78775.0,1:18.198,78198.0,1:18.379,78379.0,+1.002,1002.0,+0.222,222.0,19.0
1070,2022,13,10,10.0,10,1,max-verstappen,red-bull,rbpt,pirelli,,,1:18.509,78509.0,1:17.703,77703.0,1:18.823,78823.0,+1.446,1446.0,+0.444,444.0,21.0
1070,2022,13,11,11.0,11,11,sergio-perez,red-bull,rbpt,pirelli,,,1:19.118,79118.0,1:18.516,78516.0,,,,,,,16.0
1070,2022,13,12,12.0,12,24,guanyu-zhou,alfa-romeo,ferrari,pirelli,,,1:18.973,78973.0,1:18.573,78573.0,,,,,,,16.0
1070,2022,13,13,13.0,13,20,kevin-magnussen,haas,ferrari,pirelli,,,1:18.993,78993.0,1:18.825,78825.0,,,,,,,18.0
1070,2022,13,14,14.0,14,18,lance-stroll,aston-martin,mercedes,pirelli,,,1:19.205,79205.0,1:19.137,79137.0,,,,,,,16.0
1070,2022,13,15,15.0,15,47,mick-schumacher,haas,ferrari,pirelli,,,1:19.164,79164.0,1:19.202,79202.0,,,,,,,16.0
1070,2022,13,16,16.0,16,22,yuki-tsunoda,alphatauri,rbpt,pirelli,,,1:19.240,79240.0,,,,,,,,,9.0
1070,2022,13,17,17.0,17,23,alexander-albon,williams,mercedes,pirelli,,,1:19.256,79256.0,,,,,,,,,10.0
1070,2022,13,18,18.0,18,5,sebastian-vettel,aston-martin,mercedes,pirelli,,,1:19.273,79273.0,,,,,,,,,10.0
1070,2022,13,19,19.0,19,10,pierre-gasly,alphatauri,rbpt,pirelli,,,1:19.527,79527.0,,,,,,,,,9.0
1070,2022,13,20,20.0,20,6,nicholas-latifi,williams,mercedes,pirelli,,,1:19.570,79570.0,,,,,,,,,10.0
1071,2022,14,1,1.0,1,1,max-verstappen,red-bull,rbpt,pirelli,,,1:44.581,104581.0,1:44.723,104723.0,1:43.665,103665.0,,,,,9.0
1071,2022,14,2,2.0,2,55,carlos-sainz-jr,ferrari,ferrari,pirelli,,,1:45.050,105050.0,1:45.418,105418.0,1:44.297,104297.0,+0.632,632.0,+0.632,632.0,14.0
1071,2022,14,3,3.0,3,11,sergio-perez,red-bull,rbpt,pirelli,,,1:45.377,105377.0,1:44.794,104794.0,1:44.462,104462.0,+0.797,797.0,+0.165,165.0,12.0
1071,2022,14,4,4.0,4,16,charles-leclerc,ferrari,ferrari,pirelli,,,1:45.572,105572.0,1:44.551,104551.0,1:44.553,104553.0,+0.888,888.0,+0.091,91.0,14.0
1071,2022,14,5,5.0,5,31,esteban-ocon,alpine,renault,pirelli,,,1:46.039,106039.0,1:45.475,105475.0,1:45.180,105180.0,+1.515,1515.0,+0.627,627.0,15.0
1071,2022,14,6,6.0,6,14,fernando-alonso,alpine,renault,pirelli,,,1:46.075,106075.0,1:45.552,105552.0,1:45.368,105368.0,+1.703,1703.0,+0.188,188.0,16.0
1071,2022,14,7,7.0,7,44,lewis-hamilton,mercedes,mercedes,pirelli,,,1:45.736,105736.0,1:45.420,105420.0,1:45.503,105503.0,+1.838,1838.0,+0.135,135.0,20.0
1071,2022,14,8,8.0,8,63,george-russell,mercedes,mercedes,pirelli,,,1:45.650,105650.0,1:45.461,105461.0,1:45.776,105776.0,+2.111,2111.0,+0.273,273.0,20.0
1071,2022,14,9,9.0,9,23,alexander-albon,williams,mercedes,pirelli,,,1:45.672,105672.0,1:45.675,105675.0,1:45.837,105837.0,+2.172,2172.0,+0.061,61.0,18.0
1071,2022,14,10,10.0,10,4,lando-norris,mclaren,mercedes,pirelli,,,1:45.745,105745.0,1:45.603,105603.0,1:46.178,106178.0,+2.513,2513.0,+0.341,341.0,14.0
1071,2022,14,11,11.0,11,3,daniel-ricciardo,mclaren,mercedes,pirelli,,,1:46.212,106212.0,1:45.767,105767.0,,,,,,,9.0
1071,2022,14,12,12.0,12,10,pierre-gasly,alphatauri,rbpt,pirelli,,,1:46.183,106183.0,1:45.827,105827.0,,,,,,,12.0
1071,2022,14,13,13.0,13,24,guanyu-zhou,alfa-romeo,ferrari,pirelli,,,1:46.178,106178.0,1:46.085,106085.0,,,,,,,12.0
1071,2022,14,14,14.0,14,18,lance-stroll,aston-martin,mercedes,pirelli,,,1:46.256,106256.0,1:46.611,106611.0,,,,,,,12.0
1071,2022,14,15,15.0,15,47,mick-schumacher,haas,ferrari,pirelli,,,1:46.342,106342.0,1:47.718,107718.0,,,,,,,13.0
1071,2022,14,16,16.0,16,5,sebastian-vettel,aston-martin,mercedes,pirelli,,,1:46.344,106344.0,,,,,,,,,6.0
1071,2022,14,17,17.0,17,6,nicholas-latifi,williams,mercedes,pirelli,,,1:46.401,106401.0,,,,,,,,,7.0
1071,2022,14,18,18.0,18,20,kevin-magnussen,haas,ferrari,pirelli,,,1:46.557,106557.0,,,,,,,,,6.0
1071,2022,14,19,19.0,19,22,yuki-tsunoda,alphatauri,rbpt,pirelli,,,1:46.692,106692.0,,,,,,,,,6.0
1071,2022,14,20,20.0,20,77,valtteri-bottas,alfa-romeo,ferrari,pirelli,,,1:47.866,107866.0,,,,,,,,,5.0
1072,2022,15,1,1.0,1,1,max-verstappen,red-bull,rbpt,pirelli,,,1:11.317,71317.0,1:10.927,70927.0,1:10.342,70342.0,,,,,12.0
1072,2022,15,2,2.0,2,16,charles-leclerc,ferrari,ferrari,pirelli,,,1:11.443,71443.0,1:10.988,70988.0,1:10.363,70363.0,+0.021,21.0,+0.021,21.0,18.0
1072,2022,15,3,3.0,3,55,carlos-sainz-jr,ferrari,ferrari,pirelli,,,1:11.767,71767.0,1:10.814,70814.0,1:10.434,70434.0,+0.092,92.0,+0.071,71.0,18.0
1072,2022,15,4,4.0,4,44,lewis-hamilton,mercedes,mercedes,pirelli,,,1:11.331,71331.0,1:11.075,71075.0,1:10.648,70648.0,+0.306,306.0,+0.214,214.0,18.0
1072,2022,15,5,5.0,5,11,sergio-perez,red-bull,rbpt,pirelli,,,1:11.641,71641.0,1:11.314,71314.0,1:11.077,71077.0,+0.735,735.0,+0.429,429.0,19.0
1072,2022,15,6,6.0,6,63,george-russell,mercedes,mercedes,pirelli,,,1:11.561,71561.0,1:10.824,70824.0,1:11.147,71147.0,+0.805,805.0,+0.070,70.0,18.0
1072,2022,15,7,7.0,7,4,lando-norris,mclaren,mercedes,pirelli,,,1:11.556,71556.0,1:11.116,71116.0,1:11.174,71174.0,+0.832,832.0,+0.027,27.0,18.0
1072,2022,15,8,8.0,8,47,mick-schumacher,haas,ferrari,pirelli,,,1:11.741,71741.0,1:11.420,71420.0,1:11.442,71442.0,+1.100,1100.0,+0.268,268.0,21.0
1072,2022,15,9,9.0,9,22,yuki-tsunoda,alphatauri,rbpt,pirelli,,,1:11.427,71427.0,1:11.428,71428.0,1:12.556,72556.0,+2.214,2214.0,+1.114,1114.0,21.0
1072,2022,15,10,10.0,10,18,lance-stroll,aston-martin,mercedes,pirelli,,,1:11.568,71568.0,1:11.416,71416.0,,,,,,,14.0
1072,2022,15,11,11.0,11,10,pierre-gasly,alphatauri,rbpt,pirelli,,,1:11.705,71705.0,1:11.512,71512.0,,,,,,,15.0
1072,2022,15,12,12.0,12,31,esteban-ocon,alpine,renault,pirelli,,,1:11.748,71748.0,1:11.605,71605.0,,,,,,,12.0
1072,2022,15,13,13.0,13,14,fernando-alonso,alpine,renault,pirelli,,,1:11.667,71667.0,1:11.613,71613.0,,,,,,,11.0
1072,2022,15,14,14.0,14,24,guanyu-zhou,alfa-romeo,ferrari,pirelli,,,1:11.826,71826.0,1:11.704,71704.0,,,,,,,15.0
1072,2022,15,15,15.0,15,23,alexander-albon,williams,mercedes,pirelli,,,1:11.695,71695.0,1:11.802,71802.0,,,,,,,16.0
1072,2022,15,16,16.0,16,77,valtteri-bottas,alfa-romeo,ferrari,pirelli,,,1:11.961,71961.0,,,,,,,,,9.0
1072,2022,15,17,17.0,17,3,daniel-ricciardo,mclaren,mercedes,pirelli,,,1:12.081,72081.0,,,,,,,,,8.0
1072,2022,15,18,18.0,18,20,kevin-magnussen,haas,ferrari,pirelli,,,1:12.319,72319.0,,,,,,,,,9.0
1072,2022,15,19,19.0,19,5,sebastian-vettel,aston-martin,mercedes,pirelli,,,1:12.391,72391.0,,,,,,,,,8.0
1072,2022,15,20,20.0,20,6,nicholas-latifi,williams,mercedes,pirelli,,,1:13.353,73353.0,,,,,,,,,5.0
1073,2022,16,1,1.0,1,16,charles-leclerc,ferrari,ferrari,pirelli,,,1:21.280,81280.0,1:21.208,81208.0,1:20.161,80161.0,,,,,14.0
1073,2022,16,2,2.0,2,1,max-verstappen,red-bull,rbpt,pirelli,,,1:20.922,80922.0,1:21.265,81265.0,1:20.306,80306.0,+0.145,145.0,+0.145,145.0,16.0
1073,2022,16,3,3.0,3,55,carlos-sainz-jr,ferrari,ferrari,pirelli,,,1:21.348,81348.0,1:20.878,80878.0,1:20.429,80429.0,+0.268,268.0,+0.123,123.0,13.0
1073,2022,16,4,4.0,4,11,sergio-perez,red-bull,rbpt,pirelli,,,1:21.495,81495.0,1:21.358,81358.0,1:21.206,81206.0,+1.045,1045.0,+0.777,777.0,15.0
1073,2022,16,5,5.0,5,44,lewis-hamilton,mercedes,mercedes,pirelli,,,1:22.048,82048.0,1:21.708,81708.0,1:21.524,81524.0,+1.363,1363.0,+0.318,318.0,17.0
1073,2022,16,6,6.0,6,63,george-russell,mercedes,mercedes,pirelli,,,1:21.785,81785.0,1:21.747,81747.0,1:21.542,81542.0,+1.381,1381.0,+0.018,18.0,17.0
1073,2022,16,7,7.0,7,4,lando-norris,mclaren,mercedes,pirelli,,,1:22.130,82130.0,1:21.831,81831.0,1:21.584,81584.0,+1.423,1423.0,+0.042,42.0,19.0
1073,2022,16,8,8.0,8,3,daniel-ricciardo,mclaren,mercedes,pirelli,,,1:22.139,82139.0,1:21.855,81855.0,1:21.925,81925.0,+1.764,1764.0,+0.341,341.0,20.0
1073,2022,16,9,9.0,9,10,pierre-gasly,alphatauri,rbpt,pirelli,,,1:22.010,82010.0,1:22.062,82062.0,1:22.648,82648.0,+2.487,2487.0,+0.723,723.0,18.0
1073,2022,16,10,10.0,10,14,fernando-alonso,alpine,renault,pirelli,,,1:22.089,82089.0,1:21.861,81861.0,,,,,,,17.0
1073,2022,16,11,11.0,11,31,esteban-ocon,alpine,renault,pirelli,,,1:22.166,82166.0,1:22.130,82130.0,,,,,,,12.0
1073,2022,16,12,12.0,12,77,valtteri-bottas,alfa-romeo,ferrari,pirelli,,,1:22.254,82254.0,1:22.235,82235.0,,,,,,,12.0
1073,2022,16,13,13.0,13,45,nyck-de-vries,williams,mercedes,pirelli,,,1:22.567,82567.0,1:22.471,82471.0,,,,,,,13.0
1073,2022,16,14,14.0,14,24,guanyu-zhou,alfa-romeo,ferrari,pirelli,,,1:22.003,82003.0,1:22.577,82577.0,,,,,,,12.0
1073,2022,16,15,15.0,15,22,yuki-tsunoda,alphatauri,rbpt,pirelli,,,1:22.020,82020.0,,,,,,,,,6.0
1073,2022,16,16,16.0,16,6,nicholas-latifi,williams,mercedes,pirelli,,,1:22.587,82587.0,,,,,,,,,7.0
1073,2022,16,17,17.0,17,5,sebastian-vettel,aston-martin,mercedes,pirelli,,,1:22.636,82636.0,,,,,,,,,7.0
1073,2022,16,18,18.0,18,18,lance-stroll,aston-martin,mercedes,pirelli,,,1:22.748,82748.0,,,,,,,,,9.0
1073,2022,16,19,19.0,19,20,kevin-magnussen,haas,ferrari,pirelli,,,1:22.908,82908.0,,,,,,,,,10.0
1073,2022,16,20,20.0,20,47,mick-schumacher,haas,ferrari,pirelli,,,1:23.005,83005.0,,,,,,,,,9.0
1074,2022,17,1,1.0,1,16,charles-leclerc,ferrari,ferrari,pirelli,,,1:54.129,114129.0,1:52.343,112343.0,1:49.412,109412.0,,,,,20.0
1074,2022,17,2,2.0,2,11,sergio-perez,red-bull,rbpt,pirelli,,,1:54.404,114404.0,1:52.818,112818.0,1:49.434,109434.0,+0.022,22.0,+0.022,22.0,20.0
1074,2022,17,3,3.0,3,44,lewis-hamilton,mercedes,mercedes,pirelli,,,1:53.161,113161.0,1:52.691,112691.0,1:49.466,109466.0,+0.054,54.0,+0.032,32.0,24.0
1074,2022,17,4,4.0,4,55,carlos-sainz-jr,ferrari,ferrari,pirelli,,,1:54.559,114559.0,1:53.219,113219.0,1:49.583,109583.0,+0.171,171.0,+0.117,117.0,22.0
1074,2022,17,5,5.0,5,14,fernando-alonso,alpine,renault,pirelli,,,1:55.360,115360.0,1:53.127,113127.0,1:49.966,109966.0,+0.554,554.0,+0.383,383.0,23.0
1074,2022,17,6,6.0,6,4,lando-norris,mclaren,mercedes,pirelli,,,1:55.914,115914.0,1:53.942,113942.0,1:50.584,110584.0,+1.172,1172.0,+0.618,618.0,24.0
1074,2022,17,7,7.0,7,10,pierre-gasly,alphatauri,rbpt,pirelli,,,1:55.606,115606.0,1:53.546,113546.0,1:51.211,111211.0,+1.799,1799.0,+0.627,627.0,24.0
1074,2022,17,8,8.0,8,1,max-verstappen,red-bull,rbpt,pirelli,,,1:53.057,113057.0,1:52.723,112723.0,1:51.395,111395.0,+1.983,1983.0,+0.184,184.0,20.0
1074,2022,17,9,9.0,9,20,kevin-magnussen,haas,ferrari,pirelli,,,1:55.103,115103.0,1:54.006,114006.0,1:51.573,111573.0,+2.161,2161.0,+0.178,178.0,23.0
1074,2022,17,10,10.0,10,22,yuki-tsunoda,alphatauri,rbpt,pirelli,,,1:55.314,115314.0,1:53.848,113848.0,1:51.983,111983.0,+2.571,2571.0,+0.410,410.0,23.0
1074,2022,17,11,11.0,11,63,george-russell,mercedes,mercedes,pirelli,,,1:54.633,114633.0,1:54.012,114012.0,,,,,,,17.0
1074,2022,17,12,12.0,12,18,lance-stroll,aston-martin,mercedes,pirelli,,,1:55.629,115629.0,1:54.211,114211.0,,,,,,,15.0
1074,2022,17,13,13.0,13,47,mick-schumacher,haas,ferrari,pirelli,,,1:55.736,115736.0,1:54.370,114370.0,,,,,,,16.0
1074,2022,17,14,14.0,14,5,sebastian-vettel,aston-martin,mercedes,pirelli,,,1:55.602,115602.0,1:54.380,114380.0,,,,,,,15.0
1074,2022,17,15,15.0,15,24,guanyu-zhou,alfa-romeo,ferrari,pirelli,,,1:55.375,115375.0,1:55.518,115518.0,,,,,,,14.0
1074,2022,17,16,16.0,16,77,valtteri-bottas,alfa-romeo,ferrari,pirelli,,,1:56.083,116083.0,,,,,,,,,7.0
1074,2022,17,17,17.0,17,3,daniel-ricciardo,mclaren,mercedes,pirelli,,,1:56.226,116226.0,,,,,,,,,9.0
1074,2022,17,18,18.0,18,31,esteban-ocon,alpine,renault,pirelli,,,1:56.337,116337.0,,,,,,,,,9.0
1074,2022,17,19,19.0,19,23,alexander-albon,williams,mercedes,pirelli,,,1:56.985,116985.0,,,,,,,,,7.0
1074,2022,17,20,20.0,20,6,nicholas-latifi,williams,mercedes,pirelli,,,1:57.532,117532.0,,,,,,,,,8.0
1075,2022,18,1,1.0,1,1,max-verstappen,red-bull,rbpt,pirelli,,,1:30.224,90224.0,1:30.346,90346.0,1:29.304,89304.0,,,,,13.0
1075,2022,18,2,2.0,2,16,charles-leclerc,ferrari,ferrari,pirelli,,,1:30.402,90402.0,1:30.486,90486.0,1:29.314,89314.0,+0.010,10.0,+0.010,10.0,13.0
1075,2022,18,3,3.0,3,55,carlos-sainz-jr,ferrari,ferrari,pirelli,,,1:30.336,90336.0,1:30.444,90444.0,1:29.361,89361.0,+0.057,57.0,+0.047,47.0,13.0
1075,2022,18,4,4.0,4,11,sergio-perez,red-bull,rbpt,pirelli,,,1:30.622,90622.0,1:29.925,89925.0,1:29.709,89709.0,+0.405,405.0,+0.348,348.0,15.0
1075,2022,18,5,5.0,5,31,esteban-ocon,alpine,renault,pirelli,,,1:30.696,90696.0,1:30.357,90357.0,1:30.165,90165.0,+0.861,861.0,+0.456,456.0,18.0
1075,2022,18,6,6.0,6,44,lewis-hamilton,mercedes,mercedes,pirelli,,,1:30.906,90906.0,1:30.443,90443.0,1:30.261,90261.0,+0.957,957.0,+0.096,96.0,20.0
1075,2022,18,7,7.0,7,14,fernando-alonso,alpine,renault,pirelli,,,1:30.603,90603.0,1:30.343,90343.0,1:30.322,90322.0,+1.018,1018.0,+0.061,61.0,15.0
1075,2022,18,8,8.0,8,63,george-russell,mercedes,mercedes,pirelli,,,1:30.865,90865.0,1:30.465,90465.0,1:30.389,90389.0,+1.085,1085.0,+0.067,67.0,19.0
1075,2022,18,9,9.0,9,5,sebastian-vettel,aston-martin,mercedes,pirelli,,,1:31.256,91256.0,1:30.656,90656.0,1:30.554,90554.0,+1.250,1250.0,+0.165,165.0,15.0
1075,2022,18,10,10.0,10,4,lando-norris,mclaren,mercedes,pirelli,,,1:30.881,90881.0,1:30.473,90473.0,1:31.003,91003.0,+1.699,1699.0,+0.449,449.0,18.0
1075,2022,18,11,11.0,11,3,daniel-ricciardo,mclaren,mercedes,pirelli,,,1:30.880,90880.0,1:30.659,90659.0,,,,,,,11.0
1075,2022,18,12,12.0,12,77,valtteri-bottas,alfa-romeo,ferrari,pirelli,,,1:31.226,91226.0,1:30.709,90709.0,,,,,,,12.0
1075,2022,18,13,13.0,13,22,yuki-tsunoda,alphatauri,rbpt,pirelli,,,1:31.130,91130.0,1:30.808,90808.0,,,,,,,15.0
1075,2022,18,14,14.0,14,24,guanyu-zhou,alfa-romeo,ferrari,pirelli,,,1:30.894,90894.0,1:30.953,90953.0,,,,,,,12.0
1075,2022,18,15,15.0,15,47,mick-schumacher,haas,ferrari,pirelli,,,1:31.152,91152.0,1:31.439,91439.0,,,,,,,12.0
1075,2022,18,16,16.0,16,23,alexander-albon,williams,mercedes,pirelli,,,1:31.311,91311.0,,,,,,,,,6.0
1075,2022,18,17,17.0,17,10,pierre-gasly,alphatauri,rbpt,pirelli,,,1:31.322,91322.0,,,,,,,,,9.0
1075,2022,18,18,18.0,18,20,kevin-magnussen,haas,ferrari,pirelli,,,1:31.352,91352.0,,,,,,,,,6.0
1075,2022,18,19,19.0,19,18,lance-stroll,aston-martin,mercedes,pirelli,,,1:31.419,91419.0,,,,,,,,,6.0
1075,2022,18,20,20.0,20,6,nicholas-latifi,williams,mercedes,pirelli,,,1:31.511,91511.0,,,,,,,,,8.0
1076,2022,19,1,1.0,1,55,carlos-sainz-jr,ferrari,ferrari,pirelli,,,1:35.297,95297.0,1:35.590,95590.0,1:34.356,94356.0,,,,,14.0
1076,2022,19,2,2.0,2,16,charles-leclerc,ferrari,ferrari,pirelli,,,1:35.795,95795.0,1:35.246,95246.0,1:34.421,94421.0,+0.065,65.0,+0.065,65.0,14.0
1076,2022,19,3,3.0,3,1,max-verstappen,red-bull,rbpt,pirelli,,,1:35.864,95864.0,1:35.294,95294.0,1:34.448,94448.0,+0.092,92.0,+0.027,27.0,15.0
1076,2022,19,4,4.0,4,11,sergio-perez,red-bull,rbpt,pirelli,,,1:36.163,96163.0,1:35.864,95864.0,1:34.645,94645.0,+0.289,289.0,+0.197,197.0,12.0
1076,2022,19,5,5.0,5,44,lewis-hamilton,mercedes,mercedes,pirelli,,,1:36.148,96148.0,1:35.732,95732.0,1:34.947,94947.0,+0.591,591.0,+0.302,302.0,18.0
1076,2022,19,6,6.0,6,63,george-russell,mercedes,mercedes,pirelli,,,1:36.195,96195.0,1:35.692,95692.0,1:34.988,94988.0,+0.632,632.0,+0.041,41.0,19.0
1076,2022,19,7,7.0,7,18,lance-stroll,aston-martin,mercedes,pirelli,,,1:36.860,96860.0,1:36.032,96032.0,1:35.598,95598.0,+1.242,1242.0,+0.610,610.0,15.0
1076,2022,19,8,8.0,8,4,lando-norris,mclaren,mercedes,pirelli,,,1:36.465,96465.0,1:36.341,96341.0,1:35.690,95690.0,+1.334,1334.0,+0.092,92.0,18.0
1076,2022,19,9,9.0,9,14,fernando-alonso,alpine,renault,pirelli,,,1:36.446,96446.0,1:35.988,95988.0,1:35.876,95876.0,+1.520,1520.0,+0.186,186.0,17.0
1076,2022,19,10,10.0,10,77,valtteri-bottas,alfa-romeo,ferrari,pirelli,,,1:36.746,96746.0,1:36.321,96321.0,1:36.319,96319.0,+1.963,1963.0,+0.443,443.0,18.0
1076,2022,19,11,11.0,11,23,alexander-albon,williams,mercedes,pirelli,,,1:36.932,96932.0,1:36.368,96368.0,,,,,,,15.0
1076,2022,19,12,12.0,12,5,sebastian-vettel,aston-martin,mercedes,pirelli,,,1:36.695,96695.0,1:36.398,96398.0,,,,,,,12.0
1076,2022,19,13,13.0,13,10,pierre-gasly,alphatauri,rbpt,pirelli,,,1:36.577,96577.0,1:36.740,96740.0,,,,,,,11.0
1076,2022,19,14,14.0,14,24,guanyu-zhou,alfa-romeo,ferrari,pirelli,,,1:36.656,96656.0,1:36.970,96970.0,,,,,,,15.0
1076,2022,19,15,15.0,15,22,yuki-tsunoda,alphatauri,rbpt,pirelli,,,1:36.808,96808.0,1:37.147,97147.0,,,,,,,12.0
1076,2022,19,16,16.0,16,20,kevin-magnussen,haas,ferrari,pirelli,,,1:36.949,96949.0,,,,,,,,,8.0
1076,2022,19,17,17.0,17,3,daniel-ricciardo,mclaren,mercedes,pirelli,,,1:37.046,97046.0,,,,,,,,,6.0
1076,2022,19,18,18.0,18,31,esteban-ocon,alpine,renault,pirelli,,,1:37.068,97068.0,,,,,,,,,6.0
1076,2022,19,19,19.0,19,47,mick-schumacher,haas,ferrari,pirelli,,,1:37.111,97111.0,,,,,,,,,8.0
1076,2022,19,20,20.0,20,6,nicholas-latifi,williams,mercedes,pirelli,,,1:37.244,97244.0,,,,,,,,,8.0
1077,2022,20,1,1.0,1,1,max-verstappen,red-bull,rbpt,pirelli,,,1:19.222,79222.0,1:18.566,78566.0,1:17.775,77775.0,,,,,16.0
1077,2022,20,2,2.0,2,63,george-russell,mercedes,mercedes,pirelli,,,1:19.583,79583.0,1:18.565,78565.0,1:18.079,78079.0,+0.304,304.0,+0.304,304.0,18.0
1077,2022,20,3,3.0,3,44,lewis-hamilton,mercedes,mercedes,pirelli,,,1:19.169,79169.0,1:18.552,78552.0,1:18.084,78084.0,+0.309,309.0,+0.005,5.0,19.0
1077,2022,20,4,4.0,4,11,sergio-perez,red-bull,rbpt,pirelli,,,1:19.706,79706.0,1:18.615,78615.0,1:18.128,78128.0,+0.353,353.0,+0.044,44.0,18.0
1077,2022,20,5,5.0,5,55,carlos-sainz-jr,ferrari,ferrari,pirelli,,,1:19.566,79566.0,1:18.560,78560.0,1:18.351,78351.0,+0.576,576.0,+0.223,223.0,17.0
1077,2022,20,6,6.0,6,77,valtteri-bottas,alfa-romeo,ferrari,pirelli,,,1:19.523,79523.0,1:18.762,78762.0,1:18.401,78401.0,+0.626,626.0,+0.050,50.0,18.0
1077,2022,20,7,7.0,7,16,charles-leclerc,ferrari,ferrari,pirelli,,,1:19.505,79505.0,1:19.109,79109.0,1:18.555,78555.0,+0.780,780.0,+0.154,154.0,18.0
1077,2022,20,8,8.0,8,4,lando-norris,mclaren,mercedes,pirelli,,,1:19.857,79857.0,1:19.119,79119.0,1:18.721,78721.0,+0.946,946.0,+0.166,166.0,19.0
1077,2022,20,9,9.0,9,14,fernando-alonso,alpine,renault,pirelli,,,1:20.006,80006.0,1:19.272,79272.0,1:18.939,78939.0,+1.164,1164.0,+0.218,218.0,15.0
1077,2022,20,10,10.0,10,31,esteban-ocon,alpine,renault,pirelli,,,1:19.945,79945.0,1:19.081,79081.0,1:19.010,79010.0,+1.235,1235.0,+0.071,71.0,18.0
1077,2022,20,11,11.0,11,3,daniel-ricciardo,mclaren,mercedes,pirelli,,,1:20.279,80279.0,1:19.325,79325.0,,,,,,,14.0
1077,2022,20,12,12.0,12,24,guanyu-zhou,alfa-romeo,ferrari,pirelli,,,1:20.283,80283.0,1:19.476,79476.0,,,,,,,12.0
1077,2022,20,13,13.0,13,22,yuki-tsunoda,alphatauri,rbpt,pirelli,,,1:19.907,79907.0,1:19.589,79589.0,,,,,,,13.0
1077,2022,20,14,14.0,14,10,pierre-gasly,alphatauri,rbpt,pirelli,,,1:20.256,80256.0,1:19.672,79672.0,,,,,,,15.0
1077,2022,20,15,15.0,15,20,kevin-magnussen,haas,ferrari,pirelli,,,1:20.293,80293.0,1:19.833,79833.0,,,,,,,17.0
1077,2022,20,16,16.0,16,47,mick-schumacher,haas,ferrari,pirelli,,,1:20.419,80419.0,,,,,,,,,11.0
1077,2022,20,17,17.0,17,5,sebastian-vettel,aston-martin,mercedes,pirelli,,,1:20.419,80419.0,,,,,,,,,10.0
1077,2022,20,18,18.0,18,18,lance-stroll,aston-martin,mercedes,pirelli,,,1:20.520,80520.0,,,,,,,,,10.0
1077,2022,20,19,19.0,19,23,alexander-albon,williams,mercedes,pirelli,,,1:20.859,80859.0,,,,,,,,,10.0
1077,2022,20,20,20.0,20,6,nicholas-latifi,williams,mercedes,pirelli,,,1:21.167,81167.0,,,,,,,,,10.0
1078,2022,21,1,1.0,1,20,kevin-magnussen,haas,ferrari,pirelli,,,1:13.954,73954.0,1:11.410,71410.0,1:11.674,71674.0,,,,,26.0
1078,2022,21,2,2.0,2,1,max-verstappen,red-bull,rbpt,pirelli,,,1:13.625,73625.0,1:10.881,70881.0,1:11.877,71877.0,+0.203,203.0,+0.203,203.0,23.0
1078,2022,21,3,3.0,3,63,george-russell,mercedes,mercedes,pirelli,,,1:14.427,74427.0,1:11.318,71318.0,1:12.059,72059.0,+0.385,385.0,+0.182,182.0,24.0
1078,2022,21,4,4.0,4,4,lando-norris,mclaren,mercedes,pirelli,,,1:13.106,73106.0,1:11.377,71377.0,1:12.263,72263.0,+0.589,589.0,+0.204,204.0,25.0
1078,2022,21,5,5.0,5,55,carlos-sainz-jr,ferrari,ferrari,pirelli,,,1:14.680,74680.0,1:10.890,70890.0,1:12.357,72357.0,+0.683,683.0,+0.094,94.0,24.0
1078,2022,21,6,6.0,6,31,esteban-ocon,alpine,renault,pirelli,,,1:14.663,74663.0,1:11.587,71587.0,1:12.425,72425.0,+0.751,751.0,+0.068,68.0,22.0
1078,2022,21,7,7.0,7,14,fernando-alonso,alpine,renault,pirelli,,,1:13.542,73542.0,1:11.394,71394.0,1:12.504,72504.0,+0.830,830.0,+0.079,79.0,21.0
1078,2022,21,8,8.0,8,44,lewis-hamilton,mercedes,mercedes,pirelli,,,1:13.403,73403.0,1:11.539,71539.0,1:12.611,72611.0,+0.937,937.0,+0.107,107.0,25.0
1078,2022,21,9,9.0,9,11,sergio-perez,red-bull,rbpt,pirelli,,,1:13.613,73613.0,1:11.456,71456.0,1:15.601,75601.0,+3.927,3927.0,+2.990,2990.0,26.0
1078,2022,21,10,10.0,10,16,charles-leclerc,ferrari,ferrari,pirelli,,,1:14.486,74486.0,1:10.950,70950.0,,,,,,,25.0
1078,2022,21,11,11.0,11,23,alexander-albon,williams,mercedes,pirelli,,,1:14.324,74324.0,1:11.631,71631.0,,,,,,,21.0
1078,2022,21,12,12.0,12,10,pierre-gasly,alphatauri,rbpt,pirelli,,,1:14.371,74371.0,1:11.675,71675.0,,,,,,,24.0
1078,2022,21,13,13.0,13,5,sebastian-vettel,aston-martin,mercedes,pirelli,,,1:13.597,73597.0,1:11.678,71678.0,,,,,,,23.0
1078,2022,21,14,14.0,14,3,daniel-ricciardo,mclaren,mercedes,pirelli,,,1:14.931,74931.0,1:12.140,72140.0,,,,,,,21.0
1078,2022,21,15,15.0,15,18,lance-stroll,aston-martin,mercedes,pirelli,,,1:14.398,74398.0,1:12.210,72210.0,,,,,,,24.0
1078,2022,21,16,16.0,16,6,nicholas-latifi,williams,mercedes,pirelli,,,1:15.095,75095.0,,,,,,,,,13.0
1078,2022,21,17,17.0,17,24,guanyu-zhou,alfa-romeo,ferrari,pirelli,,,1:15.197,75197.0,,,,,,,,,12.0
1078,2022,21,18,18.0,18,77,valtteri-bottas,alfa-romeo,ferrari,pirelli,,,1:15.486,75486.0,,,,,,,,,13.0
1078,2022,21,19,19.0,19,22,yuki-tsunoda,alphatauri,rbpt,pirelli,,,1:16.264,76264.0,,,,,,,,,12.0
1078,2022,21,20,20.0,20,47,mick-schumacher,haas,ferrari,pirelli,,,1:16.361,76361.0,,,,,,,,,12.0
1079,2022,22,1,1.0,1,1,max-verstappen,red-bull,rbpt,pirelli,,,1:24.754,84754.0,1:24.622,84622.0,1:23.824,83824.0,,,,,17.0
1079,2022,22,2,2.0,2,11,sergio-perez,red-bull,rbpt,pirelli,,,1:24.820,84820.0,1:24.419,84419.0,1:24.052,84052.0,+0.228,228.0,+0.228,228.0,18.0
1079,2022,22,3,3.0,3,16,charles-leclerc,ferrari,ferrari,pirelli,,,1:25.211,85211.0,1:24.517,84517.0,1:24.092,84092.0,+0.268,268.0,+0.040,40.0,17.0
1079,2022,22,4,4.0,4,55,carlos-sainz-jr,ferrari,ferrari,pirelli,,,1:25.090,85090.0,1:24.521,84521.0,1:24.242,84242.0,+0.418,418.0,+0.150,150.0,16.0
1079,2022,22,5,5.0,5,44,lewis-hamilton,mercedes,mercedes,pirelli,,,1:25.594,85594.0,1:24.774,84774.0,1:24.508,84508.0,+0.684,684.0,+0.266,266.0,21.0
1079,2022,22,6,6.0,6,63,george-russell,mercedes,mercedes,pirelli,,,1:25.545,85545.0,1:24.940,84940.0,1:24.511,84511.0,+0.687,687.0,+0.003,3.0,20.0
1079,2022,22,7,7.0,7,4,lando-norris,mclaren,mercedes,pirelli,,,1:25.387,85387.0,1:24.903,84903.0,1:24.769,84769.0,+0.945,945.0,+0.258,258.0,17.0
1079,2022,22,8,8.0,8,31,esteban-ocon,alpine,renault,pirelli,,,1:25.735,85735.0,1:25.007,85007.0,1:24.830,84830.0,+1.006,1006.0,+0.061,61.0,17.0
1079,2022,22,9,9.0,9,5,sebastian-vettel,aston-martin,mercedes,pirelli,,,1:25.523,85523.0,1:24.974,84974.0,1:24.961,84961.0,+1.137,1137.0,+0.131,131.0,18.0
1079,2022,22,10,10.0,10,3,daniel-ricciardo,mclaren,mercedes,pirelli,,,1:25.766,85766.0,1:25.068,85068.0,1:25.045,85045.0,+1.221,1221.0,+0.084,84.0,15.0
1079,2022,22,11,11.0,11,14,fernando-alonso,alpine,renault,pirelli,,,1:25.782,85782.0,1:25.096,85096.0,,,,,,,12.0
1079,2022,22,12,12.0,12,22,yuki-tsunoda,alphatauri,rbpt,pirelli,,,1:25.630,85630.0,1:25.219,85219.0,,,,,,,15.0
1079,2022,22,13,13.0,13,47,mick-schumacher,haas,ferrari,pirelli,,,1:25.711,85711.0,1:25.225,85225.0,,,,,,,15.0
1079,2022,22,14,14.0,14,18,lance-stroll,aston-martin,mercedes,pirelli,,,1:25.741,85741.0,1:25.359,85359.0,,,,,,,15.0
1079,2022,22,15,15.0,15,24,guanyu-zhou,alfa-romeo,ferrari,pirelli,,,1:25.594,85594.0,1:25.408,85408.0,,,,,,,12.0
1079,2022,22,16,16.0,16,20,kevin-magnussen,haas,ferrari,pirelli,,,1:25.834,85834.0,,,,,,,,,9.0
1079,2022,22,17,17.0,17,10,pierre-gasly,alphatauri,rbpt,pirelli,,,1:25.859,85859.0,,,,,,,,,9.0
1079,2022,22,18,18.0,18,77,valtteri-bottas,alfa-romeo,ferrari,pirelli,,,1:25.892,85892.0,,,,,,,,,6.0
1079,2022,22,19,19.0,19,23,alexander-albon,williams,mercedes,pirelli,,,1:26.028,86028.0,,,,,,,,,9.0
1079,2022,22,20,20.0,20,6,nicholas-latifi,williams,mercedes,pirelli,,,1:26.054,86054.0,,,,,,,,,9.0
1080,2023,1,1,1.0,1,1,max-verstappen,red-bull,honda-rbpt,pirelli,,,1:31.295,91295.0,1:30.503,90503.0,1:29.708,89708.0,,,,,15.0
1080,2023,1,2,2.0,2,11,sergio-perez,red-bull,honda-rbpt,pirelli,,,1:31.479,91479.0,1:30.746,90746.0,1:29.846,89846.0,+0.138,138.0,+0.138,138.0,15.0
1080,2023,1,3,3.0,3,16,charles-leclerc,ferrari,ferrari,pirelli,,,1:31.094,91094.0,1:30.282,90282.0,1:30.000,90000.0,+0.292,292.0,+0.154,154.0,17.0
1080,2023,1,4,4.0,4,55,carlos-sainz-jr,ferrari,ferrari,pirelli,,,1:30.993,90993.0,1:30.515,90515.0,1:30.154,90154.0,+0.446,446.0,+0.154,154.0,18.0
1080,2023,1,5,5.0,5,14,fernando-alonso,aston-martin,mercedes,pirelli,,,1:31.158,91158.0,1:30.645,90645.0,1:30.336,90336.0,+0.628,628.0,+0.182,182.0,15.0
1080,2023,1,6,6.0,6,63,george-russell,mercedes,mercedes,pirelli,,,1:31.057,91057.0,1:30.507,90507.0,1:30.340,90340.0,+0.632,632.0,+0.004,4.0,15.0
1080,2023,1,7,7.0,7,44,lewis-hamilton,mercedes,mercedes,pirelli,,,1:31.543,91543.0,1:30.513,90513.0,1:30.384,90384.0,+0.676,676.0,+0.044,44.0,15.0
1080,2023,1,8,8.0,8,18,lance-stroll,aston-martin,mercedes,pirelli,,,1:31.184,91184.0,1:31.127,91127.0,1:30.836,90836.0,+1.128,1128.0,+0.452,452.0,18.0
1080,2023,1,9,9.0,9,31,esteban-ocon,alpine,renault,pirelli,,,1:31.508,91508.0,1:30.914,90914.0,1:30.984,90984.0,+1.276,1276.0,+0.148,148.0,15.0
1080,2023,1,10,10.0,10,27,nico-hulkenberg,haas,ferrari,pirelli,,,1:31.204,91204.0,1:30.809,90809.0,,,,,,,17.0
1080,2023,1,11,11.0,11,4,lando-norris,mclaren,mercedes,pirelli,,,1:31.652,91652.0,1:31.381,91381.0,,,,,,,13.0
1080,2023,1,12,12.0,12,77,valtteri-bottas,alfa-romeo,ferrari,pirelli,,,1:31.504,91504.0,1:31.443,91443.0,,,,,,,12.0
1080,2023,1,13,13.0,13,24,guanyu-zhou,alfa-romeo,ferrari,pirelli,,,1:31.615,91615.0,1:31.473,91473.0,,,,,,,12.0
1080,2023,1,14,14.0,14,22,yuki-tsunoda,alphatauri,honda-rbpt,pirelli,,,1:31.400,91400.0,1:32.510,92510.0,,,,,,,15.0
1080,2023,1,15,15.0,15,23,alexander-albon,williams,mercedes,pirelli,,,1:31.461,91461.0,,,,,,,,,8.0
1080,2023,1,16,16.0,16,2,logan-sargeant,williams,mercedes,pirelli,,,1:31.652,91652.0,,,,,,,,,6.0
1080,2023,1,17,17.0,17,20,kevin-magnussen,haas,ferrari,pirelli,,,1:31.892,91892.0,,,,,,,,,6.0
1080,2023,1,18,18.0,18,81,oscar-piastri,mclaren,mercedes,pirelli,,,1:32.101,92101.0,,,,,,,,,7.0
1080,2023,1,19,19.0,19,21,nyck-de-vries,alphatauri,honda-rbpt,pirelli,,,1:32.121,92121.0,,,,,,,,,9.0
1080,2023,1,20,20.0,20,10,pierre-gasly,alpine,renault,pirelli,,,1:32.181,92181.0,,,,,,,,,6.0
1081,2023,2,1,1.0,1,11,sergio-perez,red-bull,honda-rbpt,pirelli,,,1:29.244,89244.0,1:28.635,88635.0,1:28.265,88265.0,,,,,18.0
1081,2023,2,2,2.0,2,16,charles-leclerc,ferrari,ferrari,pirelli,,,1:29.376,89376.0,1:28.903,88903.0,1:28.420,88420.0,+0.155,155.0,+0.155,155.0,19.0
1081,2023,2,3,3.0,3,14,fernando-alonso,aston-martin,mercedes,pirelli,,,1:29.298,89298.0,1:28.757,88757.0,1:28.730,88730.0,+0.465,465.0,+0.310,310.0,18.0
1081,2023,2,4,4.0,4,63,george-russell,mercedes,mercedes,pirelli,,,1:29.592,89592.0,1:29.132,89132.0,1:28.857,88857.0,+0.592,592.0,+0.127,127.0,21.0
1081,2023,2,5,5.0,5,55,carlos-sainz-jr,ferrari,ferrari,pirelli,,,1:29.411,89411.0,1:28.957,88957.0,1:28.931,88931.0,+0.666,666.0,+0.074,74.0,24.0
1081,2023,2,6,6.0,6,18,lance-stroll,aston-martin,mercedes,pirelli,,,1:29.335,89335.0,1:28.962,88962.0,1:28.945,88945.0,+0.680,680.0,+0.014,14.0,20.0
1081,2023,2,7,7.0,7,31,esteban-ocon,alpine,renault,pirelli,,,1:29.707,89707.0,1:29.255,89255.0,1:29.078,89078.0,+0.813,813.0,+0.133,133.0,24.0
1081,2023,2,8,8.0,8,44,lewis-hamilton,mercedes,mercedes,pirelli,,,1:29.689,89689.0,1:29.374,89374.0,1:29.223,89223.0,+0.958,958.0,+0.145,145.0,21.0
1081,2023,2,9,9.0,9,81,oscar-piastri,mclaren,mercedes,pirelli,,,1:29.706,89706.0,1:29.378,89378.0,1:29.243,89243.0,+0.978,978.0,+0.020,20.0,23.0
1081,2023,2,10,10.0,10,10,pierre-gasly,alpine,renault,pirelli,,,1:29.890,89890.0,1:29.411,89411.0,1:29.357,89357.0,+1.092,1092.0,+0.114,114.0,23.0
1081,2023,2,11,11.0,11,27,nico-hulkenberg,haas,ferrari,pirelli,,,1:29.547,89547.0,1:29.451,89451.0,,,,,,,18.0
1081,2023,2,12,12.0,12,24,guanyu-zhou,alfa-romeo,ferrari,pirelli,,,1:29.654,89654.0,1:29.461,89461.0,,,,,,,18.0
1081,2023,2,13,13.0,13,20,kevin-magnussen,haas,ferrari,pirelli,,,1:29.744,89744.0,1:29.634,89634.0,,,,,,,17.0
1081,2023,2,14,14.0,14,77,valtteri-bottas,alfa-romeo,ferrari,pirelli,,,1:29.929,89929.0,1:29.668,89668.0,,,,,,,18.0
1081,2023,2,15,15.0,15,1,max-verstappen,red-bull,honda-rbpt,pirelli,,,1:28.761,88761.0,1:49.953,109953.0,,,,,,,6.0
1081,2023,2,16,16.0,16,22,yuki-tsunoda,alphatauri,honda-rbpt,pirelli,,,1:29.939,89939.0,,,,,,,,,10.0
1081,2023,2,17,17.0,17,23,alexander-albon,williams,mercedes,pirelli,,,1:29.994,89994.0,,,,,,,,,9.0
1081,2023,2,18,18.0,18,21,nyck-de-vries,alphatauri,honda-rbpt,pirelli,,,1:30.244,90244.0,,,,,,,,,10.0
1081,2023,2,19,19.0,19,4,lando-norris,mclaren,mercedes,pirelli,,,1:30.447,90447.0,,,,,,,,,4.0
1081,2023,2,20,,NC,2,logan-sargeant,williams,mercedes,pirelli,,,2:08.510,128510.0,,,,,,,,,8.0
1082,2023,3,1,1.0,1,1,max-verstappen,red-bull,honda-rbpt,pirelli,,,1:17.384,77384.0,1:17.056,77056.0,1:16.732,76732.0,,,,,24.0
1082,2023,3,2,2.0,2,63,george-russell,mercedes,mercedes,pirelli,,,1:17.654,77654.0,1:17.513,77513.0,1:16.968,76968.0,+0.236,236.0,+0.236,236.0,29.0
1082,2023,3,3,3.0,3,44,lewis-hamilton,mercedes,mercedes,pirelli,,,1:17.689,77689.0,1:17.551,77551.0,1:17.104,77104.0,+0.372,372.0,+0.136,136.0,28.0
1082,2023,3,4,4.0,4,14,fernando-alonso,aston-martin,mercedes,pirelli,,,1:17.832,77832.0,1:17.283,77283.0,1:17.139,77139.0,+0.407,407.0,+0.035,35.0,26.0
1082,2023,3,5,5.0,5,55,carlos-sainz-jr,ferrari,ferrari,pirelli,,,1:17.928,77928.0,1:17.349,77349.0,1:17.270,77270.0,+0.538,538.0,+0.131,131.0,28.0
1082,2023,3,6,6.0,6,18,lance-stroll,aston-martin,mercedes,pirelli,,,1:17.873,77873.0,1:17.616,77616.0,1:17.308,77308.0,+0.576,576.0,+0.038,38.0,26.0
1082,2023,3,7,7.0,7,16,charles-leclerc,ferrari,ferrari,pirelli,,,1:18.218,78218.0,1:17.390,77390.0,1:17.369,77369.0,+0.637,637.0,+0.061,61.0,25.0
1082,2023,3,8,8.0,8,23,alexander-albon,williams,mercedes,pirelli,,,1:17.962,77962.0,1:17.761,77761.0,1:17.609,77609.0,+0.877,877.0,+0.240,240.0,27.0
1082,2023,3,9,9.0,9,10,pierre-gasly,alpine,renault,pirelli,,,1:18.312,78312.0,1:17.574,77574.0,1:17.675,77675.0,+0.943,943.0,+0.066,66.0,25.0
1082,2023,3,10,10.0,10,27,nico-hulkenberg,haas,ferrari,pirelli,,,1:18.029,78029.0,1:17.412,77412.0,1:17.735,77735.0,+1.003,1003.0,+0.060,60.0,26.0
1082,2023,3,11,11.0,11,31,esteban-ocon,alpine,renault,pirelli,,,1:17.770,77770.0,1:17.768,77768.0,,,,,,,18.0
1082,2023,3,12,12.0,12,22,yuki-tsunoda,alphatauri,honda-rbpt,pirelli,,,1:18.471,78471.0,1:18.099,78099.0,,,,,,,22.0
1082,2023,3,13,13.0,13,4,lando-norris,mclaren,mercedes,pirelli,,,1:18.243,78243.0,1:18.119,78119.0,,,,,,,24.0
1082,2023,3,14,14.0,14,20,kevin-magnussen,haas,ferrari,pirelli,,,1:18.159,78159.0,1:18.129,78129.0,,,,,,,18.0
1082,2023,3,15,15.0,15,21,nyck-de-vries,alphatauri,honda-rbpt,pirelli,,,1:18.450,78450.0,1:18.335,78335.0,,,,,,,23.0
1082,2023,3,16,16.0,16,81,oscar-piastri,mclaren,mercedes,pirelli,,,1:18.517,78517.0,,,,,,,,,12.0
1082,2023,3,17,17.0,17,24,guanyu-zhou,alfa-romeo,ferrari,pirelli,,,1:18.540,78540.0,,,,,,,,,12.0
1082,2023,3,18,18.0,18,2,logan-sargeant,williams,mercedes,pirelli,,,1:18.557,78557.0,,,,,,,,,12.0
1082,2023,3,19,19.0,19,77,valtteri-bottas,alfa-romeo,ferrari,pirelli,,,1:18.714,78714.0,,,,,,,,,12.0
1082,2023,3,20,,NC,11,sergio-perez,red-bull,honda-rbpt,pirelli,,,,,,,,,,,,,2.0
1083,2023,4,1,1.0,1,16,charles-leclerc,ferrari,ferrari,pirelli,,,1:41.269,101269.0,1:41.037,101037.0,1:40.203,100203.0,,,,,21.0
1083,2023,4,2,2.0,2,1,max-verstappen,red-bull,honda-rbpt,pirelli,,,1:41.398,101398.0,1:40.822,100822.0,1:40.391,100391.0,+0.188,188.0,+0.188,188.0,20.0
1083,2023,4,3,3.0,3,11,sergio-perez,red-bull,honda-rbpt,pirelli,,,1:41.756,101756.0,1:41.131,101131.0,1:40.495,100495.0,+0.292,292.0,+0.104,104.0,21.0
1083,2023,4,4,4.0,4,55,carlos-sainz-jr,ferrari,ferrari,pirelli,,,1:42.197,102197.0,1:41.369,101369.0,1:41.016,101016.0,+0.813,813.0,+0.521,521.0,24.0
1083,2023,4,5,5.0,5,44,lewis-hamilton,mercedes,mercedes,pirelli,,,1:42.113,102113.0,1:41.650,101650.0,1:41.177,101177.0,+0.974,974.0,+0.161,161.0,24.0
1083,2023,4,6,6.0,6,14,fernando-alonso,aston-martin,mercedes,pirelli,,,1:41.720,101720.0,1:41.370,101370.0,1:41.253,101253.0,+1.050,1050.0,+0.076,76.0,23.0
1083,2023,4,7,7.0,7,4,lando-norris,mclaren,mercedes,pirelli,,,1:42.154,102154.0,1:41.485,101485.0,1:41.281,101281.0,+1.078,1078.0,+0.028,28.0,20.0
1083,2023,4,8,8.0,8,22,yuki-tsunoda,alphatauri,honda-rbpt,pirelli,,,1:42.234,102234.0,1:41.569,101569.0,1:41.581,101581.0,+1.378,1378.0,+0.300,300.0,23.0
1083,2023,4,9,9.0,9,18,lance-stroll,aston-martin,mercedes,pirelli,,,1:42.524,102524.0,1:41.576,101576.0,1:41.611,101611.0,+1.408,1408.0,+0.030,30.0,23.0
1083,2023,4,10,10.0,10,81,oscar-piastri,mclaren,mercedes,pirelli,,,1:42.455,102455.0,1:41.636,101636.0,1:41.611,101611.0,+1.408,1408.0,+0.000,0.0,24.0
1083,2023,4,11,11.0,11,63,george-russell,mercedes,mercedes,pirelli,,,1:42.073,102073.0,1:41.654,101654.0,,,,,,,18.0
1083,2023,4,12,12.0,12,31,esteban-ocon,alpine,renault,pirelli,,,1:42.622,102622.0,1:41.798,101798.0,,,,,,,19.0
1083,2023,4,13,13.0,13,23,alexander-albon,williams,mercedes,pirelli,,,1:42.171,102171.0,1:41.818,101818.0,,,,,,,19.0
1083,2023,4,14,14.0,14,77,valtteri-bottas,alfa-romeo,ferrari,pirelli,,,1:42.582,102582.0,1:42.259,102259.0,,,,,,,19.0
1083,2023,4,15,15.0,15,2,logan-sargeant,williams,mercedes,pirelli,,,1:42.242,102242.0,1:42.395,102395.0,,,,,,,19.0
1083,2023,4,16,16.0,16,24,guanyu-zhou,alfa-romeo,ferrari,pirelli,,,1:42.642,102642.0,,,,,,,,,11.0
1083,2023,4,17,17.0,17,27,nico-hulkenberg,haas,ferrari,pirelli,,,1:42.755,102755.0,,,,,,,,,10.0
1083,2023,4,18,18.0,18,20,kevin-magnussen,haas,ferrari,pirelli,,,1:43.417,103417.0,,,,,,,,,9.0
1083,2023,4,19,19.0,19,10,pierre-gasly,alpine,renault,pirelli,,,1:44.853,104853.0,,,,,,,,,6.0
1083,2023,4,20,,NC,21,nyck-de-vries,alphatauri,honda-rbpt,pirelli,,,1:55.282,115282.0,,,,,,,,,3.0
1084,2023,5,1,1.0,1,11,sergio-perez,red-bull,honda-rbpt,pirelli,,,1:27.713,87713.0,1:27.328,87328.0,1:26.841,86841.0,,,,,20.0
1084,2023,5,2,2.0,2,14,fernando-alonso,aston-martin,mercedes,pirelli,,,1:28.179,88179.0,1:27.097,87097.0,1:27.202,87202.0,+0.361,361.0,+0.361,361.0,19.0
1084,2023,5,3,3.0,3,55,carlos-sainz-jr,ferrari,ferrari,pirelli,,,1:27.686,87686.0,1:27.148,87148.0,1:27.349,87349.0,+0.508,508.0,+0.147,147.0,18.0
1084,2023,5,4,4.0,4,20,kevin-magnussen,haas,ferrari,pirelli,,,1:27.809,87809.0,1:27.673,87673.0,1:27.767,87767.0,+0.926,926.0,+0.418,418.0,19.0
1084,2023,5,5,5.0,5,10,pierre-gasly,alpine,renault,pirelli,,,1:28.061,88061.0,1:27.612,87612.0,1:27.786,87786.0,+0.945,945.0,+0.019,19.0,20.0
1084,2023,5,6,6.0,6,63,george-russell,mercedes,mercedes,pirelli,,,1:28.086,88086.0,1:27.743,87743.0,1:27.804,87804.0,+0.963,963.0,+0.018,18.0,20.0
1084,2023,5,7,7.0,7,16,charles-leclerc,ferrari,ferrari,pirelli,,,1:27.713,87713.0,1:26.964,86964.0,1:27.861,87861.0,+1.020,1020.0,+0.057,57.0,19.0
1084,2023,5,8,8.0,8,31,esteban-ocon,alpine,renault,pirelli,,,1:27.872,87872.0,1:27.444,87444.0,1:27.935,87935.0,+1.094,1094.0,+0.074,74.0,20.0
1084,2023,5,9,9.0,9,1,max-verstappen,red-bull,honda-rbpt,pirelli,,,1:27.363,87363.0,1:26.814,86814.0,,,,,,,15.0
1084,2023,5,10,10.0,10,77,valtteri-bottas,alfa-romeo,ferrari,pirelli,,,1:27.864,87864.0,1:27.564,87564.0,,,,,,,15.0
1084,2023,5,11,11.0,11,23,alexander-albon,williams,mercedes,pirelli,,,1:28.234,88234.0,1:27.795,87795.0,,,,,,,15.0
1084,2023,5,12,12.0,12,27,nico-hulkenberg,haas,ferrari,pirelli,,,1:27.945,87945.0,1:27.903,87903.0,,,,,,,15.0
1084,2023,5,13,13.0,13,44,lewis-hamilton,mercedes,mercedes,pirelli,,,1:27.846,87846.0,1:27.975,87975.0,,,,,,,15.0
1084,2023,5,14,14.0,14,24,guanyu-zhou,alfa-romeo,ferrari,pirelli,,,1:28.180,88180.0,1:28.091,88091.0,,,,,,,17.0
1084,2023,5,15,15.0,15,21,nyck-de-vries,alphatauri,honda-rbpt,pirelli,,,1:28.325,88325.0,1:28.395,88395.0,,,,,,,16.0
1084,2023,5,16,16.0,16,4,lando-norris,mclaren,mercedes,pirelli,,,1:28.394,88394.0,,,,,,,,,8.0
1084,2023,5,17,17.0,17,22,yuki-tsunoda,alphatauri,honda-rbpt,pirelli,,,1:28.429,88429.0,,,,,,,,,10.0
1084,2023,5,18,18.0,18,18,lance-stroll,aston-martin,mercedes,pirelli,,,1:28.476,88476.0,,,,,,,,,8.0
1084,2023,5,19,19.0,19,81,oscar-piastri,mclaren,mercedes,pirelli,,,1:28.484,88484.0,,,,,,,,,9.0
1084,2023,5,20,20.0,20,2,logan-sargeant,williams,mercedes,pirelli,,,1:28.577,88577.0,,,,,,,,,10.0
1085,2023,6,1,1.0,1,1,max-verstappen,red-bull,honda-rbpt,pirelli,,,1:12.386,72386.0,1:11.908,71908.0,1:11.365,71365.0,,,,,30.0
1085,2023,6,2,2.0,2,14,fernando-alonso,aston-martin,mercedes,pirelli,,,1:12.886,72886.0,1:12.107,72107.0,1:11.449,71449.0,+0.084,84.0,+0.084,84.0,25.0
1085,2023,6,3,3.0,3,16,charles-leclerc,ferrari,ferrari,pirelli,,,1:12.912,72912.0,1:12.103,72103.0,1:11.471,71471.0,+0.106,106.0,+0.022,22.0,26.0
1085,2023,6,4,4.0,4,31,esteban-ocon,alpine,renault,pirelli,,,1:12.967,72967.0,1:12.248,72248.0,1:11.553,71553.0,+0.188,188.0,+0.082,82.0,26.0
1085,2023,6,5,5.0,5,55,carlos-sainz-jr,ferrari,ferrari,pirelli,,,1:12.717,72717.0,1:12.210,72210.0,1:11.630,71630.0,+0.265,265.0,+0.077,77.0,28.0
1085,2023,6,6,6.0,6,44,lewis-hamilton,mercedes,mercedes,pirelli,,,1:12.872,72872.0,1:12.156,72156.0,1:11.725,71725.0,+0.360,360.0,+0.095,95.0,30.0
1085,2023,6,7,7.0,7,10,pierre-gasly,alpine,renault,pirelli,,,1:13.033,73033.0,1:12.169,72169.0,1:11.933,71933.0,+0.568,568.0,+0.208,208.0,25.0
1085,2023,6,8,8.0,8,63,george-russell,mercedes,mercedes,pirelli,,,1:12.769,72769.0,1:12.151,72151.0,1:11.964,71964.0,+0.599,599.0,+0.031,31.0,29.0
1085,2023,6,9,9.0,9,22,yuki-tsunoda,alphatauri,honda-rbpt,pirelli,,,1:12.642,72642.0,1:12.249,72249.0,1:12.082,72082.0,+0.717,717.0,+0.118,118.0,29.0
1085,2023,6,10,10.0,10,4,lando-norris,mclaren,mercedes,pirelli,,,1:12.877,72877.0,1:12.377,72377.0,1:12.254,72254.0,+0.889,889.0,+0.172,172.0,23.0
1085,2023,6,11,11.0,11,81,oscar-piastri,mclaren,mercedes,pirelli,,,1:13.006,73006.0,1:12.395,72395.0,,,,,,,22.0
1085,2023,6,12,12.0,12,21,nyck-de-vries,alphatauri,honda-rbpt,pirelli,,,1:13.054,73054.0,1:12.428,72428.0,,,,,,,20.0
1085,2023,6,13,13.0,13,23,alexander-albon,williams,mercedes,pirelli,,,1:12.706,72706.0,1:12.527,72527.0,,,,,,,19.0
1085,2023,6,14,14.0,14,18,lance-stroll,aston-martin,mercedes,pirelli,,,1:12.722,72722.0,1:12.623,72623.0,,,,,,,19.0
1085,2023,6,15,15.0,15,77,valtteri-bottas,alfa-romeo,ferrari,pirelli,,,1:13.038,73038.0,1:12.625,72625.0,,,,,,,22.0
1085,2023,6,16,16.0,16,2,logan-sargeant,williams,mercedes,pirelli,,,1:13.113,73113.0,,,,,,,,,13.0
1085,2023,6,17,17.0,17,20,kevin-magnussen,haas,ferrari,pirelli,,,1:13.270,73270.0,,,,,,,,,9.0
1085,2023,6,18,18.0,18,27,nico-hulkenberg,haas,ferrari,pirelli,,,1:13.279,73279.0,,,,,,,,,8.0
1085,2023,6,19,19.0,19,24,guanyu-zhou,alfa-romeo,ferrari,pirelli,,,1:13.523,73523.0,,,,,,,,,13.0
1085,2023,6,20,20.0,20,11,sergio-perez,red-bull,honda-rbpt,pirelli,,,1:13.850,73850.0,,,,,,,,,4.0
1086,2023,7,1,1.0,1,1,max-verstappen,red-bull,honda-rbpt,pirelli,,,1:13.615,73615.0,1:12.760,72760.0,1:12.272,72272.0,,,,,20.0
1086,2023,7,2,2.0,2,55,carlos-sainz-jr,ferrari,ferrari,pirelli,,,1:13.411,73411.0,1:12.790,72790.0,1:12.734,72734.0,+0.462,462.0,+0.462,462.0,22.0
1086,2023,7,3,3.0,3,4,lando-norris,mclaren,mercedes,pirelli,,,1:13.295,73295.0,1:12.776,72776.0,1:12.792,72792.0,+0.520,520.0,+0.058,58.0,22.0
1086,2023,7,4,4.0,4,10,pierre-gasly,alpine,renault,pirelli,,,1:13.471,73471.0,1:13.186,73186.0,1:12.816,72816.0,+0.544,544.0,+0.024,24.0,21.0
1086,2023,7,5,5.0,5,44,lewis-hamilton,mercedes,mercedes,pirelli,,,1:12.937,72937.0,1:12.999,72999.0,1:12.818,72818.0,+0.546,546.0,+0.002,2.0,23.0
1086,2023,7,6,6.0,6,18,lance-stroll,aston-martin,mercedes,pirelli,,,1:13.766,73766.0,1:13.082,73082.0,1:12.994,72994.0,+0.722,722.0,+0.176,176.0,23.0
1086,2023,7,7,7.0,7,31,esteban-ocon,alpine,renault,pirelli,,,1:13.433,73433.0,1:13.001,73001.0,1:13.083,73083.0,+0.811,811.0,+0.089,89.0,21.0
1086,2023,7,8,8.0,8,27,nico-hulkenberg,haas,ferrari,pirelli,,,1:13.420,73420.0,1:13.283,73283.0,1:13.229,73229.0,+0.957,957.0,+0.146,146.0,18.0
1086,2023,7,9,9.0,9,14,fernando-alonso,aston-martin,mercedes,pirelli,,,1:13.747,73747.0,1:13.098,73098.0,1:13.507,73507.0,+1.235,1235.0,+0.278,278.0,18.0
1086,2023,7,10,10.0,10,81,oscar-piastri,mclaren,mercedes,pirelli,,,1:13.691,73691.0,1:13.059,73059.0,1:13.682,73682.0,+1.410,1410.0,+0.175,175.0,20.0
1086,2023,7,11,11.0,11,11,sergio-perez,red-bull,honda-rbpt,pirelli,,,1:13.874,73874.0,1:13.334,73334.0,,,,,,,17.0
1086,2023,7,12,12.0,12,63,george-russell,mercedes,mercedes,pirelli,,,1:13.326,73326.0,1:13.447,73447.0,,,,,,,18.0
1086,2023,7,13,13.0,13,24,guanyu-zhou,alfa-romeo,ferrari,pirelli,,,1:13.677,73677.0,1:13.521,73521.0,,,,,,,16.0
1086,2023,7,14,14.0,14,21,nyck-de-vries,alphatauri,honda-rbpt,pirelli,,,1:13.581,73581.0,1:14.083,74083.0,,,,,,,16.0
1086,2023,7,15,15.0,15,22,yuki-tsunoda,alphatauri,honda-rbpt,pirelli,,,1:13.862,73862.0,1:14.477,74477.0,,,,,,,19.0
1086,2023,7,16,16.0,16,77,valtteri-bottas,alfa-romeo,ferrari,pirelli,,,1:13.977,73977.0,,,,,,,,,10.0
1086,2023,7,17,17.0,17,20,kevin-magnussen,haas,ferrari,pirelli,,,1:14.042,74042.0,,,,,,,,,9.0
1086,2023,7,18,18.0,18,23,alexander-albon,williams,mercedes,pirelli,,,1:14.063,74063.0,,,,,,,,,8.0
1086,2023,7,19,19.0,19,16,charles-leclerc,ferrari,ferrari,pirelli,,,1:14.079,74079.0,,,,,,,,,10.0
1086,2023,7,20,20.0,20,2,logan-sargeant,williams,mercedes,pirelli,,,1:14.699,74699.0,,,,,,,,,6.0
1087,2023,8,1,1.0,1,1,max-verstappen,red-bull,honda-rbpt,pirelli,,,1:20.851,80851.0,1:19.092,79092.0,1:25.858,85858.0,,,,,26.0
1087,2023,8,2,2.0,2,27,nico-hulkenberg,haas,ferrari,pirelli,,,1:22.730,82730.0,1:20.305,80305.0,1:27.102,87102.0,+1.244,1244.0,+1.244,1244.0,25.0
1087,2023,8,3,3.0,3,14,fernando-alonso,aston-martin,mercedes,pirelli,,,1:21.481,81481.0,1:19.776,79776.0,1:27.286,87286.0,+1.428,1428.0,+0.184,184.0,25.0
1087,2023,8,4,4.0,4,44,lewis-hamilton,mercedes,mercedes,pirelli,,,1:21.554,81554.0,1:20.426,80426.0,1:27.627,87627.0,+1.769,1769.0,+0.341,341.0,26.0
1087,2023,8,5,5.0,5,63,george-russell,mercedes,mercedes,pirelli,,,1:21.798,81798.0,1:20.098,80098.0,1:27.893,87893.0,+2.035,2035.0,+0.266,266.0,25.0
1087,2023,8,6,6.0,6,31,esteban-ocon,alpine,renault,pirelli,,,1:22.114,82114.0,1:20.406,80406.0,1:27.945,87945.0,+2.087,2087.0,+0.052,52.0,25.0
1087,2023,8,7,7.0,7,4,lando-norris,mclaren,mercedes,pirelli,,,1:21.998,81998.0,1:19.347,79347.0,1:28.046,88046.0,+2.188,2188.0,+0.101,101.0,26.0
1087,2023,8,8,8.0,8,55,carlos-sainz-jr,ferrari,ferrari,pirelli,,,1:22.248,82248.0,1:19.856,79856.0,1:29.294,89294.0,+3.436,3436.0,+1.248,1248.0,26.0
1087,2023,8,9,9.0,9,81,oscar-piastri,mclaren,mercedes,pirelli,,,1:22.190,82190.0,1:19.659,79659.0,1:31.349,91349.0,+5.491,5491.0,+2.055,2055.0,24.0
1087,2023,8,10,10.0,10,23,alexander-albon,williams,mercedes,pirelli,,,1:21.938,81938.0,1:18.725,78725.0,,,,,,,24.0
1087,2023,8,11,11.0,11,16,charles-leclerc,ferrari,ferrari,pirelli,,,1:21.843,81843.0,1:20.615,80615.0,,,,,,,22.0
1087,2023,8,12,12.0,12,11,sergio-perez,red-bull,honda-rbpt,pirelli,,,1:22.151,82151.0,1:20.959,80959.0,,,,,,,23.0
1087,2023,8,13,13.0,13,18,lance-stroll,aston-martin,mercedes,pirelli,,,1:22.677,82677.0,1:21.484,81484.0,,,,,,,20.0
1087,2023,8,14,14.0,14,20,kevin-magnussen,haas,ferrari,pirelli,,,1:22.351,82351.0,1:21.678,81678.0,,,,,,,21.0
1087,2023,8,15,15.0,15,77,valtteri-bottas,alfa-romeo,ferrari,pirelli,,,1:22.332,82332.0,1:21.821,81821.0,,,,,,,24.0
1087,2023,8,16,16.0,16,22,yuki-tsunoda,alphatauri,honda-rbpt,pirelli,,,1:22.746,82746.0,,,,,,,,,11.0
1087,2023,8,17,17.0,17,10,pierre-gasly,alpine,renault,pirelli,,,1:22.886,82886.0,,,,,,,,,11.0
1087,2023,8,18,18.0,18,21,nyck-de-vries,alphatauri,honda-rbpt,pirelli,,,1:23.137,83137.0,,,,,,,,,12.0
1087,2023,8,19,19.0,19,2,logan-sargeant,williams,mercedes,pirelli,,,1:23.337,83337.0,,,,,,,,,14.0
1087,2023,8,20,20.0,20,24,guanyu-zhou,alfa-romeo,ferrari,pirelli,,,1:23.342,83342.0,,,,,,,,,11.0
1088,2023,9,1,1.0,1,1,max-verstappen,red-bull,honda-rbpt,pirelli,,,1:05.116,65116.0,1:04.951,64951.0,1:04.391,64391.0,,,,,24.0
1088,2023,9,2,2.0,2,16,charles-leclerc,ferrari,ferrari,pirelli,,,1:05.577,65577.0,1:05.087,65087.0,1:04.439,64439.0,+0.048,48.0,+0.048,48.0,26.0
1088,2023,9,3,3.0,3,55,carlos-sainz-jr,ferrari,ferrari,pirelli,,,1:05.339,65339.0,1:04.975,64975.0,1:04.581,64581.0,+0.190,190.0,+0.142,142.0,25.0
1088,2023,9,4,4.0,4,4,lando-norris,mclaren,mercedes,pirelli,,,1:05.617,65617.0,1:05.038,65038.0,1:04.658,64658.0,+0.267,267.0,+0.077,77.0,23.0
1088,2023,9,5,5.0,5,44,lewis-hamilton,mercedes,mercedes,pirelli,,,1:05.673,65673.0,1:05.188,65188.0,1:04.819,64819.0,+0.428,428.0,+0.161,161.0,25.0
1088,2023,9,6,6.0,6,18,lance-stroll,aston-martin,mercedes,pirelli,,,1:05.710,65710.0,1:05.121,65121.0,1:04.893,64893.0,+0.502,502.0,+0.074,74.0,25.0
1088,2023,9,7,7.0,7,14,fernando-alonso,aston-martin,mercedes,pirelli,,,1:05.655,65655.0,1:05.181,65181.0,1:04.911,64911.0,+0.520,520.0,+0.018,18.0,27.0
1088,2023,9,8,8.0,8,27,nico-hulkenberg,haas,ferrari,pirelli,,,1:05.740,65740.0,1:05.362,65362.0,1:05.090,65090.0,+0.699,699.0,+0.179,179.0,24.0
1088,2023,9,9,9.0,9,10,pierre-gasly,alpine,renault,pirelli,,,1:05.515,65515.0,1:05.308,65308.0,1:05.170,65170.0,+0.779,779.0,+0.080,80.0,21.0
1088,2023,9,10,10.0,10,23,alexander-albon,williams,mercedes,pirelli,,,1:05.673,65673.0,1:05.387,65387.0,1:05.823,65823.0,+1.432,1432.0,+0.653,653.0,21.0
1088,2023,9,11,11.0,11,63,george-russell,mercedes,mercedes,pirelli,,,1:05.686,65686.0,1:05.428,65428.0,,,,,,,21.0
1088,2023,9,12,12.0,12,31,esteban-ocon,alpine,renault,pirelli,,,1:05.729,65729.0,1:05.453,65453.0,,,,,,,15.0
1088,2023,9,13,13.0,13,81,oscar-piastri,mclaren,mercedes,pirelli,,,1:05.683,65683.0,1:05.605,65605.0,,,,,,,19.0
1088,2023,9,14,14.0,14,77,valtteri-bottas,alfa-romeo,ferrari,pirelli,,,1:05.763,65763.0,1:05.680,65680.0,,,,,,,14.0
1088,2023,9,15,15.0,15,11,sergio-perez,red-bull,honda-rbpt,pirelli,,,1:05.177,65177.0,2:06.688,126688.0,,,,,,,19.0
1088,2023,9,16,16.0,16,22,yuki-tsunoda,alphatauri,honda-rbpt,pirelli,,,1:05.784,65784.0,,,,,,,,,10.0
1088,2023,9,17,17.0,17,24,guanyu-zhou,alfa-romeo,ferrari,pirelli,,,1:05.818,65818.0,,,,,,,,,9.0
1088,2023,9,18,18.0,18,2,logan-sargeant,williams,mercedes,pirelli,,,1:05.948,65948.0,,,,,,,,,9.0
1088,2023,9,19,19.0,19,20,kevin-magnussen,haas,ferrari,pirelli,,,1:05.971,65971.0,,,,,,,,,10.0
1088,2023,9,20,20.0,20,21,nyck-de-vries,alphatauri,honda-rbpt,pirelli,,,1:05.974,65974.0,,,,,,,,,10.0
1089,2023,10,1,1.0,1,1,max-verstappen,red-bull,honda-rbpt,pirelli,,,1:29.428,89428.0,1:27.702,87702.0,1:26.720,86720.0,,,,,26.0
1089,2023,10,2,2.0,2,4,lando-norris,mclaren,mercedes,pirelli,,,1:28.917,88917.0,1:28.042,88042.0,1:26.961,86961.0,+0.241,241.0,+0.241,241.0,26.0
1089,2023,10,3,3.0,3,81,oscar-piastri,mclaren,mercedes,pirelli,,,1:29.874,89874.0,1:27.845,87845.0,1:27.092,87092.0,+0.372,372.0,+0.131,131.0,26.0
1089,2023,10,4,4.0,4,16,charles-leclerc,ferrari,ferrari,pirelli,,,1:29.143,89143.0,1:28.361,88361.0,1:27.136,87136.0,+0.416,416.0,+0.044,44.0,25.0
1089,2023,10,5,5.0,5,55,carlos-sainz-jr,ferrari,ferrari,pirelli,,,1:29.865,89865.0,1:28.265,88265.0,1:27.148,87148.0,+0.428,428.0,+0.012,12.0,26.0
1089,2023,10,6,6.0,6,63,george-russell,mercedes,mercedes,pirelli,,,1:29.412,89412.0,1:28.782,88782.0,1:27.155,87155.0,+0.435,435.0,+0.007,7.0,24.0
1089,2023,10,7,7.0,7,44,lewis-hamilton,mercedes,mercedes,pirelli,,,1:29.415,89415.0,1:28.545,88545.0,1:27.211,87211.0,+0.491,491.0,+0.056,56.0,25.0
1089,2023,10,8,8.0,8,23,alexander-albon,williams,mercedes,pirelli,,,1:29.466,89466.0,1:28.067,88067.0,1:27.530,87530.0,+0.810,810.0,+0.319,319.0,25.0
1089,2023,10,9,9.0,9,14,fernando-alonso,aston-martin,mercedes,pirelli,,,1:29.949,89949.0,1:28.368,88368.0,1:27.659,87659.0,+0.939,939.0,+0.129,129.0,24.0
1089,2023,10,10,10.0,10,10,pierre-gasly,alpine,renault,pirelli,,,1:29.533,89533.0,1:28.751,88751.0,1:27.689,87689.0,+0.969,969.0,+0.030,30.0,24.0
1089,2023,10,11,11.0,11,27,nico-hulkenberg,haas,ferrari,pirelli,,,1:29.603,89603.0,1:28.896,88896.0,,,,,,,17.0
1089,2023,10,12,12.0,12,18,lance-stroll,aston-martin,mercedes,pirelli,,,1:29.448,89448.0,1:28.935,88935.0,,,,,,,19.0
1089,2023,10,13,13.0,13,31,esteban-ocon,alpine,renault,pirelli,,,1:29.700,89700.0,1:28.956,88956.0,,,,,,,18.0
1089,2023,10,14,14.0,14,2,logan-sargeant,williams,mercedes,pirelli,,,1:29.873,89873.0,1:29.031,89031.0,,,,,,,19.0
1089,2023,10,15,,NC,77,valtteri-bottas,alfa-romeo,ferrari,pirelli,,,1:29.798,89798.0,,,,,,,,,11.0
1089,2023,10,16,15.0,15,11,sergio-perez,red-bull,honda-rbpt,pirelli,,,1:29.968,89968.0,,,,,,,,,11.0
1089,2023,10,17,16.0,16,22,yuki-tsunoda,alphatauri,honda-rbpt,pirelli,,,1:30.025,90025.0,,,,,,,,,11.0
1089,2023,10,18,17.0,17,24,guanyu-zhou,alfa-romeo,ferrari,pirelli,,,1:30.123,90123.0,,,,,,,,,11.0
1089,2023,10,19,18.0,18,21,nyck-de-vries,alphatauri,honda-rbpt,pirelli,,,1:30.513,90513.0,,,,,,,,,11.0
1089,2023,10,20,19.0,19,20,kevin-magnussen,haas,ferrari,pirelli,,,1:32.378,92378.0,,,,,,,,,7.0
1089,2023,10,21,,DSQ,77,valtteri-bottas,alfa-romeo,ferrari,pirelli,,,,,,,,,,,,,
1090,2023,11,1,1.0,1,44,lewis-hamilton,mercedes,mercedes,pirelli,,,1:18.577,78577.0,1:17.427,77427.0,1:16.609,76609.0,,,,,20.0
1090,2023,11,2,2.0,2,1,max-verstappen,red-bull,honda-rbpt,pirelli,,,1:18.318,78318.0,1:17.547,77547.0,1:16.612,76612.0,+0.003,3.0,+0.003,3.0,21.0
1090,2023,11,3,3.0,3,4,lando-norris,mclaren,mercedes,pirelli,,,1:18.697,78697.0,1:17.328,77328.0,1:16.694,76694.0,+0.085,85.0,+0.082,82.0,20.0
1090,2023,11,4,4.0,4,81,oscar-piastri,mclaren,mercedes,pirelli,,,1:18.464,78464.0,1:17.571,77571.0,1:16.905,76905.0,+0.296,296.0,+0.211,211.0,20.0
1090,2023,11,5,5.0,5,24,guanyu-zhou,alfa-romeo,ferrari,pirelli,,,1:18.143,78143.0,1:17.700,77700.0,1:16.971,76971.0,+0.362,362.0,+0.066,66.0,22.0
1090,2023,11,6,6.0,6,16,charles-leclerc,ferrari,ferrari,pirelli,,,1:18.440,78440.0,1:17.580,77580.0,1:16.992,76992.0,+0.383,383.0,+0.021,21.0,21.0
1090,2023,11,7,7.0,7,77,valtteri-bottas,alfa-romeo,ferrari,pirelli,,,1:18.775,78775.0,1:17.563,77563.0,1:17.034,77034.0,+0.425,425.0,+0.042,42.0,20.0
1090,2023,11,8,8.0,8,14,fernando-alonso,aston-martin,mercedes,pirelli,,,1:18.580,78580.0,1:17.701,77701.0,1:17.035,77035.0,+0.426,426.0,+0.001,1.0,21.0
1090,2023,11,9,9.0,9,11,sergio-perez,red-bull,honda-rbpt,pirelli,,,1:18.360,78360.0,1:17.675,77675.0,1:17.045,77045.0,+0.436,436.0,+0.010,10.0,23.0
1090,2023,11,10,10.0,10,27,nico-hulkenberg,haas,ferrari,pirelli,,,1:18.695,78695.0,1:17.652,77652.0,1:17.186,77186.0,+0.577,577.0,+0.141,141.0,20.0
1090,2023,11,11,11.0,11,55,carlos-sainz-jr,ferrari,ferrari,pirelli,,,1:18.393,78393.0,1:17.703,77703.0,,,,,,,15.0
1090,2023,11,12,12.0,12,31,esteban-ocon,alpine,renault,pirelli,,,1:18.854,78854.0,1:17.841,77841.0,,,,,,,16.0
1090,2023,11,13,13.0,13,3,daniel-ricciardo,alphatauri,honda-rbpt,pirelli,,,1:18.906,78906.0,1:18.002,78002.0,,,,,,,15.0
1090,2023,11,14,14.0,14,18,lance-stroll,aston-martin,mercedes,pirelli,,,1:18.782,78782.0,1:18.144,78144.0,,,,,,,18.0
1090,2023,11,15,15.0,15,10,pierre-gasly,alpine,renault,pirelli,,,1:18.743,78743.0,1:18.217,78217.0,,,,,,,16.0
1090,2023,11,16,16.0,16,23,alexander-albon,williams,mercedes,pirelli,,,1:18.917,78917.0,,,,,,,,,8.0
1090,2023,11,17,17.0,17,22,yuki-tsunoda,alphatauri,honda-rbpt,pirelli,,,1:18.919,78919.0,,,,,,,,,9.0
1090,2023,11,18,18.0,18,63,george-russell,mercedes,mercedes,pirelli,,,1:19.027,79027.0,,,,,,,,,9.0
1090,2023,11,19,19.0,19,20,kevin-magnussen,haas,ferrari,pirelli,,,1:19.206,79206.0,,,,,,,,,8.0
1090,2023,11,20,20.0,20,2,logan-sargeant,williams,mercedes,pirelli,,,1:19.248,79248.0,,,,,,,,,8.0
1091,2023,12,1,1.0,1,1,max-verstappen,red-bull,honda-rbpt,pirelli,,,1:58.515,118515.0,1:52.784,112784.0,1:46.168,106168.0,,,,,22.0
1091,2023,12,2,2.0,2,16,charles-leclerc,ferrari,ferrari,pirelli,,,1:58.300,118300.0,1:52.017,112017.0,1:46.988,106988.0,+0.820,820.0,+0.820,820.0,23.0
1091,2023,12,3,3.0,3,11,sergio-perez,red-bull,honda-rbpt,pirelli,,,1:58.899,118899.0,1:52.353,112353.0,1:47.045,107045.0,+0.877,877.0,+0.057,57.0,22.0
1091,2023,12,4,4.0,4,44,lewis-hamilton,mercedes,mercedes,pirelli,,,1:58.563,118563.0,1:52.345,112345.0,1:47.087,107087.0,+0.919,919.0,+0.042,42.0,24.0
1091,2023,12,5,5.0,5,55,carlos-sainz-jr,ferrari,ferrari,pirelli,,,1:58.688,118688.0,1:51.711,111711.0,1:47.152,107152.0,+0.984,984.0,+0.065,65.0,23.0
1091,2023,12,6,6.0,6,81,oscar-piastri,mclaren,mercedes,pirelli,,,1:58.872,118872.0,1:51.534,111534.0,1:47.365,107365.0,+1.197,1197.0,+0.213,213.0,23.0
1091,2023,12,7,7.0,7,4,lando-norris,mclaren,mercedes,pirelli,,,1:59.981,119981.0,1:52.252,112252.0,1:47.669,107669.0,+1.501,1501.0,+0.304,304.0,21.0
1091,2023,12,8,8.0,8,63,george-russell,mercedes,mercedes,pirelli,,,1:59.035,119035.0,1:52.605,112605.0,1:47.805,107805.0,+1.637,1637.0,+0.136,136.0,24.0
1091,2023,12,9,9.0,9,14,fernando-alonso,aston-martin,mercedes,pirelli,,,1:58.834,118834.0,1:52.751,112751.0,1:47.843,107843.0,+1.675,1675.0,+0.038,38.0,22.0
1091,2023,12,10,10.0,10,18,lance-stroll,aston-martin,mercedes,pirelli,,,1:59.663,119663.0,1:52.193,112193.0,1:48.841,108841.0,+2.673,2673.0,+0.998,998.0,22.0
1091,2023,12,11,11.0,11,22,yuki-tsunoda,alphatauri,honda-rbpt,pirelli,,,1:59.044,119044.0,1:53.148,113148.0,,,,,,,15.0
1091,2023,12,12,12.0,12,10,pierre-gasly,alpine,renault,pirelli,,,1:59.511,119511.0,1:53.671,113671.0,,,,,,,17.0
1091,2023,12,13,13.0,13,20,kevin-magnussen,haas,ferrari,pirelli,,,2:00.020,120020.0,1:54.160,114160.0,,,,,,,17.0
1091,2023,12,14,14.0,14,77,valtteri-bottas,alfa-romeo,ferrari,pirelli,,,1:59.484,119484.0,1:54.694,114694.0,,,,,,,17.0
1091,2023,12,15,15.0,15,31,esteban-ocon,alpine,renault,pirelli,,,1:59.634,119634.0,1:56.372,116372.0,,,,,,,13.0
1091,2023,12,16,16.0,16,23,alexander-albon,williams,mercedes,pirelli,,,2:00.314,120314.0,,,,,,,,,8.0
1091,2023,12,17,17.0,17,24,guanyu-zhou,alfa-romeo,ferrari,pirelli,,,2:00.832,120832.0,,,,,,,,,9.0
1091,2023,12,18,18.0,18,2,logan-sargeant,williams,mercedes,pirelli,,,2:01.535,121535.0,,,,,,,,,6.0
1091,2023,12,19,19.0,19,3,daniel-ricciardo,alphatauri,honda-rbpt,pirelli,,,2:02.159,122159.0,,,,,,,,,8.0
1091,2023,12,20,20.0,20,27,nico-hulkenberg,haas,ferrari,pirelli,,,2:03.166,123166.0,,,,,,,,,5.0
1092,2023,13,1,1.0,1,1,max-verstappen,red-bull,honda-rbpt,pirelli,,,1:20.965,80965.0,1:18.856,78856.0,1:10.567,70567.0,,,,,31.0
1092,2023,13,2,2.0,2,4,lando-norris,mclaren,mercedes,pirelli,,,1:21.276,81276.0,1:19.769,79769.0,1:11.104,71104.0,+0.537,537.0,+0.537,537.0,30.0
1092,2023,13,3,3.0,3,63,george-russell,mercedes,mercedes,pirelli,,,1:21.345,81345.0,1:19.620,79620.0,1:11.294,71294.0,+0.727,727.0,+0.190,190.0,32.0
1092,2023,13,4,4.0,4,23,alexander-albon,williams,mercedes,pirelli,,,1:20.939,80939.0,1:19.399,79399.0,1:11.419,71419.0,+0.852,852.0,+0.125,125.0,32.0
1092,2023,13,5,5.0,5,14,fernando-alonso,aston-martin,mercedes,pirelli,,,1:21.840,81840.0,1:19.429,79429.0,1:11.506,71506.0,+0.939,939.0,+0.087,87.0,30.0
1092,2023,13,6,6.0,6,55,carlos-sainz-jr,ferrari,ferrari,pirelli,,,1:21.321,81321.0,1:19.929,79929.0,1:11.754,71754.0,+1.187,1187.0,+0.248,248.0,32.0
1092,2023,13,7,7.0,7,11,sergio-perez,red-bull,honda-rbpt,pirelli,,,1:21.972,81972.0,1:19.856,79856.0,1:11.880,71880.0,+1.313,1313.0,+0.126,126.0,33.0
1092,2023,13,8,8.0,8,81,oscar-piastri,mclaren,mercedes,pirelli,,,1:21.231,81231.0,1:19.392,79392.0,1:11.938,71938.0,+1.371,1371.0,+0.058,58.0,31.0
1092,2023,13,9,9.0,9,16,charles-leclerc,ferrari,ferrari,pirelli,,,1:22.019,82019.0,1:19.600,79600.0,1:12.665,72665.0,+2.098,2098.0,+0.727,727.0,27.0
1092,2023,13,10,10.0,10,2,logan-sargeant,williams,mercedes,pirelli,,,1:22.036,82036.0,1:20.067,80067.0,1:16.748,76748.0,+6.181,6181.0,+4.083,4083.0,27.0
1092,2023,13,11,11.0,11,18,lance-stroll,aston-martin,mercedes,pirelli,,,1:21.570,81570.0,1:20.121,80121.0,,,,,,,22.0
1092,2023,13,12,12.0,12,10,pierre-gasly,alpine,renault,pirelli,,,1:21.735,81735.0,1:20.128,80128.0,,,,,,,21.0
1092,2023,13,13,13.0,13,44,lewis-hamilton,mercedes,mercedes,pirelli,,,1:21.919,81919.0,1:20.151,80151.0,,,,,,,23.0
1092,2023,13,14,14.0,14,22,yuki-tsunoda,alphatauri,honda-rbpt,pirelli,,,1:21.781,81781.0,1:20.230,80230.0,,,,,,,22.0
1092,2023,13,15,15.0,15,27,nico-hulkenberg,haas,ferrari,pirelli,,,1:21.891,81891.0,1:20.250,80250.0,,,,,,,20.0
1092,2023,13,16,16.0,16,24,guanyu-zhou,alfa-romeo,ferrari,pirelli,,,1:22.067,82067.0,,,,,,,,,12.0
1092,2023,13,17,17.0,17,31,esteban-ocon,alpine,renault,pirelli,,,1:22.110,82110.0,,,,,,,,,12.0
1092,2023,13,18,18.0,18,20,kevin-magnussen,haas,ferrari,pirelli,,,1:22.192,82192.0,,,,,,,,,11.0
1092,2023,13,19,19.0,19,77,valtteri-bottas,alfa-romeo,ferrari,pirelli,,,1:22.260,82260.0,,,,,,,,,12.0
1092,2023,13,20,20.0,20,40,liam-lawson,alphatauri,honda-rbpt,pirelli,,,1:23.420,83420.0,,,,,,,,,12.0
1093,2023,14,1,1.0,1,55,carlos-sainz-jr,ferrari,ferrari,pirelli,,,1:21.965,81965.0,1:20.991,80991.0,1:20.294,80294.0,,,,,20.0
1093,2023,14,2,2.0,2,1,max-verstappen,red-bull,honda-rbpt,pirelli,,,1:21.573,81573.0,1:20.937,80937.0,1:20.307,80307.0,+0.013,13.0,+0.013,13.0,21.0
1093,2023,14,3,3.0,3,16,charles-leclerc,ferrari,ferrari,pirelli,,,1:21.788,81788.0,1:20.977,80977.0,1:20.361,80361.0,+0.067,67.0,+0.054,54.0,21.0
1093,2023,14,4,4.0,4,63,george-russell,mercedes,mercedes,pirelli,,,1:22.148,82148.0,1:21.382,81382.0,1:20.671,80671.0,+0.377,377.0,+0.310,310.0,21.0
1093,2023,14,5,5.0,5,11,sergio-perez,red-bull,honda-rbpt,pirelli,,,1:21.911,81911.0,1:21.240,81240.0,1:20.688,80688.0,+0.394,394.0,+0.017,17.0,21.0
1093,2023,14,6,6.0,6,23,alexander-albon,williams,mercedes,pirelli,,,1:21.661,81661.0,1:21.272,81272.0,1:20.760,80760.0,+0.466,466.0,+0.072,72.0,21.0
1093,2023,14,7,7.0,7,81,oscar-piastri,mclaren,mercedes,pirelli,,,1:22.106,82106.0,1:21.527,81527.0,1:20.785,80785.0,+0.491,491.0,+0.025,25.0,24.0
1093,2023,14,8,8.0,8,44,lewis-hamilton,mercedes,mercedes,pirelli,,,1:21.977,81977.0,1:21.369,81369.0,1:20.820,80820.0,+0.526,526.0,+0.035,35.0,21.0
1093,2023,14,9,9.0,9,4,lando-norris,mclaren,mercedes,pirelli,,,1:21.995,81995.0,1:21.581,81581.0,1:20.979,80979.0,+0.685,685.0,+0.159,159.0,23.0
1093,2023,14,10,10.0,10,14,fernando-alonso,aston-martin,mercedes,pirelli,,,1:22.043,82043.0,1:21.543,81543.0,1:21.417,81417.0,+1.123,1123.0,+0.438,438.0,19.0
1093,2023,14,11,11.0,11,22,yuki-tsunoda,alphatauri,honda-rbpt,pirelli,,,1:21.852,81852.0,1:21.594,81594.0,,,,,,,15.0
1093,2023,14,12,12.0,12,40,liam-lawson,alphatauri,honda-rbpt,pirelli,,,1:22.112,82112.0,1:21.758,81758.0,,,,,,,15.0
1093,2023,14,13,13.0,13,27,nico-hulkenberg,haas,ferrari,pirelli,,,1:22.343,82343.0,1:21.776,81776.0,,,,,,,16.0
1093,2023,14,14,14.0,14,77,valtteri-bottas,alfa-romeo,ferrari,pirelli,,,1:22.249,82249.0,1:21.940,81940.0,,,,,,,14.0
1093,2023,14,15,15.0,15,2,logan-sargeant,williams,mercedes,pirelli,,,1:21.930,81930.0,1:21.944,81944.0,,,,,,,15.0
1093,2023,14,16,16.0,16,24,guanyu-zhou,alfa-romeo,ferrari,pirelli,,,1:22.390,82390.0,,,,,,,,,8.0
1093,2023,14,17,17.0,17,10,pierre-gasly,alpine,renault,pirelli,,,1:22.545,82545.0,,,,,,,,,7.0
1093,2023,14,18,18.0,18,31,esteban-ocon,alpine,renault,pirelli,,,1:22.548,82548.0,,,,,,,,,8.0
1093,2023,14,19,19.0,19,20,kevin-magnussen,haas,ferrari,pirelli,,,1:22.592,82592.0,,,,,,,,,8.0
1093,2023,14,20,20.0,20,18,lance-stroll,aston-martin,mercedes,pirelli,,,1:22.860,82860.0,,,,,,,,,9.0
1094,2023,15,1,1.0,1,55,carlos-sainz-jr,ferrari,ferrari,pirelli,,,1:32.339,92339.0,1:31.439,91439.0,1:30.984,90984.0,,,,,20.0
1094,2023,15,2,2.0,2,63,george-russell,mercedes,mercedes,pirelli,,,1:32.331,92331.0,1:31.743,91743.0,1:31.056,91056.0,+0.072,72.0,+0.072,72.0,17.0
1094,2023,15,3,3.0,3,16,charles-leclerc,ferrari,ferrari,pirelli,,,1:32.406,92406.0,1:32.012,92012.0,1:31.063,91063.0,+0.079,79.0,+0.007,7.0,21.0
1094,2023,15,4,4.0,4,4,lando-norris,mclaren,mercedes,pirelli,,,1:32.483,92483.0,1:31.951,91951.0,1:31.270,91270.0,+0.286,286.0,+0.207,207.0,20.0
1094,2023,15,5,5.0,5,44,lewis-hamilton,mercedes,mercedes,pirelli,,,1:32.651,92651.0,1:32.019,92019.0,1:31.485,91485.0,+0.501,501.0,+0.215,215.0,16.0
1094,2023,15,6,6.0,6,20,kevin-magnussen,haas,ferrari,pirelli,,,1:32.242,92242.0,1:31.892,91892.0,1:31.575,91575.0,+0.591,591.0,+0.090,90.0,21.0
1094,2023,15,7,7.0,7,14,fernando-alonso,aston-martin,mercedes,pirelli,,,1:32.584,92584.0,1:31.835,91835.0,1:31.615,91615.0,+0.631,631.0,+0.040,40.0,17.0
1094,2023,15,8,8.0,8,31,esteban-ocon,alpine,renault,pirelli,,,1:32.369,92369.0,1:32.089,92089.0,1:31.673,91673.0,+0.689,689.0,+0.058,58.0,18.0
1094,2023,15,9,9.0,9,27,nico-hulkenberg,haas,ferrari,pirelli,,,1:32.100,92100.0,1:31.994,91994.0,1:31.808,91808.0,+0.824,824.0,+0.135,135.0,21.0
1094,2023,15,10,10.0,10,40,liam-lawson,alphatauri,honda-rbpt,pirelli,,,1:32.215,92215.0,1:32.166,92166.0,1:32.268,92268.0,+1.284,1284.0,+0.460,460.0,21.0
1094,2023,15,11,11.0,11,1,max-verstappen,red-bull,honda-rbpt,pirelli,,,1:32.398,92398.0,1:32.173,92173.0,,,,,,,14.0
1094,2023,15,12,12.0,12,10,pierre-gasly,alpine,renault,pirelli,,,1:32.452,92452.0,1:32.274,92274.0,,,,,,,12.0
1094,2023,15,13,13.0,13,11,sergio-perez,red-bull,honda-rbpt,pirelli,,,1:32.099,92099.0,1:32.310,92310.0,,,,,,,13.0
1094,2023,15,14,14.0,14,23,alexander-albon,williams,mercedes,pirelli,,,1:32.668,92668.0,1:33.719,93719.0,,,,,,,12.0
1094,2023,15,15,15.0,15,22,yuki-tsunoda,alphatauri,honda-rbpt,pirelli,,,1:31.991,91991.0,,,,,,,,,10.0
1094,2023,15,16,16.0,16,77,valtteri-bottas,alfa-romeo,ferrari,pirelli,,,1:32.809,92809.0,,,,,,,,,9.0
1094,2023,15,17,17.0,17,81,oscar-piastri,mclaren,mercedes,pirelli,,,1:32.902,92902.0,,,,,,,,,9.0
1094,2023,15,18,18.0,18,2,logan-sargeant,williams,mercedes,pirelli,,,1:33.252,93252.0,,,,,,,,,9.0
1094,2023,15,19,19.0,19,24,guanyu-zhou,alfa-romeo,ferrari,pirelli,,,1:33.258,93258.0,,,,,,,,,9.0
1094,2023,15,20,20.0,20,18,lance-stroll,aston-martin,mercedes,pirelli,,,1:33.397,93397.0,,,,,,,,,8.0
1095,2023,16,1,1.0,1,1,max-verstappen,red-bull,honda-rbpt,pirelli,,,1:29.878,89878.0,1:29.964,89964.0,1:28.877,88877.0,,,,,12.0
1095,2023,16,2,2.0,2,81,oscar-piastri,mclaren,mercedes,pirelli,,,1:30.439,90439.0,1:30.122,90122.0,1:29.458,89458.0,+0.581,581.0,+0.581,581.0,14.0
1095,2023,16,3,3.0,3,4,lando-norris,mclaren,mercedes,pirelli,,,1:30.063,90063.0,1:30.296,90296.0,1:29.493,89493.0,+0.616,616.0,+0.035,35.0,12.0
1095,2023,16,4,4.0,4,16,charles-leclerc,ferrari,ferrari,pirelli,,,1:30.393,90393.0,1:29.940,89940.0,1:29.542,89542.0,+0.665,665.0,+0.049,49.0,14.0
1095,2023,16,5,5.0,5,11,sergio-perez,red-bull,honda-rbpt,pirelli,,,1:30.652,90652.0,1:29.965,89965.0,1:29.650,89650.0,+0.773,773.0,+0.108,108.0,18.0
1095,2023,16,6,6.0,6,55,carlos-sainz-jr,ferrari,ferrari,pirelli,,,1:30.651,90651.0,1:30.067,90067.0,1:29.850,89850.0,+0.973,973.0,+0.200,200.0,14.0
1095,2023,16,7,7.0,7,44,lewis-hamilton,mercedes,mercedes,pirelli,,,1:30.811,90811.0,1:30.040,90040.0,1:29.908,89908.0,+1.031,1031.0,+0.058,58.0,18.0
1095,2023,16,8,8.0,8,63,george-russell,mercedes,mercedes,pirelli,,,1:30.811,90811.0,1:30.268,90268.0,1:30.219,90219.0,+1.342,1342.0,+0.311,311.0,15.0
1095,2023,16,9,9.0,9,22,yuki-tsunoda,alphatauri,honda-rbpt,pirelli,,,1:30.733,90733.0,1:30.204,90204.0,1:30.303,90303.0,+1.426,1426.0,+0.084,84.0,18.0
1095,2023,16,10,10.0,10,14,fernando-alonso,aston-martin,mercedes,pirelli,,,1:30.971,90971.0,1:30.465,90465.0,1:30.560,90560.0,+1.683,1683.0,+0.257,257.0,15.0
1095,2023,16,11,11.0,11,40,liam-lawson,alphatauri,honda-rbpt,pirelli,,,1:30.425,90425.0,1:30.508,90508.0,,,,,,,16.0
1095,2023,16,12,12.0,12,10,pierre-gasly,alpine,renault,pirelli,,,1:30.843,90843.0,1:30.509,90509.0,,,,,,,12.0
1095,2023,16,13,13.0,13,23,alexander-albon,williams,mercedes,pirelli,,,1:30.941,90941.0,1:30.537,90537.0,,,,,,,12.0
1095,2023,16,14,14.0,14,31,esteban-ocon,alpine,renault,pirelli,,,1:30.960,90960.0,1:30.586,90586.0,,,,,,,12.0
1095,2023,16,15,15.0,15,20,kevin-magnussen,haas,ferrari,pirelli,,,1:30.976,90976.0,1:30.665,90665.0,,,,,,,9.0
1095,2023,16,16,16.0,16,77,valtteri-bottas,alfa-romeo,ferrari,pirelli,,,1:31.049,91049.0,,,,,,,,,5.0
1095,2023,16,17,17.0,17,18,lance-stroll,aston-martin,mercedes,pirelli,,,1:31.181,91181.0,,,,,,,,,7.0
1095,2023,16,18,18.0,18,27,nico-hulkenberg,haas,ferrari,pirelli,,,1:31.299,91299.0,,,,,,,,,6.0
1095,2023,16,19,19.0,19,24,guanyu-zhou,alfa-romeo,ferrari,pirelli,,,1:31.398,91398.0,,,,,,,,,6.0
1095,2023,16,20,,NC,2,logan-sargeant,williams,mercedes,pirelli,,,,,,,,,,,,,2.0
1096,2023,17,1,1.0,1,1,max-verstappen,red-bull,honda-rbpt,pirelli,,,1:25.007,85007.0,1:24.483,84483.0,1:23.778,83778.0,,,,,19.0
1096,2023,17,2,2.0,2,63,george-russell,mercedes,mercedes,pirelli,,,1:25.334,85334.0,1:24.827,84827.0,1:24.219,84219.0,+0.441,441.0,+0.441,441.0,21.0
1096,2023,17,3,3.0,3,44,lewis-hamilton,mercedes,mercedes,pirelli,,,1:26.076,86076.0,1:24.381,84381.0,1:24.305,84305.0,+0.527,527.0,+0.086,86.0,20.0
1096,2023,17,4,4.0,4,14,fernando-alonso,aston-martin,mercedes,pirelli,,,1:25.223,85223.0,1:25.241,85241.0,1:24.369,84369.0,+0.591,591.0,+0.064,64.0,21.0
1096,2023,17,5,5.0,5,16,charles-leclerc,ferrari,ferrari,pirelli,,,1:25.452,85452.0,1:25.079,85079.0,1:24.424,84424.0,+0.646,646.0,+0.055,55.0,26.0
1096,2023,17,6,6.0,6,81,oscar-piastri,mclaren,mercedes,pirelli,,,1:25.266,85266.0,1:24.724,84724.0,1:24.540,84540.0,+0.762,762.0,+0.116,116.0,23.0
1096,2023,17,7,7.0,7,10,pierre-gasly,alpine,renault,pirelli,,,1:25.566,85566.0,1:24.918,84918.0,1:24.553,84553.0,+0.775,775.0,+0.013,13.0,23.0
1096,2023,17,8,8.0,8,31,esteban-ocon,alpine,renault,pirelli,,,1:25.711,85711.0,1:24.928,84928.0,1:24.763,84763.0,+0.985,985.0,+0.210,210.0,24.0
1096,2023,17,9,9.0,9,77,valtteri-bottas,alfa-romeo,ferrari,pirelli,,,1:26.038,86038.0,1:25.297,85297.0,1:25.058,85058.0,+1.280,1280.0,+0.295,295.0,21.0
1096,2023,17,10,10.0,10,4,lando-norris,mclaren,mercedes,pirelli,,,1:25.131,85131.0,1:24.685,84685.0,,,,,,,21.0
1096,2023,17,11,11.0,11,22,yuki-tsunoda,alphatauri,honda-rbpt,pirelli,,,1:26.058,86058.0,1:25.301,85301.0,,,,,,,16.0
1096,2023,17,12,12.0,12,55,carlos-sainz-jr,ferrari,ferrari,pirelli,,,1:25.808,85808.0,1:25.328,85328.0,,,,,,,18.0
1096,2023,17,13,13.0,13,11,sergio-perez,red-bull,honda-rbpt,pirelli,,,1:25.991,85991.0,1:25.462,85462.0,,,,,,,16.0
1096,2023,17,14,14.0,14,23,alexander-albon,williams,mercedes,pirelli,,,1:26.118,86118.0,1:25.707,85707.0,,,,,,,15.0
1096,2023,17,15,15.0,15,27,nico-hulkenberg,haas,ferrari,pirelli,,,1:25.904,85904.0,1:25.783,85783.0,,,,,,,12.0
1096,2023,17,16,16.0,16,2,logan-sargeant,williams,mercedes,pirelli,,,1:26.210,86210.0,,,,,,,,,10.0
1096,2023,17,17,17.0,17,18,lance-stroll,aston-martin,mercedes,pirelli,,,1:26.345,86345.0,,,,,,,,,10.0
1096,2023,17,18,18.0,18,40,liam-lawson,alphatauri,honda-rbpt,pirelli,,,1:26.635,86635.0,,,,,,,,,10.0
1096,2023,17,19,19.0,19,20,kevin-magnussen,haas,ferrari,pirelli,,,1:27.046,87046.0,,,,,,,,,9.0
1096,2023,17,20,20.0,20,24,guanyu-zhou,alfa-romeo,ferrari,pirelli,,,1:27.432,87432.0,,,,,,,,,9.0
1097,2023,18,1,1.0,1,16,charles-leclerc,ferrari,ferrari,pirelli,,,1:36.061,96061.0,1:35.004,95004.0,1:34.723,94723.0,,,,,21.0
1097,2023,18,2,2.0,2,4,lando-norris,mclaren,mercedes,pirelli,,,1:35.110,95110.0,1:35.441,95441.0,1:34.853,94853.0,+0.130,130.0,+0.130,130.0,20.0
1097,2023,18,3,3.0,3,44,lewis-hamilton,mercedes,mercedes,pirelli,,,1:35.091,95091.0,1:35.240,95240.0,1:34.862,94862.0,+0.139,139.0,+0.009,9.0,18.0
1097,2023,18,4,4.0,4,55,carlos-sainz-jr,ferrari,ferrari,pirelli,,,1:35.824,95824.0,1:35.302,95302.0,1:34.945,94945.0,+0.222,222.0,+0.083,83.0,18.0
1097,2023,18,5,5.0,5,63,george-russell,mercedes,mercedes,pirelli,,,1:36.165,96165.0,1:35.606,95606.0,1:35.079,95079.0,+0.356,356.0,+0.134,134.0,18.0
1097,2023,18,6,6.0,6,1,max-verstappen,red-bull,honda-rbpt,pirelli,,,1:35.346,95346.0,1:35.008,95008.0,1:35.081,95081.0,+0.358,358.0,+0.002,2.0,18.0
1097,2023,18,7,7.0,7,10,pierre-gasly,alpine,renault,pirelli,,,1:36.158,96158.0,1:35.496,95496.0,1:35.089,95089.0,+0.366,366.0,+0.008,8.0,19.0
1097,2023,18,8,8.0,8,31,esteban-ocon,alpine,renault,pirelli,,,1:36.131,96131.0,1:35.413,95413.0,1:35.154,95154.0,+0.431,431.0,+0.065,65.0,21.0
1097,2023,18,9,9.0,9,11,sergio-perez,red-bull,honda-rbpt,pirelli,,,1:35.989,95989.0,1:35.679,95679.0,1:35.173,95173.0,+0.450,450.0,+0.019,19.0,17.0
1097,2023,18,10,10.0,10,81,oscar-piastri,mclaren,mercedes,pirelli,,,1:36.064,96064.0,1:35.576,95576.0,1:35.467,95467.0,+0.744,744.0,+0.294,294.0,20.0
1097,2023,18,11,11.0,11,22,yuki-tsunoda,alphatauri,honda-rbpt,pirelli,,,1:35.913,95913.0,1:35.697,95697.0,,,,,,,12.0
1097,2023,18,12,12.0,12,24,guanyu-zhou,alfa-romeo,ferrari,pirelli,,,1:36.052,96052.0,1:35.698,95698.0,,,,,,,15.0
1097,2023,18,13,13.0,13,77,valtteri-bottas,alfa-romeo,ferrari,pirelli,,,1:36.082,96082.0,1:35.858,95858.0,,,,,,,15.0
1097,2023,18,14,14.0,14,20,kevin-magnussen,haas,ferrari,pirelli,,,1:36.009,96009.0,1:35.880,95880.0,,,,,,,12.0
1097,2023,18,15,15.0,15,3,daniel-ricciardo,alphatauri,honda-rbpt,pirelli,,,1:36.213,96213.0,1:35.974,95974.0,,,,,,,12.0
1097,2023,18,16,16.0,16,27,nico-hulkenberg,haas,ferrari,pirelli,,,1:36.235,96235.0,,,,,,,,,6.0
1097,2023,18,17,17.0,17,14,fernando-alonso,aston-martin,mercedes,pirelli,,,1:36.268,96268.0,,,,,,,,,8.0
1097,2023,18,18,18.0,18,23,alexander-albon,williams,mercedes,pirelli,,,1:36.315,96315.0,,,,,,,,,6.0
1097,2023,18,19,19.0,19,18,lance-stroll,aston-martin,mercedes,pirelli,,,1:36.589,96589.0,,,,,,,,,9.0
1097,2023,18,20,20.0,20,2,logan-sargeant,williams,mercedes,pirelli,,,1:36.827,96827.0,,,,,,,,,8.0
1098,2023,19,1,1.0,1,16,charles-leclerc,ferrari,ferrari,pirelli,,,1:18.401,78401.0,1:17.901,77901.0,1:17.166,77166.0,,,,,17.0
1098,2023,19,2,2.0,2,55,carlos-sainz-jr,ferrari,ferrari,pirelli,,,1:18.755,78755.0,1:18.382,78382.0,1:17.233,77233.0,+0.067,67.0,+0.067,67.0,17.0
1098,2023,19,3,3.0,3,1,max-verstappen,red-bull,honda-rbpt,pirelli,,,1:18.099,78099.0,1:17.625,77625.0,1:17.263,77263.0,+0.097,97.0,+0.030,30.0,15.0
1098,2023,19,4,4.0,4,3,daniel-ricciardo,alphatauri,honda-rbpt,pirelli,,,1:18.341,78341.0,1:17.706,77706.0,1:17.382,77382.0,+0.216,216.0,+0.119,119.0,15.0
1098,2023,19,5,5.0,5,11,sergio-perez,red-bull,honda-rbpt,pirelli,,,1:18.553,78553.0,1:18.124,78124.0,1:17.423,77423.0,+0.257,257.0,+0.041,41.0,16.0
1098,2023,19,6,6.0,6,44,lewis-hamilton,mercedes,mercedes,pirelli,,,1:18.677,78677.0,1:17.571,77571.0,1:17.454,77454.0,+0.288,288.0,+0.031,31.0,18.0
1098,2023,19,7,7.0,7,81,oscar-piastri,mclaren,mercedes,pirelli,,,1:18.241,78241.0,1:17.874,77874.0,1:17.623,77623.0,+0.457,457.0,+0.169,169.0,18.0
1098,2023,19,8,8.0,8,63,george-russell,mercedes,mercedes,pirelli,,,1:18.893,78893.0,1:17.673,77673.0,1:17.674,77674.0,+0.508,508.0,+0.051,51.0,19.0
1098,2023,19,9,9.0,9,77,valtteri-bottas,alfa-romeo,ferrari,pirelli,,,1:18.429,78429.0,1:18.016,78016.0,1:18.032,78032.0,+0.866,866.0,+0.358,358.0,17.0
1098,2023,19,10,10.0,10,24,guanyu-zhou,alfa-romeo,ferrari,pirelli,,,1:19.016,79016.0,1:18.440,78440.0,1:18.050,78050.0,+0.884,884.0,+0.018,18.0,15.0
1098,2023,19,11,11.0,11,10,pierre-gasly,alpine,renault,pirelli,,,1:18.945,78945.0,1:18.521,78521.0,,,,,,,15.0
1098,2023,19,12,12.0,12,27,nico-hulkenberg,haas,ferrari,pirelli,,,1:18.969,78969.0,1:18.524,78524.0,,,,,,,12.0
1098,2023,19,13,13.0,13,14,fernando-alonso,aston-martin,mercedes,pirelli,,,1:18.848,78848.0,1:18.738,78738.0,,,,,,,14.0
1098,2023,19,14,14.0,14,23,alexander-albon,williams,mercedes,pirelli,,,1:18.828,78828.0,1:19.147,79147.0,,,,,,,12.0
1098,2023,19,15,15.0,15,22,yuki-tsunoda,alphatauri,honda-rbpt,pirelli,,,1:18.890,78890.0,,,,,,,,,11.0
1098,2023,19,16,16.0,16,31,esteban-ocon,alpine,renault,pirelli,,,1:19.080,79080.0,,,,,,,,,6.0
1098,2023,19,17,17.0,17,20,kevin-magnussen,haas,ferrari,pirelli,,,1:19.163,79163.0,,,,,,,,,9.0
1098,2023,19,18,18.0,18,18,lance-stroll,aston-martin,mercedes,pirelli,,,1:19.227,79227.0,,,,,,,,,9.0
1098,2023,19,19,19.0,19,4,lando-norris,mclaren,mercedes,pirelli,,,1:21.554,81554.0,,,,,,,,,6.0
1098,2023,19,20,,NC,2,logan-sargeant,williams,mercedes,pirelli,,,,,,,,,,,,,6.0
1099,2023,20,1,1.0,1,1,max-verstappen,red-bull,honda-rbpt,pirelli,,,1:10.436,70436.0,1:10.162,70162.0,1:10.727,70727.0,,,,,18.0
1099,2023,20,2,2.0,2,16,charles-leclerc,ferrari,ferrari,pirelli,,,1:10.472,70472.0,1:10.303,70303.0,1:11.021,71021.0,+0.294,294.0,+0.294,294.0,18.0
1099,2023,20,3,3.0,3,18,lance-stroll,aston-martin,mercedes,pirelli,,,1:10.551,70551.0,1:10.375,70375.0,1:11.344,71344.0,+0.617,617.0,+0.323,323.0,16.0
1099,2023,20,4,4.0,4,14,fernando-alonso,aston-martin,mercedes,pirelli,,,1:10.557,70557.0,1:10.237,70237.0,1:11.387,71387.0,+0.660,660.0,+0.043,43.0,18.0
1099,2023,20,5,5.0,5,44,lewis-hamilton,mercedes,mercedes,pirelli,,,1:10.604,70604.0,1:10.266,70266.0,1:11.469,71469.0,+0.742,742.0,+0.082,82.0,21.0
1099,2023,20,6,6.0,6,63,george-russell,mercedes,mercedes,pirelli,,,1:10.340,70340.0,1:10.316,70316.0,1:11.590,71590.0,+0.863,863.0,+0.121,121.0,21.0
1099,2023,20,7,7.0,7,4,lando-norris,mclaren,mercedes,pirelli,,,1:10.623,70623.0,1:10.021,70021.0,1:11.987,71987.0,+1.260,1260.0,+0.397,397.0,13.0
1099,2023,20,8,8.0,8,55,carlos-sainz-jr,ferrari,ferrari,pirelli,,,1:10.624,70624.0,1:10.254,70254.0,1:11.989,71989.0,+1.262,1262.0,+0.002,2.0,20.0
1099,2023,20,9,9.0,9,11,sergio-perez,red-bull,honda-rbpt,pirelli,,,1:10.668,70668.0,1:10.219,70219.0,1:12.321,72321.0,+1.594,1594.0,+0.332,332.0,17.0
1099,2023,20,10,10.0,10,81,oscar-piastri,mclaren,mercedes,pirelli,,,1:10.519,70519.0,1:10.330,70330.0,,,,,,,15.0
1099,2023,20,11,11.0,11,27,nico-hulkenberg,haas,ferrari,pirelli,,,1:10.475,70475.0,1:10.547,70547.0,,,,,,,15.0
1099,2023,20,12,12.0,12,31,esteban-ocon,alpine,renault,pirelli,,,1:10.763,70763.0,1:10.562,70562.0,,,,,,,15.0
1099,2023,20,13,13.0,13,10,pierre-gasly,alpine,renault,pirelli,,,1:10.793,70793.0,1:10.567,70567.0,,,,,,,14.0
1099,2023,20,14,14.0,14,20,kevin-magnussen,haas,ferrari,pirelli,,,1:10.602,70602.0,1:10.723,70723.0,,,,,,,15.0
1099,2023,20,15,15.0,15,23,alexander-albon,williams,mercedes,pirelli,,,1:10.621,70621.0,1:10.840,70840.0,,,,,,,15.0
1099,2023,20,16,16.0,16,22,yuki-tsunoda,alphatauri,honda-rbpt,pirelli,,,1:10.837,70837.0,,,,,,,,,9.0
1099,2023,20,17,17.0,17,3,daniel-ricciardo,alphatauri,honda-rbpt,pirelli,,,1:10.843,70843.0,,,,,,,,,6.0
1099,2023,20,18,18.0,18,77,valtteri-bottas,alfa-romeo,ferrari,pirelli,,,1:10.955,70955.0,,,,,,,,,9.0
1099,2023,20,19,19.0,19,2,logan-sargeant,williams,mercedes,pirelli,,,1:11.035,71035.0,,,,,,,,,9.0
1099,2023,20,20,20.0,20,24,guanyu-zhou,alfa-romeo,ferrari,pirelli,,,1:11.275,71275.0,,,,,,,,,9.0
1100,2023,21,1,1.0,1,16,charles-leclerc,ferrari,ferrari,pirelli,,,1:33.617,93617.0,1:32.775,92775.0,1:32.726,92726.0,,,,,23.0
1100,2023,21,2,2.0,2,55,carlos-sainz-jr,ferrari,ferrari,pirelli,,,1:33.851,93851.0,1:33.338,93338.0,1:32.770,92770.0,+0.044,44.0,+0.044,44.0,23.0
1100,2023,21,3,3.0,3,1,max-verstappen,red-bull,honda-rbpt,pirelli,,,1:34.190,94190.0,1:33.572,93572.0,1:33.104,93104.0,+0.378,378.0,+0.334,334.0,19.0
1100,2023,21,4,4.0,4,63,george-russell,mercedes,mercedes,pirelli,,,1:34.137,94137.0,1:33.351,93351.0,1:33.112,93112.0,+0.386,386.0,+0.008,8.0,22.0
1100,2023,21,5,5.0,5,10,pierre-gasly,alpine,renault,pirelli,,,1:34.272,94272.0,1:33.494,93494.0,1:33.239,93239.0,+0.513,513.0,+0.127,127.0,25.0
1100,2023,21,6,6.0,6,23,alexander-albon,williams,mercedes,pirelli,,,1:34.634,94634.0,1:33.588,93588.0,1:33.323,93323.0,+0.597,597.0,+0.084,84.0,21.0
1100,2023,21,7,7.0,7,2,logan-sargeant,williams,mercedes,pirelli,,,1:34.525,94525.0,1:33.733,93733.0,1:33.513,93513.0,+0.787,787.0,+0.190,190.0,23.0
1100,2023,21,8,8.0,8,77,valtteri-bottas,alfa-romeo,ferrari,pirelli,,,1:34.305,94305.0,1:33.809,93809.0,1:33.525,93525.0,+0.799,799.0,+0.012,12.0,19.0
1100,2023,21,9,9.0,9,20,kevin-magnussen,haas,ferrari,pirelli,,,1:34.337,94337.0,1:33.664,93664.0,1:33.537,93537.0,+0.811,811.0,+0.012,12.0,23.0
1100,2023,21,10,10.0,10,14,fernando-alonso,aston-martin,mercedes,pirelli,,,1:34.422,94422.0,1:33.617,93617.0,1:33.555,93555.0,+0.829,829.0,+0.018,18.0,24.0
1100,2023,21,11,11.0,11,44,lewis-hamilton,mercedes,mercedes,pirelli,,,1:34.307,94307.0,1:33.837,93837.0,,,,,,,15.0
1100,2023,21,12,12.0,12,11,sergio-perez,red-bull,honda-rbpt,pirelli,,,1:34.574,94574.0,1:33.855,93855.0,,,,,,,14.0
1100,2023,21,13,13.0,13,27,nico-hulkenberg,haas,ferrari,pirelli,,,1:34.265,94265.0,1:33.979,93979.0,,,,,,,17.0
1100,2023,21,14,14.0,14,18,lance-stroll,aston-martin,mercedes,pirelli,,,1:34.504,94504.0,1:34.199,94199.0,,,,,,,18.0
1100,2023,21,15,15.0,15,3,daniel-ricciardo,alphatauri,honda-rbpt,pirelli,,,1:34.683,94683.0,1:34.308,94308.0,,,,,,,18.0
1100,2023,21,16,16.0,16,4,lando-norris,mclaren,mercedes,pirelli,,,1:34.703,94703.0,,,,,,,,,9.0
1100,2023,21,17,17.0,17,31,esteban-ocon,alpine,renault,pirelli,,,1:34.834,94834.0,,,,,,,,,10.0
1100,2023,21,18,18.0,18,24,guanyu-zhou,alfa-romeo,ferrari,pirelli,,,1:34.849,94849.0,,,,,,,,,10.0
1100,2023,21,19,19.0,19,81,oscar-piastri,mclaren,mercedes,pirelli,,,1:34.850,94850.0,,,,,,,,,10.0
1100,2023,21,20,20.0,20,22,yuki-tsunoda,alphatauri,honda-rbpt,pirelli,,,1:36.447,96447.0,,,,,,,,,9.0
1101,2023,22,1,1.0,1,1,max-verstappen,red-bull,honda-rbpt,pirelli,,,1:24.160,84160.0,1:23.740,83740.0,1:23.445,83445.0,,,,,15.0
1101,2023,22,2,2.0,2,16,charles-leclerc,ferrari,ferrari,pirelli,,,1:24.459,84459.0,1:23.969,83969.0,1:23.584,83584.0,+0.139,139.0,+0.139,139.0,18.0
1101,2023,22,3,3.0,3,81,oscar-piastri,mclaren,mercedes,pirelli,,,1:24.487,84487.0,1:24.278,84278.0,1:23.782,83782.0,+0.337,337.0,+0.198,198.0,17.0
1101,2023,22,4,4.0,4,63,george-russell,mercedes,mercedes,pirelli,,,1:24.337,84337.0,1:24.013,84013.0,1:23.788,83788.0,+0.343,343.0,+0.006,6.0,18.0
1101,2023,22,5,5.0,5,4,lando-norris,mclaren,mercedes,pirelli,,,1:24.368,84368.0,1:23.920,83920.0,1:23.816,83816.0,+0.371,371.0,+0.028,28.0,16.0
1101,2023,22,6,6.0,6,22,yuki-tsunoda,alphatauri,honda-rbpt,pirelli,,,1:24.286,84286.0,1:24.207,84207.0,1:23.968,83968.0,+0.523,523.0,+0.152,152.0,18.0
1101,2023,22,7,7.0,7,14,fernando-alonso,aston-martin,mercedes,pirelli,,,1:24.501,84501.0,1:24.131,84131.0,1:24.084,84084.0,+0.639,639.0,+0.116,116.0,18.0
1101,2023,22,8,8.0,8,27,nico-hulkenberg,haas,ferrari,pirelli,,,1:24.425,84425.0,1:24.213,84213.0,1:24.108,84108.0,+0.663,663.0,+0.024,24.0,18.0
1101,2023,22,9,9.0,9,11,sergio-perez,red-bull,honda-rbpt,pirelli,,,1:24.209,84209.0,1:24.116,84116.0,1:24.171,84171.0,+0.726,726.0,+0.063,63.0,17.0
1101,2023,22,10,10.0,10,10,pierre-gasly,alpine,renault,pirelli,,,1:24.600,84600.0,1:24.078,84078.0,1:24.548,84548.0,+1.103,1103.0,+0.377,377.0,18.0
1101,2023,22,11,11.0,11,44,lewis-hamilton,mercedes,mercedes,pirelli,,,1:24.437,84437.0,1:24.359,84359.0,,,,,,,12.0
1101,2023,22,12,12.0,12,31,esteban-ocon,alpine,renault,pirelli,,,1:24.565,84565.0,1:24.391,84391.0,,,,,,,12.0
1101,2023,22,13,13.0,13,18,lance-stroll,aston-martin,mercedes,pirelli,,,1:24.405,84405.0,1:24.422,84422.0,,,,,,,12.0
1101,2023,22,14,14.0,14,23,alexander-albon,williams,mercedes,pirelli,,,1:24.298,84298.0,1:24.439,84439.0,,,,,,,12.0
1101,2023,22,15,15.0,15,3,daniel-ricciardo,alphatauri,honda-rbpt,pirelli,,,1:24.461,84461.0,1:24.442,84442.0,,,,,,,12.0
1101,2023,22,16,16.0,16,55,carlos-sainz-jr,ferrari,ferrari,pirelli,,,1:24.738,84738.0,,,,,,,,,6.0
1101,2023,22,17,17.0,17,20,kevin-magnussen,haas,ferrari,pirelli,,,1:24.764,84764.0,,,,,,,,,6.0
1101,2023,22,18,18.0,18,77,valtteri-bottas,alfa-romeo,ferrari,pirelli,,,1:24.788,84788.0,,,,,,,,,6.0
1101,2023,22,19,19.0,19,24,guanyu-zhou,alfa-romeo,ferrari,pirelli,,,1:25.159,85159.0,,,,,,,,,6.0
1101,2023,22,20,,NC,2,logan-sargeant,williams,mercedes,pirelli,,,,,,,,,,,,,6.0
1102,2024,1,1,1.0,1,1,max-verstappen,red-bull,honda-rbpt,pirelli,,,1:30.031,90031.0,1:29.374,89374.0,1:29.179,89179.0,,,,,17.0
1102,2024,1,2,2.0,2,16,charles-leclerc,ferrari,ferrari,pirelli,,,1:30.243,90243.0,1:29.165,89165.0,1:29.407,89407.0,+0.228,228.0,+0.228,228.0,19.0
1102,2024,1,3,3.0,3,63,george-russell,mercedes,mercedes,pirelli,,,1:30.350,90350.0,1:29.922,89922.0,1:29.485,89485.0,+0.306,306.0,+0.078,78.0,17.0
1102,2024,1,4,4.0,4,55,carlos-sainz-jr,ferrari,ferrari,pirelli,,,1:29.909,89909.0,1:29.573,89573.0,1:29.507,89507.0,+0.328,328.0,+0.022,22.0,18.0
1102,2024,1,5,5.0,5,11,sergio-perez,red-bull,honda-rbpt,pirelli,,,1:30.221,90221.0,1:29.932,89932.0,1:29.537,89537.0,+0.358,358.0,+0.030,30.0,17.0
1102,2024,1,6,6.0,6,14,fernando-alonso,aston-martin,mercedes,pirelli,,,1:30.179,90179.0,1:29.801,89801.0,1:29.542,89542.0,+0.363,363.0,+0.005,5.0,14.0
1102,2024,1,7,7.0,7,4,lando-norris,mclaren,mercedes,pirelli,,,1:30.143,90143.0,1:29.941,89941.0,1:29.614,89614.0,+0.435,435.0,+0.072,72.0,15.0
1102,2024,1,8,8.0,8,81,oscar-piastri,mclaren,mercedes,pirelli,,,1:30.531,90531.0,1:30.122,90122.0,1:29.683,89683.0,+0.504,504.0,+0.069,69.0,18.0
1102,2024,1,9,9.0,9,44,lewis-hamilton,mercedes,mercedes,pirelli,,,1:30.451,90451.0,1:29.718,89718.0,1:29.710,89710.0,+0.531,531.0,+0.027,27.0,18.0
1102,2024,1,10,10.0,10,27,nico-hulkenberg,haas,ferrari,pirelli,,,1:30.566,90566.0,1:29.851,89851.0,1:30.502,90502.0,+1.323,1323.0,+0.792,792.0,18.0
1102,2024,1,11,11.0,11,22,yuki-tsunoda,rb,honda-rbpt,pirelli,,,1:30.481,90481.0,1:30.129,90129.0,,,,,,,12.0
1102,2024,1,12,12.0,12,18,lance-stroll,aston-martin,mercedes,pirelli,,,1:29.965,89965.0,1:30.200,90200.0,,,,,,,12.0
1102,2024,1,13,13.0,13,23,alexander-albon,williams,mercedes,pirelli,,,1:30.397,90397.0,1:30.221,90221.0,,,,,,,12.0
1102,2024,1,14,14.0,14,3,daniel-ricciardo,rb,honda-rbpt,pirelli,,,1:30.562,90562.0,1:30.278,90278.0,,,,,,,12.0
1102,2024,1,15,15.0,15,20,kevin-magnussen,haas,ferrari,pirelli,,,1:30.646,90646.0,1:30.529,90529.0,,,,,,,12.0
1102,2024,1,16,16.0,16,77,valtteri-bottas,kick-sauber,ferrari,pirelli,,,1:30.756,90756.0,,,,,,,,,6.0
1102,2024,1,17,17.0,17,24,guanyu-zhou,kick-sauber,ferrari,pirelli,,,1:30.757,90757.0,,,,,,,,,6.0
1102,2024,1,18,18.0,18,2,logan-sargeant,williams,mercedes,pirelli,,,1:30.770,90770.0,,,,,,,,,6.0
1102,2024,1,19,19.0,19,31,esteban-ocon,alpine,renault,pirelli,,,1:30.793,90793.0,,,,,,,,,9.0
1102,2024,1,20,20.0,20,10,pierre-gasly,alpine,renault,pirelli,,,1:30.948,90948.0,,,,,,,,,9.0
1103,2024,2,1,1.0,1,1,max-verstappen,red-bull,honda-rbpt,pirelli,,,1:28.171,88171.0,1:28.033,88033.0,1:27.472,87472.0,,,,,18.0
1103,2024,2,2,2.0,2,16,charles-leclerc,ferrari,ferrari,pirelli,,,1:28.318,88318.0,1:28.112,88112.0,1:27.791,87791.0,+0.319,319.0,+0.319,319.0,23.0
1103,2024,2,3,3.0,3,11,sergio-perez,red-bull,honda-rbpt,pirelli,,,1:28.638,88638.0,1:28.467,88467.0,1:27.807,87807.0,+0.335,335.0,+0.016,16.0,19.0
1103,2024,2,4,4.0,4,14,fernando-alonso,aston-martin,mercedes,pirelli,,,1:28.706,88706.0,1:28.122,88122.0,1:27.846,87846.0,+0.374,374.0,+0.039,39.0,17.0
1103,2024,2,5,5.0,5,81,oscar-piastri,mclaren,mercedes,pirelli,,,1:28.755,88755.0,1:28.343,88343.0,1:28.089,88089.0,+0.617,617.0,+0.243,243.0,22.0
1103,2024,2,6,6.0,6,4,lando-norris,mclaren,mercedes,pirelli,,,1:28.805,88805.0,1:28.479,88479.0,1:28.132,88132.0,+0.660,660.0,+0.043,43.0,22.0
1103,2024,2,7,7.0,7,63,george-russell,mercedes,mercedes,pirelli,,,1:28.749,88749.0,1:28.448,88448.0,1:28.316,88316.0,+0.844,844.0,+0.184,184.0,22.0
1103,2024,2,8,8.0,8,44,lewis-hamilton,mercedes,mercedes,pirelli,,,1:28.994,88994.0,1:28.606,88606.0,1:28.460,88460.0,+0.988,988.0,+0.144,144.0,24.0
1103,2024,2,9,9.0,9,22,yuki-tsunoda,rb,honda-rbpt,pirelli,,,1:28.988,88988.0,1:28.564,88564.0,1:28.547,88547.0,+1.075,1075.0,+0.087,87.0,18.0
1103,2024,2,10,10.0,10,18,lance-stroll,aston-martin,mercedes,pirelli,,,1:28.250,88250.0,1:28.578,88578.0,1:28.572,88572.0,+1.100,1100.0,+0.025,25.0,19.0
1103,2024,2,11,11.0,11,38,oliver-bearman,ferrari,ferrari,pirelli,,,1:28.984,88984.0,1:28.642,88642.0,,,,,,,18.0
1103,2024,2,12,12.0,12,23,alexander-albon,williams,mercedes,pirelli,,,1:29.107,89107.0,1:28.980,88980.0,,,,,,,16.0
1103,2024,2,13,13.0,13,20,kevin-magnussen,haas,ferrari,pirelli,,,1:29.069,89069.0,1:29.020,89020.0,,,,,,,17.0
1103,2024,2,14,14.0,14,3,daniel-ricciardo,rb,honda-rbpt,pirelli,,,1:29.065,89065.0,1:29.025,89025.0,,,,,,,12.0
1103,2024,2,15,15.0,15,27,nico-hulkenberg,haas,ferrari,pirelli,,,1:29.055,89055.0,,,,,,,,,10.0
1103,2024,2,16,16.0,16,77,valtteri-bottas,kick-sauber,ferrari,pirelli,,,1:29.179,89179.0,,,,,,,,,9.0
1103,2024,2,17,17.0,17,31,esteban-ocon,alpine,renault,pirelli,,,1:29.475,89475.0,,,,,,,,,10.0
1103,2024,2,18,18.0,18,10,pierre-gasly,alpine,renault,pirelli,,,1:29.479,89479.0,,,,,,,,,9.0
1103,2024,2,19,19.0,19,2,logan-sargeant,williams,mercedes,pirelli,,,1:29.526,89526.0,,,,,,,,,9.0
1103,2024,2,20,,NC,24,guanyu-zhou,kick-sauber,ferrari,pirelli,,,,,,,,,,,,,2.0
1104,2024,3,1,1.0,1,1,max-verstappen,red-bull,honda-rbpt,pirelli,,,1:16.819,76819.0,1:16.387,76387.0,1:15.915,75915.0,,,,,21.0
1104,2024,3,2,2.0,2,55,carlos-sainz-jr,ferrari,ferrari,pirelli,,,1:16.731,76731.0,1:16.189,76189.0,1:16.185,76185.0,+0.270,270.0,+0.270,270.0,18.0
1104,2024,3,3,3.0,3,11,sergio-perez,red-bull,honda-rbpt,pirelli,,,1:16.805,76805.0,1:16.631,76631.0,1:16.274,76274.0,+0.359,359.0,+0.089,89.0,22.0
1104,2024,3,4,4.0,4,4,lando-norris,mclaren,mercedes,pirelli,,,1:17.430,77430.0,1:16.750,76750.0,1:16.315,76315.0,+0.400,400.0,+0.041,41.0,19.0
1104,2024,3,5,5.0,5,16,charles-leclerc,ferrari,ferrari,pirelli,,,1:16.984,76984.0,1:16.304,76304.0,1:16.435,76435.0,+0.520,520.0,+0.120,120.0,20.0
1104,2024,3,6,6.0,6,81,oscar-piastri,mclaren,mercedes,pirelli,,,1:17.369,77369.0,1:16.601,76601.0,1:16.572,76572.0,+0.657,657.0,+0.137,137.0,18.0
1104,2024,3,7,7.0,7,63,george-russell,mercedes,mercedes,pirelli,,,1:17.062,77062.0,1:16.901,76901.0,1:16.724,76724.0,+0.809,809.0,+0.152,152.0,23.0
1104,2024,3,8,8.0,8,22,yuki-tsunoda,rb,honda-rbpt,pirelli,,,1:17.356,77356.0,1:16.791,76791.0,1:16.788,76788.0,+0.873,873.0,+0.064,64.0,18.0
1104,2024,3,9,9.0,9,18,lance-stroll,aston-martin,mercedes,pirelli,,,1:17.376,77376.0,1:16.780,76780.0,1:17.072,77072.0,+1.157,1157.0,+0.284,284.0,23.0
1104,2024,3,10,10.0,10,14,fernando-alonso,aston-martin,mercedes,pirelli,,,1:16.991,76991.0,1:16.710,76710.0,1:17.552,77552.0,+1.637,1637.0,+0.480,480.0,21.0
1104,2024,3,11,11.0,11,44,lewis-hamilton,mercedes,mercedes,pirelli,,,1:17.499,77499.0,1:16.960,76960.0,,,,,,,15.0
1104,2024,3,12,12.0,12,23,alexander-albon,williams,mercedes,pirelli,,,1:17.130,77130.0,1:17.167,77167.0,,,,,,,15.0
1104,2024,3,13,13.0,13,77,valtteri-bottas,kick-sauber,ferrari,pirelli,,,1:17.543,77543.0,1:17.340,77340.0,,,,,,,15.0
1104,2024,3,14,14.0,14,20,kevin-magnussen,haas,ferrari,pirelli,,,1:17.709,77709.0,1:17.427,77427.0,,,,,,,13.0
1104,2024,3,15,15.0,15,31,esteban-ocon,alpine,renault,pirelli,,,1:17.617,77617.0,1:17.697,77697.0,,,,,,,21.0
1104,2024,3,16,16.0,16,27,nico-hulkenberg,haas,ferrari,pirelli,,,1:17.976,77976.0,,,,,,,,,8.0
1104,2024,3,17,17.0,17,10,pierre-gasly,alpine,renault,pirelli,,,1:17.982,77982.0,,,,,,,,,11.0
1104,2024,3,18,18.0,18,3,daniel-ricciardo,rb,honda-rbpt,pirelli,,,1:18.085,78085.0,,,,,,,,,6.0
1104,2024,3,19,19.0,19,24,guanyu-zhou,kick-sauber,ferrari,pirelli,,,1:18.188,78188.0,,,,,,,,,9.0
1105,2024,4,1,1.0,1,1,max-verstappen,red-bull,honda-rbpt,pirelli,,,1:28.866,88866.0,1:28.740,88740.0,1:28.197,88197.0,,,,,12.0
1105,2024,4,2,2.0,2,11,sergio-perez,red-bull,honda-rbpt,pirelli,,,1:29.303,89303.0,1:28.752,88752.0,1:28.263,88263.0,+0.066,66.0,+0.066,66.0,12.0
1105,2024,4,3,3.0,3,4,lando-norris,mclaren,mercedes,pirelli,,,1:29.536,89536.0,1:28.940,88940.0,1:28.489,88489.0,+0.292,292.0,+0.226,226.0,13.0
1105,2024,4,4,4.0,4,55,carlos-sainz-jr,ferrari,ferrari,pirelli,,,1:29.513,89513.0,1:29.099,89099.0,1:28.682,88682.0,+0.485,485.0,+0.193,193.0,12.0
1105,2024,4,5,5.0,5,14,fernando-alonso,aston-martin,mercedes,pirelli,,,1:29.254,89254.0,1:29.082,89082.0,1:28.686,88686.0,+0.489,489.0,+0.004,4.0,12.0
1105,2024,4,6,6.0,6,81,oscar-piastri,mclaren,mercedes,pirelli,,,1:29.425,89425.0,1:29.148,89148.0,1:28.760,88760.0,+0.563,563.0,+0.074,74.0,12.0
1105,2024,4,7,7.0,7,44,lewis-hamilton,mercedes,mercedes,pirelli,,,1:29.661,89661.0,1:28.887,88887.0,1:28.766,88766.0,+0.569,569.0,+0.006,6.0,15.0
1105,2024,4,8,8.0,8,16,charles-leclerc,ferrari,ferrari,pirelli,,,1:29.338,89338.0,1:29.196,89196.0,1:28.786,88786.0,+0.589,589.0,+0.020,20.0,12.0
1105,2024,4,9,9.0,9,63,george-russell,mercedes,mercedes,pirelli,,,1:29.799,89799.0,1:29.140,89140.0,1:29.008,89008.0,+0.811,811.0,+0.222,222.0,15.0
1105,2024,4,10,10.0,10,22,yuki-tsunoda,rb,honda-rbpt,pirelli,,,1:29.775,89775.0,1:29.417,89417.0,1:29.413,89413.0,+1.216,1216.0,+0.405,405.0,18.0
1105,2024,4,11,11.0,11,3,daniel-ricciardo,rb,honda-rbpt,pirelli,,,1:29.727,89727.0,1:29.472,89472.0,,,,,,,12.0
1105,2024,4,12,12.0,12,27,nico-hulkenberg,haas,ferrari,pirelli,,,1:29.821,89821.0,1:29.494,89494.0,,,,,,,12.0
1105,2024,4,13,13.0,13,77,valtteri-bottas,kick-sauber,ferrari,pirelli,,,1:29.602,89602.0,1:29.593,89593.0,,,,,,,12.0
1105,2024,4,14,14.0,14,23,alexander-albon,williams,mercedes,pirelli,,,1:29.963,89963.0,1:29.714,89714.0,,,,,,,9.0
1105,2024,4,15,15.0,15,31,esteban-ocon,alpine,renault,pirelli,,,1:29.811,89811.0,1:29.816,89816.0,,,,,,,12.0
1105,2024,4,16,16.0,16,18,lance-stroll,aston-martin,mercedes,pirelli,,,1:30.024,90024.0,,,,,,,,,6.0
1105,2024,4,17,17.0,17,10,pierre-gasly,alpine,renault,pirelli,,,1:30.119,90119.0,,,,,,,,,6.0
1105,2024,4,18,18.0,18,20,kevin-magnussen,haas,ferrari,pirelli,,,1:30.131,90131.0,,,,,,,,,9.0
1105,2024,4,19,19.0,19,2,logan-sargeant,williams,mercedes,pirelli,,,1:30.139,90139.0,,,,,,,,,6.0
1105,2024,4,20,20.0,20,24,guanyu-zhou,kick-sauber,ferrari,pirelli,,,1:30.143,90143.0,,,,,,,,,6.0
1106,2024,5,1,1.0,1,1,max-verstappen,red-bull,honda-rbpt,pirelli,,,1:34.742,94742.0,1:33.794,93794.0,1:33.660,93660.0,,,,,18.0
1106,2024,5,2,2.0,2,11,sergio-perez,red-bull,honda-rbpt,pirelli,,,1:35.457,95457.0,1:34.026,94026.0,1:33.982,93982.0,+0.322,322.0,+0.322,322.0,19.0
1106,2024,5,3,3.0,3,14,fernando-alonso,aston-martin,mercedes,pirelli,,,1:35.116,95116.0,1:34.652,94652.0,1:34.148,94148.0,+0.488,488.0,+0.166,166.0,15.0
1106,2024,5,4,4.0,4,4,lando-norris,mclaren,mercedes,pirelli,,,1:34.842,94842.0,1:34.460,94460.0,1:34.165,94165.0,+0.505,505.0,+0.017,17.0,15.0
1106,2024,5,5,5.0,5,81,oscar-piastri,mclaren,mercedes,pirelli,,,1:35.014,95014.0,1:34.659,94659.0,1:34.273,94273.0,+0.613,613.0,+0.108,108.0,16.0
1106,2024,5,6,6.0,6,16,charles-leclerc,ferrari,ferrari,pirelli,,,1:34.797,94797.0,1:34.399,94399.0,1:34.289,94289.0,+0.629,629.0,+0.016,16.0,20.0
1106,2024,5,7,7.0,7,55,carlos-sainz-jr,ferrari,ferrari,pirelli,,,1:34.970,94970.0,1:34.368,94368.0,1:34.297,94297.0,+0.637,637.0,+0.008,8.0,17.0
1106,2024,5,8,8.0,8,63,george-russell,mercedes,mercedes,pirelli,,,1:35.084,95084.0,1:34.609,94609.0,1:34.433,94433.0,+0.773,773.0,+0.136,136.0,20.0
1106,2024,5,9,9.0,9,27,nico-hulkenberg,haas,ferrari,pirelli,,,1:35.068,95068.0,1:34.667,94667.0,1:34.604,94604.0,+0.944,944.0,+0.171,171.0,21.0
1106,2024,5,10,10.0,10,77,valtteri-bottas,kick-sauber,ferrari,pirelli,,,1:35.169,95169.0,1:34.769,94769.0,1:34.665,94665.0,+1.005,1005.0,+0.061,61.0,15.0
1106,2024,5,11,11.0,11,18,lance-stroll,aston-martin,mercedes,pirelli,,,1:35.334,95334.0,1:34.838,94838.0,,,,,,,12.0
1106,2024,5,12,12.0,12,3,daniel-ricciardo,rb,honda-rbpt,pirelli,,,1:35.443,95443.0,1:34.934,94934.0,,,,,,,12.0
1106,2024,5,13,13.0,13,31,esteban-ocon,alpine,renault,pirelli,,,1:35.356,95356.0,1:35.223,95223.0,,,,,,,15.0
1106,2024,5,14,14.0,14,23,alexander-albon,williams,mercedes,pirelli,,,1:35.384,95384.0,1:35.241,95241.0,,,,,,,14.0
1106,2024,5,15,15.0,15,10,pierre-gasly,alpine,renault,pirelli,,,1:35.287,95287.0,1:35.463,95463.0,,,,,,,15.0
1106,2024,5,16,16.0,16,24,guanyu-zhou,kick-sauber,ferrari,pirelli,,,1:35.505,95505.0,,,,,,,,,8.0
1106,2024,5,17,17.0,17,20,kevin-magnussen,haas,ferrari,pirelli,,,1:35.516,95516.0,,,,,,,,,6.0
1106,2024,5,18,18.0,18,44,lewis-hamilton,mercedes,mercedes,pirelli,,,1:35.573,95573.0,,,,,,,,,6.0
1106,2024,5,19,19.0,19,22,yuki-tsunoda,rb,honda-rbpt,pirelli,,,1:35.746,95746.0,,,,,,,,,9.0
1106,2024,5,20,20.0,20,2,logan-sargeant,williams,mercedes,pirelli,,,1:36.358,96358.0,,,,,,,,,7.0
1107,2024,6,1,1.0,1,1,max-verstappen,red-bull,honda-rbpt,pirelli,,,1:27.689,87689.0,1:27.566,87566.0,1:27.241,87241.0,,,,,18.0
1107,2024,6,2,2.0,2,16,charles-leclerc,ferrari,ferrari,pirelli,,,1:28.081,88081.0,1:27.533,87533.0,1:27.382,87382.0,+0.141,141.0,+0.141,141.0,21.0
1107,2024,6,3,3.0,3,55,carlos-sainz-jr,ferrari,ferrari,pirelli,,,1:27.937,87937.0,1:27.941,87941.0,1:27.455,87455.0,+0.214,214.0,+0.073,73.0,21.0
1107,2024,6,4,4.0,4,11,sergio-perez,red-bull,honda-rbpt,pirelli,,,1:27.772,87772.0,1:27.839,87839.0,1:27.460,87460.0,+0.219,219.0,+0.005,5.0,18.0
1107,2024,6,5,5.0,5,4,lando-norris,mclaren,mercedes,pirelli,,,1:27.913,87913.0,1:27.871,87871.0,1:27.594,87594.0,+0.353,353.0,+0.134,134.0,21.0
1107,2024,6,6,6.0,6,81,oscar-piastri,mclaren,mercedes,pirelli,,,1:28.032,88032.0,1:27.721,87721.0,1:27.675,87675.0,+0.434,434.0,+0.081,81.0,19.0
1107,2024,6,7,7.0,7,63,george-russell,mercedes,mercedes,pirelli,,,1:28.159,88159.0,1:28.095,88095.0,1:28.067,88067.0,+0.826,826.0,+0.392,392.0,21.0
1107,2024,6,8,8.0,8,44,lewis-hamilton,mercedes,mercedes,pirelli,,,1:28.167,88167.0,1:27.697,87697.0,1:28.107,88107.0,+0.866,866.0,+0.040,40.0,21.0
1107,2024,6,9,9.0,9,27,nico-hulkenberg,haas,ferrari,pirelli,,,1:28.383,88383.0,1:28.200,88200.0,1:28.146,88146.0,+0.905,905.0,+0.039,39.0,21.0
1107,2024,6,10,10.0,10,22,yuki-tsunoda,rb,honda-rbpt,pirelli,,,1:28.324,88324.0,1:28.167,88167.0,1:28.192,88192.0,+0.951,951.0,+0.046,46.0,21.0
1107,2024,6,11,11.0,11,18,lance-stroll,aston-martin,mercedes,pirelli,,,1:28.177,88177.0,1:28.222,88222.0,,,,,,,15.0
1107,2024,6,12,12.0,12,10,pierre-gasly,alpine,renault,pirelli,,,1:27.976,87976.0,1:28.324,88324.0,,,,,,,15.0
1107,2024,6,13,13.0,13,31,esteban-ocon,alpine,renault,pirelli,,,1:28.209,88209.0,1:28.371,88371.0,,,,,,,15.0
1107,2024,6,14,14.0,14,23,alexander-albon,williams,mercedes,pirelli,,,1:28.343,88343.0,1:28.413,88413.0,,,,,,,15.0
1107,2024,6,15,15.0,15,14,fernando-alonso,aston-martin,mercedes,pirelli,,,1:28.453,88453.0,1:28.427,88427.0,,,,,,,15.0
1107,2024,6,16,16.0,16,77,valtteri-bottas,kick-sauber,ferrari,pirelli,,,1:28.463,88463.0,,,,,,,,,6.0
1107,2024,6,17,17.0,17,2,logan-sargeant,williams,mercedes,pirelli,,,1:28.487,88487.0,,,,,,,,,8.0
1107,2024,6,18,18.0,18,3,daniel-ricciardo,rb,honda-rbpt,pirelli,,,1:28.617,88617.0,,,,,,,,,9.0
1107,2024,6,19,19.0,19,20,kevin-magnussen,haas,ferrari,pirelli,,,1:28.619,88619.0,,,,,,,,,9.0
1107,2024,6,20,20.0,20,24,guanyu-zhou,kick-sauber,ferrari,pirelli,,,1:28.824,88824.0,,,,,,,,,9.0
1108,2024,7,1,1.0,1,1,max-verstappen,red-bull,honda-rbpt,pirelli,,,1:15.762,75762.0,1:15.176,75176.0,1:14.746,74746.0,,,,,18.0
1108,2024,7,2,2.0,2,81,oscar-piastri,mclaren,mercedes,pirelli,,,1:15.940,75940.0,1:15.407,75407.0,1:14.820,74820.0,+0.074,74.0,+0.074,74.0,15.0
1108,2024,7,3,3.0,3,4,lando-norris,mclaren,mercedes,pirelli,,,1:15.915,75915.0,1:15.371,75371.0,1:14.837,74837.0,+0.091,91.0,+0.017,17.0,19.0
1108,2024,7,4,4.0,4,16,charles-leclerc,ferrari,ferrari,pirelli,,,1:15.823,75823.0,1:15.328,75328.0,1:14.970,74970.0,+0.224,224.0,+0.133,133.0,21.0
1108,2024,7,5,5.0,5,55,carlos-sainz-jr,ferrari,ferrari,pirelli,,,1:16.015,76015.0,1:15.512,75512.0,1:15.233,75233.0,+0.487,487.0,+0.263,263.0,20.0
1108,2024,7,6,6.0,6,63,george-russell,mercedes,mercedes,pirelli,,,1:16.107,76107.0,1:15.671,75671.0,1:15.234,75234.0,+0.488,488.0,+0.001,1.0,18.0
1108,2024,7,7,7.0,7,22,yuki-tsunoda,rb,honda-rbpt,pirelli,,,1:15.894,75894.0,1:15.358,75358.0,1:15.465,75465.0,+0.719,719.0,+0.231,231.0,15.0
1108,2024,7,8,8.0,8,44,lewis-hamilton,mercedes,mercedes,pirelli,,,1:16.604,76604.0,1:15.677,75677.0,1:15.504,75504.0,+0.758,758.0,+0.039,39.0,20.0
1108,2024,7,9,9.0,9,3,daniel-ricciardo,rb,honda-rbpt,pirelli,,,1:16.060,76060.0,1:15.691,75691.0,1:15.674,75674.0,+0.928,928.0,+0.170,170.0,15.0
1108,2024,7,10,10.0,10,27,nico-hulkenberg,haas,ferrari,pirelli,,,1:15.841,75841.0,1:15.569,75569.0,1:15.980,75980.0,+1.234,1234.0,+0.306,306.0,21.0
1108,2024,7,11,11.0,11,11,sergio-perez,red-bull,honda-rbpt,pirelli,,,1:16.404,76404.0,1:15.706,75706.0,,,,,,,10.0
1108,2024,7,12,12.0,12,31,esteban-ocon,alpine,renault,pirelli,,,1:16.361,76361.0,1:15.906,75906.0,,,,,,,15.0
1108,2024,7,13,13.0,13,18,lance-stroll,aston-martin,mercedes,pirelli,,,1:16.458,76458.0,1:15.992,75992.0,,,,,,,15.0
1108,2024,7,14,14.0,14,23,alexander-albon,williams,mercedes,pirelli,,,1:16.524,76524.0,1:16.200,76200.0,,,,,,,12.0
1108,2024,7,15,15.0,15,10,pierre-gasly,alpine,renault,pirelli,,,1:16.015,76015.0,1:16.381,76381.0,,,,,,,14.0
1108,2024,7,16,16.0,16,77,valtteri-bottas,kick-sauber,ferrari,pirelli,,,1:16.626,76626.0,,,,,,,,,6.0
1108,2024,7,17,17.0,17,24,guanyu-zhou,kick-sauber,ferrari,pirelli,,,1:16.834,76834.0,,,,,,,,,9.0
1108,2024,7,18,18.0,18,20,kevin-magnussen,haas,ferrari,pirelli,,,1:16.854,76854.0,,,,,,,,,8.0
1108,2024,7,19,19.0,19,14,fernando-alonso,aston-martin,mercedes,pirelli,,,1:16.917,76917.0,,,,,,,,,7.0
1108,2024,7,20,,NC,2,logan-sargeant,williams,mercedes,pirelli,,,,,,,,,,,,,8.0
1109,2024,8,1,1.0,1,16,charles-leclerc,ferrari,ferrari,pirelli,,,1:11.584,71584.0,1:10.825,70825.0,1:10.270,70270.0,,,,,26.0
1109,2024,8,2,2.0,2,81,oscar-piastri,mclaren,mercedes,pirelli,,,1:11.500,71500.0,1:10.756,70756.0,1:10.424,70424.0,+0.154,154.0,+0.154,154.0,24.0
1109,2024,8,3,3.0,3,55,carlos-sainz-jr,ferrari,ferrari,pirelli,,,1:11.543,71543.0,1:11.075,71075.0,1:10.518,70518.0,+0.248,248.0,+0.094,94.0,28.0
1109,2024,8,4,4.0,4,4,lando-norris,mclaren,mercedes,pirelli,,,1:11.760,71760.0,1:10.732,70732.0,1:10.542,70542.0,+0.272,272.0,+0.024,24.0,27.0
1109,2024,8,5,5.0,5,63,george-russell,mercedes,mercedes,pirelli,,,1:11.492,71492.0,1:10.929,70929.0,1:10.543,70543.0,+0.273,273.0,+0.001,1.0,28.0
1109,2024,8,6,6.0,6,1,max-verstappen,red-bull,honda-rbpt,pirelli,,,1:11.711,71711.0,1:10.745,70745.0,1:10.567,70567.0,+0.297,297.0,+0.024,24.0,28.0
1109,2024,8,7,7.0,7,44,lewis-hamilton,mercedes,mercedes,pirelli,,,1:11.528,71528.0,1:11.056,71056.0,1:10.621,70621.0,+0.351,351.0,+0.054,54.0,28.0
1109,2024,8,8,8.0,8,22,yuki-tsunoda,rb,honda-rbpt,pirelli,,,1:11.852,71852.0,1:11.106,71106.0,1:10.858,70858.0,+0.588,588.0,+0.237,237.0,25.0
1109,2024,8,9,9.0,9,23,alexander-albon,williams,mercedes,pirelli,,,1:11.623,71623.0,1:11.216,71216.0,1:10.948,70948.0,+0.678,678.0,+0.090,90.0,29.0
1109,2024,8,10,10.0,10,10,pierre-gasly,alpine,renault,pirelli,,,1:11.714,71714.0,1:10.896,70896.0,1:11.311,71311.0,+1.041,1041.0,+0.363,363.0,30.0
1109,2024,8,11,11.0,11,31,esteban-ocon,alpine,renault,pirelli,,,1:11.887,71887.0,1:11.285,71285.0,,,,,,,20.0
1109,2024,8,12,12.0,12,3,daniel-ricciardo,rb,honda-rbpt,pirelli,,,1:11.785,71785.0,1:11.482,71482.0,,,,,,,21.0
1109,2024,8,13,13.0,13,18,lance-stroll,aston-martin,mercedes,pirelli,,,1:11.728,71728.0,1:11.563,71563.0,,,,,,,17.0
1109,2024,8,14,14.0,14,14,fernando-alonso,aston-martin,mercedes,pirelli,,,1:12.019,72019.0,,,,,,,,,11.0
1109,2024,8,15,15.0,15,2,logan-sargeant,williams,mercedes,pirelli,,,1:12.020,72020.0,,,,,,,,,12.0
1109,2024,8,16,16.0,16,11,sergio-perez,red-bull,honda-rbpt,pirelli,,,1:12.060,72060.0,,,,,,,,,12.0
1109,2024,8,17,17.0,17,77,valtteri-bottas,kick-sauber,ferrari,pirelli,,,1:12.512,72512.0,,,,,,,,,11.0
1109,2024,8,18,18.0,18,24,guanyu-zhou,kick-sauber,ferrari,pirelli,,,1:13.028,73028.0,,,,,,,,,11.0
1109,2024,8,19,,DSQ,27,nico-hulkenberg,haas,ferrari,pirelli,,,1:11.876,71876.0,1:11.440,71440.0,,,,,,,20.0
1109,2024,8,20,,DSQ,20,kevin-magnussen,haas,ferrari,pirelli,,,1:11.832,71832.0,1:11.725,71725.0,,,,,,,18.0
1110,2024,9,1,1.0,1,63,george-russell,mercedes,mercedes,pirelli,,,1:13.013,73013.0,1:11.742,71742.0,1:12.000,72000.0,,,,,26.0
1110,2024,9,2,2.0,2,1,max-verstappen,red-bull,honda-rbpt,pirelli,,,1:12.360,72360.0,1:12.549,72549.0,1:12.000,72000.0,+0.000,0.0,+0.000,0.0,27.0
1110,2024,9,3,3.0,3,4,lando-norris,mclaren,mercedes,pirelli,,,1:12.959,72959.0,1:12.201,72201.0,1:12.021,72021.0,+0.021,21.0,+0.021,21.0,25.0
1110,2024,9,4,4.0,4,81,oscar-piastri,mclaren,mercedes,pirelli,,,1:12.907,72907.0,1:12.462,72462.0,1:12.103,72103.0,+0.103,103.0,+0.082,82.0,29.0
1110,2024,9,5,5.0,5,3,daniel-ricciardo,rb,honda-rbpt,pirelli,,,1:13.240,73240.0,1:12.572,72572.0,1:12.178,72178.0,+0.178,178.0,+0.075,75.0,25.0
1110,2024,9,6,6.0,6,14,fernando-alonso,aston-martin,mercedes,pirelli,,,1:13.117,73117.0,1:12.635,72635.0,1:12.228,72228.0,+0.228,228.0,+0.050,50.0,23.0
1110,2024,9,7,7.0,7,44,lewis-hamilton,mercedes,mercedes,pirelli,,,1:12.851,72851.0,1:11.979,71979.0,1:12.280,72280.0,+0.280,280.0,+0.052,52.0,26.0
1110,2024,9,8,8.0,8,22,yuki-tsunoda,rb,honda-rbpt,pirelli,,,1:12.748,72748.0,1:12.303,72303.0,1:12.414,72414.0,+0.414,414.0,+0.134,134.0,24.0
1110,2024,9,9,9.0,9,18,lance-stroll,aston-martin,mercedes,pirelli,,,1:13.088,73088.0,1:12.659,72659.0,1:12.701,72701.0,+0.701,701.0,+0.287,287.0,25.0
1110,2024,9,10,10.0,10,23,alexander-albon,williams,mercedes,pirelli,,,1:12.896,72896.0,1:12.485,72485.0,1:12.796,72796.0,+0.796,796.0,+0.095,95.0,26.0
1110,2024,9,11,11.0,11,16,charles-leclerc,ferrari,ferrari,pirelli,,,1:13.107,73107.0,1:12.691,72691.0,,,,,,,21.0
1110,2024,9,12,12.0,12,55,carlos-sainz-jr,ferrari,ferrari,pirelli,,,1:13.038,73038.0,1:12.728,72728.0,,,,,,,22.0
1110,2024,9,13,13.0,13,2,logan-sargeant,williams,mercedes,pirelli,,,1:13.063,73063.0,1:12.736,72736.0,,,,,,,22.0
1110,2024,9,14,14.0,14,20,kevin-magnussen,haas,ferrari,pirelli,,,1:13.217,73217.0,1:12.916,72916.0,,,,,,,16.0
1110,2024,9,15,15.0,15,10,pierre-gasly,alpine,renault,pirelli,,,1:13.289,73289.0,1:12.940,72940.0,,,,,,,18.0
1110,2024,9,16,16.0,16,11,sergio-perez,red-bull,honda-rbpt,pirelli,,,1:13.326,73326.0,,,,,,,,,11.0
1110,2024,9,17,17.0,17,77,valtteri-bottas,kick-sauber,ferrari,pirelli,,,1:13.366,73366.0,,,,,,,,,10.0
1110,2024,9,18,18.0,18,31,esteban-ocon,alpine,renault,pirelli,,,1:13.435,73435.0,,,,,,,,,11.0
1110,2024,9,19,19.0,19,27,nico-hulkenberg,haas,ferrari,pirelli,,,1:13.978,73978.0,,,,,,,,,10.0
1110,2024,9,20,20.0,20,24,guanyu-zhou,kick-sauber,ferrari,pirelli,,,1:14.292,74292.0,,,,,,,,,11.0
1111,2024,10,1,1.0,1,4,lando-norris,mclaren,mercedes,pirelli,,,1:12.386,72386.0,1:11.872,71872.0,1:11.383,71383.0,,,,,12.0
1111,2024,10,2,2.0,2,1,max-verstappen,red-bull,honda-rbpt,pirelli,,,1:12.306,72306.0,1:11.653,71653.0,1:11.403,71403.0,+0.020,20.0,+0.020,20.0,12.0
1111,2024,10,3,3.0,3,44,lewis-hamilton,mercedes,mercedes,pirelli,,,1:12.143,72143.0,1:11.792,71792.0,1:11.701,71701.0,+0.318,318.0,+0.298,298.0,18.0
1111,2024,10,4,4.0,4,63,george-russell,mercedes,mercedes,pirelli,,,1:12.456,72456.0,1:11.812,71812.0,1:11.703,71703.0,+0.320,320.0,+0.002,2.0,16.0
1111,2024,10,5,5.0,5,16,charles-leclerc,ferrari,ferrari,pirelli,,,1:12.257,72257.0,1:12.038,72038.0,1:11.731,71731.0,+0.348,348.0,+0.028,28.0,12.0
1111,2024,10,6,6.0,6,55,carlos-sainz-jr,ferrari,ferrari,pirelli,,,1:12.403,72403.0,1:11.874,71874.0,1:11.736,71736.0,+0.353,353.0,+0.005,5.0,12.0
1111,2024,10,7,7.0,7,10,pierre-gasly,alpine,renault,pirelli,,,1:12.651,72651.0,1:12.079,72079.0,1:11.857,71857.0,+0.474,474.0,+0.121,121.0,18.0
1111,2024,10,8,8.0,8,11,sergio-perez,red-bull,honda-rbpt,pirelli,,,1:12.477,72477.0,1:12.054,72054.0,1:12.061,72061.0,+0.678,678.0,+0.204,204.0,18.0
1111,2024,10,9,9.0,9,31,esteban-ocon,alpine,renault,pirelli,,,1:12.691,72691.0,1:12.109,72109.0,1:12.125,72125.0,+0.742,742.0,+0.064,64.0,18.0
1111,2024,10,10,10.0,10,81,oscar-piastri,mclaren,mercedes,pirelli,,,1:12.460,72460.0,1:12.011,72011.0,,,,,,,16.0
1111,2024,10,11,11.0,11,14,fernando-alonso,aston-martin,mercedes,pirelli,,,1:12.505,72505.0,1:12.128,72128.0,,,,,,,12.0
1111,2024,10,12,12.0,12,77,valtteri-bottas,kick-sauber,ferrari,pirelli,,,1:12.758,72758.0,1:12.227,72227.0,,,,,,,12.0
1111,2024,10,13,13.0,13,27,nico-hulkenberg,haas,ferrari,pirelli,,,1:12.708,72708.0,1:12.310,72310.0,,,,,,,12.0
1111,2024,10,14,14.0,14,18,lance-stroll,aston-martin,mercedes,pirelli,,,1:12.881,72881.0,1:12.372,72372.0,,,,,,,15.0
1111,2024,10,15,15.0,15,24,guanyu-zhou,kick-sauber,ferrari,pirelli,,,1:12.880,72880.0,1:12.738,72738.0,,,,,,,15.0
1111,2024,10,16,16.0,16,20,kevin-magnussen,haas,ferrari,pirelli,,,1:12.937,72937.0,,,,,,,,,6.0
1111,2024,10,17,17.0,17,22,yuki-tsunoda,rb,honda-rbpt,pirelli,,,1:12.985,72985.0,,,,,,,,,9.0
1111,2024,10,18,18.0,18,3,daniel-ricciardo,rb,honda-rbpt,pirelli,,,1:13.075,73075.0,,,,,,,,,9.0
1111,2024,10,19,19.0,19,23,alexander-albon,williams,mercedes,pirelli,,,1:13.153,73153.0,,,,,,,,,6.0
1111,2024,10,20,20.0,20,2,logan-sargeant,williams,mercedes,pirelli,,,1:13.509,73509.0,,,,,,,,,9.0
1112,2024,11,1,1.0,1,1,max-verstappen,red-bull,honda-rbpt,pirelli,,,1:05.336,65336.0,1:04.469,64469.0,1:04.314,64314.0,,,,,18.0
1112,2024,11,2,2.0,2,4,lando-norris,mclaren,mercedes,pirelli,,,1:05.450,65450.0,1:05.103,65103.0,1:04.718,64718.0,+0.404,404.0,+0.404,404.0,20.0
1112,2024,11,3,3.0,3,63,george-russell,mercedes,mercedes,pirelli,,,1:05.585,65585.0,1:05.016,65016.0,1:04.840,64840.0,+0.526,526.0,+0.122,122.0,18.0
1112,2024,11,4,4.0,4,55,carlos-sainz-jr,ferrari,ferrari,pirelli,,,1:05.263,65263.0,1:05.016,65016.0,1:04.851,64851.0,+0.537,537.0,+0.011,11.0,18.0
1112,2024,11,5,5.0,5,44,lewis-hamilton,mercedes,mercedes,pirelli,,,1:05.541,65541.0,1:05.053,65053.0,1:04.903,64903.0,+0.589,589.0,+0.052,52.0,18.0
1112,2024,11,6,6.0,6,16,charles-leclerc,ferrari,ferrari,pirelli,,,1:05.509,65509.0,1:05.104,65104.0,1:05.044,65044.0,+0.730,730.0,+0.141,141.0,22.0
1112,2024,11,7,7.0,7,81,oscar-piastri,mclaren,mercedes,pirelli,,,1:05.311,65311.0,1:05.070,65070.0,1:05.048,65048.0,+0.734,734.0,+0.004,4.0,17.0
1112,2024,11,8,8.0,8,11,sergio-perez,red-bull,honda-rbpt,pirelli,,,1:05.587,65587.0,1:05.144,65144.0,1:05.202,65202.0,+0.888,888.0,+0.154,154.0,21.0
1112,2024,11,9,9.0,9,27,nico-hulkenberg,haas,ferrari,pirelli,,,1:05.596,65596.0,1:05.262,65262.0,1:05.385,65385.0,+1.071,1071.0,+0.183,183.0,21.0
1112,2024,11,10,10.0,10,31,esteban-ocon,alpine,renault,pirelli,,,1:05.574,65574.0,1:05.274,65274.0,1:05.883,65883.0,+1.569,1569.0,+0.498,498.0,24.0
1112,2024,11,11,11.0,11,3,daniel-ricciardo,rb,honda-rbpt,pirelli,,,1:05.569,65569.0,1:05.289,65289.0,,,,,,,15.0
1112,2024,11,12,12.0,12,20,kevin-magnussen,haas,ferrari,pirelli,,,1:05.508,65508.0,1:05.347,65347.0,,,,,,,15.0
1112,2024,11,13,13.0,13,10,pierre-gasly,alpine,renault,pirelli,,,1:05.598,65598.0,1:05.359,65359.0,,,,,,,18.0
1112,2024,11,14,14.0,14,22,yuki-tsunoda,rb,honda-rbpt,pirelli,,,1:05.563,65563.0,1:05.412,65412.0,,,,,,,15.0
1112,2024,11,15,15.0,15,14,fernando-alonso,aston-martin,mercedes,pirelli,,,1:05.656,65656.0,1:05.639,65639.0,,,,,,,15.0
1112,2024,11,16,16.0,16,23,alexander-albon,williams,mercedes,pirelli,,,1:05.736,65736.0,,,,,,,,,9.0
1112,2024,11,17,17.0,17,18,lance-stroll,aston-martin,mercedes,pirelli,,,1:05.819,65819.0,,,,,,,,,9.0
1112,2024,11,18,18.0,18,77,valtteri-bottas,kick-sauber,ferrari,pirelli,,,1:05.847,65847.0,,,,,,,,,9.0
1112,2024,11,19,19.0,19,2,logan-sargeant,williams,mercedes,pirelli,,,1:05.856,65856.0,,,,,,,,,9.0
1112,2024,11,20,20.0,20,24,guanyu-zhou,kick-sauber,ferrari,pirelli,,,1:06.061,66061.0,,,,,,,,,9.0
1113,2024,12,1,1.0,1,63,george-russell,mercedes,mercedes,pirelli,,,1:30.106,90106.0,1:26.723,86723.0,1:25.819,85819.0,,,,,26.0
1113,2024,12,2,2.0,2,44,lewis-hamilton,mercedes,mercedes,pirelli,,,1:29.547,89547.0,1:26.770,86770.0,1:25.990,85990.0,+0.171,171.0,+0.171,171.0,25.0
1113,2024,12,3,3.0,3,4,lando-norris,mclaren,mercedes,pirelli,,,1:31.596,91596.0,1:26.559,86559.0,1:26.030,86030.0,+0.211,211.0,+0.040,40.0,22.0
1113,2024,12,4,4.0,4,1,max-verstappen,red-bull,honda-rbpt,pirelli,,,1:31.342,91342.0,1:26.796,86796.0,1:26.203,86203.0,+0.384,384.0,+0.173,173.0,24.0
1113,2024,12,5,5.0,5,81,oscar-piastri,mclaren,mercedes,pirelli,,,1:30.895,90895.0,1:26.733,86733.0,1:26.237,86237.0,+0.418,418.0,+0.034,34.0,24.0
1113,2024,12,6,6.0,6,27,nico-hulkenberg,haas,ferrari,pirelli,,,1:31.929,91929.0,1:26.847,86847.0,1:26.338,86338.0,+0.519,519.0,+0.101,101.0,17.0
1113,2024,12,7,7.0,7,55,carlos-sainz-jr,ferrari,ferrari,pirelli,,,1:30.557,90557.0,1:26.843,86843.0,1:26.509,86509.0,+0.690,690.0,+0.171,171.0,24.0
1113,2024,12,8,8.0,8,18,lance-stroll,aston-martin,mercedes,pirelli,,,1:31.410,91410.0,1:26.938,86938.0,1:26.585,86585.0,+0.766,766.0,+0.076,76.0,24.0
1113,2024,12,9,9.0,9,23,alexander-albon,williams,mercedes,pirelli,,,1:31.135,91135.0,1:26.933,86933.0,1:26.640,86640.0,+0.821,821.0,+0.055,55.0,23.0
1113,2024,12,10,10.0,10,14,fernando-alonso,aston-martin,mercedes,pirelli,,,1:31.264,91264.0,1:26.730,86730.0,1:26.917,86917.0,+1.098,1098.0,+0.277,277.0,24.0
1113,2024,12,11,11.0,11,16,charles-leclerc,ferrari,ferrari,pirelli,,,1:30.496,90496.0,1:27.097,87097.0,,,,,,,18.0
1113,2024,12,12,12.0,12,2,logan-sargeant,williams,mercedes,pirelli,,,1:31.608,91608.0,1:27.175,87175.0,,,,,,,20.0
1113,2024,12,13,13.0,13,22,yuki-tsunoda,rb,honda-rbpt,pirelli,,,1:30.994,90994.0,1:27.269,87269.0,,,,,,,17.0
1113,2024,12,14,14.0,14,24,guanyu-zhou,kick-sauber,ferrari,pirelli,,,1:31.190,91190.0,1:27.867,87867.0,,,,,,,22.0
1113,2024,12,15,15.0,15,3,daniel-ricciardo,rb,honda-rbpt,pirelli,,,1:31.291,91291.0,1:27.949,87949.0,,,,,,,18.0
1113,2024,12,16,16.0,16,77,valtteri-bottas,kick-sauber,ferrari,pirelli,,,1:32.431,92431.0,,,,,,,,,11.0
1113,2024,12,17,17.0,17,20,kevin-magnussen,haas,ferrari,pirelli,,,1:32.905,92905.0,,,,,,,,,6.0
1113,2024,12,18,18.0,18,31,esteban-ocon,alpine,renault,pirelli,,,1:34.557,94557.0,,,,,,,,,11.0
1113,2024,12,19,19.0,19,11,sergio-perez,red-bull,honda-rbpt,pirelli,,,1:38.348,98348.0,,,,,,,,,5.0
1113,2024,12,20,20.0,20,10,pierre-gasly,alpine,renault,pirelli,,,1:39.804,99804.0,,,,,,,,,7.0
1114,2024,13,1,1.0,1,4,lando-norris,mclaren,mercedes,pirelli,,,1:17.755,77755.0,1:15.540,75540.0,1:15.227,75227.0,,,,,22.0
1114,2024,13,2,2.0,2,81,oscar-piastri,mclaren,mercedes,pirelli,,,1:17.504,77504.0,1:15.785,75785.0,1:15.249,75249.0,+0.022,22.0,+0.022,22.0,21.0
1114,2024,13,3,3.0,3,1,max-verstappen,red-bull,honda-rbpt,pirelli,,,1:17.087,77087.0,1:15.770,75770.0,1:15.273,75273.0,+0.046,46.0,+0.024,24.0,21.0
1114,2024,13,4,4.0,4,55,carlos-sainz-jr,ferrari,ferrari,pirelli,,,1:17.244,77244.0,1:15.885,75885.0,1:15.696,75696.0,+0.469,469.0,+0.423,423.0,26.0
1114,2024,13,5,5.0,5,44,lewis-hamilton,mercedes,mercedes,pirelli,,,1:17.087,77087.0,1:16.307,76307.0,1:15.854,75854.0,+0.627,627.0,+0.158,158.0,24.0
1114,2024,13,6,6.0,6,16,charles-leclerc,ferrari,ferrari,pirelli,,,1:17.437,77437.0,1:15.891,75891.0,1:15.905,75905.0,+0.678,678.0,+0.051,51.0,22.0
1114,2024,13,7,7.0,7,14,fernando-alonso,aston-martin,mercedes,pirelli,,,1:17.624,77624.0,1:16.117,76117.0,1:16.043,76043.0,+0.816,816.0,+0.138,138.0,18.0
1114,2024,13,8,8.0,8,18,lance-stroll,aston-martin,mercedes,pirelli,,,1:17.405,77405.0,1:16.075,76075.0,1:16.244,76244.0,+1.017,1017.0,+0.201,201.0,22.0
1114,2024,13,9,9.0,9,3,daniel-ricciardo,rb,honda-rbpt,pirelli,,,1:17.050,77050.0,1:16.202,76202.0,1:16.447,76447.0,+1.220,1220.0,+0.203,203.0,20.0
1114,2024,13,10,10.0,10,22,yuki-tsunoda,rb,honda-rbpt,pirelli,,,1:17.436,77436.0,1:16.121,76121.0,1:16.477,76477.0,+1.250,1250.0,+0.030,30.0,20.0
1114,2024,13,11,11.0,11,27,nico-hulkenberg,haas,ferrari,pirelli,,,1:17.362,77362.0,1:16.317,76317.0,,,,,,,16.0
1114,2024,13,12,12.0,12,77,valtteri-bottas,kick-sauber,ferrari,pirelli,,,1:17.487,77487.0,1:16.384,76384.0,,,,,,,19.0
1114,2024,13,13,13.0,13,23,alexander-albon,williams,mercedes,pirelli,,,1:17.280,77280.0,1:16.429,76429.0,,,,,,,16.0
1114,2024,13,14,14.0,14,2,logan-sargeant,williams,mercedes,pirelli,,,1:17.770,77770.0,1:16.543,76543.0,,,,,,,13.0
1114,2024,13,15,15.0,15,20,kevin-magnussen,haas,ferrari,pirelli,,,1:17.851,77851.0,1:16.548,76548.0,,,,,,,15.0
1114,2024,13,16,16.0,16,11,sergio-perez,red-bull,honda-rbpt,pirelli,,,1:17.886,77886.0,,,,,,,,,6.0
1114,2024,13,17,17.0,17,63,george-russell,mercedes,mercedes,pirelli,,,1:17.968,77968.0,,,,,,,,,9.0
1114,2024,13,18,18.0,18,24,guanyu-zhou,kick-sauber,ferrari,pirelli,,,1:18.037,78037.0,,,,,,,,,12.0
1114,2024,13,19,19.0,19,31,esteban-ocon,alpine,renault,pirelli,,,1:18.049,78049.0,,,,,,,,,6.0
1114,2024,13,20,20.0,20,10,pierre-gasly,alpine,renault,pirelli,,,1:18.166,78166.0,,,,,,,,,6.0
1115,2024,14,1,1.0,1,1,max-verstappen,red-bull,honda-rbpt,pirelli,,,1:54.938,114938.0,1:53.837,113837.0,1:53.159,113159.0,,,,,21.0
1115,2024,14,2,2.0,2,16,charles-leclerc,ferrari,ferrari,pirelli,,,1:55.349,115349.0,1:54.193,114193.0,1:53.754,113754.0,+0.595,595.0,+0.595,595.0,22.0
1115,2024,14,3,3.0,3,11,sergio-perez,red-bull,honda-rbpt,pirelli,,,1:55.139,115139.0,1:54.470,114470.0,1:53.765,113765.0,+0.606,606.0,+0.011,11.0,21.0
1115,2024,14,4,4.0,4,44,lewis-hamilton,mercedes,mercedes,pirelli,,,1:55.692,115692.0,1:54.037,114037.0,1:53.835,113835.0,+0.676,676.0,+0.070,70.0,22.0
1115,2024,14,5,5.0,5,4,lando-norris,mclaren,mercedes,pirelli,,,1:55.582,115582.0,1:54.358,114358.0,1:53.981,113981.0,+0.822,822.0,+0.146,146.0,24.0
1115,2024,14,6,6.0,6,81,oscar-piastri,mclaren,mercedes,pirelli,,,1:54.835,114835.0,1:54.136,114136.0,1:54.027,114027.0,+0.868,868.0,+0.046,46.0,23.0
1115,2024,14,7,7.0,7,63,george-russell,mercedes,mercedes,pirelli,,,1:55.353,115353.0,1:54.095,114095.0,1:54.184,114184.0,+1.025,1025.0,+0.157,157.0,22.0
1115,2024,14,8,8.0,8,55,carlos-sainz-jr,ferrari,ferrari,pirelli,,,1:55.169,115169.0,1:54.112,114112.0,1:54.477,114477.0,+1.318,1318.0,+0.293,293.0,23.0
1115,2024,14,9,9.0,9,14,fernando-alonso,aston-martin,mercedes,pirelli,,,1:55.489,115489.0,1:54.258,114258.0,1:54.765,114765.0,+1.606,1606.0,+0.288,288.0,23.0
1115,2024,14,10,10.0,10,31,esteban-ocon,alpine,renault,pirelli,,,1:55.417,115417.0,1:54.460,114460.0,1:54.810,114810.0,+1.651,1651.0,+0.045,45.0,23.0
1115,2024,14,11,11.0,11,23,alexander-albon,williams,mercedes,pirelli,,,1:55.722,115722.0,1:54.473,114473.0,,,,,,,16.0
1115,2024,14,12,12.0,12,10,pierre-gasly,alpine,renault,pirelli,,,1:54.911,114911.0,1:54.635,114635.0,,,,,,,17.0
1115,2024,14,13,13.0,13,3,daniel-ricciardo,rb,honda-rbpt,pirelli,,,1:55.451,115451.0,1:54.682,114682.0,,,,,,,14.0
1115,2024,14,14,14.0,14,77,valtteri-bottas,kick-sauber,ferrari,pirelli,,,1:55.531,115531.0,1:54.764,114764.0,,,,,,,17.0
1115,2024,14,15,15.0,15,18,lance-stroll,aston-martin,mercedes,pirelli,,,1:56.072,116072.0,1:55.716,115716.0,,,,,,,17.0
1115,2024,14,16,16.0,16,27,nico-hulkenberg,haas,ferrari,pirelli,,,1:56.308,116308.0,,,,,,,,,9.0
1115,2024,14,17,17.0,17,20,kevin-magnussen,haas,ferrari,pirelli,,,1:56.500,116500.0,,,,,,,,,9.0
1115,2024,14,18,18.0,18,22,yuki-tsunoda,rb,honda-rbpt,pirelli,,,1:56.593,116593.0,,,,,,,,,8.0
1115,2024,14,19,19.0,19,2,logan-sargeant,williams,mercedes,pirelli,,,1:57.230,117230.0,,,,,,,,,8.0
1115,2024,14,20,20.0,20,24,guanyu-zhou,kick-sauber,ferrari,pirelli,,,1:57.775,117775.0,,,,,,,,,9.0
1116,2024,15,1,1.0,1,4,lando-norris,mclaren,mercedes,pirelli,,,1:11.377,71377.0,1:10.496,70496.0,1:09.673,69673.0,,,,,14.0
1116,2024,15,2,2.0,2,1,max-verstappen,red-bull,honda-rbpt,pirelli,,,1:11.393,71393.0,1:10.811,70811.0,1:10.029,70029.0,+0.356,356.0,+0.356,356.0,14.0
1116,2024,15,3,3.0,3,81,oscar-piastri,mclaren,mercedes,pirelli,,,1:11.541,71541.0,1:10.505,70505.0,1:10.172,70172.0,+0.499,499.0,+0.143,143.0,16.0
1116,2024,15,4,4.0,4,63,george-russell,mercedes,mercedes,pirelli,,,1:11.049,71049.0,1:10.552,70552.0,1:10.244,70244.0,+0.571,571.0,+0.072,72.0,18.0
1116,2024,15,5,5.0,5,11,sergio-perez,red-bull,honda-rbpt,pirelli,,,1:11.006,71006.0,1:10.678,70678.0,1:10.416,70416.0,+0.743,743.0,+0.172,172.0,17.0
1116,2024,15,6,6.0,6,16,charles-leclerc,ferrari,ferrari,pirelli,,,1:11.370,71370.0,1:10.689,70689.0,1:10.582,70582.0,+0.909,909.0,+0.166,166.0,24.0
1116,2024,15,7,7.0,7,14,fernando-alonso,aston-martin,mercedes,pirelli,,,1:11.493,71493.0,1:10.845,70845.0,1:10.633,70633.0,+0.960,960.0,+0.051,51.0,16.0
1116,2024,15,8,8.0,8,18,lance-stroll,aston-martin,mercedes,pirelli,,,1:11.518,71518.0,1:10.661,70661.0,1:10.857,70857.0,+1.184,1184.0,,,19.0
1116,2024,15,9,9.0,9,10,pierre-gasly,alpine,renault,pirelli,,,1:11.718,71718.0,1:10.815,70815.0,1:10.977,70977.0,+1.304,1304.0,+0.120,120.0,20.0
1116,2024,15,10,10.0,10,55,carlos-sainz-jr,ferrari,ferrari,pirelli,,,1:11.327,71327.0,1:10.914,70914.0,,,,,,,18.0
1116,2024,15,11,11.0,11,44,lewis-hamilton,mercedes,mercedes,pirelli,,,1:11.375,71375.0,1:10.948,70948.0,,,,,,,13.0
1116,2024,15,12,12.0,12,22,yuki-tsunoda,rb,honda-rbpt,pirelli,,,1:11.603,71603.0,1:10.955,70955.0,,,,,,,15.0
1116,2024,15,13,13.0,13,27,nico-hulkenberg,haas,ferrari,pirelli,,,1:11.832,71832.0,1:11.215,71215.0,,,,,,,17.0
1116,2024,15,14,14.0,14,20,kevin-magnussen,haas,ferrari,pirelli,,,1:11.630,71630.0,1:11.295,71295.0,,,,,,,15.0
1116,2024,15,15,15.0,15,3,daniel-ricciardo,rb,honda-rbpt,pirelli,,,1:11.943,71943.0,,,,,,,,,9.0
1116,2024,15,16,16.0,16,31,esteban-ocon,alpine,renault,pirelli,,,1:11.995,71995.0,,,,,,,,,9.0
1116,2024,15,17,17.0,17,77,valtteri-bottas,kick-sauber,ferrari,pirelli,,,1:12.168,72168.0,,,,,,,,,9.0
1116,2024,15,18,18.0,18,24,guanyu-zhou,kick-sauber,ferrari,pirelli,,,1:13.261,73261.0,,,,,,,,,9.0
1116,2024,15,19,,DSQ,23,alexander-albon,williams,mercedes,pirelli,,,,,,,,,,,,,0.0
1117,2024,16,1,1.0,1,4,lando-norris,mclaren,mercedes,pirelli,,,1:19.911,79911.0,1:19.727,79727.0,1:19.327,79327.0,,,,,12.0
1117,2024,16,2,2.0,2,81,oscar-piastri,mclaren,mercedes,pirelli,,,1:20.076,80076.0,1:19.808,79808.0,1:19.436,79436.0,+0.109,109.0,+0.109,109.0,19.0
1117,2024,16,3,3.0,3,63,george-russell,mercedes,mercedes,pirelli,,,1:20.169,80169.0,1:19.877,79877.0,1:19.440,79440.0,+0.113,113.0,+0.004,4.0,18.0
1117,2024,16,4,4.0,4,16,charles-leclerc,ferrari,ferrari,pirelli,,,1:20.074,80074.0,1:20.007,80007.0,1:19.461,79461.0,+0.134,134.0,+0.021,21.0,21.0
1117,2024,16,5,5.0,5,55,carlos-sainz-jr,ferrari,ferrari,pirelli,,,1:20.149,80149.0,1:19.799,79799.0,1:19.467,79467.0,+0.140,140.0,+0.006,6.0,18.0
1117,2024,16,6,6.0,6,44,lewis-hamilton,mercedes,mercedes,pirelli,,,1:20.477,80477.0,1:19.641,79641.0,1:19.513,79513.0,+0.186,186.0,+0.046,46.0,18.0
1117,2024,16,7,7.0,7,1,max-verstappen,red-bull,honda-rbpt,pirelli,,,1:20.226,80226.0,1:19.662,79662.0,1:20.022,80022.0,+0.695,695.0,+0.509,509.0,18.0
1117,2024,16,8,8.0,8,11,sergio-perez,red-bull,honda-rbpt,pirelli,,,1:20.598,80598.0,1:20.216,80216.0,1:20.062,80062.0,+0.735,735.0,+0.040,40.0,17.0
1117,2024,16,9,9.0,9,23,alexander-albon,williams,mercedes,pirelli,,,1:20.542,80542.0,1:20.314,80314.0,1:20.299,80299.0,+0.972,972.0,+0.237,237.0,18.0
1117,2024,16,10,10.0,10,27,nico-hulkenberg,haas,ferrari,pirelli,,,1:20.781,80781.0,1:20.411,80411.0,1:20.339,80339.0,+1.012,1012.0,+0.040,40.0,18.0
1117,2024,16,11,11.0,11,14,fernando-alonso,aston-martin,mercedes,pirelli,,,1:20.617,80617.0,1:20.421,80421.0,,,,,,,11.0
1117,2024,16,12,12.0,12,3,daniel-ricciardo,rb,honda-rbpt,pirelli,,,1:20.901,80901.0,1:20.479,80479.0,,,,,,,12.0
1117,2024,16,13,13.0,13,20,kevin-magnussen,haas,ferrari,pirelli,,,1:20.856,80856.0,1:20.698,80698.0,,,,,,,11.0
1117,2024,16,14,14.0,14,10,pierre-gasly,alpine,renault,pirelli,,,1:20.748,80748.0,1:20.738,80738.0,,,,,,,16.0
1117,2024,16,15,15.0,15,31,esteban-ocon,alpine,renault,pirelli,,,1:20.764,80764.0,1:20.766,80766.0,,,,,,,16.0
1117,2024,16,16,16.0,16,22,yuki-tsunoda,rb,honda-rbpt,pirelli,,,1:20.945,80945.0,,,,,,,,,6.0
1117,2024,16,17,17.0,17,18,lance-stroll,aston-martin,mercedes,pirelli,,,1:21.013,81013.0,,,,,,,,,6.0
1117,2024,16,18,18.0,18,43,franco-colapinto,williams,mercedes,pirelli,,,1:21.061,81061.0,,,,,,,,,6.0
1117,2024,16,19,19.0,19,77,valtteri-bottas,kick-sauber,ferrari,pirelli,,,1:21.101,81101.0,,,,,,,,,6.0
1117,2024,16,20,20.0,20,24,guanyu-zhou,kick-sauber,ferrari,pirelli,,,1:21.445,81445.0,,,,,,,,,9.0
1118,2024,17,1,1.0,1,16,charles-leclerc,ferrari,ferrari,pirelli,,,1:42.775,102775.0,1:42.056,102056.0,1:41.365,101365.0,,,,,20.0
1118,2024,17,2,2.0,2,81,oscar-piastri,mclaren,mercedes,pirelli,,,1:43.033,103033.0,1:42.598,102598.0,1:41.686,101686.0,+0.321,321.0,+0.321,321.0,19.0
1118,2024,17,3,3.0,3,55,carlos-sainz-jr,ferrari,ferrari,pirelli,,,1:43.357,103357.0,1:42.503,102503.0,1:41.805,101805.0,+0.440,440.0,+0.119,119.0,23.0
1118,2024,17,4,4.0,4,11,sergio-perez,red-bull,honda-rbpt,pirelli,,,1:43.213,103213.0,1:42.263,102263.0,1:41.813,101813.0,+0.448,448.0,+0.008,8.0,15.0
1118,2024,17,5,5.0,5,63,george-russell,mercedes,mercedes,pirelli,,,1:43.139,103139.0,1:42.329,102329.0,1:41.874,101874.0,+0.509,509.0,+0.061,61.0,20.0
1118,2024,17,6,6.0,6,1,max-verstappen,red-bull,honda-rbpt,pirelli,,,1:43.097,103097.0,1:42.042,102042.0,1:42.023,102023.0,+0.658,658.0,+0.149,149.0,20.0
1118,2024,17,7,7.0,7,44,lewis-hamilton,mercedes,mercedes,pirelli,,,1:43.089,103089.0,1:42.765,102765.0,1:42.289,102289.0,+0.924,924.0,+0.266,266.0,22.0
1118,2024,17,8,8.0,8,14,fernando-alonso,aston-martin,mercedes,pirelli,,,1:43.472,103472.0,1:42.426,102426.0,1:42.369,102369.0,+1.004,1004.0,+0.080,80.0,19.0
1118,2024,17,9,9.0,9,43,franco-colapinto,williams,mercedes,pirelli,,,1:43.138,103138.0,1:42.473,102473.0,1:42.530,102530.0,+1.165,1165.0,+0.161,161.0,20.0
1118,2024,17,10,10.0,10,23,alexander-albon,williams,mercedes,pirelli,,,1:42.899,102899.0,1:42.840,102840.0,1:42.859,102859.0,+1.494,1494.0,+0.329,329.0,19.0
1118,2024,17,11,11.0,11,50,oliver-bearman,haas,ferrari,pirelli,,,1:43.471,103471.0,1:42.968,102968.0,,,,,,,14.0
1118,2024,17,12,12.0,12,22,yuki-tsunoda,rb,honda-rbpt,pirelli,,,1:43.337,103337.0,1:43.035,103035.0,,,,,,,16.0
1118,2024,17,13,13.0,13,27,nico-hulkenberg,haas,ferrari,pirelli,,,1:43.101,103101.0,1:43.191,103191.0,,,,,,,14.0
1118,2024,17,14,14.0,14,18,lance-stroll,aston-martin,mercedes,pirelli,,,1:43.370,103370.0,1:43.404,103404.0,,,,,,,14.0
1118,2024,17,15,15.0,15,3,daniel-ricciardo,rb,honda-rbpt,pirelli,,,1:43.547,103547.0,,,,,,,,,9.0
1118,2024,17,16,16.0,16,4,lando-norris,mclaren,mercedes,pirelli,,,1:43.609,103609.0,,,,,,,,,7.0
1118,2024,17,17,17.0,17,77,valtteri-bottas,kick-sauber,ferrari,pirelli,,,1:43.618,103618.0,,,,,,,,,7.0
1118,2024,17,18,18.0,18,24,guanyu-zhou,kick-sauber,ferrari,pirelli,,,1:44.246,104246.0,,,,,,,,,10.0
1118,2024,17,19,19.0,19,31,esteban-ocon,alpine,renault,pirelli,,,1:44.504,104504.0,,,,,,,,,8.0
1118,2024,17,20,,DSQ,10,pierre-gasly,alpine,renault,pirelli,,,,,,,,,,,,,0.0
1119,2024,18,1,1.0,1,4,lando-norris,mclaren,mercedes,pirelli,,,1:30.002,90002.0,1:30.007,90007.0,1:29.525,89525.0,,,,,16.0
1119,2024,18,2,2.0,2,1,max-verstappen,red-bull,honda-rbpt,pirelli,,,1:30.157,90157.0,1:29.680,89680.0,1:29.728,89728.0,+0.203,203.0,+0.203,203.0,18.0
1119,2024,18,3,3.0,3,44,lewis-hamilton,mercedes,mercedes,pirelli,,,1:30.393,90393.0,1:29.929,89929.0,1:29.841,89841.0,+0.316,316.0,+0.113,113.0,16.0
1119,2024,18,4,4.0,4,63,george-russell,mercedes,mercedes,pirelli,,,1:30.811,90811.0,1:30.153,90153.0,1:29.867,89867.0,+0.342,342.0,+0.026,26.0,17.0
1119,2024,18,5,5.0,5,81,oscar-piastri,mclaren,mercedes,pirelli,,,1:30.258,90258.0,1:29.640,89640.0,1:29.953,89953.0,+0.428,428.0,+0.086,86.0,18.0
1119,2024,18,6,6.0,6,27,nico-hulkenberg,haas,ferrari,pirelli,,,1:30.724,90724.0,1:30.150,90150.0,1:30.115,90115.0,+0.590,590.0,+0.162,162.0,18.0
1119,2024,18,7,7.0,7,14,fernando-alonso,aston-martin,mercedes,pirelli,,,1:30.684,90684.0,1:30.450,90450.0,1:30.214,90214.0,+0.689,689.0,+0.099,99.0,17.0
1119,2024,18,8,8.0,8,22,yuki-tsunoda,rb,honda-rbpt,pirelli,,,1:30.716,90716.0,1:30.289,90289.0,1:30.354,90354.0,+0.829,829.0,+0.140,140.0,17.0
1119,2024,18,9,9.0,9,16,charles-leclerc,ferrari,ferrari,pirelli,,,1:30.786,90786.0,1:29.747,89747.0,,,,,,,19.0
1119,2024,18,10,10.0,10,55,carlos-sainz-jr,ferrari,ferrari,pirelli,,,1:30.670,90670.0,1:30.108,90108.0,,,,,,,16.0
1119,2024,18,11,11.0,11,23,alexander-albon,williams,mercedes,pirelli,,,1:30.679,90679.0,1:30.474,90474.0,,,,,,,12.0
1119,2024,18,12,12.0,12,43,franco-colapinto,williams,mercedes,pirelli,,,1:30.704,90704.0,1:30.481,90481.0,,,,,,,12.0
1119,2024,18,13,13.0,13,11,sergio-perez,red-bull,honda-rbpt,pirelli,,,1:30.624,90624.0,1:30.579,90579.0,,,,,,,14.0
1119,2024,18,14,14.0,14,20,kevin-magnussen,haas,ferrari,pirelli,,,1:30.829,90829.0,1:30.653,90653.0,,,,,,,12.0
1119,2024,18,15,15.0,15,31,esteban-ocon,alpine,renault,pirelli,,,1:30.958,90958.0,1:30.769,90769.0,,,,,,,15.0
1119,2024,18,16,16.0,16,3,daniel-ricciardo,rb,honda-rbpt,pirelli,,,1:31.085,91085.0,,,,,,,,,6.0
1119,2024,18,17,17.0,17,18,lance-stroll,aston-martin,mercedes,pirelli,,,1:31.094,91094.0,,,,,,,,,6.0
1119,2024,18,18,18.0,18,10,pierre-gasly,alpine,renault,pirelli,,,1:31.312,91312.0,,,,,,,,,9.0
1119,2024,18,19,19.0,19,77,valtteri-bottas,kick-sauber,ferrari,pirelli,,,1:31.572,91572.0,,,,,,,,,9.0
1119,2024,18,20,20.0,20,24,guanyu-zhou,kick-sauber,ferrari,pirelli,,,1:32.054,92054.0,,,,,,,,,9.0
1120,2024,19,1,1.0,1,4,lando-norris,mclaren,mercedes,pirelli,,,1:33.616,93616.0,1:32.851,92851.0,1:32.330,92330.0,,,,,16.0
1120,2024,19,2,2.0,2,1,max-verstappen,red-bull,honda-rbpt,pirelli,,,1:33.046,93046.0,1:32.584,92584.0,1:32.361,92361.0,+0.031,31.0,+0.031,31.0,17.0
1120,2024,19,3,3.0,3,55,carlos-sainz-jr,ferrari,ferrari,pirelli,,,1:33.556,93556.0,1:32.836,92836.0,1:32.652,92652.0,+0.322,322.0,+0.291,291.0,19.0
1120,2024,19,4,4.0,4,16,charles-leclerc,ferrari,ferrari,pirelli,,,1:33.241,93241.0,1:32.962,92962.0,1:32.740,92740.0,+0.410,410.0,+0.088,88.0,20.0
1120,2024,19,5,5.0,5,81,oscar-piastri,mclaren,mercedes,pirelli,,,1:33.864,93864.0,1:33.057,93057.0,1:32.950,92950.0,+0.620,620.0,+0.210,210.0,19.0
1120,2024,19,6,6.0,6,63,george-russell,mercedes,mercedes,pirelli,,,1:33.536,93536.0,1:33.142,93142.0,1:32.974,92974.0,+0.644,644.0,+0.024,24.0,15.0
1120,2024,19,7,7.0,7,10,pierre-gasly,alpine,renault,pirelli,,,1:33.550,93550.0,1:33.162,93162.0,1:33.018,93018.0,+0.688,688.0,+0.044,44.0,20.0
1120,2024,19,8,8.0,8,14,fernando-alonso,aston-martin,mercedes,pirelli,,,1:33.973,93973.0,1:33.429,93429.0,1:33.309,93309.0,+0.979,979.0,+0.291,291.0,18.0
1120,2024,19,9,9.0,9,20,kevin-magnussen,haas,ferrari,pirelli,,,1:33.564,93564.0,1:33.474,93474.0,1:33.481,93481.0,+1.151,1151.0,+0.172,172.0,17.0
1120,2024,19,10,10.0,10,11,sergio-perez,red-bull,honda-rbpt,pirelli,,,1:33.611,93611.0,1:33.020,93020.0,,,,,,,17.0
1120,2024,19,11,11.0,11,22,yuki-tsunoda,rb,honda-rbpt,pirelli,,,1:33.795,93795.0,1:33.506,93506.0,,,,,,,14.0
1120,2024,19,12,12.0,12,27,nico-hulkenberg,haas,ferrari,pirelli,,,1:33.601,93601.0,1:33.544,93544.0,,,,,,,12.0
1120,2024,19,13,13.0,13,31,esteban-ocon,alpine,renault,pirelli,,,1:33.986,93986.0,1:33.597,93597.0,,,,,,,15.0
1120,2024,19,14,14.0,14,18,lance-stroll,aston-martin,mercedes,pirelli,,,1:34.033,94033.0,1:33.759,93759.0,,,,,,,14.0
1120,2024,19,15,15.0,15,30,liam-lawson,rb,honda-rbpt,pirelli,,,1:33.339,93339.0,,,,,,,,,11.0
1120,2024,19,16,16.0,16,23,alexander-albon,williams,mercedes,pirelli,,,1:34.051,94051.0,,,,,,,,,8.0
1120,2024,19,17,17.0,17,43,franco-colapinto,williams,mercedes,pirelli,,,1:34.062,94062.0,,,,,,,,,6.0
1120,2024,19,18,18.0,18,77,valtteri-bottas,kick-sauber,ferrari,pirelli,,,1:34.152,94152.0,,,,,,,,,9.0
1120,2024,19,19,19.0,19,44,lewis-hamilton,mercedes,mercedes,pirelli,,,1:34.154,94154.0,,,,,,,,,6.0
1120,2024,19,20,20.0,20,24,guanyu-zhou,kick-sauber,ferrari,pirelli,,,1:34.228,94228.0,,,,,,,,,9.0
1121,2024,20,1,1.0,1,55,carlos-sainz-jr,ferrari,ferrari,pirelli,,,1:16.778,76778.0,1:16.515,76515.0,1:15.946,75946.0,,,,,21.0
1121,2024,20,2,2.0,2,1,max-verstappen,red-bull,honda-rbpt,pirelli,,,1:16.803,76803.0,1:16.514,76514.0,1:16.171,76171.0,+0.225,225.0,+0.225,225.0,18.0
1121,2024,20,3,3.0,3,4,lando-norris,mclaren,mercedes,pirelli,,,1:16.505,76505.0,1:16.301,76301.0,1:16.260,76260.0,+0.314,314.0,+0.089,89.0,15.0
1121,2024,20,4,4.0,4,16,charles-leclerc,ferrari,ferrari,pirelli,,,1:16.972,76972.0,1:16.641,76641.0,1:16.265,76265.0,+0.319,319.0,+0.005,5.0,21.0
1121,2024,20,5,5.0,5,63,george-russell,mercedes,mercedes,pirelli,,,1:17.194,77194.0,1:16.937,76937.0,1:16.356,76356.0,+0.410,410.0,+0.091,91.0,19.0
1121,2024,20,6,6.0,6,44,lewis-hamilton,mercedes,mercedes,pirelli,,,1:17.306,77306.0,1:16.973,76973.0,1:16.651,76651.0,+0.705,705.0,+0.295,295.0,19.0
1121,2024,20,7,7.0,7,20,kevin-magnussen,haas,ferrari,pirelli,,,1:17.125,77125.0,1:17.003,77003.0,1:16.886,76886.0,+0.940,940.0,+0.235,235.0,18.0
1121,2024,20,8,8.0,8,10,pierre-gasly,alpine,renault,pirelli,,,1:17.149,77149.0,1:17.048,77048.0,1:16.892,76892.0,+0.946,946.0,+0.006,6.0,18.0
1121,2024,20,9,9.0,9,23,alexander-albon,williams,mercedes,pirelli,,,1:17.189,77189.0,1:16.988,76988.0,1:17.065,77065.0,+1.119,1119.0,+0.173,173.0,18.0
1121,2024,20,10,10.0,10,27,nico-hulkenberg,haas,ferrari,pirelli,,,1:17.186,77186.0,1:16.995,76995.0,1:17.365,77365.0,+1.419,1419.0,+0.300,300.0,18.0
1121,2024,20,11,11.0,11,22,yuki-tsunoda,rb,honda-rbpt,pirelli,,,1:17.182,77182.0,1:17.129,77129.0,,,,,,,11.0
1121,2024,20,12,12.0,12,30,liam-lawson,rb,honda-rbpt,pirelli,,,1:17.380,77380.0,1:17.162,77162.0,,,,,,,11.0
1121,2024,20,13,13.0,13,14,fernando-alonso,aston-martin,mercedes,pirelli,,,1:17.307,77307.0,1:17.168,77168.0,,,,,,,13.0
1121,2024,20,14,14.0,14,18,lance-stroll,aston-martin,mercedes,pirelli,,,1:17.407,77407.0,1:17.294,77294.0,,,,,,,14.0
1121,2024,20,15,15.0,15,77,valtteri-bottas,kick-sauber,ferrari,pirelli,,,1:17.393,77393.0,1:17.817,77817.0,,,,,,,14.0
1121,2024,20,16,16.0,16,43,franco-colapinto,williams,mercedes,pirelli,,,1:17.558,77558.0,,,,,,,,,6.0
1121,2024,20,17,17.0,17,81,oscar-piastri,mclaren,mercedes,pirelli,,,1:17.597,77597.0,,,,,,,,,8.0
1121,2024,20,18,18.0,18,11,sergio-perez,red-bull,honda-rbpt,pirelli,,,1:17.611,77611.0,,,,,,,,,9.0
1121,2024,20,19,19.0,19,31,esteban-ocon,alpine,renault,pirelli,,,1:17.617,77617.0,,,,,,,,,9.0
1121,2024,20,20,20.0,20,24,guanyu-zhou,kick-sauber,ferrari,pirelli,,,1:18.072,78072.0,,,,,,,,,9.0
1122,2024,21,1,1.0,1,4,lando-norris,mclaren,mercedes,pirelli,,,1:30.944,90944.0,1:24.844,84844.0,1:23.405,83405.0,,,,,33.0
1122,2024,21,2,2.0,2,63,george-russell,mercedes,mercedes,pirelli,,,1:29.121,89121.0,1:26.307,86307.0,1:23.578,83578.0,+0.173,173.0,+0.173,173.0,29.0
1122,2024,21,3,3.0,3,22,yuki-tsunoda,rb,honda-rbpt,pirelli,,,1:29.172,89172.0,1:26.464,86464.0,1:24.111,84111.0,+0.706,706.0,+0.533,533.0,30.0
1122,2024,21,4,4.0,4,31,esteban-ocon,alpine,renault,pirelli,,,1:29.171,89171.0,1:26.206,86206.0,1:24.475,84475.0,+1.070,1070.0,+0.364,364.0,31.0
1122,2024,21,5,5.0,5,30,liam-lawson,rb,honda-rbpt,pirelli,,,1:30.758,90758.0,1:25.654,85654.0,1:24.484,84484.0,+1.079,1079.0,+0.009,9.0,30.0
1122,2024,21,6,6.0,6,16,charles-leclerc,ferrari,ferrari,pirelli,,,1:29.839,89839.0,1:26.097,86097.0,1:24.525,84525.0,+1.120,1120.0,+0.041,41.0,29.0
1122,2024,21,7,7.0,7,23,alexander-albon,williams,mercedes,pirelli,,,1:29.072,89072.0,1:25.889,85889.0,1:24.657,84657.0,+1.252,1252.0,+0.132,132.0,28.0
1122,2024,21,8,8.0,8,81,oscar-piastri,mclaren,mercedes,pirelli,,,1:30.114,90114.0,1:25.179,85179.0,1:24.686,84686.0,+1.281,1281.0,+0.029,29.0,28.0
1122,2024,21,9,9.0,9,14,fernando-alonso,aston-martin,mercedes,pirelli,,,1:30.207,90207.0,1:25.035,85035.0,1:28.998,88998.0,+5.593,5593.0,+4.312,4312.0,21.0
1122,2024,21,10,10.0,10,18,lance-stroll,aston-martin,mercedes,pirelli,,,1:30.580,90580.0,1:26.334,86334.0,,,,,,,19.0
1122,2024,21,11,11.0,11,77,valtteri-bottas,kick-sauber,ferrari,pirelli,,,1:30.633,90633.0,1:26.472,86472.0,,,,,,,21.0
1122,2024,21,12,12.0,12,1,max-verstappen,red-bull,honda-rbpt,pirelli,,,1:28.522,88522.0,1:27.771,87771.0,,,,,,,19.0
1122,2024,21,13,13.0,13,11,sergio-perez,red-bull,honda-rbpt,pirelli,,,1:30.035,90035.0,1:28.158,88158.0,,,,,,,18.0
1122,2024,21,14,14.0,14,55,carlos-sainz-jr,ferrari,ferrari,pirelli,,,1:30.303,90303.0,1:29.406,89406.0,,,,,,,17.0
1122,2024,21,15,15.0,15,10,pierre-gasly,alpine,renault,pirelli,,,1:29.420,89420.0,1:29.614,89614.0,,,,,,,21.0
1122,2024,21,16,16.0,16,44,lewis-hamilton,mercedes,mercedes,pirelli,,,1:31.150,91150.0,,,,,,,,,11.0
1122,2024,21,17,17.0,17,50,oliver-bearman,haas,ferrari,pirelli,,,1:31.229,91229.0,,,,,,,,,11.0
1122,2024,21,18,18.0,18,43,franco-colapinto,williams,mercedes,pirelli,,,1:31.270,91270.0,,,,,,,,,5.0
1122,2024,21,19,19.0,19,27,nico-hulkenberg,haas,ferrari,pirelli,,,1:31.623,91623.0,,,,,,,,,12.0
1122,2024,21,20,20.0,20,24,guanyu-zhou,kick-sauber,ferrari,pirelli,,,1:32.263,92263.0,,,,,,,,,12.0
1123,2024,22,1,1.0,1,63,george-russell,mercedes,mercedes,pirelli,,,1:33.186,93186.0,1:32.779,92779.0,1:32.312,92312.0,,,,,25.0
1123,2024,22,2,2.0,2,55,carlos-sainz-jr,ferrari,ferrari,pirelli,,,1:33.484,93484.0,1:32.711,92711.0,1:32.410,92410.0,+0.098,98.0,+0.098,98.0,24.0
1123,2024,22,3,3.0,3,10,pierre-gasly,alpine,renault,pirelli,,,1:33.691,93691.0,1:32.879,92879.0,1:32.664,92664.0,+0.352,352.0,+0.254,254.0,25.0
1123,2024,22,4,4.0,4,16,charles-leclerc,ferrari,ferrari,pirelli,,,1:33.446,93446.0,1:33.016,93016.0,1:32.783,92783.0,+0.471,471.0,+0.119,119.0,23.0
1123,2024,22,5,5.0,5,1,max-verstappen,red-bull,honda-rbpt,pirelli,,,1:33.299,93299.0,1:33.085,93085.0,1:32.797,92797.0,+0.485,485.0,+0.014,14.0,21.0
1123,2024,22,6,6.0,6,4,lando-norris,mclaren,mercedes,pirelli,,,1:33.592,93592.0,1:33.099,93099.0,1:33.008,93008.0,+0.696,696.0,+0.211,211.0,20.0
1123,2024,22,7,7.0,7,22,yuki-tsunoda,rb,honda-rbpt,pirelli,,,1:33.789,93789.0,1:33.089,93089.0,1:33.029,93029.0,+0.717,717.0,+0.021,21.0,25.0
1123,2024,22,8,8.0,8,81,oscar-piastri,mclaren,mercedes,pirelli,,,1:33.450,93450.0,1:33.024,93024.0,1:33.033,93033.0,+0.721,721.0,+0.004,4.0,21.0
1123,2024,22,9,9.0,9,27,nico-hulkenberg,haas,ferrari,pirelli,,,1:33.920,93920.0,1:33.114,93114.0,1:33.062,93062.0,+0.750,750.0,+0.029,29.0,17.0
1123,2024,22,10,10.0,10,44,lewis-hamilton,mercedes,mercedes,pirelli,,,1:33.225,93225.0,1:32.567,92567.0,1:48.106,108106.0,+15.794,15794.0,+15.044,15044.0,24.0
1123,2024,22,11,11.0,11,31,esteban-ocon,alpine,renault,pirelli,,,1:33.968,93968.0,1:33.221,93221.0,,,,,,,18.0
1123,2024,22,12,12.0,12,20,kevin-magnussen,haas,ferrari,pirelli,,,1:33.991,93991.0,1:33.297,93297.0,,,,,,,12.0
1123,2024,22,13,13.0,13,24,guanyu-zhou,kick-sauber,ferrari,pirelli,,,1:34.079,94079.0,1:33.566,93566.0,,,,,,,17.0
1123,2024,22,14,14.0,14,43,franco-colapinto,williams,mercedes,pirelli,,,1:33.746,93746.0,1:33.749,93749.0,,,,,,,16.0
1123,2024,22,15,15.0,15,30,liam-lawson,rb,honda-rbpt,pirelli,,,1:34.087,94087.0,1:34.257,94257.0,,,,,,,17.0
1123,2024,22,16,16.0,16,11,sergio-perez,red-bull,honda-rbpt,pirelli,,,1:34.155,94155.0,,,,,,,,,10.0
1123,2024,22,17,17.0,17,14,fernando-alonso,aston-martin,mercedes,pirelli,,,1:34.258,94258.0,,,,,,,,,9.0
1123,2024,22,18,18.0,18,23,alexander-albon,williams,mercedes,pirelli,,,1:34.425,94425.0,,,,,,,,,10.0
1123,2024,22,19,19.0,19,77,valtteri-bottas,kick-sauber,ferrari,pirelli,,,1:34.430,94430.0,,,,,,,,,10.0
1123,2024,22,20,20.0,20,18,lance-stroll,aston-martin,mercedes,pirelli,,,1:34.484,94484.0,,,,,,,,,3.0
1124,2024,23,1,1.0,1,1,max-verstappen,red-bull,honda-rbpt,pirelli,,,1:21.579,81579.0,1:20.687,80687.0,1:20.520,80520.0,,,,,22.0
1124,2024,23,2,2.0,2,63,george-russell,mercedes,mercedes,pirelli,,,1:21.241,81241.0,1:21.069,81069.0,1:20.575,80575.0,+0.055,55.0,+0.055,55.0,28.0
1124,2024,23,3,3.0,3,4,lando-norris,mclaren,mercedes,pirelli,,,1:21.578,81578.0,1:20.983,80983.0,1:20.772,80772.0,+0.252,252.0,+0.197,197.0,22.0
1124,2024,23,4,4.0,4,81,oscar-piastri,mclaren,mercedes,pirelli,,,1:21.821,81821.0,1:21.121,81121.0,1:20.829,80829.0,+0.309,309.0,+0.057,57.0,22.0
1124,2024,23,5,5.0,5,16,charles-leclerc,ferrari,ferrari,pirelli,,,1:21.278,81278.0,1:21.000,81000.0,1:20.852,80852.0,+0.332,332.0,+0.023,23.0,26.0
1124,2024,23,6,6.0,6,44,lewis-hamilton,mercedes,mercedes,pirelli,,,1:21.637,81637.0,1:21.095,81095.0,1:21.011,81011.0,+0.491,491.0,+0.159,159.0,27.0
1124,2024,23,7,7.0,7,55,carlos-sainz-jr,ferrari,ferrari,pirelli,,,1:21.447,81447.0,1:21.199,81199.0,1:21.041,81041.0,+0.521,521.0,+0.030,30.0,26.0
1124,2024,23,8,8.0,8,14,fernando-alonso,aston-martin,mercedes,pirelli,,,1:21.608,81608.0,1:21.208,81208.0,1:21.251,81251.0,+0.731,731.0,+0.210,210.0,19.0
1124,2024,23,9,9.0,9,11,sergio-perez,red-bull,honda-rbpt,pirelli,,,1:21.675,81675.0,1:21.425,81425.0,1:21.425,81425.0,+0.905,905.0,+0.174,174.0,22.0
1124,2024,23,10,10.0,10,20,kevin-magnussen,haas,ferrari,pirelli,,,1:21.891,81891.0,1:21.387,81387.0,1:21.500,81500.0,+0.980,980.0,+0.075,75.0,26.0
1124,2024,23,11,11.0,11,10,pierre-gasly,alpine,renault,pirelli,,,1:21.843,81843.0,1:21.437,81437.0,,,,,,,18.0
1124,2024,23,12,12.0,12,24,guanyu-zhou,kick-sauber,ferrari,pirelli,,,1:22.103,82103.0,1:21.501,81501.0,,,,,,,19.0
1124,2024,23,13,13.0,13,77,valtteri-bottas,kick-sauber,ferrari,pirelli,,,1:21.927,81927.0,1:21.731,81731.0,,,,,,,19.0
1124,2024,23,14,14.0,14,22,yuki-tsunoda,rb,honda-rbpt,pirelli,,,1:22.364,82364.0,1:21.771,81771.0,,,,,,,16.0
1124,2024,23,15,15.0,15,18,lance-stroll,aston-martin,mercedes,pirelli,,,1:22.011,82011.0,1:21.911,81911.0,,,,,,,14.0
1124,2024,23,16,16.0,16,23,alexander-albon,williams,mercedes,pirelli,,,1:22.390,82390.0,,,,,,,,,9.0
1124,2024,23,17,17.0,17,30,liam-lawson,rb,honda-rbpt,pirelli,,,1:22.411,82411.0,,,,,,,,,10.0
1124,2024,23,18,18.0,18,27,nico-hulkenberg,haas,ferrari,pirelli,,,1:22.442,82442.0,,,,,,,,,10.0
1124,2024,23,19,19.0,19,43,franco-colapinto,williams,mercedes,pirelli,,,1:22.594,82594.0,,,,,,,,,9.0
1124,2024,23,20,20.0,20,31,esteban-ocon,alpine,renault,pirelli,,,1:22.714,82714.0,,,,,,,,,10.0
1125,2024,24,1,1.0,1,4,lando-norris,mclaren,mercedes,pirelli,,,1:23.682,83682.0,1:23.098,83098.0,1:22.595,82595.0,,,,,16.0
1125,2024,24,2,2.0,2,81,oscar-piastri,mclaren,mercedes,pirelli,,,1:23.640,83640.0,1:23.199,83199.0,1:22.804,82804.0,+0.209,209.0,+0.209,209.0,16.0
1125,2024,24,3,3.0,3,55,carlos-sainz-jr,ferrari,ferrari,pirelli,,,1:23.487,83487.0,1:22.985,82985.0,1:22.824,82824.0,+0.229,229.0,+0.020,20.0,16.0
1125,2024,24,4,4.0,4,27,nico-hulkenberg,haas,ferrari,pirelli,,,1:23.722,83722.0,1:23.040,83040.0,1:22.886,82886.0,+0.291,291.0,+0.062,62.0,17.0
1125,2024,24,5,5.0,5,1,max-verstappen,red-bull,honda-rbpt,pirelli,,,1:23.516,83516.0,1:22.998,82998.0,1:22.945,82945.0,+0.350,350.0,+0.059,59.0,15.0
1125,2024,24,6,6.0,6,10,pierre-gasly,alpine,renault,pirelli,,,1:23.548,83548.0,1:23.086,83086.0,1:22.984,82984.0,+0.389,389.0,+0.039,39.0,18.0
1125,2024,24,7,7.0,7,63,george-russell,mercedes,mercedes,pirelli,,,1:23.678,83678.0,1:23.283,83283.0,1:23.132,83132.0,+0.537,537.0,+0.148,148.0,19.0
1125,2024,24,8,8.0,8,14,fernando-alonso,aston-martin,mercedes,pirelli,,,1:23.794,83794.0,1:23.268,83268.0,1:23.196,83196.0,+0.601,601.0,+0.064,64.0,19.0
1125,2024,24,9,9.0,9,77,valtteri-bottas,kick-sauber,ferrari,pirelli,,,1:23.481,83481.0,1:23.341,83341.0,1:23.204,83204.0,+0.609,609.0,+0.008,8.0,15.0
1125,2024,24,10,10.0,10,11,sergio-perez,red-bull,honda-rbpt,pirelli,,,1:23.559,83559.0,1:23.379,83379.0,1:23.264,83264.0,+0.669,669.0,+0.060,60.0,18.0
1125,2024,24,11,11.0,11,22,yuki-tsunoda,rb,honda-rbpt,pirelli,,,1:23.735,83735.0,1:23.419,83419.0,,,,,,,12.0
1125,2024,24,12,12.0,12,30,liam-lawson,rb,honda-rbpt,pirelli,,,1:23.733,83733.0,1:23.472,83472.0,,,,,,,12.0
1125,2024,24,13,13.0,13,18,lance-stroll,aston-martin,mercedes,pirelli,,,1:23.729,83729.0,1:23.784,83784.0,,,,,,,14.0
1125,2024,24,14,14.0,14,16,charles-leclerc,ferrari,ferrari,pirelli,,,1:23.302,83302.0,1:23.833,83833.0,,,,,,,12.0
1125,2024,24,15,15.0,15,20,kevin-magnussen,haas,ferrari,pirelli,,,1:23.632,83632.0,1:23.877,83877.0,,,,,,,11.0
1125,2024,24,16,16.0,16,23,alexander-albon,williams,mercedes,pirelli,,,1:23.821,83821.0,,,,,,,,,6.0
1125,2024,24,17,17.0,17,24,guanyu-zhou,kick-sauber,ferrari,pirelli,,,1:23.880,83880.0,,,,,,,,,6.0
1125,2024,24,18,18.0,18,44,lewis-hamilton,mercedes,mercedes,pirelli,,,1:23.887,83887.0,,,,,,,,,7.0
1125,2024,24,19,19.0,19,43,franco-colapinto,williams,mercedes,pirelli,,,1:23.912,83912.0,,,,,,,,,6.0
1125,2024,24,20,20.0,20,61,jack-doohan,alpine,renault,pirelli,,,1:24.105,84105.0,,,,,,,,,6.0
1126,2025,1,1,1.0,1,4,lando-norris,mclaren,mercedes,pirelli,,,1:15.912,75912.0,1:15.415,75415.0,1:15.096,75096.0,,,,,20.0
1126,2025,1,2,2.0,2,81,oscar-piastri,mclaren,mercedes,pirelli,,,1:16.062,76062.0,1:15.468,75468.0,1:15.180,75180.0,+0.084,84.0,+0.084,84.0,18.0
1126,2025,1,3,3.0,3,1,max-verstappen,red-bull,honda-rbpt,pirelli,,,1:16.018,76018.0,1:15.565,75565.0,1:15.481,75481.0,+0.385,385.0,+0.301,301.0,17.0
1126,2025,1,4,4.0,4,63,george-russell,mercedes,mercedes,pirelli,,,1:15.971,75971.0,1:15.798,75798.0,1:15.546,75546.0,+0.450,450.0,+0.065,65.0,21.0
1126,2025,1,5,5.0,5,22,yuki-tsunoda,racing-bulls,honda-rbpt,pirelli,,,1:16.225,76225.0,1:16.009,76009.0,1:15.670,75670.0,+0.574,574.0,+0.124,124.0,18.0
1126,2025,1,6,6.0,6,23,alexander-albon,williams,mercedes,pirelli,,,1:16.245,76245.0,1:16.017,76017.0,1:15.737,75737.0,+0.641,641.0,+0.067,67.0,21.0
1126,2025,1,7,7.0,7,16,charles-leclerc,ferrari,ferrari,pirelli,,,1:16.029,76029.0,1:15.827,75827.0,1:15.755,75755.0,+0.659,659.0,+0.018,18.0,20.0
1126,2025,1,8,8.0,8,44,lewis-hamilton,ferrari,ferrari,pirelli,,,1:16.213,76213.0,1:15.919,75919.0,1:15.973,75973.0,+0.877,877.0,+0.218,218.0,23.0
1126,2025,1,9,9.0,9,10,pierre-gasly,alpine,renault,pirelli,,,1:16.328,76328.0,1:16.112,76112.0,1:15.980,75980.0,+0.884,884.0,+0.007,7.0,21.0
1126,2025,1,10,10.0,10,55,carlos-sainz-jr,williams,mercedes,pirelli,,,1:16.360,76360.0,1:15.931,75931.0,1:16.062,76062.0,+0.966,966.0,+0.082,82.0,21.0
1126,2025,1,11,11.0,11,6,isack-hadjar,racing-bulls,honda-rbpt,pirelli,,,1:16.354,76354.0,1:16.175,76175.0,,,,,,,12.0
1126,2025,1,12,12.0,12,14,fernando-alonso,aston-martin,mercedes,pirelli,,,1:16.288,76288.0,1:16.453,76453.0,,,,,,,13.0
1126,2025,1,13,13.0,13,18,lance-stroll,aston-martin,mercedes,pirelli,,,1:16.369,76369.0,1:16.483,76483.0,,,,,,,15.0
1126,2025,1,14,14.0,14,7,jack-doohan,alpine,renault,pirelli,,,1:16.315,76315.0,1:16.863,76863.0,,,,,,,15.0
1126,2025,1,15,15.0,15,5,gabriel-bortoleto,kick-sauber,ferrari,pirelli,,,1:16.516,76516.0,1:17.520,77520.0,,,,,,,13.0
1126,2025,1,16,16.0,16,12,kimi-antonelli,mercedes,mercedes,pirelli,,,1:16.525,76525.0,,,,,,,,,9.0
1126,2025,1,17,17.0,17,27,nico-hulkenberg,kick-sauber,ferrari,pirelli,,,1:16.579,76579.0,,,,,,,,,9.0
1126,2025,1,18,18.0,18,30,liam-lawson,red-bull,honda-rbpt,pirelli,,,1:17.094,77094.0,,,,,,,,,7.0
1126,2025,1,19,19.0,19,31,esteban-ocon,haas,ferrari,pirelli,,,1:17.147,77147.0,,,,,,,,,9.0
1126,2025,1,20,,NC,87,oliver-bearman,haas,ferrari,pirelli,,,,,,,,,,,,,1.0
1127,2025,2,1,1.0,1,81,oscar-piastri,mclaren,mercedes,pirelli,,,1:31.591,91591.0,1:31.200,91200.0,1:30.641,90641.0,,,,,20.0
1127,2025,2,2,2.0,2,63,george-russell,mercedes,mercedes,pirelli,,,1:31.295,91295.0,1:31.307,91307.0,1:30.723,90723.0,+0.082,82.0,+0.082,82.0,22.0
1127,2025,2,3,3.0,3,4,lando-norris,mclaren,mercedes,pirelli,,,1:30.983,90983.0,1:30.787,90787.0,1:30.793,90793.0,+0.152,152.0,+0.070,70.0,17.0
1127,2025,2,4,4.0,4,1,max-verstappen,red-bull,honda-rbpt,pirelli,,,1:31.424,91424.0,1:31.142,91142.0,1:30.817,90817.0,+0.176,176.0,+0.024,24.0,15.0
1127,2025,2,5,5.0,5,44,lewis-hamilton,ferrari,ferrari,pirelli,,,1:31.690,91690.0,1:31.501,91501.0,1:30.927,90927.0,+0.286,286.0,+0.110,110.0,21.0
1127,2025,2,6,6.0,6,16,charles-leclerc,ferrari,ferrari,pirelli,,,1:31.579,91579.0,1:31.450,91450.0,1:31.021,91021.0,+0.380,380.0,+0.094,94.0,21.0
1127,2025,2,7,7.0,7,6,isack-hadjar,racing-bulls,honda-rbpt,pirelli,,,1:31.162,91162.0,1:31.253,91253.0,1:31.079,91079.0,+0.438,438.0,+0.058,58.0,20.0
1127,2025,2,8,8.0,8,12,kimi-antonelli,mercedes,mercedes,pirelli,,,1:31.676,91676.0,1:31.590,91590.0,1:31.103,91103.0,+0.462,462.0,+0.024,24.0,22.0
1127,2025,2,9,9.0,9,22,yuki-tsunoda,racing-bulls,honda-rbpt,pirelli,,,1:31.238,91238.0,1:31.260,91260.0,1:31.638,91638.0,+0.997,997.0,+0.535,535.0,19.0
1127,2025,2,10,10.0,10,23,alexander-albon,williams,mercedes,pirelli,,,1:31.503,91503.0,1:31.595,91595.0,1:31.706,91706.0,+1.065,1065.0,+0.068,68.0,20.0
1127,2025,2,11,11.0,11,31,esteban-ocon,haas,ferrari,pirelli,,,1:31.876,91876.0,1:31.625,91625.0,,,,,,,15.0
1127,2025,2,12,12.0,12,27,nico-hulkenberg,kick-sauber,ferrari,pirelli,,,1:31.921,91921.0,1:31.632,91632.0,,,,,,,15.0
1127,2025,2,13,13.0,13,14,fernando-alonso,aston-martin,mercedes,pirelli,,,1:31.719,91719.0,1:31.688,91688.0,,,,,,,15.0
1127,2025,2,14,14.0,14,18,lance-stroll,aston-martin,mercedes,pirelli,,,1:31.923,91923.0,1:31.773,91773.0,,,,,,,15.0
1127,2025,2,15,15.0,15,55,carlos-sainz-jr,williams,mercedes,pirelli,,,1:31.628,91628.0,1:31.840,91840.0,,,,,,,15.0
1127,2025,2,16,16.0,16,10,pierre-gasly,alpine,renault,pirelli,,,1:31.992,91992.0,,,,,,,,,9.0
1127,2025,2,17,17.0,17,87,oliver-bearman,haas,ferrari,pirelli,,,1:32.018,92018.0,,,,,,,,,8.0
1127,2025,2,18,18.0,18,7,jack-doohan,alpine,renault,pirelli,,,1:32.092,92092.0,,,,,,,,,8.0
1127,2025,2,19,19.0,19,5,gabriel-bortoleto,kick-sauber,ferrari,pirelli,,,1:32.141,92141.0,,,,,,,,,9.0
1127,2025,2,20,20.0,20,30,liam-lawson,red-bull,honda-rbpt,pirelli,,,1:32.174,92174.0,,,,,,,,,8.0
1128,2025,3,1,1.0,1,1,max-verstappen,red-bull,honda-rbpt,pirelli,,,1:27.943,87943.0,1:27.502,87502.0,1:26.983,86983.0,,,,,17.0
1128,2025,3,2,2.0,2,4,lando-norris,mclaren,mercedes,pirelli,,,1:27.845,87845.0,1:27.146,87146.0,1:26.995,86995.0,+0.012,12.0,+0.012,12.0,15.0
1128,2025,3,3,3.0,3,81,oscar-piastri,mclaren,mercedes,pirelli,,,1:27.687,87687.0,1:27.507,87507.0,1:27.027,87027.0,+0.044,44.0,+0.032,32.0,18.0
1128,2025,3,4,4.0,4,16,charles-leclerc,ferrari,ferrari,pirelli,,,1:27.920,87920.0,1:27.555,87555.0,1:27.299,87299.0,+0.316,316.0,+0.272,272.0,21.0
1128,2025,3,5,5.0,5,63,george-russell,mercedes,mercedes,pirelli,,,1:27.843,87843.0,1:27.400,87400.0,1:27.318,87318.0,+0.335,335.0,+0.019,19.0,17.0
1128,2025,3,6,6.0,6,12,kimi-antonelli,mercedes,mercedes,pirelli,,,1:27.968,87968.0,1:27.639,87639.0,1:27.555,87555.0,+0.572,572.0,+0.237,237.0,18.0
1128,2025,3,7,7.0,7,6,isack-hadjar,racing-bulls,honda-rbpt,pirelli,,,1:28.278,88278.0,1:27.775,87775.0,1:27.569,87569.0,+0.586,586.0,+0.014,14.0,18.0
1128,2025,3,8,8.0,8,44,lewis-hamilton,ferrari,ferrari,pirelli,,,1:27.942,87942.0,1:27.610,87610.0,1:27.610,87610.0,+0.627,627.0,+0.041,41.0,23.0
1128,2025,3,9,9.0,9,23,alexander-albon,williams,mercedes,pirelli,,,1:28.218,88218.0,1:27.783,87783.0,1:27.615,87615.0,+0.632,632.0,+0.005,5.0,20.0
1128,2025,3,10,10.0,10,87,oliver-bearman,haas,ferrari,pirelli,,,1:28.228,88228.0,1:27.711,87711.0,1:27.867,87867.0,+0.884,884.0,+0.252,252.0,21.0
1128,2025,3,11,11.0,11,10,pierre-gasly,alpine,renault,pirelli,,,1:28.186,88186.0,1:27.822,87822.0,,,,,,,12.0
1128,2025,3,12,12.0,12,55,carlos-sainz-jr,williams,mercedes,pirelli,,,1:28.209,88209.0,1:27.836,87836.0,,,,,,,15.0
1128,2025,3,13,13.0,13,14,fernando-alonso,aston-martin,mercedes,pirelli,,,1:28.337,88337.0,1:27.897,87897.0,,,,,,,12.0
1128,2025,3,14,14.0,14,30,liam-lawson,racing-bulls,honda-rbpt,pirelli,,,1:28.554,88554.0,1:27.906,87906.0,,,,,,,12.0
1128,2025,3,15,15.0,15,22,yuki-tsunoda,red-bull,honda-rbpt,pirelli,,,1:27.967,87967.0,1:28.000,88000.0,,,,,,,12.0
1128,2025,3,16,16.0,16,27,nico-hulkenberg,kick-sauber,ferrari,pirelli,,,1:28.570,88570.0,,,,,,,,,9.0
1128,2025,3,17,17.0,17,5,gabriel-bortoleto,kick-sauber,ferrari,pirelli,,,1:28.622,88622.0,,,,,,,,,9.0
1128,2025,3,18,18.0,18,31,esteban-ocon,haas,ferrari,pirelli,,,1:28.696,88696.0,,,,,,,,,9.0
1128,2025,3,19,19.0,19,7,jack-doohan,alpine,renault,pirelli,,,1:28.877,88877.0,,,,,,,,,9.0
1128,2025,3,20,20.0,20,18,lance-stroll,aston-martin,mercedes,pirelli,,,1:29.271,89271.0,,,,,,,,,5.0
1129,2025,4,1,1.0,1,81,oscar-piastri,mclaren,mercedes,pirelli,,,1:31.392,91392.0,1:30.454,90454.0,1:29.841,89841.0,,,,,15.0
1129,2025,4,2,2.0,2,63,george-russell,mercedes,mercedes,pirelli,,,1:31.494,91494.0,1:30.664,90664.0,1:30.009,90009.0,+0.168,168.0,+0.168,168.0,20.0
1129,2025,4,3,3.0,3,16,charles-leclerc,ferrari,ferrari,pirelli,,,1:31.454,91454.0,1:30.724,90724.0,1:30.175,90175.0,+0.334,334.0,+0.166,166.0,16.0
1129,2025,4,4,4.0,4,12,kimi-antonelli,mercedes,mercedes,pirelli,,,1:31.415,91415.0,1:30.716,90716.0,1:30.213,90213.0,+0.372,372.0,+0.038,38.0,20.0
1129,2025,4,5,5.0,5,10,pierre-gasly,alpine,renault,pirelli,,,1:31.462,91462.0,1:30.643,90643.0,1:30.216,90216.0,+0.375,375.0,+0.003,3.0,19.0
1129,2025,4,6,6.0,6,4,lando-norris,mclaren,mercedes,pirelli,,,1:31.107,91107.0,1:30.560,90560.0,1:30.267,90267.0,+0.426,426.0,+0.051,51.0,18.0
1129,2025,4,7,7.0,7,1,max-verstappen,red-bull,honda-rbpt,pirelli,,,1:31.303,91303.0,1:31.019,91019.0,1:30.423,90423.0,+0.582,582.0,+0.156,156.0,17.0
1129,2025,4,8,8.0,8,55,carlos-sainz-jr,williams,mercedes,pirelli,,,1:31.591,91591.0,1:30.844,90844.0,1:30.680,90680.0,+0.839,839.0,+0.257,257.0,19.0
1129,2025,4,9,9.0,9,44,lewis-hamilton,ferrari,ferrari,pirelli,,,1:31.219,91219.0,1:31.009,91009.0,1:30.772,90772.0,+0.931,931.0,+0.092,92.0,18.0
1129,2025,4,10,10.0,10,22,yuki-tsunoda,red-bull,honda-rbpt,pirelli,,,1:31.751,91751.0,1:31.228,91228.0,1:31.303,91303.0,+1.462,1462.0,+0.531,531.0,17.0
1129,2025,4,11,11.0,11,7,jack-doohan,alpine,renault,pirelli,,,1:31.414,91414.0,1:31.245,91245.0,,,,,,,13.0
1129,2025,4,12,12.0,12,6,isack-hadjar,racing-bulls,honda-rbpt,pirelli,,,1:31.591,91591.0,1:31.271,91271.0,,,,,,,12.0
1129,2025,4,13,13.0,13,14,fernando-alonso,aston-martin,mercedes,pirelli,,,1:31.634,91634.0,1:31.886,91886.0,,,,,,,15.0
1129,2025,4,14,14.0,14,31,esteban-ocon,haas,ferrari,pirelli,,,1:31.594,91594.0,,,,,,,,,8.0
1129,2025,4,15,15.0,15,23,alexander-albon,williams,mercedes,pirelli,,,1:32.040,92040.0,,,,,,,,,6.0
1129,2025,4,16,16.0,16,27,nico-hulkenberg,kick-sauber,ferrari,pirelli,,,1:32.067,92067.0,,,,,,,,,17.0
1129,2025,4,17,17.0,17,30,liam-lawson,racing-bulls,honda-rbpt,pirelli,,,1:32.165,92165.0,,,,,,,,,6.0
1129,2025,4,18,18.0,18,5,gabriel-bortoleto,kick-sauber,ferrari,pirelli,,,1:32.186,92186.0,,,,,,,,,6.0
1129,2025,4,19,19.0,19,18,lance-stroll,aston-martin,mercedes,pirelli,,,1:32.283,92283.0,,,,,,,,,9.0
1129,2025,4,20,20.0,20,87,oliver-bearman,haas,ferrari,pirelli,,,1:32.373,92373.0,,,,,,,,,6.0
1130,2025,5,1,1.0,1,1,max-verstappen,red-bull,honda-rbpt,pirelli,,,1:27.778,87778.0,1:27.529,87529.0,1:27.294,87294.0,,,,,19.0
1130,2025,5,2,2.0,2,81,oscar-piastri,mclaren,mercedes,pirelli,,,1:27.901,87901.0,1:27.545,87545.0,1:27.304,87304.0,+0.010,10.0,+0.010,10.0,18.0
1130,2025,5,3,3.0,3,63,george-russell,mercedes,mercedes,pirelli,,,1:28.282,88282.0,1:27.599,87599.0,1:27.407,87407.0,+0.113,113.0,+0.103,103.0,16.0
1130,2025,5,4,4.0,4,16,charles-leclerc,ferrari,ferrari,pirelli,,,1:28.552,88552.0,1:27.866,87866.0,1:27.670,87670.0,+0.376,376.0,+0.263,263.0,19.0
1130,2025,5,5,5.0,5,12,kimi-antonelli,mercedes,mercedes,pirelli,,,1:28.128,88128.0,1:27.798,87798.0,1:27.866,87866.0,+0.572,572.0,+0.196,196.0,17.0
1130,2025,5,6,6.0,6,55,carlos-sainz-jr,williams,mercedes,pirelli,,,1:28.354,88354.0,1:28.024,88024.0,1:28.164,88164.0,+0.870,870.0,+0.298,298.0,23.0
1130,2025,5,7,7.0,7,44,lewis-hamilton,ferrari,ferrari,pirelli,,,1:28.372,88372.0,1:28.102,88102.0,1:28.201,88201.0,+0.907,907.0,+0.037,37.0,20.0
1130,2025,5,8,8.0,8,22,yuki-tsunoda,red-bull,honda-rbpt,pirelli,,,1:28.226,88226.0,1:27.990,87990.0,1:28.204,88204.0,+0.910,910.0,+0.003,3.0,16.0
1130,2025,5,9,9.0,9,10,pierre-gasly,alpine,renault,pirelli,,,1:28.421,88421.0,1:28.025,88025.0,1:28.367,88367.0,+1.073,1073.0,+0.163,163.0,22.0
1130,2025,5,10,10.0,10,4,lando-norris,mclaren,mercedes,pirelli,,,1:27.805,87805.0,1:27.481,87481.0,,,,,,,11.0
1130,2025,5,11,11.0,11,23,alexander-albon,williams,mercedes,pirelli,,,1:28.279,88279.0,1:28.109,88109.0,,,,,,,14.0
1130,2025,5,12,12.0,12,30,liam-lawson,racing-bulls,honda-rbpt,pirelli,,,1:28.561,88561.0,1:28.191,88191.0,,,,,,,11.0
1130,2025,5,13,13.0,13,14,fernando-alonso,aston-martin,mercedes,pirelli,,,1:28.548,88548.0,1:28.303,88303.0,,,,,,,14.0
1130,2025,5,14,14.0,14,6,isack-hadjar,racing-bulls,honda-rbpt,pirelli,,,1:28.571,88571.0,1:28.418,88418.0,,,,,,,12.0
1130,2025,5,15,15.0,15,87,oliver-bearman,haas,ferrari,pirelli,,,1:28.536,88536.0,1:28.648,88648.0,,,,,,,15.0
1130,2025,5,16,16.0,16,18,lance-stroll,aston-martin,mercedes,pirelli,,,1:28.645,88645.0,,,,,,,,,9.0
1130,2025,5,17,17.0,17,7,jack-doohan,alpine,renault,pirelli,,,1:28.739,88739.0,,,,,,,,,9.0
1130,2025,5,18,18.0,18,27,nico-hulkenberg,kick-sauber,ferrari,pirelli,,,1:28.782,88782.0,,,,,,,,,8.0
1130,2025,5,19,19.0,19,31,esteban-ocon,haas,ferrari,pirelli,,,1:29.092,89092.0,,,,,,,,,9.0
1130,2025,5,20,20.0,20,5,gabriel-bortoleto,kick-sauber,ferrari,pirelli,,,1:29.462,89462.0,,,,,,,,,8.0
1131,2025,6,1,1.0,1,1,max-verstappen,red-bull,honda-rbpt,pirelli,,,1:26.870,86870.0,1:26.643,86643.0,1:26.204,86204.0,,,,,18.0
1131,2025,6,2,2.0,2,4,lando-norris,mclaren,mercedes,pirelli,,,1:26.955,86955.0,1:26.499,86499.0,1:26.269,86269.0,+0.065,65.0,+0.065,65.0,21.0
1131,2025,6,3,3.0,3,12,kimi-antonelli,mercedes,mercedes,pirelli,,,1:27.077,87077.0,1:26.606,86606.0,1:26.271,86271.0,+0.067,67.0,+0.002,2.0,20.0
1131,2025,6,4,4.0,4,81,oscar-piastri,mclaren,mercedes,pirelli,,,1:27.006,87006.0,1:26.269,86269.0,1:26.375,86375.0,+0.171,171.0,+0.104,104.0,16.0
1131,2025,6,5,5.0,5,63,george-russell,mercedes,mercedes,pirelli,,,1:27.014,87014.0,1:26.575,86575.0,1:26.385,86385.0,+0.181,181.0,+0.010,10.0,20.0
1131,2025,6,6,6.0,6,55,carlos-sainz-jr,williams,mercedes,pirelli,,,1:27.098,87098.0,1:26.847,86847.0,1:26.569,86569.0,+0.365,365.0,+0.184,184.0,20.0
1131,2025,6,7,7.0,7,23,alexander-albon,williams,mercedes,pirelli,,,1:27.042,87042.0,1:26.855,86855.0,1:26.682,86682.0,+0.478,478.0,+0.113,113.0,20.0
1131,2025,6,8,8.0,8,16,charles-leclerc,ferrari,ferrari,pirelli,,,1:27.417,87417.0,1:26.948,86948.0,1:26.754,86754.0,+0.550,550.0,+0.072,72.0,20.0
1131,2025,6,9,9.0,9,31,esteban-ocon,haas,ferrari,pirelli,,,1:27.450,87450.0,1:26.967,86967.0,1:26.824,86824.0,+0.620,620.0,+0.070,70.0,21.0
1131,2025,6,10,10.0,10,22,yuki-tsunoda,red-bull,honda-rbpt,pirelli,,,1:27.298,87298.0,1:26.959,86959.0,1:26.943,86943.0,+0.739,739.0,+0.119,119.0,21.0
1131,2025,6,11,11.0,11,6,isack-hadjar,racing-bulls,honda-rbpt,pirelli,,,1:27.301,87301.0,1:26.987,86987.0,,,,,,,13.0
1131,2025,6,12,12.0,12,44,lewis-hamilton,ferrari,ferrari,pirelli,,,1:27.279,87279.0,1:27.006,87006.0,,,,,,,15.0
1131,2025,6,13,13.0,13,5,gabriel-bortoleto,kick-sauber,ferrari,pirelli,,,1:27.343,87343.0,1:27.151,87151.0,,,,,,,15.0
1131,2025,6,14,14.0,14,7,jack-doohan,alpine,renault,pirelli,,,1:27.422,87422.0,1:27.186,87186.0,,,,,,,15.0
1131,2025,6,15,15.0,15,30,liam-lawson,racing-bulls,honda-rbpt,pirelli,,,1:27.444,87444.0,1:27.363,87363.0,,,,,,,14.0
1131,2025,6,16,16.0,16,27,nico-hulkenberg,kick-sauber,ferrari,pirelli,,,1:27.473,87473.0,,,,,,,,,9.0
1131,2025,6,17,17.0,17,14,fernando-alonso,aston-martin,mercedes,pirelli,,,1:27.604,87604.0,,,,,,,,,9.0
1131,2025,6,18,18.0,18,10,pierre-gasly,alpine,renault,pirelli,,,1:27.710,87710.0,,,,,,,,,9.0
1131,2025,6,19,19.0,19,18,lance-stroll,aston-martin,mercedes,pirelli,,,1:27.830,87830.0,,,,,,,,,9.0
1131,2025,6,20,20.0,20,87,oliver-bearman,haas,ferrari,pirelli,,,1:27.999,87999.0,,,,,,,,,9.0
1132,2025,7,1,1.0,1,81,oscar-piastri,mclaren,mercedes,pirelli,,,1:15.500,75500.0,1:15.214,75214.0,1:14.670,74670.0,,,,,18.0
1132,2025,7,2,2.0,2,1,max-verstappen,red-bull,honda-rbpt,pirelli,,,1:15.175,75175.0,1:15.394,75394.0,1:14.704,74704.0,+0.034,34.0,+0.034,34.0,17.0
1132,2025,7,3,3.0,3,63,george-russell,mercedes,mercedes,pirelli,,,1:15.852,75852.0,1:15.334,75334.0,1:14.807,74807.0,+0.137,137.0,+0.103,103.0,17.0
1132,2025,7,4,4.0,4,4,lando-norris,mclaren,mercedes,pirelli,,,1:15.894,75894.0,1:15.261,75261.0,1:14.962,74962.0,+0.292,292.0,+0.155,155.0,19.0
1132,2025,7,5,5.0,5,14,fernando-alonso,aston-martin,mercedes,pirelli,,,1:15.695,75695.0,1:15.442,75442.0,1:15.431,75431.0,+0.761,761.0,+0.469,469.0,19.0
1132,2025,7,6,6.0,6,55,carlos-sainz-jr,williams,mercedes,pirelli,,,1:15.987,75987.0,1:15.198,75198.0,1:15.432,75432.0,+0.762,762.0,+0.001,1.0,21.0
1132,2025,7,7,7.0,7,23,alexander-albon,williams,mercedes,pirelli,,,1:16.123,76123.0,1:15.521,75521.0,1:15.473,75473.0,+0.803,803.0,+0.041,41.0,20.0
1132,2025,7,8,8.0,8,18,lance-stroll,aston-martin,mercedes,pirelli,,,1:15.817,75817.0,1:15.497,75497.0,1:15.581,75581.0,+0.911,911.0,+0.108,108.0,21.0
1132,2025,7,9,9.0,9,6,isack-hadjar,racing-bulls,honda-rbpt,pirelli,,,1:16.253,76253.0,1:15.510,75510.0,1:15.746,75746.0,+1.076,1076.0,+0.165,165.0,17.0
1132,2025,7,10,10.0,10,10,pierre-gasly,alpine,renault,pirelli,,,1:15.937,75937.0,1:15.505,75505.0,1:15.787,75787.0,+1.117,1117.0,+0.041,41.0,17.0
1132,2025,7,11,11.0,11,16,charles-leclerc,ferrari,ferrari,pirelli,,,1:16.108,76108.0,1:15.604,75604.0,,,,,,,14.0
1132,2025,7,12,12.0,12,44,lewis-hamilton,ferrari,ferrari,pirelli,,,1:16.163,76163.0,1:15.765,75765.0,,,,,,,14.0
1132,2025,7,13,13.0,13,12,kimi-antonelli,mercedes,mercedes,pirelli,,,1:15.943,75943.0,1:15.772,75772.0,,,,,,,13.0
1132,2025,7,14,14.0,14,5,gabriel-bortoleto,kick-sauber,ferrari,pirelli,,,1:16.340,76340.0,1:16.260,76260.0,,,,,,,15.0
1132,2025,7,15,15.0,15,43,franco-colapinto,alpine,renault,pirelli,,,1:16.256,76256.0,,,,,,,,,5.0
1132,2025,7,16,16.0,16,30,liam-lawson,racing-bulls,honda-rbpt,pirelli,,,1:16.379,76379.0,,,,,,,,,6.0
1132,2025,7,17,17.0,17,27,nico-hulkenberg,kick-sauber,ferrari,pirelli,,,1:16.518,76518.0,,,,,,,,,9.0
1132,2025,7,18,18.0,18,31,esteban-ocon,haas,ferrari,pirelli,,,1:16.613,76613.0,,,,,,,,,9.0
1132,2025,7,19,19.0,19,87,oliver-bearman,haas,ferrari,pirelli,,,1:16.918,76918.0,,,,,,,,,8.0
1132,2025,7,20,,NC,22,yuki-tsunoda,red-bull,honda-rbpt,pirelli,,,,,,,,,,,,,2.0
1133,2025,8,1,1.0,1,4,lando-norris,mclaren,mercedes,pirelli,,,1:11.285,71285.0,1:10.570,70570.0,1:09.954,69954.0,,,,,27.0
1133,2025,8,2,2.0,2,16,charles-leclerc,ferrari,ferrari,pirelli,,,1:11.229,71229.0,1:10.581,70581.0,1:10.063,70063.0,+0.109,109.0,+0.109,109.0,27.0
1133,2025,8,3,3.0,3,81,oscar-piastri,mclaren,mercedes,pirelli,,,1:11.308,71308.0,1:10.858,70858.0,1:10.129,70129.0,+0.175,175.0,+0.066,66.0,29.0
1133,2025,8,4,4.0,4,44,lewis-hamilton,ferrari,ferrari,pirelli,,,1:11.575,71575.0,1:10.883,70883.0,1:10.382,70382.0,+0.428,428.0,+0.253,253.0,28.0
1133,2025,8,5,5.0,5,1,max-verstappen,red-bull,honda-rbpt,pirelli,,,1:11.431,71431.0,1:10.875,70875.0,1:10.669,70669.0,+0.715,715.0,+0.287,287.0,21.0
1133,2025,8,6,6.0,6,6,isack-hadjar,racing-bulls,honda-rbpt,pirelli,,,1:11.811,71811.0,1:11.040,71040.0,1:10.923,70923.0,+0.969,969.0,+0.254,254.0,27.0
1133,2025,8,7,7.0,7,14,fernando-alonso,aston-martin,mercedes,pirelli,,,1:11.674,71674.0,1:11.182,71182.0,1:10.924,70924.0,+0.970,970.0,+0.001,1.0,30.0
1133,2025,8,8,8.0,8,31,esteban-ocon,haas,ferrari,pirelli,,,1:11.839,71839.0,1:11.262,71262.0,1:10.942,70942.0,+0.988,988.0,+0.018,18.0,32.0
1133,2025,8,9,9.0,9,30,liam-lawson,racing-bulls,honda-rbpt,pirelli,,,1:11.818,71818.0,1:11.250,71250.0,1:11.129,71129.0,+1.175,1175.0,+0.187,187.0,26.0
1133,2025,8,10,10.0,10,23,alexander-albon,williams,mercedes,pirelli,,,1:11.629,71629.0,1:10.732,70732.0,1:11.213,71213.0,+1.259,1259.0,+0.084,84.0,34.0
1133,2025,8,11,11.0,11,55,carlos-sainz-jr,williams,mercedes,pirelli,,,1:11.707,71707.0,1:11.362,71362.0,,,,,,,25.0
1133,2025,8,12,12.0,12,22,yuki-tsunoda,red-bull,honda-rbpt,pirelli,,,1:11.800,71800.0,1:11.415,71415.0,,,,,,,20.0
1133,2025,8,13,13.0,13,27,nico-hulkenberg,kick-sauber,ferrari,pirelli,,,1:11.871,71871.0,1:11.596,71596.0,,,,,,,23.0
1133,2025,8,14,14.0,14,63,george-russell,mercedes,mercedes,pirelli,,,1:11.507,71507.0,,,,,,,,,13.0
1133,2025,8,15,15.0,15,12,kimi-antonelli,mercedes,mercedes,pirelli,,,1:11.880,71880.0,,,,,,,,,11.0
1133,2025,8,16,16.0,16,5,gabriel-bortoleto,kick-sauber,ferrari,pirelli,,,1:11.902,71902.0,,,,,,,,,13.0
1133,2025,8,17,17.0,17,87,oliver-bearman,haas,ferrari,pirelli,,,1:11.979,71979.0,,,,,,,,,13.0
1133,2025,8,18,18.0,18,10,pierre-gasly,alpine,renault,pirelli,,,1:11.994,71994.0,,,,,,,,,11.0
1133,2025,8,19,19.0,19,18,lance-stroll,aston-martin,mercedes,pirelli,,,1:12.563,72563.0,,,,,,,,,11.0
1133,2025,8,20,20.0,20,43,franco-colapinto,alpine,renault,pirelli,,,1:12.597,72597.0,,,,,,,,,12.0
1134,2025,9,1,1.0,1,81,oscar-piastri,mclaren,mercedes,pirelli,,,1:12.551,72551.0,1:11.998,71998.0,1:11.546,71546.0,,,,,14.0
1134,2025,9,2,2.0,2,4,lando-norris,mclaren,mercedes,pirelli,,,1:12.799,72799.0,1:12.056,72056.0,1:11.755,71755.0,+0.209,209.0,+0.209,209.0,15.0
1134,2025,9,3,3.0,3,1,max-verstappen,red-bull,honda-rbpt,pirelli,,,1:12.798,72798.0,1:12.358,72358.0,1:11.848,71848.0,+0.302,302.0,+0.093,93.0,12.0
1134,2025,9,4,4.0,4,63,george-russell,mercedes,mercedes,pirelli,,,1:12.806,72806.0,1:12.407,72407.0,1:11.848,71848.0,+0.302,302.0,+0.000,0.0,12.0
1134,2025,9,5,5.0,5,44,lewis-hamilton,ferrari,ferrari,pirelli,,,1:13.058,73058.0,1:12.447,72447.0,1:12.045,72045.0,+0.499,499.0,+0.197,197.0,15.0
1134,2025,9,6,6.0,6,12,kimi-antonelli,mercedes,mercedes,pirelli,,,1:12.815,72815.0,1:12.585,72585.0,1:12.111,72111.0,+0.565,565.0,+0.066,66.0,18.0
1134,2025,9,7,7.0,7,16,charles-leclerc,ferrari,ferrari,pirelli,,,1:13.014,73014.0,1:12.495,72495.0,1:12.131,72131.0,+0.585,585.0,+0.020,20.0,12.0
1134,2025,9,8,8.0,8,10,pierre-gasly,alpine,renault,pirelli,,,1:13.081,73081.0,1:12.611,72611.0,1:12.199,72199.0,+0.653,653.0,+0.068,68.0,18.0
1134,2025,9,9,9.0,9,6,isack-hadjar,racing-bulls,honda-rbpt,pirelli,,,1:13.139,73139.0,1:12.461,72461.0,1:12.252,72252.0,+0.706,706.0,+0.053,53.0,15.0
1134,2025,9,10,10.0,10,14,fernando-alonso,aston-martin,mercedes,pirelli,,,1:13.102,73102.0,1:12.523,72523.0,1:12.284,72284.0,+0.738,738.0,+0.032,32.0,14.0
1134,2025,9,11,11.0,11,23,alexander-albon,williams,mercedes,pirelli,,,1:13.044,73044.0,1:12.641,72641.0,,,,,,,14.0
1134,2025,9,12,12.0,12,5,gabriel-bortoleto,kick-sauber,ferrari,pirelli,,,1:13.045,73045.0,1:12.756,72756.0,,,,,,,12.0
1134,2025,9,13,13.0,13,30,liam-lawson,racing-bulls,honda-rbpt,pirelli,,,1:13.039,73039.0,1:12.763,72763.0,,,,,,,12.0
1134,2025,9,14,14.0,14,18,lance-stroll,aston-martin,mercedes,pirelli,,,1:13.038,73038.0,1:13.058,73058.0,,,,,,,15.0
1134,2025,9,15,15.0,15,87,oliver-bearman,haas,ferrari,pirelli,,,1:13.074,73074.0,1:13.315,73315.0,,,,,,,15.0
1134,2025,9,16,16.0,16,27,nico-hulkenberg,kick-sauber,ferrari,pirelli,,,1:13.190,73190.0,,,,,,,,,6.0
1134,2025,9,17,17.0,17,31,esteban-ocon,haas,ferrari,pirelli,,,1:13.201,73201.0,,,,,,,,,9.0
1134,2025,9,18,18.0,18,55,carlos-sainz-jr,williams,mercedes,pirelli,,,1:13.203,73203.0,,,,,,,,,6.0
1134,2025,9,19,19.0,19,43,franco-colapinto,alpine,renault,pirelli,,,1:13.334,73334.0,,,,,,,,,7.0
1134,2025,9,20,20.0,20,22,yuki-tsunoda,red-bull,honda-rbpt,pirelli,,,1:13.385,73385.0,,,,,,,,,6.0
1135,2025,10,1,1.0,1,63,george-russell,mercedes,mercedes,pirelli,,,1:12.075,72075.0,1:11.570,71570.0,1:10.899,70899.0,,,,,21.0
1135,2025,10,2,2.0,2,1,max-verstappen,red-bull,honda-rbpt,pirelli,,,1:12.054,72054.0,1:11.638,71638.0,1:11.059,71059.0,+0.160,160.0,+0.160,160.0,20.0
1135,2025,10,3,3.0,3,81,oscar-piastri,mclaren,mercedes,pirelli,,,1:11.939,71939.0,1:11.715,71715.0,1:11.120,71120.0,+0.221,221.0,+0.061,61.0,23.0
1135,2025,10,4,4.0,4,12,kimi-antonelli,mercedes,mercedes,pirelli,,,1:12.279,72279.0,1:11.974,71974.0,1:11.391,71391.0,+0.492,492.0,+0.271,271.0,21.0
1135,2025,10,5,5.0,5,44,lewis-hamilton,ferrari,ferrari,pirelli,,,1:11.952,71952.0,1:11.885,71885.0,1:11.526,71526.0,+0.627,627.0,+0.135,135.0,27.0
1135,2025,10,6,6.0,6,14,fernando-alonso,aston-martin,mercedes,pirelli,,,1:12.073,72073.0,1:11.805,71805.0,1:11.586,71586.0,+0.687,687.0,+0.060,60.0,27.0
1135,2025,10,7,7.0,7,4,lando-norris,mclaren,mercedes,pirelli,,,1:11.826,71826.0,1:11.599,71599.0,1:11.625,71625.0,+0.726,726.0,+0.039,39.0,22.0
1135,2025,10,8,8.0,8,16,charles-leclerc,ferrari,ferrari,pirelli,,,1:12.038,72038.0,1:11.626,71626.0,1:11.682,71682.0,+0.783,783.0,+0.057,57.0,27.0
1135,2025,10,9,9.0,9,6,isack-hadjar,racing-bulls,honda-rbpt,pirelli,,,1:12.211,72211.0,1:12.003,72003.0,1:11.867,71867.0,+0.968,968.0,+0.185,185.0,21.0
1135,2025,10,10,10.0,10,23,alexander-albon,williams,mercedes,pirelli,,,1:12.090,72090.0,1:11.892,71892.0,1:11.907,71907.0,+1.008,1008.0,+0.040,40.0,30.0
1135,2025,10,11,11.0,11,22,yuki-tsunoda,red-bull,honda-rbpt,pirelli,,,1:12.334,72334.0,1:12.102,72102.0,,,,,,,15.0
1135,2025,10,12,12.0,12,43,franco-colapinto,alpine,renault,pirelli,,,1:12.234,72234.0,1:12.142,72142.0,,,,,,,20.0
1135,2025,10,13,13.0,13,27,nico-hulkenberg,kick-sauber,ferrari,pirelli,,,1:12.323,72323.0,1:12.183,72183.0,,,,,,,18.0
1135,2025,10,14,14.0,14,87,oliver-bearman,haas,ferrari,pirelli,,,1:12.306,72306.0,1:12.340,72340.0,,,,,,,19.0
1135,2025,10,15,15.0,15,31,esteban-ocon,haas,ferrari,pirelli,,,1:12.378,72378.0,1:12.634,72634.0,,,,,,,21.0
1135,2025,10,16,16.0,16,5,gabriel-bortoleto,kick-sauber,ferrari,pirelli,,,1:12.385,72385.0,,,,,,,,,11.0
1135,2025,10,17,17.0,17,55,carlos-sainz-jr,williams,mercedes,pirelli,,,1:12.398,72398.0,,,,,,,,,13.0
1135,2025,10,18,18.0,18,18,lance-stroll,aston-martin,mercedes,pirelli,,,1:12.517,72517.0,,,,,,,,,12.0
1135,2025,10,19,19.0,19,30,liam-lawson,racing-bulls,honda-rbpt,pirelli,,,1:12.525,72525.0,,,,,,,,,10.0
1135,2025,10,20,20.0,20,10,pierre-gasly,alpine,renault,pirelli,,,1:12.667,72667.0,,,,,,,,,12.0
1136,2025,11,1,1.0,1,4,lando-norris,mclaren,mercedes,pirelli,,,1:04.672,64672.0,1:04.410,64410.0,1:03.971,63971.0,,,,,18.0
1136,2025,11,2,2.0,2,16,charles-leclerc,ferrari,ferrari,pirelli,,,1:05.197,65197.0,1:04.734,64734.0,1:04.492,64492.0,+0.521,521.0,+0.521,521.0,21.0
1136,2025,11,3,3.0,3,81,oscar-piastri,mclaren,mercedes,pirelli,,,1:04.966,64966.0,1:04.556,64556.0,1:04.554,64554.0,+0.583,583.0,+0.062,62.0,19.0
1136,2025,11,4,4.0,4,44,lewis-hamilton,ferrari,ferrari,pirelli,,,1:05.115,65115.0,1:04.896,64896.0,1:04.582,64582.0,+0.611,611.0,+0.028,28.0,21.0
1136,2025,11,5,5.0,5,63,george-russell,mercedes,mercedes,pirelli,,,1:05.189,65189.0,1:04.860,64860.0,1:04.763,64763.0,+0.792,792.0,+0.181,181.0,18.0
1136,2025,11,6,6.0,6,30,liam-lawson,racing-bulls,honda-rbpt,pirelli,,,1:05.017,65017.0,1:05.041,65041.0,1:04.926,64926.0,+0.955,955.0,+0.163,163.0,17.0
1136,2025,11,7,7.0,7,1,max-verstappen,red-bull,honda-rbpt,pirelli,,,1:05.106,65106.0,1:04.836,64836.0,1:04.929,64929.0,+0.958,958.0,+0.003,3.0,18.0
1136,2025,11,8,8.0,8,5,gabriel-bortoleto,kick-sauber,ferrari,pirelli,,,1:05.123,65123.0,1:04.846,64846.0,1:05.132,65132.0,+1.161,1161.0,+0.203,203.0,21.0
1136,2025,11,9,9.0,9,12,kimi-antonelli,mercedes,mercedes,pirelli,,,1:05.178,65178.0,1:05.052,65052.0,1:05.276,65276.0,+1.305,1305.0,+0.144,144.0,17.0
1136,2025,11,10,10.0,10,10,pierre-gasly,alpine,renault,pirelli,,,1:05.054,65054.0,1:04.846,64846.0,1:05.649,65649.0,+1.678,1678.0,+0.373,373.0,21.0
1136,2025,11,11,11.0,11,14,fernando-alonso,aston-martin,mercedes,pirelli,,,1:05.197,65197.0,1:05.128,65128.0,,,,,,,14.0
1136,2025,11,12,12.0,12,23,alexander-albon,williams,mercedes,pirelli,,,1:05.143,65143.0,1:05.205,65205.0,,,,,,,18.0
1136,2025,11,13,13.0,13,6,isack-hadjar,racing-bulls,honda-rbpt,pirelli,,,1:05.063,65063.0,1:05.226,65226.0,,,,,,,12.0
1136,2025,11,14,14.0,14,43,franco-colapinto,alpine,renault,pirelli,,,1:05.278,65278.0,1:05.288,65288.0,,,,,,,15.0
1136,2025,11,15,15.0,15,87,oliver-bearman,haas,ferrari,pirelli,,,1:05.218,65218.0,1:05.312,65312.0,,,,,,,15.0
1136,2025,11,16,16.0,16,18,lance-stroll,aston-martin,mercedes,pirelli,,,1:05.329,65329.0,,,,,,,,,9.0
1136,2025,11,17,17.0,17,31,esteban-ocon,haas,ferrari,pirelli,,,1:05.364,65364.0,,,,,,,,,9.0
1136,2025,11,18,18.0,18,22,yuki-tsunoda,red-bull,honda-rbpt,pirelli,,,1:05.369,65369.0,,,,,,,,,6.0
1136,2025,11,19,19.0,19,55,carlos-sainz-jr,williams,mercedes,pirelli,,,1:05.582,65582.0,,,,,,,,,12.0
1136,2025,11,20,20.0,20,27,nico-hulkenberg,kick-sauber,ferrari,pirelli,,,1:05.606,65606.0,,,,,,,,,9.0
1137,2025,12,1,1.0,1,1,max-verstappen,red-bull,honda-rbpt,pirelli,,,1:25.886,85886.0,1:25.316,85316.0,1:24.892,84892.0,,,,,18.0
1137,2025,12,2,2.0,2,81,oscar-piastri,mclaren,mercedes,pirelli,,,1:25.963,85963.0,1:25.316,85316.0,1:24.995,84995.0,+0.103,103.0,+0.103,103.0,21.0
1137,2025,12,3,3.0,3,4,lando-norris,mclaren,mercedes,pirelli,,,1:26.123,86123.0,1:25.231,85231.0,1:25.010,85010.0,+0.118,118.0,+0.015,15.0,20.0
1137,2025,12,4,4.0,4,63,george-russell,mercedes,mercedes,pirelli,,,1:26.236,86236.0,1:25.637,85637.0,1:25.029,85029.0,+0.137,137.0,+0.019,19.0,19.0
1137,2025,12,5,5.0,5,44,lewis-hamilton,ferrari,ferrari,pirelli,,,1:26.296,86296.0,1:25.084,85084.0,1:25.095,85095.0,+0.203,203.0,+0.066,66.0,19.0
1137,2025,12,6,6.0,6,16,charles-leclerc,ferrari,ferrari,pirelli,,,1:26.186,86186.0,1:25.133,85133.0,1:25.121,85121.0,+0.229,229.0,+0.026,26.0,21.0
1137,2025,12,7,7.0,7,12,kimi-antonelli,mercedes,mercedes,pirelli,,,1:26.265,86265.0,1:25.620,85620.0,1:25.374,85374.0,+0.482,482.0,+0.253,253.0,18.0
1137,2025,12,8,8.0,8,87,oliver-bearman,haas,ferrari,pirelli,,,1:26.005,86005.0,1:25.534,85534.0,1:25.471,85471.0,+0.579,579.0,+0.097,97.0,18.0
1137,2025,12,9,9.0,9,14,fernando-alonso,aston-martin,mercedes,pirelli,,,1:26.108,86108.0,1:25.593,85593.0,1:25.621,85621.0,+0.729,729.0,+0.150,150.0,15.0
1137,2025,12,10,10.0,10,10,pierre-gasly,alpine,renault,pirelli,,,1:26.328,86328.0,1:25.711,85711.0,1:25.785,85785.0,+0.893,893.0,+0.164,164.0,21.0
1137,2025,12,11,11.0,11,55,carlos-sainz-jr,williams,mercedes,pirelli,,,1:26.175,86175.0,1:25.746,85746.0,,,,,,,12.0
1137,2025,12,12,12.0,12,22,yuki-tsunoda,red-bull,honda-rbpt,pirelli,,,1:26.275,86275.0,1:25.826,85826.0,,,,,,,13.0
1137,2025,12,13,13.0,13,6,isack-hadjar,racing-bulls,honda-rbpt,pirelli,,,1:26.177,86177.0,1:25.864,85864.0,,,,,,,12.0
1137,2025,12,14,14.0,14,23,alexander-albon,williams,mercedes,pirelli,,,1:26.093,86093.0,1:25.889,85889.0,,,,,,,13.0
1137,2025,12,15,15.0,15,31,esteban-ocon,haas,ferrari,pirelli,,,1:26.136,86136.0,1:25.950,85950.0,,,,,,,12.0
1137,2025,12,16,16.0,16,30,liam-lawson,racing-bulls,honda-rbpt,pirelli,,,1:26.440,86440.0,,,,,,,,,6.0
1137,2025,12,17,17.0,17,5,gabriel-bortoleto,kick-sauber,ferrari,pirelli,,,1:26.446,86446.0,,,,,,,,,9.0
1137,2025,12,18,18.0,18,18,lance-stroll,aston-martin,mercedes,pirelli,,,1:26.504,86504.0,,,,,,,,,9.0
1137,2025,12,19,19.0,19,27,nico-hulkenberg,kick-sauber,ferrari,pirelli,,,1:26.574,86574.0,,,,,,,,,9.0
1137,2025,12,20,20.0,20,43,franco-colapinto,alpine,renault,pirelli,,,1:27.060,87060.0,,,,,,,,,6.0
1138,2025,13,1,1.0,1,4,lando-norris,mclaren,mercedes,pirelli,,,1:41.010,101010.0,1:40.715,100715.0,1:40.562,100562.0,,,,,20.0
1138,2025,13,2,2.0,2,81,oscar-piastri,mclaren,mercedes,pirelli,,,1:41.201,101201.0,1:40.626,100626.0,1:40.647,100647.0,+0.085,85.0,+0.085,85.0,21.0
1138,2025,13,3,3.0,3,16,charles-leclerc,ferrari,ferrari,pirelli,,,1:41.635,101635.0,1:41.084,101084.0,1:40.900,100900.0,+0.338,338.0,+0.253,253.0,18.0
1138,2025,13,4,4.0,4,1,max-verstappen,red-bull,honda-rbpt,pirelli,,,1:41.334,101334.0,1:40.951,100951.0,1:40.903,100903.0,+0.341,341.0,+0.003,3.0,15.0
1138,2025,13,5,5.0,5,23,alexander-albon,williams,mercedes,pirelli,,,1:41.772,101772.0,1:41.505,101505.0,1:41.201,101201.0,+0.639,639.0,+0.298,298.0,20.0
1138,2025,13,6,6.0,6,63,george-russell,mercedes,mercedes,pirelli,,,1:41.784,101784.0,1:41.254,101254.0,1:41.260,101260.0,+0.698,698.0,+0.059,59.0,18.0
1138,2025,13,7,7.0,7,22,yuki-tsunoda,red-bull,honda-rbpt,pirelli,,,1:41.840,101840.0,1:41.245,101245.0,1:41.284,101284.0,+0.722,722.0,+0.024,24.0,17.0
1138,2025,13,8,8.0,8,6,isack-hadjar,racing-bulls,honda-rbpt,pirelli,,,1:41.572,101572.0,1:41.281,101281.0,1:41.310,101310.0,+0.748,748.0,+0.026,26.0,19.0
1138,2025,13,9,9.0,9,30,liam-lawson,racing-bulls,honda-rbpt,pirelli,,,1:41.748,101748.0,1:41.297,101297.0,1:41.328,101328.0,+0.766,766.0,+0.018,18.0,20.0
1138,2025,13,10,10.0,10,5,gabriel-bortoleto,kick-sauber,ferrari,pirelli,,,1:41.908,101908.0,1:41.336,101336.0,1:42.387,102387.0,+1.825,1825.0,+1.059,1059.0,18.0
1138,2025,13,11,11.0,11,31,esteban-ocon,haas,ferrari,pirelli,,,1:41.884,101884.0,1:41.525,101525.0,,,,,,,14.0
1138,2025,13,12,12.0,12,87,oliver-bearman,haas,ferrari,pirelli,,,1:41.617,101617.0,1:41.617,101617.0,,,,,,,13.0
1138,2025,13,13,13.0,13,10,pierre-gasly,alpine,renault,pirelli,,,1:41.800,101800.0,1:41.633,101633.0,,,,,,,14.0
1138,2025,13,14,14.0,14,27,nico-hulkenberg,kick-sauber,ferrari,pirelli,,,1:41.844,101844.0,1:41.707,101707.0,,,,,,,14.0
1138,2025,13,15,15.0,15,55,carlos-sainz-jr,williams,mercedes,pirelli,,,1:41.691,101691.0,1:41.758,101758.0,,,,,,,13.0
1138,2025,13,16,16.0,16,44,lewis-hamilton,ferrari,ferrari,pirelli,,,1:41.939,101939.0,,,,,,,,,8.0
1138,2025,13,17,17.0,17,43,franco-colapinto,alpine,renault,pirelli,,,1:42.022,102022.0,,,,,,,,,8.0
1138,2025,13,18,18.0,18,12,kimi-antonelli,mercedes,mercedes,pirelli,,,1:42.139,102139.0,,,,,,,,,6.0
1138,2025,13,19,19.0,19,14,fernando-alonso,aston-martin,mercedes,pirelli,,,1:42.385,102385.0,,,,,,,,,8.0
1138,2025,13,20,20.0,20,18,lance-stroll,aston-martin,mercedes,pirelli,,,1:42.502,102502.0,,,,,,,,,8.0
1139,2025,14,1,1.0,1,16,charles-leclerc,ferrari,ferrari,pirelli,,,1:15.582,75582.0,1:15.455,75455.0,1:15.372,75372.0,,,,,18.0
1139,2025,14,2,2.0,2,81,oscar-piastri,mclaren,mercedes,pirelli,,,1:15.211,75211.0,1:14.941,74941.0,1:15.398,75398.0,+0.026,26.0,+0.026,26.0,18.0
1139,2025,14,3,3.0,3,4,lando-norris,mclaren,mercedes,pirelli,,,1:15.523,75523.0,1:14.890,74890.0,1:15.413,75413.0,+0.041,41.0,+0.015,15.0,18.0
1139,2025,14,4,4.0,4,63,george-russell,mercedes,mercedes,pirelli,,,1:15.627,75627.0,1:15.201,75201.0,1:15.425,75425.0,+0.053,53.0,+0.012,12.0,15.0
1139,2025,14,5,5.0,5,14,fernando-alonso,aston-martin,mercedes,pirelli,,,1:15.281,75281.0,1:15.395,75395.0,1:15.481,75481.0,+0.109,109.0,+0.056,56.0,15.0
1139,2025,14,6,6.0,6,18,lance-stroll,aston-martin,mercedes,pirelli,,,1:15.673,75673.0,1:15.129,75129.0,1:15.498,75498.0,+0.126,126.0,+0.017,17.0,18.0
1139,2025,14,7,7.0,7,5,gabriel-bortoleto,kick-sauber,ferrari,pirelli,,,1:15.586,75586.0,1:15.687,75687.0,1:15.725,75725.0,+0.353,353.0,+0.227,227.0,18.0
1139,2025,14,8,8.0,8,1,max-verstappen,red-bull,honda-rbpt,pirelli,,,1:15.736,75736.0,1:15.547,75547.0,1:15.728,75728.0,+0.356,356.0,+0.003,3.0,18.0
1139,2025,14,9,9.0,9,30,liam-lawson,racing-bulls,honda-rbpt,pirelli,,,1:15.849,75849.0,1:15.630,75630.0,1:15.821,75821.0,+0.449,449.0,+0.093,93.0,18.0
1139,2025,14,10,10.0,10,6,isack-hadjar,racing-bulls,honda-rbpt,pirelli,,,1:15.516,75516.0,1:15.469,75469.0,1:15.915,75915.0,+0.543,543.0,+0.094,94.0,15.0
1139,2025,14,11,11.0,11,87,oliver-bearman,haas,ferrari,pirelli,,,1:15.750,75750.0,1:15.694,75694.0,,,,,,,12.0
1139,2025,14,12,12.0,12,44,lewis-hamilton,ferrari,ferrari,pirelli,,,1:15.733,75733.0,1:15.702,75702.0,,,,,,,12.0
1139,2025,14,13,13.0,13,55,carlos-sainz-jr,williams,mercedes,pirelli,,,1:15.652,75652.0,1:15.781,75781.0,,,,,,,15.0
1139,2025,14,14,14.0,14,43,franco-colapinto,alpine,renault,pirelli,,,1:15.875,75875.0,1:16.159,76159.0,,,,,,,12.0
1139,2025,14,15,15.0,15,12,kimi-antonelli,mercedes,mercedes,pirelli,,,1:15.782,75782.0,1:16.386,76386.0,,,,,,,9.0
1139,2025,14,16,16.0,16,22,yuki-tsunoda,red-bull,honda-rbpt,pirelli,,,1:15.899,75899.0,,,,,,,,,6.0
1139,2025,14,17,17.0,17,10,pierre-gasly,alpine,renault,pirelli,,,1:15.966,75966.0,,,,,,,,,6.0
1139,2025,14,18,18.0,18,31,esteban-ocon,haas,ferrari,pirelli,,,1:16.023,76023.0,,,,,,,,,6.0
1139,2025,14,19,19.0,19,27,nico-hulkenberg,kick-sauber,ferrari,pirelli,,,1:16.081,76081.0,,,,,,,,,6.0
1139,2025,14,20,20.0,20,23,alexander-albon,williams,mercedes,pirelli,,,1:16.223,76223.0,,,,,,,,,9.0
1140,2025,15,1,1.0,1,81,oscar-piastri,mclaren,mercedes,pirelli,,,1:09.338,69338.0,1:08.964,68964.0,1:08.662,68662.0,,,,,18.0
1140,2025,15,2,2.0,2,4,lando-norris,mclaren,mercedes,pirelli,,,1:09.469,69469.0,1:08.874,68874.0,1:08.674,68674.0,+0.012,12.0,+0.012,12.0,18.0
1140,2025,15,3,3.0,3,1,max-verstappen,red-bull,honda-rbpt,pirelli,,,1:09.696,69696.0,1:09.122,69122.0,1:08.925,68925.0,+0.263,263.0,+0.251,251.0,18.0
1140,2025,15,4,4.0,4,6,isack-hadjar,racing-bulls,honda-rbpt,pirelli,,,1:09.966,69966.0,1:09.439,69439.0,1:09.208,69208.0,+0.546,546.0,+0.283,283.0,18.0
1140,2025,15,5,5.0,5,63,george-russell,mercedes,mercedes,pirelli,,,1:09.676,69676.0,1:09.313,69313.0,1:09.255,69255.0,+0.593,593.0,+0.047,47.0,18.0
1140,2025,15,6,6.0,6,16,charles-leclerc,ferrari,ferrari,pirelli,,,1:09.906,69906.0,1:09.304,69304.0,1:09.340,69340.0,+0.678,678.0,+0.085,85.0,22.0
1140,2025,15,7,7.0,7,44,lewis-hamilton,ferrari,ferrari,pirelli,,,1:09.900,69900.0,1:09.261,69261.0,1:09.390,69390.0,+0.728,728.0,+0.050,50.0,21.0
1140,2025,15,8,8.0,8,30,liam-lawson,racing-bulls,honda-rbpt,pirelli,,,1:09.779,69779.0,1:09.383,69383.0,1:09.500,69500.0,+0.838,838.0,+0.110,110.0,18.0
1140,2025,15,9,9.0,9,55,carlos-sainz-jr,williams,mercedes,pirelli,,,1:09.980,69980.0,1:09.472,69472.0,1:09.505,69505.0,+0.843,843.0,+0.005,5.0,18.0
1140,2025,15,10,10.0,10,14,fernando-alonso,aston-martin,mercedes,pirelli,,,1:09.950,69950.0,1:09.366,69366.0,1:09.630,69630.0,+0.968,968.0,+0.125,125.0,17.0
1140,2025,15,11,11.0,11,12,kimi-antonelli,mercedes,mercedes,pirelli,,,1:09.845,69845.0,1:09.493,69493.0,,,,,,,12.0
1140,2025,15,12,12.0,12,22,yuki-tsunoda,red-bull,honda-rbpt,pirelli,,,1:09.954,69954.0,1:09.622,69622.0,,,,,,,15.0
1140,2025,15,13,13.0,13,5,gabriel-bortoleto,kick-sauber,ferrari,pirelli,,,1:10.037,70037.0,1:09.622,69622.0,,,,,,,12.0
1140,2025,15,14,14.0,14,10,pierre-gasly,alpine,renault,pirelli,,,1:09.894,69894.0,1:09.637,69637.0,,,,,,,15.0
1140,2025,15,15,15.0,15,23,alexander-albon,williams,mercedes,pirelli,,,1:09.792,69792.0,1:09.652,69652.0,,,,,,,12.0
1140,2025,15,16,16.0,16,43,franco-colapinto,alpine,renault,pirelli,,,1:10.104,70104.0,,,,,,,,,9.0
1140,2025,15,17,17.0,17,27,nico-hulkenberg,kick-sauber,ferrari,pirelli,,,1:10.195,70195.0,,,,,,,,,9.0
1140,2025,15,18,18.0,18,31,esteban-ocon,haas,ferrari,pirelli,,,1:10.197,70197.0,,,,,,,,,9.0
1140,2025,15,19,19.0,19,87,oliver-bearman,haas,ferrari,pirelli,,,1:10.262,70262.0,,,,,,,,,9.0
1140,2025,15,20,,NC,18,lance-stroll,aston-martin,mercedes,pirelli,,,,,,,,,,,,,2.0
1141,2025,16,1,1.0,1,1,max-verstappen,red-bull,honda-rbpt,pirelli,,,1:19.455,79455.0,1:19.140,79140.0,1:18.792,78792.0,,,,,18.0
1141,2025,16,2,2.0,2,4,lando-norris,mclaren,mercedes,pirelli,,,1:19.517,79517.0,1:19.293,79293.0,1:18.869,78869.0,+0.077,77.0,+0.077,77.0,21.0
1141,2025,16,3,3.0,3,81,oscar-piastri,mclaren,mercedes,pirelli,,,1:19.711,79711.0,1:19.286,79286.0,1:18.982,78982.0,+0.190,190.0,+0.113,113.0,19.0
1141,2025,16,4,4.0,4,16,charles-leclerc,ferrari,ferrari,pirelli,,,1:19.689,79689.0,1:19.310,79310.0,1:19.007,79007.0,+0.215,215.0,+0.025,25.0,20.0
1141,2025,16,5,5.0,5,44,lewis-hamilton,ferrari,ferrari,pirelli,,,1:19.765,79765.0,1:19.371,79371.0,1:19.124,79124.0,+0.332,332.0,+0.117,117.0,20.0
1141,2025,16,6,6.0,6,63,george-russell,mercedes,mercedes,pirelli,,,1:19.414,79414.0,1:19.287,79287.0,1:19.157,79157.0,+0.365,365.0,+0.033,33.0,18.0
1141,2025,16,7,7.0,7,12,kimi-antonelli,mercedes,mercedes,pirelli,,,1:19.747,79747.0,1:19.245,79245.0,1:19.200,79200.0,+0.408,408.0,+0.043,43.0,22.0
1141,2025,16,8,8.0,8,5,gabriel-bortoleto,kick-sauber,ferrari,pirelli,,,1:19.688,79688.0,1:19.323,79323.0,1:19.390,79390.0,+0.598,598.0,+0.190,190.0,21.0
1141,2025,16,9,9.0,9,14,fernando-alonso,aston-martin,mercedes,pirelli,,,1:19.658,79658.0,1:19.362,79362.0,1:19.424,79424.0,+0.632,632.0,+0.034,34.0,20.0
1141,2025,16,10,10.0,10,22,yuki-tsunoda,red-bull,honda-rbpt,pirelli,,,1:19.619,79619.0,1:19.433,79433.0,1:19.519,79519.0,+0.727,727.0,+0.095,95.0,18.0
1141,2025,16,11,11.0,11,87,oliver-bearman,haas,ferrari,pirelli,,,1:19.688,79688.0,1:19.446,79446.0,,,,,,,15.0
1141,2025,16,12,12.0,12,27,nico-hulkenberg,kick-sauber,ferrari,pirelli,,,1:19.777,79777.0,1:19.498,79498.0,,,,,,,15.0
1141,2025,16,13,13.0,13,55,carlos-sainz-jr,williams,mercedes,pirelli,,,1:19.644,79644.0,1:19.528,79528.0,,,,,,,19.0
1141,2025,16,14,14.0,14,23,alexander-albon,williams,mercedes,pirelli,,,1:19.837,79837.0,1:19.583,79583.0,,,,,,,16.0
1141,2025,16,15,15.0,15,31,esteban-ocon,haas,ferrari,pirelli,,,1:19.816,79816.0,1:19.707,79707.0,,,,,,,15.0
1141,2025,16,16,16.0,16,6,isack-hadjar,racing-bulls,honda-rbpt,pirelli,,,1:19.917,79917.0,,,,,,,,,6.0
1141,2025,16,17,17.0,17,18,lance-stroll,aston-martin,mercedes,pirelli,,,1:19.948,79948.0,,,,,,,,,9.0
1141,2025,16,18,18.0,18,43,franco-colapinto,alpine,renault,pirelli,,,1:19.992,79992.0,,,,,,,,,9.0
1141,2025,16,19,19.0,19,10,pierre-gasly,alpine,renault,pirelli,,,1:20.103,80103.0,,,,,,,,,9.0
1141,2025,16,20,20.0,20,30,liam-lawson,racing-bulls,honda-rbpt,pirelli,,,1:20.279,80279.0,,,,,,,,,5.0
1142,2025,17,1,1.0,1,1,max-verstappen,red-bull,honda-rbpt,pirelli,,,1:41.331,101331.0,1:41.255,101255.0,1:41.117,101117.0,,,,,23.0
1142,2025,17,2,2.0,2,55,carlos-sainz-jr,williams,mercedes,pirelli,,,1:42.635,102635.0,1:41.675,101675.0,1:41.595,101595.0,+0.478,478.0,+0.478,478.0,23.0
1142,2025,17,3,3.0,3,30,liam-lawson,racing-bulls,honda-rbpt,pirelli,,,1:42.257,102257.0,1:41.537,101537.0,1:41.707,101707.0,+0.590,590.0,+0.112,112.0,26.0
1142,2025,17,4,4.0,4,12,kimi-antonelli,mercedes,mercedes,pirelli,,,1:42.247,102247.0,1:41.464,101464.0,1:41.717,101717.0,+0.600,600.0,+0.010,10.0,21.0
1142,2025,17,5,5.0,5,63,george-russell,mercedes,mercedes,pirelli,,,1:41.646,101646.0,1:41.455,101455.0,1:42.070,102070.0,+0.953,953.0,+0.353,353.0,22.0
1142,2025,17,6,6.0,6,22,yuki-tsunoda,red-bull,honda-rbpt,pirelli,,,1:42.347,102347.0,1:41.788,101788.0,1:42.143,102143.0,+1.026,1026.0,+0.073,73.0,23.0
1142,2025,17,7,7.0,7,4,lando-norris,mclaren,mercedes,pirelli,,,1:41.322,101322.0,1:41.396,101396.0,1:42.239,102239.0,+1.122,1122.0,+0.096,96.0,21.0
1142,2025,17,8,8.0,8,6,isack-hadjar,racing-bulls,honda-rbpt,pirelli,,,1:41.656,101656.0,1:41.647,101647.0,1:42.372,102372.0,+1.255,1255.0,+0.133,133.0,25.0
1142,2025,17,9,9.0,9,81,oscar-piastri,mclaren,mercedes,pirelli,,,1:41.839,101839.0,1:41.414,101414.0,,,,,,,18.0
1142,2025,17,10,10.0,10,16,charles-leclerc,ferrari,ferrari,pirelli,,,1:41.458,101458.0,1:41.519,101519.0,,,,,,,19.0
1142,2025,17,11,11.0,11,14,fernando-alonso,aston-martin,mercedes,pirelli,,,1:42.211,102211.0,1:41.857,101857.0,,,,,,,18.0
1142,2025,17,12,12.0,12,44,lewis-hamilton,ferrari,ferrari,pirelli,,,1:41.821,101821.0,1:42.183,102183.0,,,,,,,17.0
1142,2025,17,13,13.0,13,5,gabriel-bortoleto,kick-sauber,ferrari,pirelli,,,1:42.511,102511.0,1:42.277,102277.0,,,,,,,16.0
1142,2025,17,14,14.0,14,18,lance-stroll,aston-martin,mercedes,pirelli,,,1:42.101,102101.0,1:43.061,103061.0,,,,,,,16.0
1142,2025,17,15,15.0,15,87,oliver-bearman,haas,ferrari,pirelli,,,1:42.666,102666.0,,,,,,,,,11.0
1142,2025,17,16,16.0,16,43,franco-colapinto,alpine,renault,pirelli,,,1:42.779,102779.0,,,,,,,,,8.0
1142,2025,17,17,17.0,17,27,nico-hulkenberg,kick-sauber,ferrari,pirelli,,,1:42.916,102916.0,,,,,,,,,8.0
1142,2025,17,18,18.0,18,10,pierre-gasly,alpine,renault,pirelli,,,1:43.139,103139.0,,,,,,,,,8.0
1142,2025,17,19,19.0,19,23,alexander-albon,williams,mercedes,pirelli,,,1:43.778,103778.0,,,,,,,,,4.0
1142,2025,17,20,,DSQ,31,esteban-ocon,haas,ferrari,pirelli,,,,,,,,,,,,,
1143,2025,18,1,1.0,1,63,george-russell,mercedes,mercedes,pirelli,,,1:29.928,89928.0,1:29.562,89562.0,1:29.158,89158.0,,,,,18.0
1143,2025,18,2,2.0,2,1,max-verstappen,red-bull,honda-rbpt,pirelli,,,1:30.028,90028.0,1:29.572,89572.0,1:29.340,89340.0,+0.182,182.0,+0.182,182.0,18.0
1143,2025,18,3,3.0,3,81,oscar-piastri,mclaren,mercedes,pirelli,,,1:30.313,90313.0,1:29.813,89813.0,1:29.524,89524.0,+0.366,366.0,+0.184,184.0,20.0
1143,2025,18,4,4.0,4,12,kimi-antonelli,mercedes,mercedes,pirelli,,,1:30.036,90036.0,1:29.649,89649.0,1:29.537,89537.0,+0.379,379.0,+0.013,13.0,17.0
1143,2025,18,5,5.0,5,4,lando-norris,mclaren,mercedes,pirelli,,,1:29.932,89932.0,1:29.809,89809.0,1:29.586,89586.0,+0.428,428.0,+0.049,49.0,20.0
1143,2025,18,6,6.0,6,44,lewis-hamilton,ferrari,ferrari,pirelli,,,1:29.765,89765.0,1:29.936,89936.0,1:29.688,89688.0,+0.530,530.0,+0.102,102.0,20.0
1143,2025,18,7,7.0,7,16,charles-leclerc,ferrari,ferrari,pirelli,,,1:30.370,90370.0,1:29.914,89914.0,1:29.784,89784.0,+0.626,626.0,+0.096,96.0,22.0
1143,2025,18,8,8.0,8,6,isack-hadjar,racing-bulls,honda-rbpt,pirelli,,,1:30.214,90214.0,1:30.016,90016.0,1:29.846,89846.0,+0.688,688.0,+0.062,62.0,19.0
1143,2025,18,9,9.0,9,87,oliver-bearman,haas,ferrari,pirelli,,,1:30.420,90420.0,1:30.076,90076.0,1:29.868,89868.0,+0.710,710.0,+0.022,22.0,17.0
1143,2025,18,10,10.0,10,14,fernando-alonso,aston-martin,mercedes,pirelli,,,1:30.745,90745.0,1:30.054,90054.0,1:29.955,89955.0,+0.797,797.0,+0.087,87.0,18.0
1143,2025,18,11,11.0,11,27,nico-hulkenberg,kick-sauber,ferrari,pirelli,,,1:30.715,90715.0,1:30.141,90141.0,,,,,,,15.0
1143,2025,18,12,12.0,12,30,liam-lawson,racing-bulls,honda-rbpt,pirelli,,,1:30.681,90681.0,1:30.320,90320.0,,,,,,,14.0
1143,2025,18,13,13.0,13,22,yuki-tsunoda,red-bull,honda-rbpt,pirelli,,,1:30.574,90574.0,1:30.353,90353.0,,,,,,,12.0
1143,2025,18,14,14.0,14,5,gabriel-bortoleto,kick-sauber,ferrari,pirelli,,,1:30.820,90820.0,,,,,,,,,8.0
1143,2025,18,15,15.0,15,18,lance-stroll,aston-martin,mercedes,pirelli,,,1:30.949,90949.0,,,,,,,,,9.0
1143,2025,18,16,16.0,16,43,franco-colapinto,alpine,renault,pirelli,,,1:30.982,90982.0,,,,,,,,,9.0
1143,2025,18,17,17.0,17,31,esteban-ocon,haas,ferrari,pirelli,,,1:30.989,90989.0,,,,,,,,,6.0
1143,2025,18,18,18.0,18,10,pierre-gasly,alpine,renault,pirelli,,,1:31.261,91261.0,,,,,,,,,8.0
1143,2025,18,19,,DSQ,23,alexander-albon,williams,mercedes,pirelli,,,,,1:30.202,90202.0,,,,,,,
1143,2025,18,20,,DSQ,55,carlos-sainz-jr,williams,mercedes,pirelli,,,,,1:30.235,90235.0,,,,,,,
1144,2025,19,1,1.0,1,1,max-verstappen,red-bull,honda-rbpt,pirelli,,,1:33.207,93207.0,1:32.701,92701.0,1:32.510,92510.0,,,,,14.0
1144,2025,19,2,2.0,2,4,lando-norris,mclaren,mercedes,pirelli,,,1:33.843,93843.0,1:32.876,92876.0,1:32.801,92801.0,+0.291,291.0,+0.291,291.0,20.0
1144,2025,19,3,3.0,3,16,charles-leclerc,ferrari,ferrari,pirelli,,,1:33.525,93525.0,1:32.869,92869.0,1:32.807,92807.0,+0.297,297.0,+0.006,6.0,17.0
1144,2025,19,4,4.0,4,63,george-russell,mercedes,mercedes,pirelli,,,1:33.311,93311.0,1:33.058,93058.0,1:32.826,92826.0,+0.316,316.0,+0.019,19.0,19.0
1144,2025,19,5,5.0,5,44,lewis-hamilton,ferrari,ferrari,pirelli,,,1:33.685,93685.0,1:32.914,92914.0,1:32.912,92912.0,+0.402,402.0,+0.086,86.0,18.0
1144,2025,19,6,6.0,6,81,oscar-piastri,mclaren,mercedes,pirelli,,,1:33.746,93746.0,1:33.228,93228.0,1:33.084,93084.0,+0.574,574.0,+0.172,172.0,19.0
1144,2025,19,7,7.0,7,12,kimi-antonelli,mercedes,mercedes,pirelli,,,1:33.501,93501.0,1:33.044,93044.0,1:33.114,93114.0,+0.604,604.0,+0.030,30.0,18.0
1144,2025,19,8,8.0,8,87,oliver-bearman,haas,ferrari,pirelli,,,1:33.921,93921.0,1:33.238,93238.0,1:33.139,93139.0,+0.629,629.0,+0.025,25.0,19.0
1144,2025,19,9,9.0,9,55,carlos-sainz-jr,williams,mercedes,pirelli,,,1:33.739,93739.0,1:33.124,93124.0,1:33.150,93150.0,+0.640,640.0,+0.011,11.0,20.0
1144,2025,19,10,10.0,10,14,fernando-alonso,aston-martin,mercedes,pirelli,,,1:33.741,93741.0,1:33.237,93237.0,1:33.160,93160.0,+0.650,650.0,+0.010,10.0,18.0
1144,2025,19,11,11.0,11,27,nico-hulkenberg,kick-sauber,ferrari,pirelli,,,1:33.551,93551.0,1:33.334,93334.0,,,,,,,14.0
1144,2025,19,12,12.0,12,30,liam-lawson,racing-bulls,honda-rbpt,pirelli,,,1:33.549,93549.0,1:33.360,93360.0,,,,,,,14.0
1144,2025,19,13,13.0,13,22,yuki-tsunoda,red-bull,honda-rbpt,pirelli,,,1:33.935,93935.0,1:33.466,93466.0,,,,,,,13.0
1144,2025,19,14,14.0,14,10,pierre-gasly,alpine,renault,pirelli,,,1:33.599,93599.0,1:33.651,93651.0,,,,,,,14.0
1144,2025,19,15,15.0,15,43,franco-colapinto,alpine,renault,pirelli,,,1:34.039,94039.0,1:34.044,94044.0,,,,,,,14.0
1144,2025,19,16,16.0,16,5,gabriel-bortoleto,kick-sauber,ferrari,pirelli,,,1:34.125,94125.0,,,,,,,,,8.0
1144,2025,19,17,17.0,17,31,esteban-ocon,haas,ferrari,pirelli,,,1:34.136,94136.0,,,,,,,,,8.0
1144,2025,19,18,18.0,18,18,lance-stroll,aston-martin,mercedes,pirelli,,,1:34.540,94540.0,,,,,,,,,7.0
1144,2025,19,19,19.0,19,23,alexander-albon,williams,mercedes,pirelli,,,1:34.690,94690.0,,,,,,,,,9.0
1144,2025,19,20,,NC,6,isack-hadjar,racing-bulls,honda-rbpt,pirelli,,,,,,,,,,,,,2.0
1145,2025,20,1,1.0,1,4,lando-norris,mclaren,mercedes,pirelli,,,1:16.899,76899.0,1:16.252,76252.0,1:15.586,75586.0,,,,,21.0
1145,2025,20,2,2.0,2,16,charles-leclerc,ferrari,ferrari,pirelli,,,1:17.024,77024.0,1:16.658,76658.0,1:15.848,75848.0,+0.262,262.0,+0.262,262.0,20.0
1145,2025,20,3,3.0,3,44,lewis-hamilton,ferrari,ferrari,pirelli,,,1:16.736,76736.0,1:16.458,76458.0,1:15.938,75938.0,+0.352,352.0,+0.090,90.0,21.0
1145,2025,20,4,4.0,4,63,george-russell,mercedes,mercedes,pirelli,,,1:16.895,76895.0,1:16.537,76537.0,1:16.034,76034.0,+0.448,448.0,+0.096,96.0,18.0
1145,2025,20,5,5.0,5,1,max-verstappen,red-bull,honda-rbpt,pirelli,,,1:17.076,77076.0,1:16.605,76605.0,1:16.070,76070.0,+0.484,484.0,+0.036,36.0,18.0
1145,2025,20,6,6.0,6,12,kimi-antonelli,mercedes,mercedes,pirelli,,,1:17.291,77291.0,1:16.773,76773.0,1:16.118,76118.0,+0.532,532.0,+0.048,48.0,18.0
1145,2025,20,7,7.0,7,55,carlos-sainz-jr,williams,mercedes,pirelli,,,1:17.171,77171.0,1:16.607,76607.0,1:16.172,76172.0,+0.586,586.0,+0.054,54.0,18.0
1145,2025,20,8,8.0,8,81,oscar-piastri,mclaren,mercedes,pirelli,,,1:17.158,77158.0,1:16.737,76737.0,1:16.174,76174.0,+0.588,588.0,+0.002,2.0,20.0
1145,2025,20,9,9.0,9,6,isack-hadjar,racing-bulls,honda-rbpt,pirelli,,,1:16.733,76733.0,1:16.804,76804.0,1:16.252,76252.0,+0.666,666.0,+0.078,78.0,18.0
1145,2025,20,10,10.0,10,87,oliver-bearman,haas,ferrari,pirelli,,,1:17.040,77040.0,1:16.787,76787.0,1:16.460,76460.0,+0.874,874.0,+0.208,208.0,21.0
1145,2025,20,11,11.0,11,22,yuki-tsunoda,red-bull,honda-rbpt,pirelli,,,1:17.234,77234.0,1:16.816,76816.0,,,,,,,12.0
1145,2025,20,12,12.0,12,31,esteban-ocon,haas,ferrari,pirelli,,,1:16.948,76948.0,1:16.837,76837.0,,,,,,,15.0
1145,2025,20,13,13.0,13,27,nico-hulkenberg,kick-sauber,ferrari,pirelli,,,1:17.251,77251.0,1:17.016,77016.0,,,,,,,15.0
1145,2025,20,14,14.0,14,14,fernando-alonso,aston-martin,mercedes,pirelli,,,1:17.232,77232.0,1:17.103,77103.0,,,,,,,15.0
1145,2025,20,15,15.0,15,30,liam-lawson,racing-bulls,honda-rbpt,pirelli,,,1:16.961,76961.0,1:18.072,78072.0,,,,,,,13.0
1145,2025,20,16,16.0,16,5,gabriel-bortoleto,kick-sauber,ferrari,pirelli,,,1:17.412,77412.0,,,,,,,,,9.0
1145,2025,20,17,17.0,17,23,alexander-albon,williams,mercedes,pirelli,,,1:17.490,77490.0,,,,,,,,,9.0
1145,2025,20,18,18.0,18,10,pierre-gasly,alpine,renault,pirelli,,,1:17.546,77546.0,,,,,,,,,9.0
1145,2025,20,19,19.0,19,18,lance-stroll,aston-martin,mercedes,pirelli,,,1:17.606,77606.0,,,,,,,,,9.0
1145,2025,20,20,20.0,20,43,franco-colapinto,alpine,renault,pirelli,,,1:17.670,77670.0,,,,,,,,,8.0
1146,2025,21,1,1.0,1,4,lando-norris,mclaren,mercedes,pirelli,,,1:09.656,69656.0,1:09.616,69616.0,1:09.511,69511.0,,,,,21.0
1146,2025,21,2,2.0,2,12,kimi-antonelli,mercedes,mercedes,pirelli,,,1:10.192,70192.0,1:09.774,69774.0,1:09.685,69685.0,+0.174,174.0,+0.174,174.0,16.0
1146,2025,21,3,3.0,3,16,charles-leclerc,ferrari,ferrari,pirelli,,,1:09.934,69934.0,1:09.801,69801.0,1:09.805,69805.0,+0.294,294.0,+0.120,120.0,22.0
1146,2025,21,4,4.0,4,81,oscar-piastri,mclaren,mercedes,pirelli,,,1:09.928,69928.0,1:09.835,69835.0,1:09.886,69886.0,+0.375,375.0,+0.081,81.0,19.0
1146,2025,21,5,5.0,5,6,isack-hadjar,racing-bulls,honda-rbpt,pirelli,,,1:10.083,70083.0,1:09.970,69970.0,1:09.931,69931.0,+0.420,420.0,+0.045,45.0,21.0
1146,2025,21,6,6.0,6,63,george-russell,mercedes,mercedes,pirelli,,,1:09.935,69935.0,1:09.880,69880.0,1:09.942,69942.0,+0.431,431.0,+0.011,11.0,16.0
1146,2025,21,7,7.0,7,30,liam-lawson,racing-bulls,honda-rbpt,pirelli,,,1:10.108,70108.0,1:09.950,69950.0,1:09.962,69962.0,+0.451,451.0,+0.020,20.0,21.0
1146,2025,21,8,8.0,8,87,oliver-bearman,haas,ferrari,pirelli,,,1:09.891,69891.0,1:09.755,69755.0,1:09.977,69977.0,+0.466,466.0,+0.015,15.0,19.0
1146,2025,21,9,9.0,9,10,pierre-gasly,alpine,renault,pirelli,,,1:09.885,69885.0,1:09.857,69857.0,1:10.002,70002.0,+0.491,491.0,+0.025,25.0,21.0
1146,2025,21,10,10.0,10,27,nico-hulkenberg,kick-sauber,ferrari,pirelli,,,1:10.337,70337.0,1:09.985,69985.0,1:10.039,70039.0,+0.528,528.0,+0.037,37.0,23.0
1146,2025,21,11,11.0,11,14,fernando-alonso,aston-martin,mercedes,pirelli,,,1:10.181,70181.0,1:10.001,70001.0,,,,,,,15.0
1146,2025,21,12,12.0,12,23,alexander-albon,williams,mercedes,pirelli,,,1:10.115,70115.0,1:10.053,70053.0,,,,,,,18.0
1146,2025,21,13,13.0,13,44,lewis-hamilton,ferrari,ferrari,pirelli,,,1:10.016,70016.0,1:10.100,70100.0,,,,,,,16.0
1146,2025,21,14,14.0,14,18,lance-stroll,aston-martin,mercedes,pirelli,,,1:10.041,70041.0,1:10.161,70161.0,,,,,,,15.0
1146,2025,21,15,15.0,15,55,carlos-sainz-jr,williams,mercedes,pirelli,,,1:10.184,70184.0,1:10.472,70472.0,,,,,,,17.0
1146,2025,21,16,16.0,16,1,max-verstappen,red-bull,honda-rbpt,pirelli,,,1:10.403,70403.0,,,,,,,,,9.0
1146,2025,21,17,17.0,17,31,esteban-ocon,haas,ferrari,pirelli,,,1:10.438,70438.0,,,,,,,,,9.0
1146,2025,21,18,18.0,18,43,franco-colapinto,alpine,renault,pirelli,,,1:10.632,70632.0,,,,,,,,,9.0
1146,2025,21,19,19.0,19,22,yuki-tsunoda,red-bull,honda-rbpt,pirelli,,,1:10.711,70711.0,,,,,,,,,9.0
1147,2025,22,1,1.0,1,4,lando-norris,mclaren,mercedes,pirelli,,,1:55.473,115473.0,1:51.379,111379.0,1:47.934,107934.0,,,,,25.0
1147,2025,22,2,2.0,2,1,max-verstappen,red-bull,honda-rbpt,pirelli,,,1:53.458,113458.0,1:51.593,111593.0,1:48.257,108257.0,+0.323,323.0,+0.323,323.0,24.0
1147,2025,22,3,3.0,3,55,carlos-sainz-jr,williams,mercedes,pirelli,,,1:54.873,114873.0,1:51.144,111144.0,1:48.296,108296.0,+0.362,362.0,+0.039,39.0,24.0
1147,2025,22,4,4.0,4,63,george-russell,mercedes,mercedes,pirelli,,,1:53.144,113144.0,1:50.935,110935.0,1:48.803,108803.0,+0.869,869.0,+0.507,507.0,25.0
1147,2025,22,5,5.0,5,81,oscar-piastri,mclaren,mercedes,pirelli,,,1:54.544,114544.0,1:52.126,112126.0,1:48.961,108961.0,+1.027,1027.0,+0.158,158.0,23.0
1147,2025,22,6,6.0,6,30,liam-lawson,racing-bulls,honda-rbpt,pirelli,,,1:54.828,114828.0,1:51.621,111621.0,1:49.062,109062.0,+1.128,1128.0,+0.101,101.0,25.0
1147,2025,22,7,7.0,7,14,fernando-alonso,aston-martin,mercedes,pirelli,,,1:53.739,113739.0,1:51.865,111865.0,1:49.466,109466.0,+1.532,1532.0,+0.404,404.0,25.0
1147,2025,22,8,8.0,8,6,isack-hadjar,racing-bulls,honda-rbpt,pirelli,,,1:55.613,115613.0,1:51.120,111120.0,1:49.554,109554.0,+1.620,1620.0,+0.088,88.0,25.0
1147,2025,22,9,9.0,9,16,charles-leclerc,ferrari,ferrari,pirelli,,,1:54.814,114814.0,1:51.952,111952.0,1:49.872,109872.0,+1.938,1938.0,+0.318,318.0,24.0
1147,2025,22,10,10.0,10,10,pierre-gasly,alpine,renault,pirelli,,,1:54.432,114432.0,1:51.760,111760.0,1:51.540,111540.0,+3.606,3606.0,+1.668,1668.0,25.0
1147,2025,22,11,11.0,11,27,nico-hulkenberg,kick-sauber,ferrari,pirelli,,,1:54.555,114555.0,1:52.781,112781.0,,,,,,,18.0
1147,2025,22,12,12.0,12,18,lance-stroll,aston-martin,mercedes,pirelli,,,1:54.416,114416.0,1:52.850,112850.0,,,,,,,18.0
1147,2025,22,13,13.0,13,31,esteban-ocon,haas,ferrari,pirelli,,,1:54.635,114635.0,1:52.987,112987.0,,,,,,,17.0
1147,2025,22,14,14.0,14,87,oliver-bearman,haas,ferrari,pirelli,,,1:56.016,116016.0,1:53.094,113094.0,,,,,,,17.0
1147,2025,22,15,15.0,15,43,franco-colapinto,alpine,renault,pirelli,,,1:54.847,114847.0,1:53.683,113683.0,,,,,,,17.0
1147,2025,22,16,16.0,16,23,alexander-albon,williams,mercedes,pirelli,,,1:56.220,116220.0,,,,,,,,,8.0
1147,2025,22,17,17.0,17,12,kimi-antonelli,mercedes,mercedes,pirelli,,,1:56.314,116314.0,,,,,,,,,8.0
1147,2025,22,18,18.0,18,5,gabriel-bortoleto,kick-sauber,ferrari,pirelli,,,1:56.674,116674.0,,,,,,,,,9.0
1147,2025,22,19,19.0,19,22,yuki-tsunoda,red-bull,honda-rbpt,pirelli,,,1:56.798,116798.0,,,,,,,,,9.0
1147,2025,22,20,20.0,20,44,lewis-hamilton,ferrari,ferrari,pirelli,,,1:57.115,117115.0,,,,,,,,,9.0
1148,2025,23,1,1.0,1,81,oscar-piastri,mclaren,mercedes,pirelli,,,1:20.234,80234.0,1:19.650,79650.0,1:19.387,79387.0,,,,,18.0
1148,2025,23,2,2.0,2,4,lando-norris,mclaren,mercedes,pirelli,,,1:20.157,80157.0,1:19.861,79861.0,1:19.495,79495.0,+0.108,108.0,+0.108,108.0,17.0
1148,2025,23,3,3.0,3,1,max-verstappen,red-bull,honda-rbpt,pirelli,,,1:20.472,80472.0,1:19.985,79985.0,1:19.651,79651.0,+0.264,264.0,+0.156,156.0,23.0
1148,2025,23,4,4.0,4,63,george-russell,mercedes,mercedes,pirelli,,,1:20.074,80074.0,1:20.186,80186.0,1:19.662,79662.0,+0.275,275.0,+0.011,11.0,26.0
1148,2025,23,5,5.0,5,12,kimi-antonelli,mercedes,mercedes,pirelli,,,1:20.576,80576.0,1:20.084,80084.0,1:19.846,79846.0,+0.459,459.0,+0.184,184.0,22.0
1148,2025,23,6,6.0,6,6,isack-hadjar,racing-bulls,honda-rbpt,pirelli,,,1:20.603,80603.0,1:20.350,80350.0,1:20.114,80114.0,+0.727,727.0,+0.268,268.0,20.0
1148,2025,23,7,7.0,7,55,carlos-sainz-jr,williams,mercedes,pirelli,,,1:20.520,80520.0,1:20.251,80251.0,1:20.287,80287.0,+0.900,900.0,+0.173,173.0,25.0
1148,2025,23,8,8.0,8,14,fernando-alonso,aston-martin,mercedes,pirelli,,,1:20.598,80598.0,1:20.219,80219.0,1:20.418,80418.0,+1.031,1031.0,+0.131,131.0,21.0
1148,2025,23,9,9.0,9,10,pierre-gasly,alpine,renault,pirelli,,,1:20.681,80681.0,1:20.324,80324.0,1:20.477,80477.0,+1.090,1090.0,+0.059,59.0,21.0
1148,2025,23,10,10.0,10,16,charles-leclerc,ferrari,ferrari,pirelli,,,1:20.564,80564.0,1:20.343,80343.0,1:20.561,80561.0,+1.174,1174.0,+0.084,84.0,23.0
1148,2025,23,11,11.0,11,27,nico-hulkenberg,kick-sauber,ferrari,pirelli,,,1:20.630,80630.0,1:20.353,80353.0,,,,,,,20.0
1148,2025,23,12,12.0,12,30,liam-lawson,racing-bulls,honda-rbpt,pirelli,,,1:20.539,80539.0,1:20.433,80433.0,,,,,,,15.0
1148,2025,23,13,13.0,13,87,oliver-bearman,haas,ferrari,pirelli,,,1:20.548,80548.0,1:20.438,80438.0,,,,,,,20.0
1148,2025,23,14,14.0,14,5,gabriel-bortoleto,kick-sauber,ferrari,pirelli,,,1:20.653,80653.0,1:20.534,80534.0,,,,,,,20.0
1148,2025,23,15,15.0,15,23,alexander-albon,williams,mercedes,pirelli,,,1:20.629,80629.0,1:20.629,80629.0,,,,,,,19.0
1148,2025,23,16,16.0,16,22,yuki-tsunoda,red-bull,honda-rbpt,pirelli,,,1:20.761,80761.0,,,,,,,,,9.0
1148,2025,23,17,17.0,17,31,esteban-ocon,haas,ferrari,pirelli,,,1:20.864,80864.0,,,,,,,,,11.0
1148,2025,23,18,18.0,18,44,lewis-hamilton,ferrari,ferrari,pirelli,,,1:20.907,80907.0,,,,,,,,,9.0
1148,2025,23,19,19.0,19,18,lance-stroll,aston-martin,mercedes,pirelli,,,1:21.058,81058.0,,,,,,,,,10.0
1148,2025,23,20,20.0,20,43,franco-colapinto,alpine,renault,pirelli,,,1:21.137,81137.0,,,,,,,,,9.0
1149,2025,24,1,1.0,1,1,max-verstappen,red-bull,honda-rbpt,pirelli,,,1:22.877,82877.0,1:22.752,82752.0,1:22.207,82207.0,,,,,18.0
1149,2025,24,2,2.0,2,4,lando-norris,mclaren,mercedes,pirelli,,,1:23.178,83178.0,1:22.804,82804.0,1:22.408,82408.0,+0.201,201.0,+0.201,201.0,17.0
1149,2025,24,3,3.0,3,81,oscar-piastri,mclaren,mercedes,pirelli,,,1:22.605,82605.0,1:23.021,83021.0,1:22.437,82437.0,+0.230,230.0,+0.029,29.0,17.0
1149,2025,24,4,4.0,4,63,george-russell,mercedes,mercedes,pirelli,,,1:23.247,83247.0,1:22.730,82730.0,1:22.645,82645.0,+0.438,438.0,+0.208,208.0,18.0
1149,2025,24,5,5.0,5,16,charles-leclerc,ferrari,ferrari,pirelli,,,1:23.163,83163.0,1:22.948,82948.0,1:22.730,82730.0,+0.523,523.0,+0.085,85.0,18.0
1149,2025,24,6,6.0,6,14,fernando-alonso,aston-martin,mercedes,pirelli,,,1:23.071,83071.0,1:22.861,82861.0,1:22.902,82902.0,+0.695,695.0,+0.172,172.0,18.0
1149,2025,24,7,7.0,7,5,gabriel-bortoleto,kick-sauber,ferrari,pirelli,,,1:23.374,83374.0,1:22.874,82874.0,1:22.904,82904.0,+0.697,697.0,+0.002,2.0,21.0
1149,2025,24,8,8.0,8,31,esteban-ocon,haas,ferrari,pirelli,,,1:23.334,83334.0,1:23.023,83023.0,1:22.913,82913.0,+0.706,706.0,+0.009,9.0,18.0
1149,2025,24,9,9.0,9,6,isack-hadjar,racing-bulls,honda-rbpt,pirelli,,,1:23.373,83373.0,1:22.997,82997.0,1:23.072,83072.0,+0.865,865.0,+0.159,159.0,18.0
1149,2025,24,10,10.0,10,22,yuki-tsunoda,red-bull,honda-rbpt,pirelli,,,1:23.386,83386.0,1:23.034,83034.0,,,,,,,17.0
1149,2025,24,11,11.0,11,87,oliver-bearman,haas,ferrari,pirelli,,,1:23.254,83254.0,1:23.041,83041.0,,,,,,,11.0
1149,2025,24,12,12.0,12,55,carlos-sainz-jr,williams,mercedes,pirelli,,,1:23.187,83187.0,1:23.042,83042.0,,,,,,,12.0
1149,2025,24,13,13.0,13,30,liam-lawson,racing-bulls,honda-rbpt,pirelli,,,1:23.265,83265.0,1:23.077,83077.0,,,,,,,14.0
1149,2025,24,14,14.0,14,12,kimi-antonelli,mercedes,mercedes,pirelli,,,1:22.894,82894.0,1:23.080,83080.0,,,,,,,12.0
1149,2025,24,15,15.0,15,18,lance-stroll,aston-martin,mercedes,pirelli,,,1:23.316,83316.0,1:23.097,83097.0,,,,,,,15.0
1149,2025,24,16,16.0,16,44,lewis-hamilton,ferrari,ferrari,pirelli,,,1:23.394,83394.0,,,,,,,,,9.0
1149,2025,24,17,17.0,17,23,alexander-albon,williams,mercedes,pirelli,,,1:23.416,83416.0,,,,,,,,,6.0
1149,2025,24,18,18.0,18,27,nico-hulkenberg,kick-sauber,ferrari,pirelli,,,1:23.450,83450.0,,,,,,,,,9.0
1149,2025,24,19,19.0,19,10,pierre-gasly,alpine,renault,pirelli,,,1:23.468,83468.0,,,,,,,,,9.0
1149,2025,24,20,20.0,20,43,franco-colapinto,alpine,renault,pirelli,,,1:23.890,83890.0,,,,,,,,,9.0
1150,2026,1,1,1.0,1,63,george-russell,mercedes,mercedes,pirelli,,,1:19.507,79507.0,1:18.934,78934.0,1:18.518,78518.0,,,,,22.0
1150,2026,1,2,2.0,2,12,kimi-antonelli,mercedes,mercedes,pirelli,,,1:20.120,80120.0,1:19.435,79435.0,1:18.811,78811.0,+0.293,293.0,+0.293,293.0,18.0
1150,2026,1,3,3.0,3,6,isack-hadjar,red-bull,red-bull-ford,pirelli,,,1:20.023,80023.0,1:19.653,79653.0,1:19.303,79303.0,+0.785,785.0,+0.492,492.0,19.0
1150,2026,1,4,4.0,4,16,charles-leclerc,ferrari,ferrari,pirelli,,,1:20.226,80226.0,1:19.357,79357.0,1:19.327,79327.0,+0.809,809.0,+0.024,24.0,24.0
1150,2026,1,5,5.0,5,81,oscar-piastri,mclaren,mercedes,pirelli,,,1:19.664,79664.0,1:19.525,79525.0,1:19.380,79380.0,+0.862,862.0,+0.053,53.0,26.0
1150,2026,1,6,6.0,6,1,lando-norris,mclaren,mercedes,pirelli,,,1:20.010,80010.0,1:19.882,79882.0,1:19.475,79475.0,+0.957,957.0,+0.095,95.0,26.0
1150,2026,1,7,7.0,7,44,lewis-hamilton,ferrari,ferrari,pirelli,,,1:19.811,79811.0,1:19.921,79921.0,1:19.478,79478.0,+0.960,960.0,+0.003,3.0,25.0
1150,2026,1,8,8.0,8,30,liam-lawson,racing-bulls,red-bull-ford,pirelli,,,1:20.491,80491.0,1:20.144,80144.0,1:19.994,79994.0,+1.476,1476.0,+0.516,516.0,24.0
1150,2026,1,9,9.0,9,41,arvid-lindblad,racing-bulls,red-bull-ford,pirelli,,,1:20.409,80409.0,1:19.971,79971.0,1:21.247,81247.0,+2.729,2729.0,+1.253,1253.0,25.0
1150,2026,1,10,10.0,10,5,gabriel-bortoleto,audi,audi,pirelli,,,1:20.495,80495.0,1:20.221,80221.0,,,,,,,14.0
1150,2026,1,11,11.0,11,27,nico-hulkenberg,audi,audi,pirelli,,,1:21.024,81024.0,1:20.303,80303.0,,,,,,,18.0
1150,2026,1,12,12.0,12,87,oliver-bearman,haas,ferrari,pirelli,,,1:21.247,81247.0,1:20.311,80311.0,,,,,,,18.0
1150,2026,1,13,13.0,13,31,esteban-ocon,haas,ferrari,pirelli,,,1:20.759,80759.0,1:20.491,80491.0,,,,,,,18.0
1150,2026,1,14,14.0,14,10,pierre-gasly,alpine,mercedes,pirelli,,,1:21.138,81138.0,1:20.501,80501.0,,,,,,,18.0
1150,2026,1,15,15.0,15,23,alexander-albon,williams,mercedes,pirelli,,,1:21.051,81051.0,1:20.941,80941.0,,,,,,,19.0
1150,2026,1,16,16.0,16,43,franco-colapinto,alpine,mercedes,pirelli,,,1:21.200,81200.0,1:21.270,81270.0,,,,,,,18.0
1150,2026,1,17,17.0,17,14,fernando-alonso,aston-martin,honda,pirelli,,,1:21.969,81969.0,,,,,,,,,10.0
1150,2026,1,18,18.0,18,11,sergio-perez,cadillac,ferrari,pirelli,,,1:22.605,82605.0,,,,,,,,,7.0
1150,2026,1,19,19.0,19,77,valtteri-bottas,cadillac,ferrari,pirelli,,,1:23.244,83244.0,,,,,,,,,8.0
1151,2026,2,1,1.0,1,12,kimi-antonelli,mercedes,mercedes,pirelli,,,1:33.305,93305.0,1:32.443,92443.0,1:32.064,92064.0,,,,,15.0
1151,2026,2,2,2.0,2,63,george-russell,mercedes,mercedes,pirelli,,,1:33.262,93262.0,1:32.523,92523.0,1:32.286,92286.0,+0.222,222.0,+0.222,222.0,13.0
1151,2026,2,3,3.0,3,44,lewis-hamilton,ferrari,ferrari,pirelli,,,1:33.522,93522.0,1:32.567,92567.0,1:32.415,92415.0,+0.351,351.0,+0.129,129.0,19.0
1151,2026,2,4,4.0,4,16,charles-leclerc,ferrari,ferrari,pirelli,,,1:33.175,93175.0,1:32.486,92486.0,1:32.428,92428.0,+0.364,364.0,+0.013,13.0,20.0
1151,2026,2,5,5.0,5,81,oscar-piastri,mclaren,mercedes,pirelli,,,1:33.590,93590.0,1:33.130,93130.0,1:32.550,92550.0,+0.486,486.0,+0.122,122.0,20.0
1151,2026,2,6,6.0,6,1,lando-norris,mclaren,mercedes,pirelli,,,1:33.535,93535.0,1:32.910,92910.0,1:32.608,92608.0,+0.544,544.0,+0.058,58.0,20.0
1151,2026,2,7,7.0,7,10,pierre-gasly,alpine,mercedes,pirelli,,,1:33.788,93788.0,1:33.003,93003.0,1:32.873,92873.0,+0.809,809.0,+0.265,265.0,21.0
1151,2026,2,8,8.0,8,3,max-verstappen,red-bull,red-bull-ford,pirelli,,,1:33.417,93417.0,1:33.098,93098.0,1:33.002,93002.0,+0.938,938.0,+0.129,129.0,20.0
1151,2026,2,9,9.0,9,6,isack-hadjar,red-bull,red-bull-ford,pirelli,,,1:33.632,93632.0,1:33.352,93352.0,1:33.121,93121.0,+1.057,1057.0,+0.119,119.0,20.0
1151,2026,2,10,10.0,10,87,oliver-bearman,haas,ferrari,pirelli,,,1:33.687,93687.0,1:33.197,93197.0,1:33.292,93292.0,+1.228,1228.0,+0.171,171.0,19.0
1151,2026,2,11,11.0,11,27,nico-hulkenberg,audi,audi,pirelli,,,1:34.116,94116.0,1:33.354,93354.0,,,,,,,12.0
1151,2026,2,12,12.0,12,43,franco-colapinto,alpine,mercedes,pirelli,,,1:33.634,93634.0,1:33.357,93357.0,,,,,,,15.0
1151,2026,2,13,13.0,13,31,esteban-ocon,haas,ferrari,pirelli,,,1:33.974,93974.0,1:33.538,93538.0,,,,,,,14.0
1151,2026,2,14,14.0,14,30,liam-lawson,racing-bulls,red-bull-ford,pirelli,,,1:34.139,94139.0,1:33.765,93765.0,,,,,,,15.0
1151,2026,2,15,15.0,15,41,arvid-lindblad,racing-bulls,red-bull-ford,pirelli,,,1:33.906,93906.0,1:33.784,93784.0,,,,,,,15.0
1151,2026,2,16,16.0,16,5,gabriel-bortoleto,audi,audi,pirelli,,,1:33.549,93549.0,1:33.965,93965.0,,,,,,,14.0
1151,2026,2,17,17.0,17,55,carlos-sainz-jr,williams,mercedes,pirelli,,,1:34.317,94317.0,,,,,,,,,10.0
1151,2026,2,18,18.0,18,23,alexander-albon,williams,mercedes,pirelli,,,1:34.772,94772.0,,,,,,,,,10.0
1151,2026,2,19,19.0,19,14,fernando-alonso,aston-martin,honda,pirelli,,,1:35.203,95203.0,,,,,,,,,9.0
1151,2026,2,20,20.0,20,77,valtteri-bottas,cadillac,ferrari,pirelli,,,1:35.436,95436.0,,,,,,,,,9.0
1151,2026,2,21,21.0,21,18,lance-stroll,aston-martin,honda,pirelli,,,1:35.995,95995.0,,,,,,,,,9.0
1151,2026,2,22,22.0,22,11,sergio-perez,cadillac,ferrari,pirelli,,,1:36.906,96906.0,,,,,,,,,6.0
1152,2026,3,1,1.0,1,12,kimi-antonelli,mercedes,mercedes,pirelli,,,1:30.035,90035.0,1:29.048,89048.0,1:28.778,88778.0,,,,,15.0
1152,2026,3,2,2.0,2,63,george-russell,mercedes,mercedes,pirelli,,,1:29.967,89967.0,1:29.686,89686.0,1:29.076,89076.0,+0.298,298.0,+0.298,298.0,21.0
1152,2026,3,3,3.0,3,81,oscar-piastri,mclaren,mercedes,pirelli,,,1:30.200,90200.0,1:29.451,89451.0,1:29.132,89132.0,+0.354,354.0,+0.056,56.0,20.0
1152,2026,3,4,4.0,4,16,charles-leclerc,ferrari,ferrari,pirelli,,,1:29.915,89915.0,1:29.303,89303.0,1:29.405,89405.0,+0.627,627.0,+0.273,273.0,18.0
1152,2026,3,5,5.0,5,1,lando-norris,mclaren,mercedes,pirelli,,,1:30.401,90401.0,1:29.795,89795.0,1:29.409,89409.0,+0.631,631.0,+0.004,4.0,20.0
1152,2026,3,6,6.0,6,44,lewis-hamilton,ferrari,ferrari,pirelli,,,1:30.309,90309.0,1:29.589,89589.0,1:29.567,89567.0,+0.789,789.0,+0.158,158.0,20.0
1152,2026,3,7,7.0,7,10,pierre-gasly,alpine,mercedes,pirelli,,,1:30.584,90584.0,1:29.874,89874.0,1:29.691,89691.0,+0.913,913.0,+0.124,124.0,18.0
1152,2026,3,8,8.0,8,6,isack-hadjar,red-bull,red-bull-ford,pirelli,,,1:30.662,90662.0,1:30.104,90104.0,1:29.978,89978.0,+1.200,1200.0,+0.287,287.0,17.0
1152,2026,3,9,9.0,9,5,gabriel-bortoleto,audi,audi,pirelli,,,1:30.359,90359.0,1:29.990,89990.0,1:30.274,90274.0,+1.496,1496.0,+0.296,296.0,20.0
1152,2026,3,10,10.0,10,41,arvid-lindblad,racing-bulls,red-bull-ford,pirelli,,,1:30.781,90781.0,1:30.109,90109.0,1:30.319,90319.0,+1.541,1541.0,+0.045,45.0,21.0
1152,2026,3,11,11.0,11,3,max-verstappen,red-bull,red-bull-ford,pirelli,,,1:30.519,90519.0,1:30.262,90262.0,,,,,,,12.0
1152,2026,3,12,12.0,12,31,esteban-ocon,haas,ferrari,pirelli,,,1:30.915,90915.0,1:30.309,90309.0,,,,,,,15.0
1152,2026,3,13,13.0,13,27,nico-hulkenberg,audi,audi,pirelli,,,1:30.358,90358.0,1:30.387,90387.0,,,,,,,14.0
1152,2026,3,14,14.0,14,30,liam-lawson,racing-bulls,red-bull-ford,pirelli,,,1:30.657,90657.0,1:30.495,90495.0,,,,,,,15.0
1152,2026,3,15,15.0,15,43,franco-colapinto,alpine,mercedes,pirelli,,,1:30.931,90931.0,1:30.627,90627.0,,,,,,,12.0
1152,2026,3,16,16.0,16,55,carlos-sainz-jr,williams,mercedes,pirelli,,,1:30.927,90927.0,1:31.033,91033.0,,,,,,,15.0
1152,2026,3,17,17.0,17,23,alexander-albon,williams,mercedes,pirelli,,,1:31.088,91088.0,,,,,,,,,9.0
1152,2026,3,18,18.0,18,87,oliver-bearman,haas,ferrari,pirelli,,,1:31.090,91090.0,,,,,,,,,9.0
1152,2026,3,19,19.0,19,11,sergio-perez,cadillac,ferrari,pirelli,,,1:32.206,92206.0,,,,,,,,,6.0
1152,2026,3,20,20.0,20,77,valtteri-bottas,cadillac,ferrari,pirelli,,,1:32.330,92330.0,,,,,,,,,9.0
1152,2026,3,21,21.0,21,14,fernando-alonso,aston-martin,honda,pirelli,,,1:32.646,92646.0,,,,,,,,,9.0
1152,2026,3,22,22.0,22,18,lance-stroll,aston-martin,honda,pirelli,,,1:32.920,92920.0,,,,,,,,,9.0
1153,2026,4,1,1.0,1,12,kimi-antonelli,mercedes,mercedes,pirelli,,,1:28.653,88653.0,1:28.289,88289.0,1:27.798,87798.0,,,,,17.0
1153,2026,4,2,2.0,2,3,max-verstappen,red-bull,red-bull-ford,pirelli,,,1:29.099,89099.0,1:28.116,88116.0,1:27.964,87964.0,+0.166,166.0,+0.166,166.0,15.0
1153,2026,4,3,3.0,3,16,charles-leclerc,ferrari,ferrari,pirelli,,,1:28.938,88938.0,1:28.315,88315.0,1:28.143,88143.0,+0.345,345.0,+0.179,179.0,21.0
1153,2026,4,4,4.0,4,1,lando-norris,mclaren,mercedes,pirelli,,,1:29.183,89183.0,1:28.920,88920.0,1:28.183,88183.0,+0.385,385.0,+0.040,40.0,20.0
1153,2026,4,5,5.0,5,63,george-russell,mercedes,mercedes,pirelli,,,1:29.492,89492.0,1:28.477,88477.0,1:28.197,88197.0,+0.399,399.0,+0.014,14.0,18.0
1153,2026,4,6,6.0,6,44,lewis-hamilton,ferrari,ferrari,pirelli,,,1:29.483,89483.0,1:28.477,88477.0,1:28.319,88319.0,+0.521,521.0,+0.122,122.0,21.0
1153,2026,4,7,7.0,7,81,oscar-piastri,mclaren,mercedes,pirelli,,,1:29.920,89920.0,1:28.332,88332.0,1:28.500,88500.0,+0.702,702.0,+0.181,181.0,20.0
1153,2026,4,8,8.0,8,43,franco-colapinto,alpine,mercedes,pirelli,,,1:29.584,89584.0,1:28.975,88975.0,1:28.762,88762.0,+0.964,964.0,+0.262,262.0,19.0
1153,2026,4,9,9.0,9,10,pierre-gasly,alpine,mercedes,pirelli,,,1:29.914,89914.0,1:29.070,89070.0,1:28.810,88810.0,+1.012,1012.0,+0.048,48.0,20.0
1153,2026,4,10,10.0,10,27,nico-hulkenberg,audi,audi,pirelli,,,1:29.645,89645.0,1:29.439,89439.0,,,,,,,14.0
1153,2026,4,11,11.0,11,30,liam-lawson,racing-bulls,red-bull-ford,pirelli,,,1:29.595,89595.0,1:29.499,89499.0,,,,,,,14.0
1153,2026,4,12,12.0,12,87,oliver-bearman,haas,ferrari,pirelli,,,1:29.340,89340.0,1:29.567,89567.0,,,,,,,12.0
1153,2026,4,13,13.0,13,55,carlos-sainz-jr,williams,mercedes,pirelli,,,1:29.540,89540.0,1:29.568,89568.0,,,,,,,15.0
1153,2026,4,14,14.0,14,31,esteban-ocon,haas,ferrari,pirelli,,,1:29.838,89838.0,1:29.772,89772.0,,,,,,,15.0
1153,2026,4,15,15.0,15,23,alexander-albon,williams,mercedes,pirelli,,,1:29.720,89720.0,1:29.946,89946.0,,,,,,,15.0
1153,2026,4,16,16.0,16,41,arvid-lindblad,racing-bulls,red-bull-ford,pirelli,,,1:30.133,90133.0,,,,,,,,,9.0
1153,2026,4,17,17.0,17,14,fernando-alonso,aston-martin,honda,pirelli,,,1:31.098,91098.0,,,,,,,,,8.0
1153,2026,4,18,18.0,18,18,lance-stroll,aston-martin,honda,pirelli,,,1:31.164,91164.0,,,,,,,,,9.0
1153,2026,4,19,19.0,19,77,valtteri-bottas,cadillac,ferrari,pirelli,,,1:31.629,91629.0,,,,,,,,,9.0
1153,2026,4,20,20.0,20,11,sergio-perez,cadillac,ferrari,pirelli,,,1:31.967,91967.0,,,,,,,,,9.0
1153,2026,4,21,21.0,21,5,gabriel-bortoleto,audi,audi,pirelli,,,1:33.737,93737.0,,,,,,,,,3.0
1153,2026,4,22,,DSQ,6,isack-hadjar,red-bull,red-bull-ford,pirelli,,,1:29.324,89324.0,1:28.941,88941.0,1:28.789,88789.0,,,,,
1154,2026,5,1,1.0,1,63,george-russell,mercedes,mercedes,pirelli,,,1:13.953,73953.0,1:13.079,73079.0,1:12.578,72578.0,,,,,24.0
1154,2026,5,2,2.0,2,12,kimi-antonelli,mercedes,mercedes,pirelli,,,1:13.380,73380.0,1:13.076,73076.0,1:12.646,72646.0,+0.068,68.0,+0.068,68.0,24.0
1154,2026,5,3,3.0,3,1,lando-norris,mclaren,mercedes,pirelli,,,1:13.503,73503.0,1:13.049,73049.0,1:12.729,72729.0,+0.151,151.0,+0.083,83.0,28.0
1154,2026,5,4,4.0,4,81,oscar-piastri,mclaren,mercedes,pirelli,,,1:13.559,73559.0,1:13.285,73285.0,1:12.781,72781.0,+0.203,203.0,+0.052,52.0,29.0
1154,2026,5,5,5.0,5,44,lewis-hamilton,ferrari,ferrari,pirelli,,,1:13.767,73767.0,1:13.041,73041.0,1:12.868,72868.0,+0.290,290.0,+0.087,87.0,27.0
1154,2026,5,6,6.0,6,3,max-verstappen,red-bull,red-bull-ford,pirelli,,,1:14.067,74067.0,1:13.479,73479.0,1:12.907,72907.0,+0.329,329.0,+0.039,39.0,23.0
1154,2026,5,7,7.0,7,6,isack-hadjar,red-bull,red-bull-ford,pirelli,,,1:13.654,73654.0,1:12.975,72975.0,1:12.935,72935.0,+0.357,357.0,+0.028,28.0,22.0
1154,2026,5,8,8.0,8,16,charles-leclerc,ferrari,ferrari,pirelli,,,1:13.825,73825.0,1:13.496,73496.0,1:12.976,72976.0,+0.398,398.0,+0.041,41.0,29.0
1154,2026,5,9,9.0,9,41,arvid-lindblad,racing-bulls,red-bull-ford,pirelli,,,1:13.895,73895.0,1:13.548,73548.0,1:13.280,73280.0,+0.702,702.0,+0.304,304.0,28.0
1154,2026,5,10,10.0,10,43,franco-colapinto,alpine,mercedes,pirelli,,,1:14.466,74466.0,1:13.857,73857.0,1:13.697,73697.0,+1.119,1119.0,+0.417,417.0,27.0
1154,2026,5,11,11.0,11,27,nico-hulkenberg,audi,audi,pirelli,,,1:14.562,74562.0,1:13.886,73886.0,,,,,,,21.0
1154,2026,5,12,12.0,12,30,liam-lawson,racing-bulls,red-bull-ford,pirelli,,,1:14.346,74346.0,1:13.897,73897.0,,,,,,,22.0
1154,2026,5,13,13.0,13,5,gabriel-bortoleto,audi,audi,pirelli,,,1:14.775,74775.0,1:14.071,74071.0,,,,,,,22.0
1154,2026,5,14,14.0,14,10,pierre-gasly,alpine,mercedes,pirelli,,,1:14.698,74698.0,1:14.187,74187.0,,,,,,,20.0
1154,2026,5,15,15.0,15,55,carlos-sainz-jr,williams,mercedes,pirelli,,,1:14.276,74276.0,1:14.273,74273.0,,,,,,,21.0
1154,2026,5,16,16.0,16,87,oliver-bearman,haas,ferrari,pirelli,,,1:14.449,74449.0,1:14.416,74416.0,,,,,,,22.0
1154,2026,5,17,17.0,17,31,esteban-ocon,haas,ferrari,pirelli,,,1:14.845,74845.0,,,,,,,,,12.0
1154,2026,5,18,18.0,18,23,alexander-albon,williams,mercedes,pirelli,,,1:14.851,74851.0,,,,,,,,,13.0
1154,2026,5,19,19.0,19,14,fernando-alonso,aston-martin,honda,pirelli,,,1:15.196,75196.0,,,,,,,,,11.0
1154,2026,5,20,20.0,20,11,sergio-perez,cadillac,ferrari,pirelli,,,1:15.429,75429.0,,,,,,,,,11.0
1154,2026,5,21,21.0,21,18,lance-stroll,aston-martin,honda,pirelli,,,1:16.195,76195.0,,,,,,,,,10.0
1154,2026,5,22,22.0,22,77,valtteri-bottas,cadillac,ferrari,pirelli,,,1:16.272,76272.0,,,,,,,,,10.0
1155,2026,6,1,1.0,1,12,kimi-antonelli,mercedes,mercedes,pirelli,,,1:13.599,73599.0,1:12.704,72704.0,1:12.051,72051.0,,,,,28.0
1155,2026,6,2,2.0,2,3,max-verstappen,red-bull,red-bull-ford,pirelli,,,1:13.490,73490.0,1:12.499,72499.0,1:12.094,72094.0,+0.043,43.0,+0.043,43.0,26.0
1155,2026,6,3,3.0,3,44,lewis-hamilton,ferrari,ferrari,pirelli,,,1:13.777,73777.0,1:12.934,72934.0,1:12.279,72279.0,+0.228,228.0,+0.185,185.0,28.0
1155,2026,6,4,4.0,4,16,charles-leclerc,ferrari,ferrari,pirelli,,,1:13.293,73293.0,1:12.774,72774.0,1:12.351,72351.0,+0.300,300.0,+0.072,72.0,29.0
1155,2026,6,5,5.0,5,6,isack-hadjar,red-bull,red-bull-ford,pirelli,,,1:14.408,74408.0,1:12.722,72722.0,1:12.434,72434.0,+0.383,383.0,+0.083,83.0,25.0
1155,2026,6,6,6.0,6,63,george-russell,mercedes,mercedes,pirelli,,,1:14.214,74214.0,1:13.238,73238.0,1:12.445,72445.0,+0.394,394.0,+0.011,11.0,28.0
1155,2026,6,7,7.0,7,81,oscar-piastri,mclaren,mercedes,pirelli,,,1:14.159,74159.0,1:12.983,72983.0,1:12.624,72624.0,+0.573,573.0,+0.179,179.0,29.0
1155,2026,6,8,8.0,8,1,lando-norris,mclaren,mercedes,pirelli,,,1:13.630,73630.0,1:12.919,72919.0,1:12.765,72765.0,+0.714,714.0,+0.141,141.0,28.0
1155,2026,6,9,9.0,9,10,pierre-gasly,alpine,mercedes,pirelli,,,1:14.469,74469.0,1:13.762,73762.0,1:13.226,73226.0,+1.175,1175.0,+0.461,461.0,32.0
1155,2026,6,10,10.0,10,30,liam-lawson,racing-bulls,red-bull-ford,pirelli,,,1:14.498,74498.0,1:13.471,73471.0,1:13.412,73412.0,+1.361,1361.0,+0.186,186.0,29.0
1155,2026,6,11,11.0,11,23,alexander-albon,williams,mercedes,pirelli,,,1:14.321,74321.0,1:13.787,73787.0,,,,,,,24.0
1155,2026,6,12,12.0,12,55,carlos-sainz-jr,williams,mercedes,pirelli,,,1:14.348,74348.0,1:13.815,73815.0,,,,,,,23.0
1155,2026,6,13,13.0,13,27,nico-hulkenberg,audi,audi,pirelli,,,1:13.923,73923.0,1:13.902,73902.0,,,,,,,21.0
1155,2026,6,14,14.0,14,43,franco-colapinto,alpine,mercedes,pirelli,,,1:14.573,74573.0,1:13.995,73995.0,,,,,,,24.0
1155,2026,6,15,15.0,15,41,arvid-lindblad,racing-bulls,red-bull-ford,pirelli,,,1:14.685,74685.0,1:14.248,74248.0,,,,,,,23.0
1155,2026,6,16,16.0,16,5,gabriel-bortoleto,audi,audi,pirelli,,,1:14.683,74683.0,,,,,,,,,10.0
1155,2026,6,17,17.0,17,31,esteban-ocon,haas,ferrari,pirelli,,,1:14.722,74722.0,,,,,,,,,14.0
1155,2026,6,18,18.0,18,11,sergio-perez,cadillac,ferrari,pirelli,,,1:14.747,74747.0,,,,,,,,,12.0
1155,2026,6,19,19.0,19,87,oliver-bearman,haas,ferrari,pirelli,,,1:14.814,74814.0,,,,,,,,,14.0
1155,2026,6,20,20.0,20,77,valtteri-bottas,cadillac,ferrari,pirelli,,,1:15.283,75283.0,,,,,,,,,13.0
1155,2026,6,21,21.0,21,14,fernando-alonso,aston-martin,honda,pirelli,,,1:15.349,75349.0,,,,,,,,,13.0
1155,2026,6,22,22.0,22,18,lance-stroll,aston-martin,honda,pirelli,,,1:16.061,76061.0,,,,,,,,,11.0
1156,2026,7,1,1.0,1,63,george-russell,mercedes,mercedes,pirelli,,,1:15.717,75717.0,1:15.228,75228.0,1:14.679,74679.0,,,,,13.0
1156,2026,7,2,2.0,2,44,lewis-hamilton,ferrari,ferrari,pirelli,,,1:15.625,75625.0,1:15.418,75418.0,1:14.743,74743.0,+0.064,64.0,+0.064,64.0,14.0
1156,2026,7,3,3.0,3,12,kimi-antonelli,mercedes,mercedes,pirelli,,,1:15.977,75977.0,1:15.295,75295.0,1:14.998,74998.0,+0.319,319.0,+0.255,255.0,14.0
1156,2026,7,4,4.0,4,1,lando-norris,mclaren,mercedes,pirelli,,,1:16.287,76287.0,1:15.361,75361.0,1:15.001,75001.0,+0.322,322.0,+0.003,3.0,14.0
1156,2026,7,5,5.0,5,3,max-verstappen,red-bull,red-bull-ford,pirelli,,,1:16.352,76352.0,1:15.484,75484.0,1:15.021,75021.0,+0.342,342.0,+0.020,20.0,12.0
1156,2026,7,6,6.0,6,6,isack-hadjar,red-bull,red-bull-ford,pirelli,,,1:16.427,76427.0,1:15.754,75754.0,1:15.077,75077.0,+0.398,398.0,+0.056,56.0,14.0
1156,2026,7,7,7.0,7,81,oscar-piastri,mclaren,mercedes,pirelli,,,1:16.138,76138.0,1:15.518,75518.0,1:15.090,75090.0,+0.411,411.0,+0.013,13.0,15.0
1156,2026,7,8,8.0,8,30,liam-lawson,racing-bulls,red-bull-ford,pirelli,,,1:16.673,76673.0,1:15.585,75585.0,1:16.542,76542.0,+1.863,1863.0,+1.452,1452.0,14.0
1156,2026,7,9,9.0,9,27,nico-hulkenberg,audi,audi,pirelli,,,1:16.066,76066.0,1:15.768,75768.0,1:16.657,76657.0,+1.978,1978.0,+0.115,115.0,17.0
1156,2026,7,10,10.0,10,16,charles-leclerc,ferrari,ferrari,pirelli,,,1:15.964,75964.0,1:15.281,75281.0,,,,,,,8.0
1156,2026,7,11,11.0,11,41,arvid-lindblad,racing-bulls,red-bull-ford,pirelli,,,1:16.425,76425.0,1:15.840,75840.0,,,,,,,8.0
1156,2026,7,12,12.0,12,5,gabriel-bortoleto,audi,audi,pirelli,,,1:16.616,76616.0,1:16.001,76001.0,,,,,,,9.0
1156,2026,7,13,13.0,13,43,franco-colapinto,alpine,mercedes,pirelli,,,1:16.590,76590.0,1:16.191,76191.0,,,,,,,12.0
1156,2026,7,14,14.0,14,10,pierre-gasly,alpine,mercedes,pirelli,,,1:16.599,76599.0,1:16.261,76261.0,,,,,,,12.0
1156,2026,7,15,15.0,15,87,oliver-bearman,haas,ferrari,pirelli,,,1:16.571,76571.0,1:16.389,76389.0,,,,,,,15.0
1156,2026,7,16,16.0,16,55,carlos-sainz-jr,williams,mercedes,pirelli,,,1:16.881,76881.0,1:17.827,77827.0,,,,,,,15.0
1156,2026,7,17,17.0,17,31,esteban-ocon,haas,ferrari,pirelli,,,1:17.073,77073.0,,,,,,,,,9.0
1156,2026,7,18,18.0,18,23,alexander-albon,williams,mercedes,pirelli,,,1:17.424,77424.0,,,,,,,,,9.0
1156,2026,7,19,19.0,19,11,sergio-perez,cadillac,ferrari,pirelli,,,1:17.545,77545.0,,,,,,,,,6.0
1156,2026,7,20,20.0,20,77,valtteri-bottas,cadillac,ferrari,pirelli,,,1:17.757,77757.0,,,,,,,,,9.0
1156,2026,7,21,21.0,21,18,lance-stroll,aston-martin,honda,pirelli,,,1:18.758,78758.0,,,,,,,,,8.0
1156,2026,7,22,22.0,22,14,fernando-alonso,aston-martin,honda,pirelli,,,1:18.815,78815.0,,,,,,,,,8.0
1157,2026,8,1,1.0,1,63,george-russell,mercedes,mercedes,pirelli,,,1:07.398,67398.0,1:06.979,66979.0,1:06.113,66113.0,,,,,20.0
1157,2026,8,2,2.0,2,16,charles-leclerc,ferrari,ferrari,pirelli,,,1:07.543,67543.0,1:07.030,67030.0,1:06.349,66349.0,+0.236,236.0,+0.236,236.0,15.0
1157,2026,8,3,3.0,3,44,lewis-hamilton,ferrari,ferrari,pirelli,,,1:07.290,67290.0,1:06.994,66994.0,1:06.408,66408.0,+0.295,295.0,+0.059,59.0,14.0
1157,2026,8,4,4.0,4,12,kimi-antonelli,mercedes,mercedes,pirelli,,,1:07.083,67083.0,1:06.763,66763.0,1:06.414,66414.0,+0.301,301.0,+0.006,6.0,17.0
1157,2026,8,5,5.0,5,3,max-verstappen,red-bull,red-bull-ford,pirelli,,,1:07.407,67407.0,1:07.183,67183.0,1:06.475,66475.0,+0.362,362.0,+0.061,61.0,11.0
1157,2026,8,6,6.0,6,1,lando-norris,mclaren,mercedes,pirelli,,,1:07.259,67259.0,1:06.897,66897.0,1:06.502,66502.0,+0.389,389.0,+0.027,27.0,15.0
1157,2026,8,7,7.0,7,81,oscar-piastri,mclaren,mercedes,pirelli,,,1:07.487,67487.0,1:06.890,66890.0,1:06.511,66511.0,+0.398,398.0,+0.009,9.0,14.0
1157,2026,8,8,8.0,8,6,isack-hadjar,red-bull,red-bull-ford,pirelli,,,1:07.408,67408.0,1:07.086,67086.0,1:06.632,66632.0,+0.519,519.0,+0.121,121.0,18.0
1157,2026,8,9,9.0,9,30,liam-lawson,racing-bulls,red-bull-ford,pirelli,,,1:07.385,67385.0,1:07.136,67136.0,1:06.955,66955.0,+0.842,842.0,+0.323,323.0,18.0
1157,2026,8,10,10.0,10,41,arvid-lindblad,racing-bulls,red-bull-ford,pirelli,,,1:07.549,67549.0,1:07.155,67155.0,1:07.007,67007.0,+0.894,894.0,+0.052,52.0,18.0
1157,2026,8,11,11.0,11,10,pierre-gasly,alpine,mercedes,pirelli,,,1:08.038,68038.0,1:07.223,67223.0,,,,,,,12.0
1157,2026,8,12,12.0,12,5,gabriel-bortoleto,audi,audi,pirelli,,,1:08.035,68035.0,1:07.293,67293.0,,,,,,,12.0
1157,2026,8,13,13.0,13,87,oliver-bearman,haas,ferrari,pirelli,,,1:08.061,68061.0,1:07.523,67523.0,,,,,,,12.0
1157,2026,8,14,14.0,14,27,nico-hulkenberg,audi,audi,pirelli,,,1:08.066,68066.0,1:07.611,67611.0,,,,,,,15.0
1157,2026,8,15,15.0,15,31,esteban-ocon,haas,ferrari,pirelli,,,1:08.231,68231.0,1:07.817,67817.0,,,,,,,15.0
1157,2026,8,16,16.0,16,43,franco-colapinto,alpine,mercedes,pirelli,,,1:07.894,67894.0,1:08.171,68171.0,,,,,,,11.0
1157,2026,8,17,17.0,17,55,carlos-sainz-jr,williams,mercedes,pirelli,,,1:08.252,68252.0,,,,,,,,,9.0
1157,2026,8,18,18.0,18,23,alexander-albon,williams,mercedes,pirelli,,,1:08.509,68509.0,,,,,,,,,9.0
1157,2026,8,19,19.0,19,11,sergio-perez,cadillac,ferrari,pirelli,,,1:08.945,68945.0,,,,,,,,,9.0
1157,2026,8,20,20.0,20,77,valtteri-bottas,cadillac,ferrari,pirelli,,,1:09.030,69030.0,,,,,,,,,9.0
1157,2026,8,21,21.0,21,14,fernando-alonso,aston-martin,honda,pirelli,,,1:09.942,69942.0,,,,,,,,,9.0
1157,2026,8,22,22.0,22,18,lance-stroll,aston-martin,honda,pirelli,,,1:10.363,70363.0,,,,,,,,,8.0
1158,2026,9,1,1.0,1,12,kimi-antonelli,mercedes,mercedes,pirelli,,,1:29.719,89719.0,1:28.493,88493.0,1:28.111,88111.0,,,,,19.0
1158,2026,9,2,2.0,2,16,charles-leclerc,ferrari,ferrari,pirelli,,,1:29.534,89534.0,1:28.626,88626.0,1:28.286,88286.0,+0.175,175.0,+0.175,175.0,18.0
1158,2026,9,3,3.0,3,44,lewis-hamilton,ferrari,ferrari,pirelli,,,1:29.644,89644.0,1:28.864,88864.0,1:28.458,88458.0,+0.347,347.0,+0.172,172.0,17.0
1158,2026,9,4,4.0,4,63,george-russell,mercedes,mercedes,pirelli,,,1:29.985,89985.0,1:28.920,88920.0,1:28.481,88481.0,+0.370,370.0,+0.023,23.0,17.0
1158,2026,9,5,5.0,5,6,isack-hadjar,red-bull,red-bull-ford,pirelli,,,1:29.276,89276.0,1:29.069,89069.0,1:28.746,88746.0,+0.635,635.0,+0.265,265.0,18.0
1158,2026,9,6,6.0,6,1,lando-norris,mclaren,mercedes,pirelli,,,1:30.186,90186.0,1:29.383,89383.0,1:28.877,88877.0,+0.766,766.0,+0.131,131.0,17.0
1158,2026,9,7,7.0,7,3,max-verstappen,red-bull,red-bull-ford,pirelli,,,1:29.549,89549.0,1:29.113,89113.0,1:28.893,88893.0,+0.782,782.0,+0.016,16.0,18.0
1158,2026,9,8,8.0,8,81,oscar-piastri,mclaren,mercedes,pirelli,,,1:29.971,89971.0,1:29.218,89218.0,1:29.032,89032.0,+0.921,921.0,+0.139,139.0,18.0
1158,2026,9,9,9.0,9,41,arvid-lindblad,racing-bulls,red-bull-ford,pirelli,,,1:29.661,89661.0,1:29.324,89324.0,1:29.305,89305.0,+1.194,1194.0,+0.273,273.0,17.0
1158,2026,9,10,10.0,10,30,liam-lawson,racing-bulls,red-bull-ford,pirelli,,,1:29.300,89300.0,1:29.429,89429.0,1:29.716,89716.0,+1.605,1605.0,+0.411,411.0,20.0
1158,2026,9,11,11.0,11,5,gabriel-bortoleto,audi,audi,pirelli,,,1:30.269,90269.0,1:29.461,89461.0,,,,,,,10.0
1158,2026,9,12,12.0,12,10,pierre-gasly,alpine,mercedes,pirelli,,,1:30.345,90345.0,1:30.063,90063.0,,,,,,,12.0
1158,2026,9,13,13.0,13,27,nico-hulkenberg,audi,audi,pirelli,,,1:29.539,89539.0,1:30.076,90076.0,,,,,,,15.0
1158,2026,9,14,14.0,14,87,oliver-bearman,haas,ferrari,pirelli,,,1:30.570,90570.0,1:30.501,90501.0,,,,,,,15.0
1158,2026,9,15,15.0,15,55,carlos-sainz-jr,williams,mercedes,pirelli,,,1:30.562,90562.0,1:30.623,90623.0,,,,,,,15.0
1158,2026,9,16,16.0,16,23,alexander-albon,williams,mercedes,pirelli,,,1:30.638,90638.0,1:31.341,91341.0,,,,,,,14.0
1158,2026,9,17,17.0,17,31,esteban-ocon,haas,ferrari,pirelli,,,1:30.680,90680.0,,,,,,,,,9.0
1158,2026,9,18,18.0,18,77,valtteri-bottas,cadillac,ferrari,pirelli,,,1:31.227,91227.0,,,,,,,,,8.0
1158,2026,9,19,19.0,19,43,franco-colapinto,alpine,mercedes,pirelli,,,1:31.321,91321.0,,,,,,,,,5.0
1158,2026,9,20,20.0,20,11,sergio-perez,cadillac,ferrari,pirelli,,,1:31.451,91451.0,,,,,,,,,9.0
1158,2026,9,21,21.0,21,18,lance-stroll,aston-martin,honda,pirelli,,,1:32.863,92863.0,,,,,,,,,9.0
1158,2026,9,22,22.0,22,14,fernando-alonso,aston-martin,honda,pirelli,,,1:33.025,93025.0,,,,,,,,,9.0
1159,2026,10,1,1.0,1,12,kimi-antonelli,mercedes,mercedes,pirelli,,,1:46.304,106304.0,1:45.142,105142.0,1:44.361,104361.0,,,,,15.0
1159,2026,10,2,2.0,2,3,max-verstappen,red-bull,red-bull-ford,pirelli,,,1:45.930,105930.0,1:45.589,105589.0,1:44.678,104678.0,+0.317,317.0,+0.317,317.0,12.0
1159,2026,10,3,3.0,3,1,lando-norris,mclaren,mercedes,pirelli,,,1:45.865,105865.0,1:45.454,105454.0,1:44.801,104801.0,+0.440,440.0,+0.123,123.0,11.0
1159,2026,10,4,4.0,4,63,george-russell,mercedes,mercedes,pirelli,,,1:46.185,106185.0,1:45.689,105689.0,1:44.869,104869.0,+0.508,508.0,+0.068,68.0,18.0
1159,2026,10,5,5.0,5,16,charles-leclerc,ferrari,ferrari,pirelli,,,1:46.278,106278.0,1:45.397,105397.0,1:44.893,104893.0,+0.532,532.0,+0.024,24.0,18.0
1159,2026,10,6,6.0,6,44,lewis-hamilton,ferrari,ferrari,pirelli,,,1:46.124,106124.0,1:45.543,105543.0,1:44.895,104895.0,+0.534,534.0,+0.002,2.0,15.0
1159,2026,10,7,7.0,7,81,oscar-piastri,mclaren,mercedes,pirelli,,,1:46.433,106433.0,1:45.671,105671.0,1:45.016,105016.0,+0.655,655.0,+0.121,121.0,17.0
1159,2026,10,8,8.0,8,41,arvid-lindblad,racing-bulls,red-bull-ford,pirelli,,,1:46.191,106191.0,1:45.629,105629.0,1:45.143,105143.0,+0.782,782.0,+0.127,127.0,18.0
1159,2026,10,9,9.0,9,5,gabriel-bortoleto,audi,audi,pirelli,,,1:46.609,106609.0,1:46.082,106082.0,1:45.628,105628.0,+1.267,1267.0,+0.485,485.0,18.0
1159,2026,10,10,10.0,10,6,isack-hadjar,red-bull,red-bull-ford,pirelli,,,1:46.062,106062.0,1:45.823,105823.0,,,,,,,13.0
1159,2026,10,11,11.0,11,30,liam-lawson,racing-bulls,red-bull-ford,pirelli,,,1:46.501,106501.0,1:46.120,106120.0,,,,,,,12.0
1159,2026,10,12,12.0,12,10,pierre-gasly,alpine,mercedes,pirelli,,,1:46.679,106679.0,1:46.331,106331.0,,,,,,,12.0
1159,2026,10,13,13.0,13,43,franco-colapinto,alpine,mercedes,pirelli,,,1:46.795,106795.0,1:46.392,106392.0,,,,,,,12.0
1159,2026,10,14,14.0,14,27,nico-hulkenberg,audi,audi,pirelli,,,1:46.893,106893.0,1:46.671,106671.0,,,,,,,12.0
1159,2026,10,15,15.0,15,55,carlos-sainz-jr,williams,mercedes,pirelli,,,1:47.080,107080.0,1:46.777,106777.0,,,,,,,12.0
1159,2026,10,16,16.0,16,87,oliver-bearman,haas,ferrari,pirelli,,,1:47.113,107113.0,1:46.779,106779.0,,,,,,,12.0
1159,2026,10,17,17.0,17,23,alexander-albon,williams,mercedes,pirelli,,,1:47.120,107120.0,,,,,,,,,6.0
1159,2026,10,18,18.0,18,31,esteban-ocon,haas,ferrari,pirelli,,,1:47.801,107801.0,,,,,,,,,6.0
1159,2026,10,19,19.0,19,77,valtteri-bottas,cadillac,ferrari,pirelli,,,1:47.823,107823.0,,,,,,,,,8.0
1159,2026,10,20,20.0,20,11,sergio-perez,cadillac,ferrari,pirelli,,,1:47.971,107971.0,,,,,,,,,8.0
1159,2026,10,21,21.0,21,14,fernando-alonso,aston-martin,honda,pirelli,,,1:50.002,110002.0,,,,,,,,,6.0
1159,2026,10,22,22.0,22,18,lance-stroll,aston-martin,honda,pirelli,,,1:50.177,110177.0,,,,,,,,,8.0
1160,2026,11,1,1.0,1,1,lando-norris,mclaren,mercedes,pirelli,,,1:18.277,78277.0,1:17.456,77456.0,1:17.207,77207.0,,,,,16.0
1160,2026,11,2,2.0,2,44,lewis-hamilton,ferrari,ferrari,pirelli,,,1:18.730,78730.0,1:17.803,77803.0,1:17.219,77219.0,+0.012,12.0,+0.012,12.0,15.0
1160,2026,11,3,3.0,3,16,charles-leclerc,ferrari,ferrari,pirelli,,,1:18.984,78984.0,1:17.626,77626.0,1:17.445,77445.0,+0.238,238.0,+0.226,226.0,20.0
1160,2026,11,4,4.0,4,12,kimi-antonelli,mercedes,mercedes,pirelli,,,1:18.726,78726.0,1:18.393,78393.0,1:17.479,77479.0,+0.272,272.0,+0.034,34.0,20.0
1160,2026,11,5,5.0,5,81,oscar-piastri,mclaren,mercedes,pirelli,,,1:18.891,78891.0,1:17.928,77928.0,1:17.684,77684.0,+0.477,477.0,+0.205,205.0,15.0
1160,2026,11,6,6.0,6,3,max-verstappen,red-bull,red-bull-ford,pirelli,,,1:18.656,78656.0,1:18.249,78249.0,1:17.725,77725.0,+0.518,518.0,+0.041,41.0,18.0
1160,2026,11,7,7.0,7,63,george-russell,mercedes,mercedes,pirelli,,,1:18.856,78856.0,1:18.445,78445.0,1:17.760,77760.0,+0.553,553.0,+0.035,35.0,20.0
1160,2026,11,8,8.0,8,6,isack-hadjar,red-bull,red-bull-ford,pirelli,,,1:18.754,78754.0,1:17.872,77872.0,1:17.856,77856.0,+0.649,649.0,+0.096,96.0,14.0
1160,2026,11,9,9.0,9,41,arvid-lindblad,racing-bulls,red-bull-ford,pirelli,,,1:19.233,79233.0,1:18.360,78360.0,1:18.281,78281.0,+1.074,1074.0,+0.425,425.0,18.0
1160,2026,11,10,10.0,10,27,nico-hulkenberg,audi,audi,pirelli,,,1:18.796,78796.0,1:18.639,78639.0,1:18.686,78686.0,+1.479,1479.0,+0.405,405.0,18.0
1160,2026,11,11,11.0,11,30,liam-lawson,racing-bulls,red-bull-ford,pirelli,,,1:19.161,79161.0,1:18.765,78765.0,,,,,,,12.0
1160,2026,11,12,12.0,12,10,pierre-gasly,alpine,mercedes,pirelli,,,1:19.741,79741.0,1:18.844,78844.0,,,,,,,12.0
1160,2026,11,13,13.0,13,43,franco-colapinto,alpine,mercedes,pirelli,,,1:19.771,79771.0,1:19.027,79027.0,,,,,,,12.0
1160,2026,11,14,14.0,14,5,gabriel-bortoleto,audi,audi,pirelli,,,1:19.069,79069.0,1:19.105,79105.0,,,,,,,11.0
1160,2026,11,15,15.0,15,31,esteban-ocon,haas,ferrari,pirelli,,,1:20.010,80010.0,1:19.734,79734.0,,,,,,,12.0
1160,2026,11,16,16.0,16,14,fernando-alonso,aston-martin,honda,pirelli,,,1:20.126,80126.0,1:19.808,79808.0,,,,,,,15.0
1160,2026,11,17,17.0,17,87,oliver-bearman,haas,ferrari,pirelli,,,1:20.233,80233.0,,,,,,,,,6.0
1160,2026,11,18,18.0,18,55,carlos-sainz-jr,williams,mercedes,pirelli,,,1:20.621,80621.0,,,,,,,,,9.0
1160,2026,11,19,19.0,19,23,alexander-albon,williams,mercedes,pirelli,,,1:20.658,80658.0,,,,,,,,,9.0
1160,2026,11,20,20.0,20,18,lance-stroll,aston-martin,honda,pirelli,,,1:20.659,80659.0,,,,,,,,,8.0
1160,2026,11,21,21.0,21,77,valtteri-bottas,cadillac,ferrari,pirelli,,,1:20.886,80886.0,,,,,,,,,10.0
1160,2026,11,22,22.0,22,11,sergio-perez,cadillac,ferrari,pirelli,,,1:21.322,81322.0,,,,,,,,,9.0
1161,2026,12,1,1.0,1,1,lando-norris,mclaren,mercedes,pirelli,,,1:12.695,72695.0,1:11.628,71628.0,1:11.163,71163.0,,,,,21.0
1161,2026,12,2,2.0,2,63,george-russell,mercedes,mercedes,pirelli,,,1:12.924,72924.0,1:11.959,71959.0,1:11.265,71265.0,+0.102,102.0,+0.102,102.0,20.0
1161,2026,12,3,3.0,3,12,kimi-antonelli,mercedes,mercedes,pirelli,,,1:13.022,73022.0,1:11.915,71915.0,1:11.296,71296.0,+0.133,133.0,+0.031,31.0,21.0
1161,2026,12,4,4.0,4,81,oscar-piastri,mclaren,mercedes,pirelli,,,1:12.610,72610.0,1:11.641,71641.0,1:11.305,71305.0,+0.142,142.0,+0.009,9.0,21.0
1161,2026,12,5,5.0,5,44,lewis-hamilton,ferrari,ferrari,pirelli,,,1:12.673,72673.0,1:11.970,71970.0,1:11.494,71494.0,+0.331,331.0,+0.189,189.0,25.0
1161,2026,12,6,6.0,6,16,charles-leclerc,ferrari,ferrari,pirelli,,,1:13.064,73064.0,1:11.910,71910.0,1:11.558,71558.0,+0.395,395.0,+0.064,64.0,23.0
1161,2026,12,7,7.0,7,3,max-verstappen,red-bull,red-bull-ford,pirelli,,,1:13.290,73290.0,1:11.874,71874.0,1:11.618,71618.0,+0.455,455.0,+0.060,60.0,22.0
1161,2026,12,8,8.0,8,30,liam-lawson,red-bull,red-bull-ford,pirelli,,,1:13.392,73392.0,1:12.301,72301.0,1:11.733,71733.0,+0.570,570.0,+0.115,115.0,25.0
1161,2026,12,9,9.0,9,5,gabriel-bortoleto,audi,audi,pirelli,,,1:13.142,73142.0,1:12.433,72433.0,1:12.079,72079.0,+0.916,916.0,+0.346,346.0,22.0
1161,2026,12,10,10.0,10,41,arvid-lindblad,racing-bulls,red-bull-ford,pirelli,,,1:13.074,73074.0,1:12.525,72525.0,1:12.185,72185.0,+1.022,1022.0,+0.106,106.0,22.0
1161,2026,12,11,11.0,11,10,pierre-gasly,alpine,mercedes,pirelli,,,1:13.115,73115.0,1:12.616,72616.0,,,,,,,14.0
1161,2026,12,12,12.0,12,22,yuki-tsunoda,racing-bulls,red-bull-ford,pirelli,,,1:13.085,73085.0,1:12.627,72627.0,,,,,,,15.0
1161,2026,12,13,13.0,13,27,nico-hulkenberg,audi,audi,pirelli,,,1:13.188,73188.0,1:12.797,72797.0,,,,,,,19.0
1161,2026,12,14,14.0,14,43,franco-colapinto,alpine,mercedes,pirelli,,,1:13.322,73322.0,1:12.800,72800.0,,,,,,,13.0
1161,2026,12,15,15.0,15,31,esteban-ocon,haas,ferrari,pirelli,,,1:13.544,73544.0,1:13.137,73137.0,,,,,,,17.0
1161,2026,12,16,16.0,16,23,alexander-albon,williams,mercedes,pirelli,,,1:13.552,73552.0,1:13.182,73182.0,,,,,,,16.0
1161,2026,12,17,17.0,17,55,carlos-sainz-jr,williams,mercedes,pirelli,,,1:13.574,73574.0,,,,,,,,,10.0
1161,2026,12,18,18.0,18,14,fernando-alonso,aston-martin,honda,pirelli,,,1:13.650,73650.0,,,,,,,,,10.0
1161,2026,12,19,19.0,19,18,lance-stroll,aston-martin,honda,pirelli,,,1:13.818,73818.0,,,,,,,,,10.0
1161,2026,12,20,20.0,20,87,oliver-bearman,haas,ferrari,pirelli,,,1:13.826,73826.0,,,,,,,,,11.0
1161,2026,12,21,21.0,21,77,valtteri-bottas,cadillac,ferrari,pirelli,,,1:14.371,74371.0,,,,,,,,,10.0
1161,2026,12,22,22.0,22,11,sergio-perez,cadillac,ferrari,pirelli,,,1:14.600,74600.0,,,,,,,,,10.0
1162,2026,13,1,1.0,1,10,pierre-gasly,alpine,mercedes,pirelli,,,1:22.612,82612.0,1:22.077,82077.0,1:21.786,81786.0,,,,,18.0
1162,2026,13,2,2.0,2,63,george-russell,mercedes,mercedes,pirelli,,,1:22.779,82779.0,1:22.161,82161.0,1:21.846,81846.0,+0.060,60.0,+0.060,60.0,17.0
1162,2026,13,3,3.0,3,81,oscar-piastri,mclaren,mercedes,pirelli,,,1:22.924,82924.0,1:22.017,82017.0,1:21.966,81966.0,+0.180,180.0,+0.120,120.0,18.0
1162,2026,13,4,4.0,4,16,charles-leclerc,ferrari,ferrari,pirelli,,,1:22.902,82902.0,1:22.509,82509.0,1:22.004,82004.0,+0.218,218.0,+0.038,38.0,18.0
1162,2026,13,5,5.0,5,44,lewis-hamilton,ferrari,ferrari,pirelli,,,1:22.847,82847.0,1:22.516,82516.0,1:22.011,82011.0,+0.225,225.0,+0.007,7.0,15.0
1162,2026,13,6,6.0,6,3,max-verstappen,red-bull,red-bull-ford,pirelli,,,1:22.631,82631.0,1:22.188,82188.0,1:22.070,82070.0,+0.284,284.0,+0.059,59.0,17.0
1162,2026,13,7,7.0,7,12,kimi-antonelli,mercedes,mercedes,pirelli,,,1:22.758,82758.0,1:21.882,81882.0,1:22.093,82093.0,+0.307,307.0,+0.023,23.0,18.0
1162,2026,13,8,8.0,8,43,franco-colapinto,alpine,mercedes,pirelli,,,1:22.662,82662.0,1:22.400,82400.0,1:22.220,82220.0,+0.434,434.0,+0.127,127.0,18.0
1162,2026,13,9,9.0,9,1,lando-norris,mclaren,mercedes,pirelli,,,1:22.659,82659.0,1:22.067,82067.0,1:22.256,82256.0,+0.470,470.0,+0.036,36.0,19.0
1162,2026,13,10,10.0,10,41,arvid-lindblad,racing-bulls,red-bull-ford,pirelli,,,1:22.727,82727.0,1:22.345,82345.0,1:22.286,82286.0,+0.500,500.0,+0.030,30.0,18.0
1162,2026,13,11,11.0,11,5,gabriel-bortoleto,audi,audi,pirelli,,,1:22.946,82946.0,1:22.517,82517.0,,,,,,,12.0
1162,2026,13,12,12.0,12,87,oliver-bearman,haas,ferrari,pirelli,,,1:22.906,82906.0,1:22.756,82756.0,,,,,,,15.0
1162,2026,13,13,13.0,13,27,nico-hulkenberg,audi,audi,pirelli,,,1:23.440,83440.0,1:22.779,82779.0,,,,,,,12.0
1162,2026,13,14,14.0,14,30,liam-lawson,red-bull,red-bull-ford,pirelli,,,1:22.989,82989.0,1:22.821,82821.0,,,,,,,17.0
1162,2026,13,15,15.0,15,55,carlos-sainz-jr,williams,mercedes,pirelli,,,1:23.616,83616.0,1:23.453,83453.0,,,,,,,15.0
1162,2026,13,16,16.0,16,31,esteban-ocon,haas,ferrari,pirelli,,,1:23.466,83466.0,1:23.454,83454.0,,,,,,,15.0
1162,2026,13,17,17.0,17,22,yuki-tsunoda,racing-bulls,red-bull-ford,pirelli,,,1:23.755,83755.0,,,,,,,,,6.0
1162,2026,13,18,18.0,18,23,alexander-albon,williams,mercedes,pirelli,,,1:24.356,84356.0,,,,,,,,,6.0
1162,2026,13,19,19.0,19,77,valtteri-bottas,cadillac,ferrari,pirelli,,,1:24.364,84364.0,,,,,,,,,9.0
1162,2026,13,20,20.0,20,11,sergio-perez,cadillac,ferrari,pirelli,,,1:24.595,84595.0,,,,,,,,,9.0
1162,2026,13,21,21.0,21,14,fernando-alonso,aston-martin,honda,pirelli,,,1:25.150,85150.0,,,,,,,,,6.0
1162,2026,13,22,22.0,22,18,lance-stroll,aston-martin,honda,pirelli,,,1:25.222,85222.0,,,,,,,,,9.0
