raceId,year,round,positionDisplayOrder,positionNumber,positionText,driverNumber,driverId,constructorId,engineManufacturerId,tyreManufacturerId,sharedCar,laps,time,timeMillis,timePenalty,timePenaltyMillis,gap,gapMillis,gapLaps,interval,intervalMillis,reasonRetired,points,polePosition,qualificationPositionNumber,qualificationPositionText,gridPositionNumber,gridPositionText,positionsGained,pitStops,fastestLap,driverOfTheDay,grandSlam
898,2014,1,1,1.0,1,6,nico-rosberg,mercedes,mercedes,pirelli,False,57.0,1:32:58.710,5578710.0,,,,,,,,,25.0,False,3.0,3,3.0,3,2.0,2.0,True,,False
898,2014,1,2,2.0,2,20,kevin-magnussen,mclaren,mercedes,pirelli,False,57.0,1:33:25.487,5605487.0,,,+26.777,26777.0,,+26.777,26777.0,,18.0,False,4.0,4,4.0,4,2.0,2.0,False,,False
898,2014,1,3,3.0,3,22,jenson-button,mclaren,mercedes,pirelli,False,57.0,1:33:28.737,5608737.0,,,+30.027,30027.0,,+3.250,3250.0,,15.0,False,11.0,11,10.0,10,7.0,2.0,False,,False
898,2014,1,4,4.0,4,14,fernando-alonso,ferrari,ferrari,pirelli,False,57.0,1:33:33.994,5613994.0,,,+35.284,35284.0,,+5.257,5257.0,,12.0,False,5.0,5,5.0,5,1.0,2.0,False,,False
898,2014,1,5,5.0,5,77,valtteri-bottas,williams,mercedes,pirelli,False,57.0,1:33:46.349,5626349.0,,,+47.639,47639.0,,+12.355,12355.0,,10.0,False,10.0,10,15.0,15,10.0,2.0,False,,False
898,2014,1,6,6.0,6,27,nico-hulkenberg,force-india,mercedes,pirelli,False,57.0,1:33:49.428,5629428.0,,,+50.718,50718.0,,+3.079,3079.0,,8.0,False,7.0,7,7.0,7,1.0,2.0,False,,False
898,2014,1,7,7.0,7,7,kimi-raikkonen,ferrari,ferrari,pirelli,False,57.0,1:33:56.385,5636385.0,,,+57.675,57675.0,,+6.957,6957.0,,6.0,False,12.0,12,11.0,11,4.0,2.0,False,,False
898,2014,1,8,8.0,8,25,jean-eric-vergne,toro-rosso,renault,pirelli,False,57.0,1:33:59.151,5639151.0,,,+1:00.441,60441.0,,+2.766,2766.0,,4.0,False,6.0,6,6.0,6,-2.0,2.0,False,,False
898,2014,1,9,9.0,9,26,daniil-kvyat,toro-rosso,renault,pirelli,False,57.0,1:34:02.295,5642295.0,,,+1:03.585,63585.0,,+3.144,3144.0,,2.0,False,8.0,8,8.0,8,-1.0,2.0,False,,False
898,2014,1,10,10.0,10,11,sergio-perez,force-india,mercedes,pirelli,False,57.0,1:34:24.626,5664626.0,,,+1:25.916,85916.0,,+22.331,22331.0,,1.0,False,16.0,16,16.0,16,6.0,3.0,False,,False
898,2014,1,11,11.0,11,99,adrian-sutil,sauber,ferrari,pirelli,False,56.0,,,,,+1 lap,,1.0,,,,,False,14.0,14,13.0,13,2.0,1.0,False,,False
898,2014,1,12,12.0,12,21,esteban-gutierrez,sauber,ferrari,pirelli,False,56.0,,,,,+1 lap,,1.0,,,,,False,19.0,19,20.0,20,8.0,2.0,False,,False
898,2014,1,13,13.0,13,4,max-chilton,marussia,ferrari,pirelli,False,55.0,,,,,+2 laps,,2.0,,,,,False,17.0,17,,PL,4.0,2.0,False,,False
898,2014,1,14,,NC,17,jules-bianchi,marussia,ferrari,pirelli,False,49.0,,,,,+8 laps,,8.0,,,,,False,18.0,18,,PL,,2.0,False,,False
898,2014,1,15,,DNF,8,romain-grosjean,lotus-f1,renault,pirelli,False,43.0,,,,,,,,,,Power unit,,False,21.0,21,,PL,,2.0,False,,False
898,2014,1,16,,DNF,13,pastor-maldonado,lotus-f1,renault,pirelli,False,29.0,,,,,,,,,,Power unit,,False,,NC,21.0,21,,1.0,False,,False
898,2014,1,17,,DNF,9,marcus-ericsson,caterham,renault,pirelli,False,27.0,,,,,,,,,,Oil pressure,,False,20.0,20,19.0,19,,1.0,False,,False
898,2014,1,18,,DNF,1,sebastian-vettel,red-bull,renault,pirelli,False,3.0,,,,,,,,,,Power unit,,False,13.0,13,12.0,12,,0.0,False,,False
898,2014,1,19,,DNF,44,lewis-hamilton,mercedes,mercedes,pirelli,False,2.0,,,,,,,,,,Power unit,,True,1.0,1,1.0,1,,0.0,False,,False
898,2014,1,20,,DNF,19,felipe-massa,williams,mercedes,pirelli,False,0.0,,,,,,,,,,Collision,,False,9.0,9,9.0,9,,0.0,False,,False
898,2014,1,21,,DNF,10,kamui-kobayashi,caterham,renault,pirelli,False,0.0,,,,,,,,,,Collision,,False,15.0,15,14.0,14,,0.0,False,,False
898,2014,1,22,,DSQ,3,daniel-ricciardo,red-bull,renault,pirelli,False,57.0,1:33:23.235,5603235.0,,,+24.525,24525.0,,,,Fuel,,False,2.0,2,2.0,2,,2.0,False,,False
899,2014,2,1,1.0,1,44,lewis-hamilton,mercedes,mercedes,pirelli,False,56.0,1:40:25.974,6025974.0,,,,,,,,,25.0,True,1.0,1,1.0,1,0.0,3.0,True,,True
899,2014,2,2,2.0,2,6,nico-rosberg,mercedes,mercedes,pirelli,False,56.0,1:40:43.287,6043287.0,,,+17.313,17313.0,,+17.313,17313.0,,18.0,False,3.0,3,3.0,3,1.0,3.0,False,,False
899,2014,2,3,3.0,3,1,sebastian-vettel,red-bull,renault,pirelli,False,56.0,1:40:50.508,6050508.0,,,+24.534,24534.0,,+7.221,7221.0,,15.0,False,2.0,2,2.0,2,-1.0,3.0,False,,False
899,2014,2,4,4.0,4,14,fernando-alonso,ferrari,ferrari,pirelli,False,56.0,1:41:01.966,6061966.0,,,+35.992,35992.0,,+11.458,11458.0,,12.0,False,4.0,4,4.0,4,0.0,3.0,False,,False
899,2014,2,5,5.0,5,27,nico-hulkenberg,force-india,mercedes,pirelli,False,56.0,1:41:13.173,6073173.0,,,+47.199,47199.0,,+11.207,11207.0,,10.0,False,7.0,7,7.0,7,2.0,2.0,False,,False
899,2014,2,6,6.0,6,22,jenson-button,mclaren,mercedes,pirelli,False,56.0,1:41:49.665,6109665.0,,,+1:23.691,83691.0,,+36.492,36492.0,,8.0,False,10.0,10,10.0,10,4.0,3.0,False,,False
899,2014,2,7,7.0,7,19,felipe-massa,williams,mercedes,pirelli,False,56.0,1:41:51.050,6111050.0,,,+1:25.076,85076.0,,+1.385,1385.0,,6.0,False,13.0,13,13.0,13,6.0,3.0,False,,False
899,2014,2,8,8.0,8,77,valtteri-bottas,williams,mercedes,pirelli,False,56.0,1:41:51.511,6111511.0,,,+1:25.537,85537.0,,+0.461,461.0,,4.0,False,15.0,15,18.0,18,10.0,3.0,False,,False
899,2014,2,9,9.0,9,20,kevin-magnussen,mclaren,mercedes,pirelli,False,55.0,,,,,+1 lap,,1.0,,,,2.0,False,8.0,8,8.0,8,-1.0,3.0,False,,False
899,2014,2,10,10.0,10,26,daniil-kvyat,toro-rosso,renault,pirelli,False,55.0,,,,,+1 lap,,1.0,,,,1.0,False,11.0,11,11.0,11,1.0,3.0,False,,False
899,2014,2,11,11.0,11,8,romain-grosjean,lotus-f1,renault,pirelli,False,55.0,,,,,+1 lap,,1.0,,,,,False,16.0,16,15.0,15,4.0,3.0,False,,False
899,2014,2,12,12.0,12,7,kimi-raikkonen,ferrari,ferrari,pirelli,False,55.0,,,,,+1 lap,,1.0,,,,,False,6.0,6,6.0,6,-6.0,3.0,False,,False
899,2014,2,13,13.0,13,10,kamui-kobayashi,caterham,renault,pirelli,False,55.0,,,,,+1 lap,,1.0,,,,,False,20.0,20,20.0,20,7.0,2.0,False,,False
899,2014,2,14,14.0,14,9,marcus-ericsson,caterham,renault,pirelli,False,54.0,,,,,+2 laps,,2.0,,,,,False,22.0,22,22.0,22,8.0,3.0,False,,False
899,2014,2,15,15.0,15,4,max-chilton,marussia,ferrari,pirelli,False,54.0,,,,,+2 laps,,2.0,,,,,False,21.0,21,21.0,21,6.0,3.0,False,,False
899,2014,2,16,,DNF,3,daniel-ricciardo,red-bull,renault,pirelli,False,49.0,,,,,,,,,,Front wing,,False,5.0,5,5.0,5,,5.0,False,,False
899,2014,2,17,,DNF,21,esteban-gutierrez,sauber,ferrari,pirelli,False,35.0,,,,,,,,,,Gearbox,,False,12.0,12,12.0,12,,2.0,False,,False
899,2014,2,18,,DNF,99,adrian-sutil,sauber,ferrari,pirelli,False,32.0,,,,,,,,,,Power unit,,False,18.0,18,17.0,17,,2.0,False,,False
899,2014,2,19,,DNF,25,jean-eric-vergne,toro-rosso,renault,pirelli,False,18.0,,,,,,,,,,Turbo,,False,9.0,9,9.0,9,,2.0,False,,False
899,2014,2,20,,DNF,17,jules-bianchi,marussia,ferrari,pirelli,False,8.0,,,,,,,,,,Brakes,,False,19.0,19,19.0,19,,1.0,False,,False
899,2014,2,21,,DNF,13,pastor-maldonado,lotus-f1,renault,pirelli,False,7.0,,,,,,,,,,Power unit,,False,17.0,17,16.0,16,,0.0,False,,False
899,2014,2,22,,DNS,11,sergio-perez,force-india,mercedes,pirelli,False,,,,,,,,,,,Gearbox,,False,14.0,14,14.0,14,,0.0,False,,False
900,2014,3,1,1.0,1,44,lewis-hamilton,mercedes,mercedes,pirelli,False,57.0,1:39:42.743,5982743.0,,,,,,,,,25.0,False,2.0,2,2.0,2,1.0,2.0,False,,False
900,2014,3,2,2.0,2,6,nico-rosberg,mercedes,mercedes,pirelli,False,57.0,1:39:43.828,5983828.0,,,+1.085,1085.0,,+1.085,1085.0,,18.0,True,1.0,1,1.0,1,-1.0,2.0,True,,False
900,2014,3,3,3.0,3,11,sergio-perez,force-india,mercedes,pirelli,False,57.0,1:40:06.810,6006810.0,,,+24.067,24067.0,,+22.982,22982.0,,15.0,False,5.0,5,4.0,4,1.0,2.0,False,,False
900,2014,3,4,4.0,4,3,daniel-ricciardo,red-bull,renault,pirelli,False,57.0,1:40:07.232,6007232.0,,,+24.489,24489.0,,+0.422,422.0,,12.0,False,3.0,3,13.0,13,9.0,2.0,False,,False
900,2014,3,5,5.0,5,27,nico-hulkenberg,force-india,mercedes,pirelli,False,57.0,1:40:11.397,6011397.0,,,+28.654,28654.0,,+4.165,4165.0,,10.0,False,12.0,12,11.0,11,6.0,2.0,False,,False
900,2014,3,6,6.0,6,1,sebastian-vettel,red-bull,renault,pirelli,False,57.0,1:40:12.622,6012622.0,,,+29.879,29879.0,,+1.225,1225.0,,8.0,False,11.0,11,10.0,10,4.0,2.0,False,,False
900,2014,3,7,7.0,7,19,felipe-massa,williams,mercedes,pirelli,False,57.0,1:40:14.008,6014008.0,,,+31.265,31265.0,,+1.386,1386.0,,6.0,False,8.0,8,7.0,7,0.0,3.0,False,,False
900,2014,3,8,8.0,8,77,valtteri-bottas,williams,mercedes,pirelli,False,57.0,1:40:14.619,6014619.0,,,+31.876,31876.0,,+0.611,611.0,,4.0,False,4.0,4,3.0,3,-5.0,3.0,False,,False
900,2014,3,9,9.0,9,14,fernando-alonso,ferrari,ferrari,pirelli,False,57.0,1:40:15.338,6015338.0,,,+32.595,32595.0,,+0.719,719.0,,2.0,False,10.0,10,9.0,9,0.0,3.0,False,,False
900,2014,3,10,10.0,10,7,kimi-raikkonen,ferrari,ferrari,pirelli,False,57.0,1:40:16.205,6016205.0,,,+33.462,33462.0,,+0.867,867.0,,1.0,False,6.0,6,5.0,5,-5.0,3.0,False,,False
900,2014,3,11,11.0,11,26,daniil-kvyat,toro-rosso,renault,pirelli,False,57.0,1:40:24.085,6024085.0,,,+41.342,41342.0,,+7.880,7880.0,,,False,13.0,13,12.0,12,1.0,3.0,False,,False
900,2014,3,12,12.0,12,8,romain-grosjean,lotus-f1,renault,pirelli,False,57.0,1:40:25.886,6025886.0,,,+43.143,43143.0,,+1.801,1801.0,,,False,16.0,16,16.0,16,4.0,3.0,False,,False
900,2014,3,13,13.0,13,4,max-chilton,marussia,ferrari,pirelli,False,57.0,1:40:42.652,6042652.0,,,+59.909,59909.0,,+16.766,16766.0,,,False,22.0,22,21.0,21,8.0,3.0,False,,False
900,2014,3,14,14.0,14,13,pastor-maldonado,lotus-f1,renault,pirelli,False,57.0,1:40:45.546,6045546.0,,,+1:02.803,62803.0,,+2.894,2894.0,,,False,17.0,17,17.0,17,3.0,4.0,False,,False
900,2014,3,15,15.0,15,10,kamui-kobayashi,caterham,renault,pirelli,False,57.0,1:41:10.643,6070643.0,,,+1:27.900,87900.0,,+25.097,25097.0,,,False,19.0,19,18.0,18,3.0,2.0,False,,False
900,2014,3,16,16.0,16,17,jules-bianchi,marussia,ferrari,pirelli,False,56.0,,,,,+1 lap,,1.0,,,,,False,20.0,20,19.0,19,3.0,5.0,False,,False
900,2014,3,17,17.0,17,22,jenson-button,mclaren,mercedes,pirelli,False,55.0,,,,,,,,,,Clutch,,False,7.0,7,6.0,6,-11.0,2.0,False,,False
900,2014,3,18,,DNF,20,kevin-magnussen,mclaren,mercedes,pirelli,False,40.0,,,,,,,,,,Clutch,,False,9.0,9,8.0,8,,3.0,False,,False
900,2014,3,19,,DNF,21,esteban-gutierrez,sauber,ferrari,pirelli,False,39.0,,,,,,,,,,Collision,,False,15.0,15,15.0,15,,2.0,False,,False
900,2014,3,20,,DNF,9,marcus-ericsson,caterham,renault,pirelli,False,33.0,,,,,,,,,,Oil leak,,False,21.0,21,20.0,20,,2.0,False,,False
900,2014,3,21,,DNF,25,jean-eric-vergne,toro-rosso,renault,pirelli,False,18.0,,,,,,,,,,Collision damage,,False,14.0,14,14.0,14,,2.0,False,,False
900,2014,3,22,,DNF,99,adrian-sutil,sauber,ferrari,pirelli,False,17.0,,,,,,,,,,Collision,,False,18.0,18,22.0,22,,2.0,False,,False
901,2014,4,1,1.0,1,44,lewis-hamilton,mercedes,mercedes,pirelli,False,54.0,1:33:28.338,5608338.0,,,,,,,,,25.0,True,1.0,1,1.0,1,0.0,2.0,False,,False
901,2014,4,2,2.0,2,6,nico-rosberg,mercedes,mercedes,pirelli,False,54.0,1:33:46.400,5626400.0,,,+18.062,18062.0,,+18.062,18062.0,,18.0,False,4.0,4,4.0,4,2.0,2.0,True,,False
901,2014,4,3,3.0,3,14,fernando-alonso,ferrari,ferrari,pirelli,False,54.0,1:33:51.942,5631942.0,,,+23.604,23604.0,,+5.542,5542.0,,15.0,False,5.0,5,5.0,5,2.0,2.0,False,,False
901,2014,4,4,4.0,4,3,daniel-ricciardo,red-bull,renault,pirelli,False,54.0,1:33:55.474,5635474.0,,,+27.136,27136.0,,+3.532,3532.0,,12.0,False,2.0,2,2.0,2,-2.0,2.0,False,,False
901,2014,4,5,5.0,5,1,sebastian-vettel,red-bull,renault,pirelli,False,54.0,1:34:16.116,5656116.0,,,+47.778,47778.0,,+20.642,20642.0,,10.0,False,3.0,3,3.0,3,-2.0,2.0,False,,False
901,2014,4,6,6.0,6,27,nico-hulkenberg,force-india,mercedes,pirelli,False,54.0,1:34:22.633,5662633.0,,,+54.295,54295.0,,+6.517,6517.0,,8.0,False,8.0,8,8.0,8,2.0,2.0,False,,False
901,2014,4,7,7.0,7,77,valtteri-bottas,williams,mercedes,pirelli,False,54.0,1:34:24.035,5664035.0,,,+55.697,55697.0,,+1.402,1402.0,,6.0,False,7.0,7,7.0,7,0.0,2.0,False,,False
901,2014,4,8,8.0,8,7,kimi-raikkonen,ferrari,ferrari,pirelli,False,54.0,1:34:44.673,5684673.0,,,+1:16.335,76335.0,,+20.638,20638.0,,4.0,False,11.0,11,11.0,11,3.0,2.0,False,,False
901,2014,4,9,9.0,9,11,sergio-perez,force-india,mercedes,pirelli,False,54.0,1:34:50.985,5690985.0,,,+1:22.647,82647.0,,+6.312,6312.0,,2.0,False,16.0,16,16.0,16,7.0,2.0,False,,False
901,2014,4,10,10.0,10,26,daniil-kvyat,toro-rosso,renault,pirelli,False,53.0,,,,,+1 lap,,1.0,,,,1.0,False,13.0,13,13.0,13,3.0,2.0,False,,False
901,2014,4,11,11.0,11,22,jenson-button,mclaren,mercedes,pirelli,False,53.0,,,,,+1 lap,,1.0,,,,,False,12.0,12,12.0,12,1.0,2.0,False,,False
901,2014,4,12,12.0,12,25,jean-eric-vergne,toro-rosso,renault,pirelli,False,53.0,,,,,+1 lap,,1.0,,,,,False,9.0,9,9.0,9,-3.0,2.0,False,,False
901,2014,4,13,13.0,13,20,kevin-magnussen,mclaren,mercedes,pirelli,False,53.0,,,,,+1 lap,,1.0,,,,,False,15.0,15,15.0,15,2.0,2.0,False,,False
901,2014,4,14,14.0,14,13,pastor-maldonado,lotus-f1,renault,pirelli,False,53.0,,,,,+1 lap,,1.0,,,,,False,,NC,22.0,22,8.0,2.0,False,,False
901,2014,4,15,15.0,15,19,felipe-massa,williams,mercedes,pirelli,False,53.0,,,,,+1 lap,,1.0,,,,,False,6.0,6,6.0,6,-9.0,2.0,False,,False
901,2014,4,16,16.0,16,21,esteban-gutierrez,sauber,ferrari,pirelli,False,53.0,,,,,+1 lap,,1.0,,,,,False,17.0,17,17.0,17,1.0,3.0,False,,False
901,2014,4,17,17.0,17,17,jules-bianchi,marussia,ferrari,pirelli,False,53.0,,,,,+1 lap,,1.0,,,,,False,19.0,19,19.0,19,2.0,2.0,False,,False
901,2014,4,18,18.0,18,10,kamui-kobayashi,caterham,renault,pirelli,False,53.0,,,,,+1 lap,,1.0,,,,,False,18.0,18,18.0,18,0.0,3.0,False,,False
901,2014,4,19,19.0,19,4,max-chilton,marussia,ferrari,pirelli,False,52.0,,,,,+2 laps,,2.0,,,,,False,21.0,21,21.0,21,2.0,3.0,False,,False
901,2014,4,20,20.0,20,9,marcus-ericsson,caterham,renault,pirelli,False,52.0,,,,,+2 laps,,2.0,,,,,False,20.0,20,20.0,20,0.0,3.0,False,,False
901,2014,4,21,,DNF,8,romain-grosjean,lotus-f1,renault,pirelli,False,28.0,,,,,,,,,,Gearbox,,False,10.0,10,10.0,10,,1.0,False,,False
901,2014,4,22,,DNF,99,adrian-sutil,sauber,ferrari,pirelli,False,5.0,,,,,,,,,,Engine,,False,14.0,14,14.0,14,,0.0,False,,False
902,2014,5,1,1.0,1,44,lewis-hamilton,mercedes,mercedes,pirelli,False,66.0,1:41:05.155,6065155.0,,,,,,,,,25.0,True,1.0,1,1.0,1,0.0,2.0,False,,False
902,2014,5,2,2.0,2,6,nico-rosberg,mercedes,mercedes,pirelli,False,66.0,1:41:05.791,6065791.0,,,+0.636,636.0,,+0.636,636.0,,18.0,False,2.0,2,2.0,2,0.0,2.0,False,,False
902,2014,5,3,3.0,3,3,daniel-ricciardo,red-bull,renault,pirelli,False,66.0,1:41:54.169,6114169.0,,,+49.014,49014.0,,+48.378,48378.0,,15.0,False,3.0,3,3.0,3,0.0,2.0,False,,False
902,2014,5,4,4.0,4,1,sebastian-vettel,red-bull,renault,pirelli,False,66.0,1:42:21.857,6141857.0,,,+1:16.702,76702.0,,+27.688,27688.0,,12.0,False,10.0,10,15.0,15,11.0,3.0,True,,False
902,2014,5,5,5.0,5,77,valtteri-bottas,williams,mercedes,pirelli,False,66.0,1:42:24.448,6144448.0,,,+1:19.293,79293.0,,+2.591,2591.0,,10.0,False,4.0,4,4.0,4,-1.0,2.0,False,,False
902,2014,5,6,6.0,6,14,fernando-alonso,ferrari,ferrari,pirelli,False,66.0,1:42:32.898,6152898.0,,,+1:27.743,87743.0,,+8.450,8450.0,,8.0,False,7.0,7,7.0,7,1.0,3.0,False,,False
902,2014,5,7,7.0,7,7,kimi-raikkonen,ferrari,ferrari,pirelli,False,65.0,,,,,+1 lap,,1.0,,,,6.0,False,6.0,6,6.0,6,-1.0,2.0,False,,False
902,2014,5,8,8.0,8,8,romain-grosjean,lotus-f1,renault,pirelli,False,65.0,,,,,+1 lap,,1.0,,,,4.0,False,5.0,5,5.0,5,-3.0,2.0,False,,False
902,2014,5,9,9.0,9,11,sergio-perez,force-india,mercedes,pirelli,False,65.0,,,,,+1 lap,,1.0,,,,2.0,False,12.0,12,11.0,11,2.0,2.0,False,,False
902,2014,5,10,10.0,10,27,nico-hulkenberg,force-india,mercedes,pirelli,False,65.0,,,,,+1 lap,,1.0,,,,1.0,False,11.0,11,10.0,10,0.0,2.0,False,,False
902,2014,5,11,11.0,11,22,jenson-button,mclaren,mercedes,pirelli,False,65.0,,,,,+1 lap,,1.0,,,,,False,8.0,8,8.0,8,-3.0,2.0,False,,False
902,2014,5,12,12.0,12,20,kevin-magnussen,mclaren,mercedes,pirelli,False,65.0,,,,,+1 lap,,1.0,,,,,False,15.0,15,14.0,14,2.0,2.0,False,,False
902,2014,5,13,13.0,13,19,felipe-massa,williams,mercedes,pirelli,False,65.0,,,,,+1 lap,,1.0,,,,,False,9.0,9,9.0,9,-4.0,3.0,False,,False
902,2014,5,14,14.0,14,26,daniil-kvyat,toro-rosso,renault,pirelli,False,65.0,,,,,+1 lap,,1.0,,,,,False,13.0,13,12.0,12,-2.0,3.0,False,,False
902,2014,5,15,15.0,15,13,pastor-maldonado,lotus-f1,renault,pirelli,False,65.0,,,,,+1 lap,,1.0,,,,,False,,NC,22.0,22,7.0,2.0,False,,False
902,2014,5,16,16.0,16,21,esteban-gutierrez,sauber,ferrari,pirelli,False,65.0,,,,,+1 lap,,1.0,,,,,False,14.0,14,13.0,13,-3.0,3.0,False,,False
902,2014,5,17,17.0,17,99,adrian-sutil,sauber,ferrari,pirelli,False,65.0,,,,,+1 lap,,1.0,,,,,False,17.0,17,16.0,16,-1.0,2.0,False,,False
902,2014,5,18,18.0,18,17,jules-bianchi,marussia,ferrari,pirelli,False,64.0,,,,,+2 laps,,2.0,,,,,False,19.0,19,18.0,18,0.0,2.0,False,,False
902,2014,5,19,19.0,19,4,max-chilton,marussia,ferrari,pirelli,False,64.0,,,,,+2 laps,,2.0,,,,,False,18.0,18,17.0,17,-2.0,3.0,False,,False
902,2014,5,20,20.0,20,9,marcus-ericsson,caterham,renault,pirelli,False,64.0,,,,,+2 laps,,2.0,,,,,False,20.0,20,19.0,19,-1.0,2.0,False,,False
902,2014,5,21,,DNF,10,kamui-kobayashi,caterham,renault,pirelli,False,34.0,,,,,,,,,,Brakes,,False,21.0,21,20.0,20,,1.0,False,,False
902,2014,5,22,,DNF,25,jean-eric-vergne,toro-rosso,renault,pirelli,False,24.0,,,,,,,,,,Exhaust,,False,16.0,16,21.0,21,,1.0,False,,False
903,2014,6,1,1.0,1,6,nico-rosberg,mercedes,mercedes,pirelli,False,78.0,1:49:27.661,6567661.0,,,,,,,,,25.0,True,1.0,1,1.0,1,0.0,1.0,False,,False
903,2014,6,2,2.0,2,44,lewis-hamilton,mercedes,mercedes,pirelli,False,78.0,1:49:36.871,6576871.0,,,+9.210,9210.0,,+9.210,9210.0,,18.0,False,2.0,2,2.0,2,0.0,1.0,False,,False
903,2014,6,3,3.0,3,3,daniel-ricciardo,red-bull,renault,pirelli,False,78.0,1:49:37.275,6577275.0,,,+9.614,9614.0,,+0.404,404.0,,15.0,False,3.0,3,3.0,3,0.0,1.0,False,,False
903,2014,6,4,4.0,4,14,fernando-alonso,ferrari,ferrari,pirelli,False,78.0,1:50:00.113,6600113.0,,,+32.452,32452.0,,+22.838,22838.0,,12.0,False,5.0,5,5.0,5,1.0,1.0,False,,False
903,2014,6,5,5.0,5,27,nico-hulkenberg,force-india,mercedes,pirelli,False,77.0,,,,,+1 lap,,1.0,,,,10.0,False,11.0,11,11.0,11,6.0,1.0,False,,False
903,2014,6,6,6.0,6,22,jenson-button,mclaren,mercedes,pirelli,False,77.0,,,,,+1 lap,,1.0,,,,8.0,False,12.0,12,12.0,12,6.0,1.0,False,,False
903,2014,6,7,7.0,7,19,felipe-massa,williams,mercedes,pirelli,False,77.0,,,,,+1 lap,,1.0,,,,6.0,False,16.0,16,16.0,16,9.0,1.0,False,,False
903,2014,6,8,8.0,8,8,romain-grosjean,lotus-f1,renault,pirelli,False,77.0,,,,,+1 lap,,1.0,,,,4.0,False,14.0,14,14.0,14,6.0,2.0,False,,False
903,2014,6,9,9.0,9,17,jules-bianchi,marussia,ferrari,pirelli,False,77.0,,,5.0,5000.0,+1 lap,,1.0,,,,2.0,False,19.0,19,21.0,21,12.0,1.0,False,,False
903,2014,6,10,10.0,10,20,kevin-magnussen,mclaren,mercedes,pirelli,False,77.0,,,,,+1 lap,,1.0,,,,1.0,False,8.0,8,8.0,8,-2.0,1.0,False,,False
903,2014,6,11,11.0,11,9,marcus-ericsson,caterham,renault,pirelli,False,77.0,,,,,+1 lap,,1.0,,,,,False,22.0,22,,PL,11.0,2.0,False,,False
903,2014,6,12,12.0,12,7,kimi-raikkonen,ferrari,ferrari,pirelli,False,77.0,,,,,+1 lap,,1.0,,,,,False,6.0,6,6.0,6,-6.0,3.0,True,,False
903,2014,6,13,13.0,13,10,kamui-kobayashi,caterham,renault,pirelli,False,75.0,,,,,+3 laps,,3.0,,,,,False,21.0,21,20.0,20,7.0,2.0,False,,False
903,2014,6,14,14.0,14,4,max-chilton,marussia,ferrari,pirelli,False,75.0,,,,,+3 laps,,3.0,,,,,False,20.0,20,19.0,19,5.0,3.0,False,,False
903,2014,6,15,,DNF,21,esteban-gutierrez,sauber,ferrari,pirelli,False,59.0,,,,,,,,,,Accident,,False,17.0,17,17.0,17,,1.0,False,,False
903,2014,6,16,,DNF,77,valtteri-bottas,williams,mercedes,pirelli,False,55.0,,,,,,,,,,Engine,,False,13.0,13,13.0,13,,1.0,False,,False
903,2014,6,17,,DNF,25,jean-eric-vergne,toro-rosso,renault,pirelli,False,50.0,,,,,,,,,,Exhaust,,False,7.0,7,7.0,7,,2.0,False,,False
903,2014,6,18,,DNF,99,adrian-sutil,sauber,ferrari,pirelli,False,23.0,,,,,,,,,,Accident,,False,18.0,18,18.0,18,,1.0,False,,False
903,2014,6,19,,DNF,26,daniil-kvyat,toro-rosso,renault,pirelli,False,10.0,,,,,,,,,,Exhaust,,False,9.0,9,9.0,9,,0.0,False,,False
903,2014,6,20,,DNF,1,sebastian-vettel,red-bull,renault,pirelli,False,5.0,,,,,,,,,,Turbo,,False,4.0,4,4.0,4,,1.0,False,,False
903,2014,6,21,,DNF,11,sergio-perez,force-india,mercedes,pirelli,False,0.0,,,,,,,,,,Collision,,False,10.0,10,10.0,10,,0.0,False,,False
903,2014,6,22,,DNS,13,pastor-maldonado,lotus-f1,renault,pirelli,False,,,,,,,,,,,Fuel pump,,False,15.0,15,15.0,15,,0.0,False,,False
904,2014,7,1,1.0,1,3,daniel-ricciardo,red-bull,renault,pirelli,False,70.0,1:39:12.830,5952830.0,,,,,,,,,25.0,False,6.0,6,6.0,6,5.0,2.0,False,,False
904,2014,7,2,2.0,2,6,nico-rosberg,mercedes,mercedes,pirelli,False,70.0,1:39:17.066,5957066.0,,,+4.236,4236.0,,+4.236,4236.0,,18.0,True,1.0,1,1.0,1,-1.0,2.0,False,,False
904,2014,7,3,3.0,3,1,sebastian-vettel,red-bull,renault,pirelli,False,70.0,1:39:18.077,5958077.0,,,+5.247,5247.0,,+1.011,1011.0,,15.0,False,3.0,3,3.0,3,0.0,2.0,False,,False
904,2014,7,4,4.0,4,22,jenson-button,mclaren,mercedes,pirelli,False,70.0,1:39:24.585,5964585.0,,,+11.755,11755.0,,+6.508,6508.0,,12.0,False,9.0,9,9.0,9,5.0,2.0,False,,False
904,2014,7,5,5.0,5,27,nico-hulkenberg,force-india,mercedes,pirelli,False,70.0,1:39:25.673,5965673.0,,,+12.843,12843.0,,+1.088,1088.0,,10.0,False,11.0,11,11.0,11,6.0,1.0,False,,False
904,2014,7,6,6.0,6,14,fernando-alonso,ferrari,ferrari,pirelli,False,70.0,1:39:27.699,5967699.0,,,+14.869,14869.0,,+2.026,2026.0,,8.0,False,7.0,7,7.0,7,1.0,2.0,False,,False
904,2014,7,7,7.0,7,77,valtteri-bottas,williams,mercedes,pirelli,False,70.0,1:39:36.408,5976408.0,,,+23.578,23578.0,,+8.709,8709.0,,6.0,False,4.0,4,4.0,4,-3.0,2.0,False,,False
904,2014,7,8,8.0,8,25,jean-eric-vergne,toro-rosso,renault,pirelli,False,70.0,1:39:40.856,5980856.0,,,+28.026,28026.0,,+4.448,4448.0,,4.0,False,8.0,8,8.0,8,0.0,2.0,False,,False
904,2014,7,9,9.0,9,20,kevin-magnussen,mclaren,mercedes,pirelli,False,70.0,1:39:42.084,5982084.0,,,+29.254,29254.0,,+1.228,1228.0,,2.0,False,12.0,12,12.0,12,3.0,2.0,False,,False
904,2014,7,10,10.0,10,7,kimi-raikkonen,ferrari,ferrari,pirelli,False,70.0,1:40:06.508,6006508.0,,,+53.678,53678.0,,+24.424,24424.0,,1.0,False,10.0,10,10.0,10,0.0,2.0,False,,False
904,2014,7,11,11.0,11,11,sergio-perez,force-india,mercedes,pirelli,False,69.0,,,,,,,,,,Collision,,False,13.0,13,13.0,13,2.0,1.0,False,,False
904,2014,7,12,12.0,12,19,felipe-massa,williams,mercedes,pirelli,False,69.0,,,,,,,,,,Collision,,False,5.0,5,5.0,5,-7.0,2.0,True,,False
904,2014,7,13,13.0,13,99,adrian-sutil,sauber,ferrari,pirelli,False,69.0,,,,,+1 lap,,1.0,,,,,False,16.0,16,16.0,16,3.0,2.0,False,,False
904,2014,7,14,14.0,14,21,esteban-gutierrez,sauber,ferrari,pirelli,False,64.0,,,,,,,,,,Energy storage system failure,,False,,NC,,PL,8.0,3.0,False,,False
904,2014,7,15,,DNF,8,romain-grosjean,lotus-f1,renault,pirelli,False,59.0,,,,,,,,,,Rear wing,,False,14.0,14,14.0,14,,2.0,False,,False
904,2014,7,16,,DNF,26,daniil-kvyat,toro-rosso,renault,pirelli,False,47.0,,,,,,,,,,Drivetrain,,False,15.0,15,15.0,15,,2.0,False,,False
904,2014,7,17,,DNF,44,lewis-hamilton,mercedes,mercedes,pirelli,False,46.0,,,,,,,,,,Brakes,,False,2.0,2,2.0,2,,2.0,False,,False
904,2014,7,18,,DNF,10,kamui-kobayashi,caterham,renault,pirelli,False,23.0,,,,,,,,,,Suspension,,False,20.0,20,21.0,21,,0.0,False,,False
904,2014,7,19,,DNF,13,pastor-maldonado,lotus-f1,renault,pirelli,False,21.0,,,,,,,,,,Power unit,,False,17.0,17,17.0,17,,0.0,False,,False
904,2014,7,20,,DNF,9,marcus-ericsson,caterham,renault,pirelli,False,7.0,,,,,,,,,,Turbo,,False,21.0,21,20.0,20,,0.0,False,,False
904,2014,7,21,,DNF,4,max-chilton,marussia,ferrari,pirelli,False,0.0,,,,,,,,,,Accident,,False,18.0,18,18.0,18,,0.0,False,,False
904,2014,7,22,,DNF,17,jules-bianchi,marussia,ferrari,pirelli,False,0.0,,,,,,,,,,Accident,,False,19.0,19,19.0,19,,0.0,False,,False
905,2014,8,1,1.0,1,6,nico-rosberg,mercedes,mercedes,pirelli,False,71.0,1:27:54.976,5274976.0,,,,,,,,,25.0,False,3.0,3,3.0,3,2.0,2.0,False,,False
905,2014,8,2,2.0,2,44,lewis-hamilton,mercedes,mercedes,pirelli,False,71.0,1:27:56.908,5276908.0,,,+1.932,1932.0,,+1.932,1932.0,,18.0,False,9.0,9,9.0,9,7.0,2.0,False,,False
905,2014,8,3,3.0,3,77,valtteri-bottas,williams,mercedes,pirelli,False,71.0,1:28:03.148,5283148.0,,,+8.172,8172.0,,+6.240,6240.0,,15.0,False,2.0,2,2.0,2,-1.0,2.0,False,,False
905,2014,8,4,4.0,4,19,felipe-massa,williams,mercedes,pirelli,False,71.0,1:28:12.334,5292334.0,,,+17.358,17358.0,,+9.186,9186.0,,12.0,True,1.0,1,1.0,1,-3.0,2.0,False,,False
905,2014,8,5,5.0,5,14,fernando-alonso,ferrari,ferrari,pirelli,False,71.0,1:28:13.529,5293529.0,,,+18.553,18553.0,,+1.195,1195.0,,10.0,False,4.0,4,4.0,4,-1.0,2.0,False,,False
905,2014,8,6,6.0,6,11,sergio-perez,force-india,mercedes,pirelli,False,71.0,1:28:23.522,5303522.0,,,+28.546,28546.0,,+9.993,9993.0,,8.0,False,11.0,11,15.0,15,9.0,2.0,True,,False
905,2014,8,7,7.0,7,20,kevin-magnussen,mclaren,mercedes,pirelli,False,71.0,1:28:27.007,5307007.0,,,+32.031,32031.0,,+3.485,3485.0,,6.0,False,6.0,6,6.0,6,-1.0,2.0,False,,False
905,2014,8,8,8.0,8,3,daniel-ricciardo,red-bull,renault,pirelli,False,71.0,1:28:38.498,5318498.0,,,+43.522,43522.0,,+11.491,11491.0,,4.0,False,5.0,5,5.0,5,-3.0,2.0,False,,False
905,2014,8,9,9.0,9,27,nico-hulkenberg,force-india,mercedes,pirelli,False,71.0,1:28:39.113,5319113.0,,,+44.137,44137.0,,+0.615,615.0,,2.0,False,10.0,10,10.0,10,1.0,2.0,False,,False
905,2014,8,10,10.0,10,7,kimi-raikkonen,ferrari,ferrari,pirelli,False,71.0,1:28:42.753,5322753.0,,,+47.777,47777.0,,+3.640,3640.0,,1.0,False,8.0,8,8.0,8,-2.0,2.0,False,,False
905,2014,8,11,11.0,11,22,jenson-button,mclaren,mercedes,pirelli,False,71.0,1:28:45.942,5325942.0,,,+50.966,50966.0,,+3.189,3189.0,,,False,12.0,12,11.0,11,0.0,2.0,False,,False
905,2014,8,12,12.0,12,13,pastor-maldonado,lotus-f1,renault,pirelli,False,70.0,,,,,+1 lap,,1.0,,,,,False,14.0,14,13.0,13,1.0,2.0,False,,False
905,2014,8,13,13.0,13,99,adrian-sutil,sauber,ferrari,pirelli,False,70.0,,,,,+1 lap,,1.0,,,,,False,17.0,17,16.0,16,3.0,2.0,False,,False
905,2014,8,14,14.0,14,8,romain-grosjean,lotus-f1,renault,pirelli,False,70.0,,,,,+1 lap,,1.0,,,,,False,16.0,16,,PL,8.0,2.0,False,,False
905,2014,8,15,15.0,15,17,jules-bianchi,marussia,ferrari,pirelli,False,69.0,,,,,+2 laps,,2.0,,,,,False,19.0,19,18.0,18,3.0,1.0,False,,False
905,2014,8,16,16.0,16,10,kamui-kobayashi,caterham,renault,pirelli,False,69.0,,,,,+2 laps,,2.0,,,,,False,20.0,20,19.0,19,3.0,1.0,False,,False
905,2014,8,17,17.0,17,4,max-chilton,marussia,ferrari,pirelli,False,69.0,,,,,+2 laps,,2.0,,,,,False,21.0,21,21.0,21,4.0,1.0,False,,False
905,2014,8,18,18.0,18,9,marcus-ericsson,caterham,renault,pirelli,False,69.0,,,,,+2 laps,,2.0,,,,,False,22.0,22,20.0,20,2.0,2.0,False,,False
905,2014,8,19,19.0,19,21,esteban-gutierrez,sauber,ferrari,pirelli,False,69.0,,,,,+2 laps,,2.0,,,,,False,18.0,18,17.0,17,-2.0,3.0,False,,False
905,2014,8,20,,DNF,25,jean-eric-vergne,toro-rosso,renault,pirelli,False,59.0,,,,,,,,,,Brakes,,False,15.0,15,14.0,14,,2.0,False,,False
905,2014,8,21,,DNF,1,sebastian-vettel,red-bull,renault,pirelli,False,34.0,,,,,,,,,,Electrical,,False,13.0,13,12.0,12,,2.0,False,,False
905,2014,8,22,,DNF,26,daniil-kvyat,toro-rosso,renault,pirelli,False,24.0,,,,,,,,,,Suspension,,False,7.0,7,7.0,7,,1.0,False,,False
906,2014,9,1,1.0,1,44,lewis-hamilton,mercedes,mercedes,pirelli,False,52.0,2:26:52.094,8812094.0,,,,,,,,,25.0,False,6.0,6,6.0,6,5.0,2.0,True,,False
906,2014,9,2,2.0,2,77,valtteri-bottas,williams,mercedes,pirelli,False,52.0,2:27:22.229,8842229.0,,,+30.135,30135.0,,+30.135,30135.0,,18.0,False,16.0,16,14.0,14,12.0,1.0,False,,False
906,2014,9,3,3.0,3,3,daniel-ricciardo,red-bull,renault,pirelli,False,52.0,2:27:38.589,8858589.0,,,+46.495,46495.0,,+16.360,16360.0,,15.0,False,8.0,8,8.0,8,5.0,1.0,False,,False
906,2014,9,4,4.0,4,22,jenson-button,mclaren,mercedes,pirelli,False,52.0,2:27:39.484,8859484.0,,,+47.390,47390.0,,+0.895,895.0,,12.0,False,3.0,3,3.0,3,-1.0,1.0,False,,False
906,2014,9,5,5.0,5,1,sebastian-vettel,red-bull,renault,pirelli,False,52.0,2:27:45.958,8865958.0,,,+53.864,53864.0,,+6.474,6474.0,,10.0,False,2.0,2,2.0,2,-3.0,2.0,False,,False
906,2014,9,6,6.0,6,14,fernando-alonso,ferrari,ferrari,pirelli,False,52.0,2:27:52.040,8872040.0,,,+59.946,59946.0,,+6.082,6082.0,,8.0,False,18.0,18,16.0,16,10.0,1.0,False,,False
906,2014,9,7,7.0,7,20,kevin-magnussen,mclaren,mercedes,pirelli,False,52.0,2:27:54.657,8874657.0,,,+1:02.563,62563.0,,+2.617,2617.0,,6.0,False,5.0,5,5.0,5,-2.0,1.0,False,,False
906,2014,9,8,8.0,8,27,nico-hulkenberg,force-india,mercedes,pirelli,False,52.0,2:28:20.786,8900786.0,,,+1:28.692,88692.0,,+26.129,26129.0,,4.0,False,4.0,4,4.0,4,-4.0,1.0,False,,False
906,2014,9,9,9.0,9,26,daniil-kvyat,toro-rosso,renault,pirelli,False,52.0,2:28:21.434,8901434.0,,,+1:29.340,89340.0,,+0.648,648.0,,2.0,False,9.0,9,9.0,9,0.0,2.0,False,,False
906,2014,9,10,10.0,10,25,jean-eric-vergne,toro-rosso,renault,pirelli,False,51.0,,,,,+1 lap,,1.0,,,,1.0,False,10.0,10,10.0,10,0.0,1.0,False,,False
906,2014,9,11,11.0,11,11,sergio-perez,force-india,mercedes,pirelli,False,51.0,,,,,+1 lap,,1.0,,,,,False,7.0,7,7.0,7,-4.0,1.0,False,,False
906,2014,9,12,12.0,12,8,romain-grosjean,lotus-f1,renault,pirelli,False,51.0,,,,,+1 lap,,1.0,,,,,False,11.0,11,11.0,11,-1.0,1.0,False,,False
906,2014,9,13,13.0,13,99,adrian-sutil,sauber,ferrari,pirelli,False,51.0,,,,,+1 lap,,1.0,,,,,False,15.0,15,13.0,13,0.0,1.0,False,,False
906,2014,9,14,14.0,14,17,jules-bianchi,marussia,ferrari,pirelli,False,51.0,,,,,+1 lap,,1.0,,,,,False,12.0,12,12.0,12,-2.0,1.0,False,,False
906,2014,9,15,15.0,15,10,kamui-kobayashi,caterham,renault,pirelli,False,50.0,,,,,+2 laps,,2.0,,,,,False,,NC,22.0,22,7.0,2.0,False,,False
906,2014,9,16,16.0,16,4,max-chilton,marussia,ferrari,pirelli,False,50.0,,,,,+2 laps,,2.0,,,,,False,13.0,13,17.0,17,1.0,3.0,False,,False
906,2014,9,17,17.0,17,13,pastor-maldonado,lotus-f1,renault,pirelli,False,49.0,,,,,,,,,,Exhaust,,False,,EX,20.0,20,3.0,1.0,False,,False
906,2014,9,18,,DNF,6,nico-rosberg,mercedes,mercedes,pirelli,False,28.0,,,,,,,,,,Gearbox,,True,1.0,1,1.0,1,,1.0,False,,False
906,2014,9,19,,DNF,9,marcus-ericsson,caterham,renault,pirelli,False,11.0,,,,,,,,,,Suspension,,False,,NC,21.0,21,,0.0,False,,False
906,2014,9,20,,DNF,21,esteban-gutierrez,sauber,ferrari,pirelli,False,9.0,,,,,,,,,,Collision damage,,False,14.0,14,19.0,19,,0.0,False,,False
906,2014,9,21,,DNF,19,felipe-massa,williams,mercedes,pirelli,False,0.0,,,,,,,,,,Collision damage,,False,17.0,17,15.0,15,,0.0,False,,False
906,2014,9,22,,DNF,7,kimi-raikkonen,ferrari,ferrari,pirelli,False,0.0,,,,,,,,,,Accident,,False,19.0,19,18.0,18,,0.0,False,,False
907,2014,10,1,1.0,1,6,nico-rosberg,mercedes,mercedes,pirelli,False,67.0,1:33:42.914,5622914.0,,,,,,,,,25.0,True,1.0,1,1.0,1,0.0,2.0,False,,False
907,2014,10,2,2.0,2,77,valtteri-bottas,williams,mercedes,pirelli,False,67.0,1:34:03.703,5643703.0,,,+20.789,20789.0,,+20.789,20789.0,,18.0,False,2.0,2,2.0,2,0.0,2.0,False,,False
907,2014,10,3,3.0,3,44,lewis-hamilton,mercedes,mercedes,pirelli,False,67.0,1:34:05.444,5645444.0,,,+22.530,22530.0,,+1.741,1741.0,,15.0,False,16.0,16,20.0,20,17.0,3.0,True,,False
907,2014,10,4,4.0,4,1,sebastian-vettel,red-bull,renault,pirelli,False,67.0,1:34:26.928,5666928.0,,,+44.014,44014.0,,+21.484,21484.0,,12.0,False,6.0,6,6.0,6,2.0,3.0,False,,False
907,2014,10,5,5.0,5,14,fernando-alonso,ferrari,ferrari,pirelli,False,67.0,1:34:35.381,5675381.0,,,+52.467,52467.0,,+8.453,8453.0,,10.0,False,7.0,7,7.0,7,2.0,3.0,False,,False
907,2014,10,6,6.0,6,3,daniel-ricciardo,red-bull,renault,pirelli,False,67.0,1:34:35.463,5675463.0,,,+52.549,52549.0,,+0.082,82.0,,8.0,False,5.0,5,5.0,5,-1.0,3.0,False,,False
907,2014,10,7,7.0,7,27,nico-hulkenberg,force-india,mercedes,pirelli,False,67.0,1:34:47.092,5687092.0,,,+1:04.178,64178.0,,+11.629,11629.0,,6.0,False,9.0,9,9.0,9,2.0,2.0,False,,False
907,2014,10,8,8.0,8,22,jenson-button,mclaren,mercedes,pirelli,False,67.0,1:35:07.625,5707625.0,,,+1:24.711,84711.0,,+20.533,20533.0,,4.0,False,11.0,11,11.0,11,3.0,3.0,False,,False
907,2014,10,9,9.0,9,20,kevin-magnussen,mclaren,mercedes,pirelli,False,66.0,,,,,+1 lap,,1.0,,,,2.0,False,4.0,4,4.0,4,-5.0,3.0,False,,False
907,2014,10,10,10.0,10,11,sergio-perez,force-india,mercedes,pirelli,False,66.0,,,,,+1 lap,,1.0,,,,1.0,False,10.0,10,10.0,10,0.0,3.0,False,,False
907,2014,10,11,11.0,11,7,kimi-raikkonen,ferrari,ferrari,pirelli,False,66.0,,,,,+1 lap,,1.0,,,,,False,12.0,12,12.0,12,1.0,3.0,False,,False
907,2014,10,12,12.0,12,13,pastor-maldonado,lotus-f1,renault,pirelli,False,66.0,,,,,+1 lap,,1.0,,,,,False,19.0,19,18.0,18,6.0,2.0,False,,False
907,2014,10,13,13.0,13,25,jean-eric-vergne,toro-rosso,renault,pirelli,False,66.0,,,,,+1 lap,,1.0,,,,,False,13.0,13,13.0,13,0.0,3.0,False,,False
907,2014,10,14,14.0,14,21,esteban-gutierrez,sauber,ferrari,pirelli,False,66.0,,,,,+1 lap,,1.0,,,,,False,14.0,14,16.0,16,2.0,3.0,False,,False
907,2014,10,15,15.0,15,17,jules-bianchi,marussia,ferrari,pirelli,False,66.0,,,,,+1 lap,,1.0,,,,,False,18.0,18,17.0,17,2.0,2.0,False,,False
907,2014,10,16,16.0,16,10,kamui-kobayashi,caterham,renault,pirelli,False,65.0,,,,,+2 laps,,2.0,,,,,False,20.0,20,19.0,19,3.0,3.0,False,,False
907,2014,10,17,17.0,17,4,max-chilton,marussia,ferrari,pirelli,False,65.0,,,,,+2 laps,,2.0,,,,,False,21.0,21,21.0,21,4.0,3.0,False,,False
907,2014,10,18,18.0,18,9,marcus-ericsson,caterham,renault,pirelli,False,65.0,,,,,+2 laps,,2.0,,,,,False,,NC,,PL,4.0,3.0,False,,False
907,2014,10,19,,DNF,99,adrian-sutil,sauber,ferrari,pirelli,False,47.0,,,,,,,,,,Spun off,,False,17.0,17,15.0,15,,3.0,False,,False
907,2014,10,20,,DNF,26,daniil-kvyat,toro-rosso,renault,pirelli,False,44.0,,,,,,,,,,Oil leak,,False,8.0,8,8.0,8,,2.0,False,,False
907,2014,10,21,,DNF,8,romain-grosjean,lotus-f1,renault,pirelli,False,26.0,,,,,,,,,,Water leak,,False,15.0,15,14.0,14,,1.0,False,,False
907,2014,10,22,,DNF,19,felipe-massa,williams,mercedes,pirelli,False,0.0,,,,,,,,,,Collision,,False,3.0,3,3.0,3,,0.0,False,,False
908,2014,11,1,1.0,1,3,daniel-ricciardo,red-bull,renault,pirelli,False,70.0,1:53:05.058,6785058.0,,,,,,,,,25.0,False,4.0,4,4.0,4,3.0,3.0,False,,False
908,2014,11,2,2.0,2,14,fernando-alonso,ferrari,ferrari,pirelli,False,70.0,1:53:10.283,6790283.0,,,+5.225,5225.0,,+5.225,5225.0,,18.0,False,5.0,5,5.0,5,3.0,2.0,False,,False
908,2014,11,3,3.0,3,44,lewis-hamilton,mercedes,mercedes,pirelli,False,70.0,1:53:10.915,6790915.0,,,+5.857,5857.0,,+0.632,632.0,,15.0,False,,NC,,PL,19.0,2.0,False,,False
908,2014,11,4,4.0,4,6,nico-rosberg,mercedes,mercedes,pirelli,False,70.0,1:53:11.419,6791419.0,,,+6.361,6361.0,,+0.504,504.0,,12.0,True,1.0,1,1.0,1,-3.0,3.0,True,,False
908,2014,11,5,5.0,5,19,felipe-massa,williams,mercedes,pirelli,False,70.0,1:53:34.899,6814899.0,,,+29.841,29841.0,,+23.480,23480.0,,10.0,False,6.0,6,6.0,6,1.0,3.0,False,,False
908,2014,11,6,6.0,6,7,kimi-raikkonen,ferrari,ferrari,pirelli,False,70.0,1:53:36.549,6816549.0,,,+31.491,31491.0,,+1.650,1650.0,,8.0,False,17.0,17,16.0,16,10.0,2.0,False,,False
908,2014,11,7,7.0,7,1,sebastian-vettel,red-bull,renault,pirelli,False,70.0,1:53:46.022,6826022.0,,,+40.964,40964.0,,+9.473,9473.0,,6.0,False,2.0,2,2.0,2,-5.0,2.0,False,,False
908,2014,11,8,8.0,8,77,valtteri-bottas,williams,mercedes,pirelli,False,70.0,1:53:46.402,6826402.0,,,+41.344,41344.0,,+0.380,380.0,,4.0,False,3.0,3,3.0,3,-5.0,3.0,False,,False
908,2014,11,9,9.0,9,25,jean-eric-vergne,toro-rosso,renault,pirelli,False,70.0,1:54:03.585,6843585.0,,,+58.527,58527.0,,+17.183,17183.0,,2.0,False,8.0,8,8.0,8,-1.0,2.0,False,,False
908,2014,11,10,10.0,10,22,jenson-button,mclaren,mercedes,pirelli,False,70.0,1:54:12.338,6852338.0,,,+1:07.280,67280.0,,+8.753,8753.0,,1.0,False,7.0,7,7.0,7,-3.0,3.0,False,,False
908,2014,11,11,11.0,11,99,adrian-sutil,sauber,ferrari,pirelli,False,70.0,1:54:13.227,6853227.0,,,+1:08.169,68169.0,,+0.889,889.0,,,False,12.0,12,11.0,11,0.0,2.0,False,,False
908,2014,11,12,12.0,12,20,kevin-magnussen,mclaren,mercedes,pirelli,False,70.0,1:54:23.523,6863523.0,,,+1:18.465,78465.0,,+10.296,10296.0,,,False,10.0,10,,PL,9.0,2.0,False,,False
908,2014,11,13,13.0,13,13,pastor-maldonado,lotus-f1,renault,pirelli,False,70.0,1:54:29.082,6869082.0,,,+1:24.024,84024.0,,+5.559,5559.0,,,False,,NC,20.0,20,7.0,3.0,False,,False
908,2014,11,14,14.0,14,26,daniil-kvyat,toro-rosso,renault,pirelli,False,69.0,,,,,+1 lap,,1.0,,,,,False,11.0,11,10.0,10,-4.0,2.0,False,,False
908,2014,11,15,15.0,15,17,jules-bianchi,marussia,ferrari,pirelli,False,69.0,,,,,+1 lap,,1.0,,,,,False,16.0,16,15.0,15,0.0,3.0,False,,False
908,2014,11,16,16.0,16,4,max-chilton,marussia,ferrari,pirelli,False,69.0,,,,,+1 lap,,1.0,,,,,False,19.0,19,18.0,18,2.0,2.0,False,,False
908,2014,11,17,,DNF,21,esteban-gutierrez,sauber,ferrari,pirelli,False,32.0,,,,,,,,,,Electrical,,False,14.0,14,13.0,13,,1.0,False,,False
908,2014,11,18,,DNF,10,kamui-kobayashi,caterham,renault,pirelli,False,24.0,,,,,,,,,,Fuel system,,False,18.0,18,17.0,17,,1.0,False,,False
908,2014,11,19,,DNF,11,sergio-perez,force-india,mercedes,pirelli,False,22.0,,,,,,,,,,Accident,,False,13.0,13,12.0,12,,1.0,False,,False
908,2014,11,20,,DNF,27,nico-hulkenberg,force-india,mercedes,pirelli,False,14.0,,,,,,,,,,Collision,,False,9.0,9,9.0,9,,1.0,False,,False
908,2014,11,21,,DNF,8,romain-grosjean,lotus-f1,renault,pirelli,False,10.0,,,,,,,,,,Accident,,False,15.0,15,14.0,14,,1.0,False,,False
908,2014,11,22,,DNF,9,marcus-ericsson,caterham,renault,pirelli,False,7.0,,,,,,,,,,Accident,,False,20.0,20,19.0,19,,0.0,False,,False
909,2014,12,1,1.0,1,3,daniel-ricciardo,red-bull,renault,pirelli,False,44.0,1:24:36.556,5076556.0,,,,,,,,,25.0,False,5.0,5,5.0,5,4.0,2.0,False,,False
909,2014,12,2,2.0,2,6,nico-rosberg,mercedes,mercedes,pirelli,False,44.0,1:24:39.939,5079939.0,,,+3.383,3383.0,,+3.383,3383.0,,18.0,True,1.0,1,1.0,1,-1.0,3.0,True,,False
909,2014,12,3,3.0,3,77,valtteri-bottas,williams,mercedes,pirelli,False,44.0,1:25:04.588,5104588.0,,,+28.032,28032.0,,+24.649,24649.0,,15.0,False,6.0,6,6.0,6,3.0,2.0,False,,False
909,2014,12,4,4.0,4,7,kimi-raikkonen,ferrari,ferrari,pirelli,False,44.0,1:25:13.371,5113371.0,,,+36.815,36815.0,,+8.783,8783.0,,12.0,False,8.0,8,8.0,8,4.0,2.0,False,,False
909,2014,12,5,5.0,5,1,sebastian-vettel,red-bull,renault,pirelli,False,44.0,1:25:28.752,5128752.0,,,+52.196,52196.0,,+15.381,15381.0,,10.0,False,3.0,3,3.0,3,-2.0,3.0,False,,False
909,2014,12,6,6.0,6,22,jenson-button,mclaren,mercedes,pirelli,False,44.0,1:25:31.136,5131136.0,,,+54.580,54580.0,,+2.384,2384.0,,8.0,False,10.0,10,10.0,10,4.0,2.0,False,,False
909,2014,12,7,7.0,7,14,fernando-alonso,ferrari,ferrari,pirelli,False,44.0,1:25:37.718,5137718.0,,,+1:01.162,61162.0,,+6.582,6582.0,,6.0,False,4.0,4,4.0,4,-3.0,2.0,False,,False
909,2014,12,8,8.0,8,11,sergio-perez,force-india,mercedes,pirelli,False,44.0,1:25:40.849,5140849.0,,,+1:04.293,64293.0,,+3.131,3131.0,,4.0,False,13.0,13,13.0,13,5.0,2.0,False,,False
909,2014,12,9,9.0,9,26,daniil-kvyat,toro-rosso,renault,pirelli,False,44.0,1:25:41.903,5141903.0,,,+1:05.347,65347.0,,+1.054,1054.0,,2.0,False,11.0,11,11.0,11,2.0,2.0,False,,False
909,2014,12,10,10.0,10,27,nico-hulkenberg,force-india,mercedes,pirelli,False,44.0,1:25:42.253,5142253.0,,,+1:05.697,65697.0,,+0.350,350.0,,1.0,False,18.0,18,18.0,18,8.0,2.0,False,,False
909,2014,12,11,11.0,11,25,jean-eric-vergne,toro-rosso,renault,pirelli,False,44.0,1:25:48.476,5148476.0,,,+1:11.920,71920.0,,+6.223,6223.0,,,False,12.0,12,12.0,12,1.0,2.0,False,,False
909,2014,12,12,12.0,12,20,kevin-magnussen,mclaren,mercedes,pirelli,False,44.0,1:25:50.818,5150818.0,20.0,20000.0,+1:14.262,74262.0,,+2.342,2342.0,,,False,7.0,7,7.0,7,-5.0,2.0,False,,False
909,2014,12,13,13.0,13,19,felipe-massa,williams,mercedes,pirelli,False,44.0,1:25:52.531,5152531.0,,,+1:15.975,75975.0,,+1.713,1713.0,,,False,9.0,9,9.0,9,-4.0,3.0,False,,False
909,2014,12,14,14.0,14,99,adrian-sutil,sauber,ferrari,pirelli,False,44.0,1:25:59.003,5159003.0,,,+1:22.447,82447.0,,+6.472,6472.0,,,False,14.0,14,14.0,14,0.0,3.0,False,,False
909,2014,12,15,15.0,15,21,esteban-gutierrez,sauber,ferrari,pirelli,False,44.0,1:26:07.381,5167381.0,,,+1:30.825,90825.0,,+8.378,8378.0,,,False,20.0,20,20.0,20,5.0,2.0,False,,False
909,2014,12,16,16.0,16,4,max-chilton,marussia,ferrari,pirelli,False,43.0,,,,,+1 lap,,1.0,,,,,False,19.0,19,19.0,19,3.0,2.0,False,,False
909,2014,12,17,17.0,17,9,marcus-ericsson,caterham,renault,pirelli,False,43.0,,,,,+1 lap,,1.0,,,,,False,22.0,22,22.0,22,5.0,2.0,False,,False
909,2014,12,18,18.0,18,17,jules-bianchi,marussia,ferrari,pirelli,False,39.0,,,,,,,,,,Gearbox,,False,16.0,16,16.0,16,-2.0,2.0,False,,False
909,2014,12,19,,DNF,44,lewis-hamilton,mercedes,mercedes,pirelli,False,38.0,,,,,,,,,,Collision damage,,False,2.0,2,2.0,2,,3.0,False,,False
909,2014,12,20,,DNF,8,romain-grosjean,lotus-f1,renault,pirelli,False,33.0,,,,,,,,,,Power unit,,False,15.0,15,15.0,15,,3.0,False,,False
909,2014,12,21,,DNF,13,pastor-maldonado,lotus-f1,renault,pirelli,False,1.0,,,,,,,,,,Exhaust,,False,17.0,17,17.0,17,,0.0,False,,False
909,2014,12,22,,DNF,45,andre-lotterer,caterham,renault,pirelli,False,1.0,,,,,,,,,,Electrical,,False,21.0,21,21.0,21,,0.0,False,,False
910,2014,13,1,1.0,1,44,lewis-hamilton,mercedes,mercedes,pirelli,False,53.0,1:19:10.236,4750236.0,,,,,,,,,25.0,True,1.0,1,1.0,1,0.0,1.0,True,,False
910,2014,13,2,2.0,2,6,nico-rosberg,mercedes,mercedes,pirelli,False,53.0,1:19:13.411,4753411.0,,,+3.175,3175.0,,+3.175,3175.0,,18.0,False,2.0,2,2.0,2,0.0,1.0,False,,False
910,2014,13,3,3.0,3,19,felipe-massa,williams,mercedes,pirelli,False,53.0,1:19:35.262,4775262.0,,,+25.026,25026.0,,+21.851,21851.0,,15.0,False,4.0,4,4.0,4,1.0,1.0,False,,False
910,2014,13,4,4.0,4,77,valtteri-bottas,williams,mercedes,pirelli,False,53.0,1:19:51.022,4791022.0,,,+40.786,40786.0,,+15.760,15760.0,,12.0,False,3.0,3,3.0,3,-1.0,1.0,False,,False
910,2014,13,5,5.0,5,3,daniel-ricciardo,red-bull,renault,pirelli,False,53.0,1:20:00.545,4800545.0,,,+50.309,50309.0,,+9.523,9523.0,,10.0,False,9.0,9,9.0,9,4.0,1.0,False,,False
910,2014,13,6,6.0,6,1,sebastian-vettel,red-bull,renault,pirelli,False,53.0,1:20:10.201,4810201.0,,,+59.965,59965.0,,+9.656,9656.0,,8.0,False,8.0,8,8.0,8,2.0,1.0,False,,False
910,2014,13,7,7.0,7,11,sergio-perez,force-india,mercedes,pirelli,False,53.0,1:20:12.754,4812754.0,,,+1:02.518,62518.0,,+2.553,2553.0,,6.0,False,10.0,10,10.0,10,3.0,1.0,False,,False
910,2014,13,8,8.0,8,22,jenson-button,mclaren,mercedes,pirelli,False,53.0,1:20:13.299,4813299.0,,,+1:03.063,63063.0,,+0.545,545.0,,4.0,False,6.0,6,6.0,6,-2.0,1.0,False,,False
910,2014,13,9,9.0,9,7,kimi-raikkonen,ferrari,ferrari,pirelli,False,53.0,1:20:13.771,4813771.0,,,+1:03.535,63535.0,,+0.472,472.0,,2.0,False,12.0,12,11.0,11,2.0,1.0,False,,False
910,2014,13,10,10.0,10,20,kevin-magnussen,mclaren,mercedes,pirelli,False,53.0,1:20:16.407,4816407.0,5.0,5000.0,+1:06.171,66171.0,,+2.636,2636.0,,1.0,False,5.0,5,5.0,5,-5.0,1.0,False,,False
910,2014,13,11,11.0,11,26,daniil-kvyat,toro-rosso,renault,pirelli,False,53.0,1:20:21.420,4821420.0,,,+1:11.184,71184.0,,+5.013,5013.0,,,False,11.0,11,21.0,21,10.0,1.0,False,,False
910,2014,13,12,12.0,12,27,nico-hulkenberg,force-india,mercedes,pirelli,False,53.0,1:20:22.842,4822842.0,,,+1:12.606,72606.0,,+1.422,1422.0,,,False,14.0,14,13.0,13,1.0,1.0,False,,False
910,2014,13,13,13.0,13,25,jean-eric-vergne,toro-rosso,renault,pirelli,False,53.0,1:20:23.329,4823329.0,,,+1:13.093,73093.0,,+0.487,487.0,,,False,13.0,13,12.0,12,-1.0,1.0,False,,False
910,2014,13,14,14.0,14,13,pastor-maldonado,lotus-f1,renault,pirelli,False,52.0,,,,,+1 lap,,1.0,,,,,False,17.0,17,16.0,16,2.0,1.0,False,,False
910,2014,13,15,15.0,15,99,adrian-sutil,sauber,ferrari,pirelli,False,52.0,,,,,+1 lap,,1.0,,,,,False,15.0,15,14.0,14,-1.0,1.0,False,,False
910,2014,13,16,16.0,16,8,romain-grosjean,lotus-f1,renault,pirelli,False,52.0,,,,,+1 lap,,1.0,,,,,False,18.0,18,17.0,17,1.0,1.0,False,,False
910,2014,13,17,17.0,17,10,kamui-kobayashi,caterham,renault,pirelli,False,52.0,,,,,+1 lap,,1.0,,,,,False,19.0,19,18.0,18,1.0,1.0,False,,False
910,2014,13,18,18.0,18,17,jules-bianchi,marussia,ferrari,pirelli,False,52.0,,,,,+1 lap,,1.0,,,,,False,20.0,20,19.0,19,1.0,1.0,False,,False
910,2014,13,19,19.0,19,9,marcus-ericsson,caterham,renault,pirelli,False,51.0,,,,,+2 laps,,2.0,,,,,False,22.0,22,,PL,3.0,1.0,False,,False
910,2014,13,20,20.0,20,21,esteban-gutierrez,sauber,ferrari,pirelli,False,51.0,,,20.0,20000.0,+2 laps,,2.0,,,,,False,16.0,16,15.0,15,-5.0,3.0,False,,False
910,2014,13,21,,DNF,14,fernando-alonso,ferrari,ferrari,pirelli,False,28.0,,,,,,,,,,Engine,,False,7.0,7,7.0,7,,1.0,False,,False
910,2014,13,22,,DNF,4,max-chilton,marussia,ferrari,pirelli,False,5.0,,,,,,,,,,Accident,,False,21.0,21,20.0,20,,0.0,False,,False
911,2014,14,1,1.0,1,44,lewis-hamilton,mercedes,mercedes,pirelli,False,60.0,2:00:04.795,7204795.0,,,,,,,,,25.0,True,1.0,1,1.0,1,0.0,3.0,True,,False
911,2014,14,2,2.0,2,1,sebastian-vettel,red-bull,renault,pirelli,False,60.0,2:00:18.329,7218329.0,,,+13.534,13534.0,,+13.534,13534.0,,18.0,False,4.0,4,4.0,4,2.0,2.0,False,,False
911,2014,14,3,3.0,3,3,daniel-ricciardo,red-bull,renault,pirelli,False,60.0,2:00:19.068,7219068.0,,,+14.273,14273.0,,+0.739,739.0,,15.0,False,3.0,3,3.0,3,0.0,2.0,False,,False
911,2014,14,4,4.0,4,14,fernando-alonso,ferrari,ferrari,pirelli,False,60.0,2:00:20.184,7220184.0,,,+15.389,15389.0,,+1.116,1116.0,,12.0,False,5.0,5,5.0,5,1.0,3.0,False,,False
911,2014,14,5,5.0,5,19,felipe-massa,williams,mercedes,pirelli,False,60.0,2:00:46.956,7246956.0,,,+42.161,42161.0,,+26.772,26772.0,,10.0,False,6.0,6,6.0,6,1.0,2.0,False,,False
911,2014,14,6,6.0,6,25,jean-eric-vergne,toro-rosso,renault,pirelli,False,60.0,2:01:01.596,7261596.0,5.0,5000.0,+56.801,56801.0,,+14.640,14640.0,,8.0,False,12.0,12,12.0,12,6.0,3.0,False,,False
911,2014,14,7,7.0,7,11,sergio-perez,force-india,mercedes,pirelli,False,60.0,2:01:03.833,7263833.0,,,+59.038,59038.0,,+2.237,2237.0,,6.0,False,15.0,15,15.0,15,8.0,4.0,False,,False
911,2014,14,8,8.0,8,7,kimi-raikkonen,ferrari,ferrari,pirelli,False,60.0,2:01:05.436,7265436.0,,,+1:00.641,60641.0,,+1.603,1603.0,,4.0,False,7.0,7,7.0,7,-1.0,3.0,False,,False
911,2014,14,9,9.0,9,27,nico-hulkenberg,force-india,mercedes,pirelli,False,60.0,2:01:06.456,7266456.0,,,+1:01.661,61661.0,,+1.020,1020.0,,2.0,False,13.0,13,13.0,13,4.0,3.0,False,,False
911,2014,14,10,10.0,10,20,kevin-magnussen,mclaren,mercedes,pirelli,False,60.0,2:01:07.025,7267025.0,,,+1:02.230,62230.0,,+0.569,569.0,,1.0,False,9.0,9,9.0,9,-1.0,3.0,False,,False
911,2014,14,11,11.0,11,77,valtteri-bottas,williams,mercedes,pirelli,False,60.0,2:01:09.860,7269860.0,,,+1:05.065,65065.0,,+2.835,2835.0,,,False,8.0,8,8.0,8,-3.0,2.0,False,,False
911,2014,14,12,12.0,12,13,pastor-maldonado,lotus-f1,renault,pirelli,False,60.0,2:01:11.710,7271710.0,,,+1:06.915,66915.0,,+1.850,1850.0,,,False,18.0,18,18.0,18,6.0,4.0,False,,False
911,2014,14,13,13.0,13,8,romain-grosjean,lotus-f1,renault,pirelli,False,60.0,2:01:12.824,7272824.0,,,+1:08.029,68029.0,,+1.114,1114.0,,,False,16.0,16,16.0,16,3.0,3.0,False,,False
911,2014,14,14,14.0,14,26,daniil-kvyat,toro-rosso,renault,pirelli,False,60.0,2:01:16.803,7276803.0,,,+1:12.008,72008.0,,+3.979,3979.0,,,False,10.0,10,10.0,10,-4.0,3.0,False,,False
911,2014,14,15,15.0,15,9,marcus-ericsson,caterham,renault,pirelli,False,60.0,2:01:38.983,7298983.0,,,+1:34.188,94188.0,,+22.180,22180.0,,,False,22.0,22,22.0,22,7.0,2.0,False,,False
911,2014,14,16,16.0,16,17,jules-bianchi,marussia,ferrari,pirelli,False,60.0,2:01:39.338,7299338.0,,,+1:34.543,94543.0,,+0.355,355.0,,,False,19.0,19,19.0,19,3.0,3.0,False,,False
911,2014,14,17,17.0,17,4,max-chilton,marussia,ferrari,pirelli,False,59.0,,,,,+1 lap,,1.0,,,,,False,21.0,21,21.0,21,4.0,3.0,False,,False
911,2014,14,18,,DNF,22,jenson-button,mclaren,mercedes,pirelli,False,52.0,,,,,,,,,,Electrical,,False,11.0,11,11.0,11,,2.0,False,,False
911,2014,14,19,,DNF,99,adrian-sutil,sauber,ferrari,pirelli,False,40.0,,,,,,,,,,Water leak,,False,17.0,17,17.0,17,,3.0,False,,False
911,2014,14,20,,DNF,21,esteban-gutierrez,sauber,ferrari,pirelli,False,17.0,,,,,,,,,,Electrical,,False,14.0,14,14.0,14,,1.0,False,,False
911,2014,14,21,,DNF,6,nico-rosberg,mercedes,mercedes,pirelli,False,13.0,,,,,,,,,,Steering,,False,2.0,2,,PL,,0.0,False,,False
911,2014,14,22,,DNS,10,kamui-kobayashi,caterham,renault,pirelli,False,,,,,,,,,,,Oil pressure,,False,20.0,20,20.0,20,,0.0,False,,False
912,2014,15,1,1.0,1,44,lewis-hamilton,mercedes,mercedes,pirelli,False,44.0,1:51:43.021,6703021.0,,,,,,,,,25.0,False,2.0,2,2.0,2,1.0,3.0,True,,False
912,2014,15,2,2.0,2,6,nico-rosberg,mercedes,mercedes,pirelli,False,44.0,1:51:52.201,6712201.0,,,+9.180,9180.0,,+9.180,9180.0,,18.0,True,1.0,1,1.0,1,-1.0,3.0,False,,False
912,2014,15,3,3.0,3,1,sebastian-vettel,red-bull,renault,pirelli,False,44.0,1:52:12.143,6732143.0,,,+29.122,29122.0,,+19.942,19942.0,,15.0,False,9.0,9,9.0,9,6.0,3.0,False,,False
912,2014,15,4,4.0,4,3,daniel-ricciardo,red-bull,renault,pirelli,False,44.0,1:52:21.839,6741839.0,,,+38.818,38818.0,,+9.696,9696.0,,12.0,False,6.0,6,6.0,6,2.0,3.0,False,,False
912,2014,15,5,5.0,5,22,jenson-button,mclaren,mercedes,pirelli,False,44.0,1:52:50.571,6770571.0,,,+1:07.550,67550.0,,+28.732,28732.0,,10.0,False,8.0,8,8.0,8,3.0,4.0,False,,False
912,2014,15,6,6.0,6,77,valtteri-bottas,williams,mercedes,pirelli,False,44.0,1:53:36.794,6816794.0,,,+1:53.773,113773.0,,+46.223,46223.0,,8.0,False,3.0,3,3.0,3,-3.0,3.0,False,,False
912,2014,15,7,7.0,7,19,felipe-massa,williams,mercedes,pirelli,False,44.0,1:53:38.147,6818147.0,,,+1:55.126,115126.0,,+1.353,1353.0,,6.0,False,4.0,4,4.0,4,-3.0,3.0,False,,False
912,2014,15,8,8.0,8,27,nico-hulkenberg,force-india,mercedes,pirelli,False,44.0,1:53:38.969,6818969.0,,,+1:55.948,115948.0,,+0.822,822.0,,4.0,False,14.0,14,13.0,13,5.0,4.0,False,,False
912,2014,15,9,9.0,9,25,jean-eric-vergne,toro-rosso,renault,pirelli,False,44.0,1:53:50.659,6830659.0,,,+2:07.638,127638.0,,+11.690,11690.0,,2.0,False,11.0,11,20.0,20,11.0,3.0,False,,False
912,2014,15,10,10.0,10,11,sergio-perez,force-india,mercedes,pirelli,False,43.0,,,,,+1 lap,,1.0,,,,1.0,False,12.0,12,11.0,11,1.0,4.0,False,,False
912,2014,15,11,11.0,11,26,daniil-kvyat,toro-rosso,renault,pirelli,False,43.0,,,,,+1 lap,,1.0,,,,,False,13.0,13,12.0,12,1.0,4.0,False,,False
912,2014,15,12,12.0,12,7,kimi-raikkonen,ferrari,ferrari,pirelli,False,43.0,,,,,+1 lap,,1.0,,,,,False,10.0,10,10.0,10,-2.0,5.0,False,,False
912,2014,15,13,13.0,13,21,esteban-gutierrez,sauber,ferrari,pirelli,False,43.0,,,,,+1 lap,,1.0,,,,,False,16.0,16,15.0,15,2.0,3.0,False,,False
912,2014,15,14,14.0,14,20,kevin-magnussen,mclaren,mercedes,pirelli,False,43.0,,,,,+1 lap,,1.0,,,,,False,7.0,7,7.0,7,-7.0,5.0,False,,False
912,2014,15,15,15.0,15,8,romain-grosjean,lotus-f1,renault,pirelli,False,43.0,,,,,+1 lap,,1.0,,,,,False,18.0,18,16.0,16,1.0,5.0,False,,False
912,2014,15,16,16.0,16,13,pastor-maldonado,lotus-f1,renault,pirelli,False,43.0,,,20.0,20000.0,+1 lap,,1.0,,,,,False,17.0,17,22.0,22,6.0,4.0,False,,False
912,2014,15,17,17.0,17,9,marcus-ericsson,caterham,renault,pirelli,False,43.0,,,,,+1 lap,,1.0,,,,,False,19.0,19,17.0,17,0.0,4.0,False,,False
912,2014,15,18,18.0,18,4,max-chilton,marussia,ferrari,pirelli,False,43.0,,,,,+1 lap,,1.0,,,,,False,22.0,22,21.0,21,3.0,3.0,False,,False
912,2014,15,19,19.0,19,10,kamui-kobayashi,caterham,renault,pirelli,False,43.0,,,,,+1 lap,,1.0,,,,,False,21.0,21,19.0,19,0.0,5.0,False,,False
912,2014,15,20,20.0,20,17,jules-bianchi,marussia,ferrari,pirelli,False,41.0,,,,,,,,,,Fatal accident,,False,20.0,20,18.0,18,-2.0,3.0,False,,False
912,2014,15,21,21.0,21,99,adrian-sutil,sauber,ferrari,pirelli,False,40.0,,,,,,,,,,Accident,,False,15.0,15,14.0,14,-7.0,4.0,False,,False
912,2014,15,22,,DNF,14,fernando-alonso,ferrari,ferrari,pirelli,False,2.0,,,,,,,,,,Electrical,,False,5.0,5,5.0,5,,1.0,False,,False
913,2014,16,1,1.0,1,44,lewis-hamilton,mercedes,mercedes,pirelli,False,53.0,1:31:50.744,5510744.0,,,,,,,,,25.0,True,1.0,1,1.0,1,0.0,1.0,False,,False
913,2014,16,2,2.0,2,6,nico-rosberg,mercedes,mercedes,pirelli,False,53.0,1:32:04.401,5524401.0,,,+13.657,13657.0,,+13.657,13657.0,,18.0,False,2.0,2,2.0,2,0.0,1.0,False,,False
913,2014,16,3,3.0,3,77,valtteri-bottas,williams,mercedes,pirelli,False,53.0,1:32:08.169,5528169.0,,,+17.425,17425.0,,+3.768,3768.0,,15.0,False,3.0,3,3.0,3,0.0,1.0,True,,False
913,2014,16,4,4.0,4,22,jenson-button,mclaren,mercedes,pirelli,False,53.0,1:32:20.978,5540978.0,,,+30.234,30234.0,,+12.809,12809.0,,12.0,False,4.0,4,4.0,4,0.0,1.0,False,,False
913,2014,16,5,5.0,5,20,kevin-magnussen,mclaren,mercedes,pirelli,False,53.0,1:32:44.360,5564360.0,,,+53.616,53616.0,,+23.382,23382.0,,10.0,False,6.0,6,11.0,11,6.0,1.0,False,,False
913,2014,16,6,6.0,6,14,fernando-alonso,ferrari,ferrari,pirelli,False,53.0,1:32:50.760,5570760.0,,,+1:00.016,60016.0,,+6.400,6400.0,,8.0,False,8.0,8,7.0,7,1.0,1.0,False,,False
913,2014,16,7,7.0,7,3,daniel-ricciardo,red-bull,renault,pirelli,False,53.0,1:32:52.556,5572556.0,,,+1:01.812,61812.0,,+1.796,1796.0,,6.0,False,7.0,7,6.0,6,-1.0,1.0,False,,False
913,2014,16,8,8.0,8,1,sebastian-vettel,red-bull,renault,pirelli,False,53.0,1:32:56.929,5576929.0,,,+1:06.185,66185.0,,+4.373,4373.0,,4.0,False,11.0,11,10.0,10,2.0,1.0,False,,False
913,2014,16,9,9.0,9,7,kimi-raikkonen,ferrari,ferrari,pirelli,False,53.0,1:33:09.621,5589621.0,,,+1:18.877,78877.0,,+12.692,12692.0,,2.0,False,9.0,9,8.0,8,-1.0,1.0,False,,False
913,2014,16,10,10.0,10,11,sergio-perez,force-india,mercedes,pirelli,False,53.0,1:33:10.811,5590811.0,,,+1:20.067,80067.0,,+1.190,1190.0,,1.0,False,13.0,13,12.0,12,2.0,1.0,False,,False
913,2014,16,11,11.0,11,19,felipe-massa,williams,mercedes,pirelli,False,53.0,1:33:11.621,5591621.0,,,+1:20.877,80877.0,,+0.810,810.0,,,False,18.0,18,18.0,18,7.0,2.0,False,,False
913,2014,16,12,12.0,12,27,nico-hulkenberg,force-india,mercedes,pirelli,False,53.0,1:33:12.053,5592053.0,,,+1:21.309,81309.0,,+0.432,432.0,,,False,12.0,12,17.0,17,5.0,1.0,False,,False
913,2014,16,13,13.0,13,25,jean-eric-vergne,toro-rosso,renault,pirelli,False,53.0,1:33:28.039,5608039.0,,,+1:37.295,97295.0,,+15.986,15986.0,,,False,10.0,10,9.0,9,-4.0,1.0,False,,False
913,2014,16,14,14.0,14,26,daniil-kvyat,toro-rosso,renault,pirelli,False,52.0,,,,,+1 lap,,1.0,,,,,False,5.0,5,5.0,5,-9.0,2.0,False,,False
913,2014,16,15,15.0,15,21,esteban-gutierrez,sauber,ferrari,pirelli,False,52.0,,,,,+1 lap,,1.0,,,,,False,14.0,14,13.0,13,-2.0,1.0,False,,False
913,2014,16,16,16.0,16,99,adrian-sutil,sauber,ferrari,pirelli,False,52.0,,,,,+1 lap,,1.0,,,,,False,15.0,15,14.0,14,-2.0,1.0,False,,False
913,2014,16,17,17.0,17,8,romain-grosjean,lotus-f1,renault,pirelli,False,52.0,,,,,+1 lap,,1.0,,,,,False,16.0,16,15.0,15,-2.0,1.0,False,,False
913,2014,16,18,18.0,18,13,pastor-maldonado,lotus-f1,renault,pirelli,False,52.0,,,,,+1 lap,,1.0,,,,,False,20.0,20,21.0,21,3.0,1.0,False,,False
913,2014,16,19,19.0,19,9,marcus-ericsson,caterham,renault,pirelli,False,51.0,,,,,+2 laps,,2.0,,,,,False,17.0,17,16.0,16,-3.0,2.0,False,,False
913,2014,16,20,,DNF,10,kamui-kobayashi,caterham,renault,pirelli,False,21.0,,,,,,,,,,Brakes,,False,19.0,19,19.0,19,,0.0,False,,False
913,2014,16,21,,DNF,4,max-chilton,marussia,ferrari,pirelli,False,9.0,,,,,,,,,,Suspension,,False,21.0,21,20.0,20,,1.0,False,,False
914,2014,17,1,1.0,1,44,lewis-hamilton,mercedes,mercedes,pirelli,False,56.0,1:40:04.785,6004785.0,,,,,,,,,25.0,False,2.0,2,2.0,2,1.0,2.0,False,,False
914,2014,17,2,2.0,2,6,nico-rosberg,mercedes,mercedes,pirelli,False,56.0,1:40:09.099,6009099.0,,,+4.314,4314.0,,+4.314,4314.0,,18.0,True,1.0,1,1.0,1,-1.0,2.0,False,,False
914,2014,17,3,3.0,3,3,daniel-ricciardo,red-bull,renault,pirelli,False,56.0,1:40:30.345,6030345.0,,,+25.560,25560.0,,+21.246,21246.0,,15.0,False,5.0,5,5.0,5,2.0,2.0,False,,False
914,2014,17,4,4.0,4,19,felipe-massa,williams,mercedes,pirelli,False,56.0,1:40:31.709,6031709.0,,,+26.924,26924.0,,+1.364,1364.0,,12.0,False,4.0,4,4.0,4,0.0,2.0,False,,False
914,2014,17,5,5.0,5,77,valtteri-bottas,williams,mercedes,pirelli,False,56.0,1:40:35.777,6035777.0,,,+30.992,30992.0,,+4.068,4068.0,,10.0,False,3.0,3,3.0,3,-2.0,2.0,False,,False
914,2014,17,6,6.0,6,14,fernando-alonso,ferrari,ferrari,pirelli,False,56.0,1:41:40.016,6100016.0,,,+1:35.231,95231.0,,+1:04.239,64239.0,,8.0,False,6.0,6,6.0,6,0.0,2.0,False,,False
914,2014,17,7,7.0,7,1,sebastian-vettel,red-bull,renault,pirelli,False,56.0,1:41:40.519,6100519.0,,,+1:35.734,95734.0,,+0.503,503.0,,6.0,False,17.0,17,,PL,11.0,4.0,True,,False
914,2014,17,8,8.0,8,20,kevin-magnussen,mclaren,mercedes,pirelli,False,56.0,1:41:45.467,6105467.0,,,+1:40.682,100682.0,,+4.948,4948.0,,4.0,False,8.0,8,7.0,7,-1.0,2.0,False,,False
914,2014,17,9,9.0,9,13,pastor-maldonado,lotus-f1,renault,pirelli,False,56.0,1:41:52.655,6112655.0,,,+1:47.870,107870.0,,+7.188,7188.0,,2.0,False,11.0,11,10.0,10,1.0,2.0,False,,False
914,2014,17,10,10.0,10,25,jean-eric-vergne,toro-rosso,renault,pirelli,False,56.0,1:41:53.648,6113648.0,,,+1:48.863,108863.0,,+0.993,993.0,,1.0,False,15.0,15,14.0,14,4.0,2.0,False,,False
914,2014,17,11,11.0,11,8,romain-grosjean,lotus-f1,renault,pirelli,False,55.0,,,,,+1 lap,,1.0,,,,,False,18.0,18,16.0,16,5.0,2.0,False,,False
914,2014,17,12,12.0,12,22,jenson-button,mclaren,mercedes,pirelli,False,55.0,,,,,+1 lap,,1.0,,,,,False,7.0,7,12.0,12,0.0,2.0,False,,False
914,2014,17,13,13.0,13,7,kimi-raikkonen,ferrari,ferrari,pirelli,False,55.0,,,,,+1 lap,,1.0,,,,,False,9.0,9,8.0,8,-5.0,3.0,False,,False
914,2014,17,14,14.0,14,21,esteban-gutierrez,sauber,ferrari,pirelli,False,55.0,,,,,+1 lap,,1.0,,,,,False,16.0,16,15.0,15,1.0,3.0,False,,False
914,2014,17,15,15.0,15,26,daniil-kvyat,toro-rosso,renault,pirelli,False,55.0,,,,,+1 lap,,1.0,,,,,False,14.0,14,17.0,17,2.0,3.0,False,,False
914,2014,17,16,,DNF,27,nico-hulkenberg,force-india,mercedes,pirelli,False,16.0,,,,,,,,,,Engine,,False,13.0,13,13.0,13,,1.0,False,,False
914,2014,17,17,,DNF,11,sergio-perez,force-india,mercedes,pirelli,False,1.0,,,,,,,,,,Collision damage,,False,12.0,12,11.0,11,,0.0,False,,False
914,2014,17,18,,DNF,99,adrian-sutil,sauber,ferrari,pirelli,False,0.0,,,,,,,,,,Collision,,False,10.0,10,9.0,9,,0.0,False,,False
915,2014,18,1,1.0,1,6,nico-rosberg,mercedes,mercedes,pirelli,False,71.0,1:30:02.555,5402555.0,,,,,,,,,25.0,True,1.0,1,1.0,1,0.0,3.0,False,,False
915,2014,18,2,2.0,2,44,lewis-hamilton,mercedes,mercedes,pirelli,False,71.0,1:30:04.012,5404012.0,,,+1.457,1457.0,,+1.457,1457.0,,18.0,False,2.0,2,2.0,2,0.0,3.0,True,,False
915,2014,18,3,3.0,3,19,felipe-massa,williams,mercedes,pirelli,False,71.0,1:30:43.586,5443586.0,,,+41.031,41031.0,,+39.574,39574.0,,15.0,False,3.0,3,3.0,3,0.0,3.0,False,,False
915,2014,18,4,4.0,4,22,jenson-button,mclaren,mercedes,pirelli,False,71.0,1:30:51.213,5451213.0,,,+48.658,48658.0,,+7.627,7627.0,,12.0,False,5.0,5,5.0,5,1.0,3.0,False,,False
915,2014,18,5,5.0,5,1,sebastian-vettel,red-bull,renault,pirelli,False,71.0,1:30:53.975,5453975.0,,,+51.420,51420.0,,+2.762,2762.0,,10.0,False,6.0,6,6.0,6,1.0,3.0,False,,False
915,2014,18,6,6.0,6,14,fernando-alonso,ferrari,ferrari,pirelli,False,71.0,1:31:04.461,5464461.0,,,+1:01.906,61906.0,,+10.486,10486.0,,8.0,False,8.0,8,8.0,8,2.0,3.0,False,,False
915,2014,18,7,7.0,7,7,kimi-raikkonen,ferrari,ferrari,pirelli,False,71.0,1:31:06.285,5466285.0,,,+1:03.730,63730.0,,+1.824,1824.0,,6.0,False,10.0,10,10.0,10,3.0,2.0,False,,False
915,2014,18,8,8.0,8,27,nico-hulkenberg,force-india,mercedes,pirelli,False,71.0,1:31:06.489,5466489.0,,,+1:03.934,63934.0,,+0.204,204.0,,4.0,False,12.0,12,12.0,12,4.0,3.0,False,,False
915,2014,18,9,9.0,9,20,kevin-magnussen,mclaren,mercedes,pirelli,False,71.0,1:31:12.640,5472640.0,,,+1:10.085,70085.0,,+6.151,6151.0,,2.0,False,7.0,7,7.0,7,-2.0,3.0,False,,False
915,2014,18,10,10.0,10,77,valtteri-bottas,williams,mercedes,pirelli,False,70.0,,,,,+1 lap,,1.0,,,,1.0,False,4.0,4,4.0,4,-6.0,3.0,False,,False
915,2014,18,11,11.0,11,26,daniil-kvyat,toro-rosso,renault,pirelli,False,70.0,,,,,+1 lap,,1.0,,,,,False,14.0,14,17.0,17,6.0,3.0,False,,False
915,2014,18,12,12.0,12,13,pastor-maldonado,lotus-f1,renault,pirelli,False,70.0,,,,,+1 lap,,1.0,,,,,False,18.0,18,16.0,16,4.0,3.0,False,,False
915,2014,18,13,13.0,13,25,jean-eric-vergne,toro-rosso,renault,pirelli,False,70.0,,,,,+1 lap,,1.0,,,,,False,16.0,16,15.0,15,2.0,3.0,False,,False
915,2014,18,14,14.0,14,21,esteban-gutierrez,sauber,ferrari,pirelli,False,70.0,,,,,+1 lap,,1.0,,,,,False,11.0,11,11.0,11,-3.0,3.0,False,,False
915,2014,18,15,15.0,15,11,sergio-perez,force-india,mercedes,pirelli,False,70.0,,,,,+1 lap,,1.0,,,,,False,17.0,17,18.0,18,3.0,3.0,False,,False
915,2014,18,16,16.0,16,99,adrian-sutil,sauber,ferrari,pirelli,False,70.0,,,,,+1 lap,,1.0,,,,,False,13.0,13,13.0,13,-3.0,3.0,False,,False
915,2014,18,17,17.0,17,8,romain-grosjean,lotus-f1,renault,pirelli,False,63.0,,,,,,,,,,Power unit,,False,15.0,15,14.0,14,-3.0,3.0,False,,False
915,2014,18,18,,DNF,3,daniel-ricciardo,red-bull,renault,pirelli,False,39.0,,,,,,,,,,Suspension,,False,9.0,9,9.0,9,,2.0,False,,False
916,2014,19,1,1.0,1,44,lewis-hamilton,mercedes,mercedes,pirelli,False,55.0,1:39:02.619,5942619.0,,,,,,,,,50.0,False,2.0,2,2.0,2,1.0,2.0,False,,False
916,2014,19,2,2.0,2,19,felipe-massa,williams,mercedes,pirelli,False,55.0,1:39:05.195,5945195.0,,,+2.576,2576.0,,+2.576,2576.0,,36.0,False,4.0,4,4.0,4,2.0,2.0,False,,False
916,2014,19,3,3.0,3,77,valtteri-bottas,williams,mercedes,pirelli,False,55.0,1:39:31.499,5971499.0,,,+28.880,28880.0,,+26.304,26304.0,,30.0,False,3.0,3,3.0,3,0.0,2.0,False,,False
916,2014,19,4,4.0,4,3,daniel-ricciardo,red-bull,renault,pirelli,False,55.0,1:39:39.856,5979856.0,,,+37.237,37237.0,,+8.357,8357.0,,24.0,False,,EX,,PL,16.0,2.0,True,,False
916,2014,19,5,5.0,5,22,jenson-button,mclaren,mercedes,pirelli,False,55.0,1:40:02.953,6002953.0,,,+1:00.334,60334.0,,+23.097,23097.0,,20.0,False,6.0,6,6.0,6,1.0,2.0,False,,False
916,2014,19,6,6.0,6,27,nico-hulkenberg,force-india,mercedes,pirelli,False,55.0,1:40:04.767,6004767.0,,,+1:02.148,62148.0,,+1.814,1814.0,,16.0,False,12.0,12,12.0,12,6.0,2.0,False,,False
916,2014,19,7,7.0,7,11,sergio-perez,force-india,mercedes,pirelli,False,55.0,1:40:13.679,6013679.0,,,+1:11.060,71060.0,,+8.912,8912.0,,12.0,False,11.0,11,11.0,11,4.0,2.0,False,,False
916,2014,19,8,8.0,8,1,sebastian-vettel,red-bull,renault,pirelli,False,55.0,1:40:14.664,6014664.0,,,+1:12.045,72045.0,,+0.985,985.0,,8.0,False,,EX,,PL,11.0,2.0,False,,False
916,2014,19,9,9.0,9,14,fernando-alonso,ferrari,ferrari,pirelli,False,55.0,1:40:28.432,6028432.0,,,+1:25.813,85813.0,,+13.768,13768.0,,4.0,False,8.0,8,8.0,8,-1.0,2.0,False,,False
916,2014,19,10,10.0,10,7,kimi-raikkonen,ferrari,ferrari,pirelli,False,55.0,1:40:30.439,6030439.0,,,+1:27.820,87820.0,,+2.007,2007.0,,2.0,False,7.0,7,7.0,7,-3.0,2.0,False,,False
916,2014,19,11,11.0,11,20,kevin-magnussen,mclaren,mercedes,pirelli,False,55.0,1:40:32.995,6032995.0,,,+1:30.376,90376.0,,+2.556,2556.0,,,False,9.0,9,9.0,9,-2.0,2.0,False,,False
916,2014,19,12,12.0,12,25,jean-eric-vergne,toro-rosso,renault,pirelli,False,55.0,1:40:34.566,6034566.0,,,+1:31.947,91947.0,,+1.571,1571.0,,,False,10.0,10,10.0,10,-2.0,3.0,False,,False
916,2014,19,13,13.0,13,8,romain-grosjean,lotus-f1,renault,pirelli,False,54.0,,,,,+1 lap,,1.0,,,,,False,14.0,14,18.0,18,5.0,3.0,False,,False
916,2014,19,14,14.0,14,6,nico-rosberg,mercedes,mercedes,pirelli,False,54.0,,,,,+1 lap,,1.0,,,,,True,1.0,1,1.0,1,-13.0,2.0,False,,False
916,2014,19,15,15.0,15,21,esteban-gutierrez,sauber,ferrari,pirelli,False,54.0,,,,,+1 lap,,1.0,,,,,False,15.0,15,14.0,14,-1.0,2.0,False,,False
916,2014,19,16,16.0,16,99,adrian-sutil,sauber,ferrari,pirelli,False,54.0,,,,,+1 lap,,1.0,,,,,False,13.0,13,13.0,13,-3.0,3.0,False,,False
916,2014,19,17,17.0,17,46,will-stevens,caterham,renault,pirelli,False,54.0,,,,,+1 lap,,1.0,,,,,False,18.0,18,17.0,17,0.0,2.0,False,,False
916,2014,19,18,,DNF,10,kamui-kobayashi,caterham,renault,pirelli,False,42.0,,,,,,,,,,Vibrations,,False,17.0,17,16.0,16,,2.0,False,,False
916,2014,19,19,,DNF,13,pastor-maldonado,lotus-f1,renault,pirelli,False,26.0,,,,,,,,,,Engine,,False,16.0,16,15.0,15,,1.0,False,,False
916,2014,19,20,,DNF,26,daniil-kvyat,toro-rosso,renault,pirelli,False,14.0,,,,,,,,,,Driveshaft,,False,5.0,5,5.0,5,,1.0,False,,False
917,2015,1,1,1.0,1,44,lewis-hamilton,mercedes,mercedes,pirelli,False,58.0,1:31:54.067,5514067.0,,,,,,,,,25.0,True,1.0,1,1.0,1,0.0,1.0,True,,False
917,2015,1,2,2.0,2,6,nico-rosberg,mercedes,mercedes,pirelli,False,58.0,1:31:55.427,5515427.0,,,+1.360,1360.0,,+1.360,1360.0,,18.0,False,2.0,2,2.0,2,0.0,1.0,False,,False
917,2015,1,3,3.0,3,5,sebastian-vettel,ferrari,ferrari,pirelli,False,58.0,1:32:28.590,5548590.0,,,+34.523,34523.0,,+33.163,33163.0,,15.0,False,4.0,4,4.0,4,1.0,1.0,False,,False
917,2015,1,4,4.0,4,19,felipe-massa,williams,mercedes,pirelli,False,58.0,1:32:32.263,5552263.0,,,+38.196,38196.0,,+3.673,3673.0,,12.0,False,3.0,3,3.0,3,-1.0,1.0,False,,False
917,2015,1,5,5.0,5,12,felipe-nasr,sauber,ferrari,pirelli,False,58.0,1:33:29.216,5609216.0,,,+1:35.149,95149.0,,+56.953,56953.0,,10.0,False,11.0,11,10.0,10,5.0,1.0,False,,False
917,2015,1,6,6.0,6,3,daniel-ricciardo,red-bull,renault,pirelli,False,57.0,,,,,+1 lap,,1.0,,,,8.0,False,7.0,7,6.0,6,0.0,1.0,False,,False
917,2015,1,7,7.0,7,27,nico-hulkenberg,force-india,mercedes,pirelli,False,57.0,,,,,+1 lap,,1.0,,,,6.0,False,14.0,14,13.0,13,6.0,2.0,False,,False
917,2015,1,8,8.0,8,9,marcus-ericsson,sauber,ferrari,pirelli,False,57.0,,,,,+1 lap,,1.0,,,,4.0,False,16.0,16,15.0,15,7.0,3.0,False,,False
917,2015,1,9,9.0,9,55,carlos-sainz-jr,toro-rosso,renault,pirelli,False,57.0,,,,,+1 lap,,1.0,,,,2.0,False,8.0,8,7.0,7,-2.0,1.0,False,,False
917,2015,1,10,10.0,10,11,sergio-perez,force-india,mercedes,pirelli,False,57.0,,,,,+1 lap,,1.0,,,,1.0,False,15.0,15,14.0,14,4.0,1.0,False,,False
917,2015,1,11,11.0,11,22,jenson-button,mclaren,honda,pirelli,False,56.0,,,,,+2 laps,,2.0,,,,,False,17.0,17,16.0,16,5.0,1.0,False,,False
917,2015,1,12,,DNF,7,kimi-raikkonen,ferrari,ferrari,pirelli,False,40.0,,,,,,,,,,Wheel,,False,5.0,5,5.0,5,,2.0,False,,False
917,2015,1,13,,DNF,33,max-verstappen,toro-rosso,renault,pirelli,False,32.0,,,,,,,,,,Engine,,False,12.0,12,11.0,11,,1.0,False,,False
917,2015,1,14,,DNF,8,romain-grosjean,lotus-f1,mercedes,pirelli,False,0.0,,,,,,,,,,Power loss,,False,9.0,9,8.0,8,,0.0,False,,False
917,2015,1,15,,DNF,13,pastor-maldonado,lotus-f1,mercedes,pirelli,False,0.0,,,,,,,,,,Collision,,False,10.0,10,9.0,9,,0.0,False,,False
917,2015,1,16,,DNS,26,daniil-kvyat,red-bull,renault,pirelli,False,,,,,,,,,,,Gearbox,,False,13.0,13,12.0,12,,0.0,False,,False
917,2015,1,17,,DNS,20,kevin-magnussen,mclaren,honda,pirelli,False,,,,,,,,,,,Engine,,False,18.0,18,17.0,17,,0.0,False,,False
917,2015,1,18,,DNS,77,valtteri-bottas,williams,mercedes,pirelli,False,,,,,,,,,,,Injury,,False,6.0,6,,,,0.0,False,,False
917,2015,1,19,,DNP,28,will-stevens,marussia,ferrari,pirelli,False,,,,,,,,,,,,,False,,,,,,0.0,False,,False
917,2015,1,20,,DNP,98,roberto-merhi,marussia,ferrari,pirelli,False,,,,,,,,,,,,,False,,,,,,0.0,False,,False
918,2015,2,1,1.0,1,5,sebastian-vettel,ferrari,ferrari,pirelli,False,56.0,1:41:05.793,6065793.0,,,,,,,,,25.0,False,2.0,2,2.0,2,1.0,2.0,False,,False
918,2015,2,2,2.0,2,44,lewis-hamilton,mercedes,mercedes,pirelli,False,56.0,1:41:14.362,6074362.0,,,+8.569,8569.0,,+8.569,8569.0,,18.0,True,1.0,1,1.0,1,-1.0,3.0,False,,False
918,2015,2,3,3.0,3,6,nico-rosberg,mercedes,mercedes,pirelli,False,56.0,1:41:18.103,6078103.0,,,+12.310,12310.0,,+3.741,3741.0,,15.0,False,3.0,3,3.0,3,0.0,3.0,True,,False
918,2015,2,4,4.0,4,7,kimi-raikkonen,ferrari,ferrari,pirelli,False,56.0,1:41:59.615,6119615.0,,,+53.822,53822.0,,+41.512,41512.0,,12.0,False,11.0,11,11.0,11,7.0,3.0,False,,False
918,2015,2,5,5.0,5,77,valtteri-bottas,williams,mercedes,pirelli,False,56.0,1:42:16.202,6136202.0,,,+1:10.409,70409.0,,+16.587,16587.0,,10.0,False,9.0,9,8.0,8,3.0,3.0,False,,False
918,2015,2,6,6.0,6,19,felipe-massa,williams,mercedes,pirelli,False,56.0,1:42:19.379,6139379.0,,,+1:13.586,73586.0,,+3.177,3177.0,,8.0,False,7.0,7,7.0,7,1.0,3.0,False,,False
918,2015,2,7,7.0,7,33,max-verstappen,toro-rosso,renault,pirelli,False,56.0,1:42:43.555,6163555.0,,,+1:37.762,97762.0,,+24.176,24176.0,,6.0,False,6.0,6,6.0,6,-1.0,3.0,False,,False
918,2015,2,8,8.0,8,55,carlos-sainz-jr,toro-rosso,renault,pirelli,False,55.0,,,,,+1 lap,,1.0,,,,4.0,False,15.0,15,15.0,15,7.0,2.0,False,,False
918,2015,2,9,9.0,9,26,daniil-kvyat,red-bull,renault,pirelli,False,55.0,,,,,+1 lap,,1.0,,,,2.0,False,5.0,5,5.0,5,-4.0,3.0,False,,False
918,2015,2,10,10.0,10,3,daniel-ricciardo,red-bull,renault,pirelli,False,55.0,,,,,+1 lap,,1.0,,,,1.0,False,4.0,4,4.0,4,-6.0,3.0,False,,False
918,2015,2,11,11.0,11,8,romain-grosjean,lotus-f1,mercedes,pirelli,False,55.0,,,,,+1 lap,,1.0,,,,,False,8.0,8,10.0,10,-1.0,3.0,False,,False
918,2015,2,12,12.0,12,12,felipe-nasr,sauber,ferrari,pirelli,False,55.0,,,,,+1 lap,,1.0,,,,,False,16.0,16,16.0,16,4.0,4.0,False,,False
918,2015,2,13,13.0,13,11,sergio-perez,force-india,mercedes,pirelli,False,55.0,,,,,+1 lap,,1.0,,,,,False,14.0,14,14.0,14,1.0,2.0,False,,False
918,2015,2,14,14.0,14,27,nico-hulkenberg,force-india,mercedes,pirelli,False,55.0,,,,,+1 lap,,1.0,,,,,False,13.0,13,13.0,13,-1.0,3.0,False,,False
918,2015,2,15,15.0,15,98,roberto-merhi,marussia,ferrari,pirelli,False,53.0,,,,,+3 laps,,3.0,,,,,False,,NC,19.0,19,4.0,3.0,False,,False
918,2015,2,16,,DNF,13,pastor-maldonado,lotus-f1,mercedes,pirelli,False,47.0,,,,,,,,,,Brakes,,False,12.0,12,12.0,12,,3.0,False,,False
918,2015,2,17,,DNF,22,jenson-button,mclaren,honda,pirelli,False,41.0,,,,,,,,,,Turbo,,False,17.0,17,17.0,17,,3.0,False,,False
918,2015,2,18,,DNF,14,fernando-alonso,mclaren,honda,pirelli,False,21.0,,,,,,,,,,Power unit,,False,18.0,18,18.0,18,,1.0,False,,False
918,2015,2,19,,DNF,9,marcus-ericsson,sauber,ferrari,pirelli,False,3.0,,,,,,,,,,Spun off,,False,10.0,10,9.0,9,,0.0,False,,False
918,2015,2,20,,DNS,28,will-stevens,marussia,ferrari,pirelli,False,,,,,,,,,,,Fuel system,,False,,NC,20.0,20,,0.0,False,,False
919,2015,3,1,1.0,1,44,lewis-hamilton,mercedes,mercedes,pirelli,False,56.0,1:39:42.008,5982008.0,,,,,,,,,25.0,True,1.0,1,1.0,1,0.0,2.0,True,,False
919,2015,3,2,2.0,2,6,nico-rosberg,mercedes,mercedes,pirelli,False,56.0,1:39:42.722,5982722.0,,,+0.714,714.0,,+0.714,714.0,,18.0,False,2.0,2,2.0,2,0.0,2.0,False,,False
919,2015,3,3,3.0,3,5,sebastian-vettel,ferrari,ferrari,pirelli,False,56.0,1:39:44.996,5984996.0,,,+2.988,2988.0,,+2.274,2274.0,,15.0,False,3.0,3,3.0,3,0.0,2.0,False,,False
919,2015,3,4,4.0,4,7,kimi-raikkonen,ferrari,ferrari,pirelli,False,56.0,1:39:45.843,5985843.0,,,+3.835,3835.0,,+0.847,847.0,,12.0,False,6.0,6,6.0,6,2.0,2.0,False,,False
919,2015,3,5,5.0,5,19,felipe-massa,williams,mercedes,pirelli,False,56.0,1:39:50.552,5990552.0,,,+8.544,8544.0,,+4.709,4709.0,,10.0,False,4.0,4,4.0,4,-1.0,2.0,False,,False
919,2015,3,6,6.0,6,77,valtteri-bottas,williams,mercedes,pirelli,False,56.0,1:39:51.893,5991893.0,,,+9.885,9885.0,,+1.341,1341.0,,8.0,False,5.0,5,5.0,5,-1.0,2.0,False,,False
919,2015,3,7,7.0,7,8,romain-grosjean,lotus-f1,mercedes,pirelli,False,56.0,1:40:01.016,6001016.0,,,+19.008,19008.0,,+9.123,9123.0,,6.0,False,8.0,8,8.0,8,1.0,2.0,False,,False
919,2015,3,8,8.0,8,12,felipe-nasr,sauber,ferrari,pirelli,False,56.0,1:40:04.633,6004633.0,,,+22.625,22625.0,,+3.617,3617.0,,4.0,False,9.0,9,9.0,9,1.0,2.0,False,,False
919,2015,3,9,9.0,9,3,daniel-ricciardo,red-bull,renault,pirelli,False,56.0,1:40:14.125,6014125.0,,,+32.117,32117.0,,+9.492,9492.0,,2.0,False,7.0,7,7.0,7,-2.0,2.0,False,,False
919,2015,3,10,10.0,10,9,marcus-ericsson,sauber,ferrari,pirelli,False,55.0,,,,,+1 lap,,1.0,,,,1.0,False,10.0,10,10.0,10,0.0,2.0,False,,False
919,2015,3,11,11.0,11,11,sergio-perez,force-india,mercedes,pirelli,False,55.0,,,,,+1 lap,,1.0,,,,,False,15.0,15,15.0,15,4.0,3.0,False,,False
919,2015,3,12,12.0,12,14,fernando-alonso,mclaren,honda,pirelli,False,55.0,,,,,+1 lap,,1.0,,,,,False,18.0,18,18.0,18,6.0,2.0,False,,False
919,2015,3,13,13.0,13,55,carlos-sainz-jr,toro-rosso,renault,pirelli,False,55.0,,,,,+1 lap,,1.0,,,,,False,14.0,14,14.0,14,1.0,2.0,False,,False
919,2015,3,14,14.0,14,22,jenson-button,mclaren,honda,pirelli,False,55.0,,,5.0,5000.0,+1 lap,,1.0,,,,,False,17.0,17,17.0,17,3.0,2.0,False,,False
919,2015,3,15,15.0,15,28,will-stevens,marussia,ferrari,pirelli,False,54.0,,,,,+2 laps,,2.0,,,,,False,19.0,19,19.0,19,4.0,2.0,False,,False
919,2015,3,16,16.0,16,98,roberto-merhi,marussia,ferrari,pirelli,False,54.0,,,5.0,5000.0,+2 laps,,2.0,,,,,False,20.0,20,20.0,20,4.0,2.0,False,,False
919,2015,3,17,17.0,17,33,max-verstappen,toro-rosso,renault,pirelli,False,52.0,,,,,,,,,,Drivetrain,,False,13.0,13,13.0,13,-4.0,2.0,False,,False
919,2015,3,18,,DNF,13,pastor-maldonado,lotus-f1,mercedes,pirelli,False,49.0,,,,,,,,,,Brakes,,False,11.0,11,11.0,11,,3.0,False,,False
919,2015,3,19,,DNF,26,daniil-kvyat,red-bull,renault,pirelli,False,15.0,,,,,,,,,,Engine,,False,12.0,12,12.0,12,,0.0,False,,False
919,2015,3,20,,DNF,27,nico-hulkenberg,force-india,mercedes,pirelli,False,9.0,,,,,,,,,,Gearbox,,False,16.0,16,16.0,16,,0.0,False,,False
920,2015,4,1,1.0,1,44,lewis-hamilton,mercedes,mercedes,pirelli,False,57.0,1:35:05.809,5705809.0,,,,,,,,,25.0,True,1.0,1,1.0,1,0.0,2.0,False,,False
920,2015,4,2,2.0,2,7,kimi-raikkonen,ferrari,ferrari,pirelli,False,57.0,1:35:09.189,5709189.0,,,+3.380,3380.0,,+3.380,3380.0,,18.0,False,4.0,4,4.0,4,2.0,2.0,True,,False
920,2015,4,3,3.0,3,6,nico-rosberg,mercedes,mercedes,pirelli,False,57.0,1:35:11.842,5711842.0,,,+6.033,6033.0,,+2.653,2653.0,,15.0,False,3.0,3,3.0,3,0.0,2.0,False,,False
920,2015,4,4,4.0,4,77,valtteri-bottas,williams,mercedes,pirelli,False,57.0,1:35:48.766,5748766.0,,,+42.957,42957.0,,+36.924,36924.0,,12.0,False,5.0,5,5.0,5,1.0,2.0,False,,False
920,2015,4,5,5.0,5,5,sebastian-vettel,ferrari,ferrari,pirelli,False,57.0,1:35:49.798,5749798.0,,,+43.989,43989.0,,+1.032,1032.0,,10.0,False,2.0,2,2.0,2,-3.0,3.0,False,,False
920,2015,4,6,6.0,6,3,daniel-ricciardo,red-bull,renault,pirelli,False,57.0,1:36:07.560,5767560.0,,,+1:01.751,61751.0,,+17.762,17762.0,,8.0,False,7.0,7,7.0,7,1.0,2.0,False,,False
920,2015,4,7,7.0,7,8,romain-grosjean,lotus-f1,mercedes,pirelli,False,57.0,1:36:30.572,5790572.0,,,+1:24.763,84763.0,,+23.012,23012.0,,6.0,False,10.0,10,10.0,10,3.0,2.0,False,,False
920,2015,4,8,8.0,8,11,sergio-perez,force-india,mercedes,pirelli,False,56.0,,,,,+1 lap,,1.0,,,,4.0,False,11.0,11,11.0,11,3.0,2.0,False,,False
920,2015,4,9,9.0,9,26,daniil-kvyat,red-bull,renault,pirelli,False,56.0,,,,,+1 lap,,1.0,,,,2.0,False,17.0,17,17.0,17,8.0,2.0,False,,False
920,2015,4,10,10.0,10,19,felipe-massa,williams,mercedes,pirelli,False,56.0,,,,,+1 lap,,1.0,,,,1.0,False,6.0,6,6.0,6,-4.0,2.0,False,,False
920,2015,4,11,11.0,11,14,fernando-alonso,mclaren,honda,pirelli,False,56.0,,,,,+1 lap,,1.0,,,,,False,14.0,14,14.0,14,3.0,2.0,False,,False
920,2015,4,12,12.0,12,12,felipe-nasr,sauber,ferrari,pirelli,False,56.0,,,,,+1 lap,,1.0,,,,,False,12.0,12,12.0,12,0.0,3.0,False,,False
920,2015,4,13,13.0,13,27,nico-hulkenberg,force-india,mercedes,pirelli,False,56.0,,,,,+1 lap,,1.0,,,,,False,8.0,8,8.0,8,-5.0,3.0,False,,False
920,2015,4,14,14.0,14,9,marcus-ericsson,sauber,ferrari,pirelli,False,56.0,,,,,+1 lap,,1.0,,,,,False,13.0,13,13.0,13,-1.0,3.0,False,,False
920,2015,4,15,15.0,15,13,pastor-maldonado,lotus-f1,mercedes,pirelli,False,56.0,,,5.0,5000.0,+1 lap,,1.0,,,,,False,16.0,16,18.0,18,3.0,3.0,False,,False
920,2015,4,16,16.0,16,28,will-stevens,marussia,ferrari,pirelli,False,55.0,,,,,+2 laps,,2.0,,,,,False,18.0,18,20.0,20,4.0,2.0,False,,False
920,2015,4,17,17.0,17,98,roberto-merhi,marussia,ferrari,pirelli,False,54.0,,,,,+3 laps,,3.0,,,,,False,19.0,19,19.0,19,2.0,2.0,False,,False
920,2015,4,18,,DNF,33,max-verstappen,toro-rosso,renault,pirelli,False,34.0,,,,,,,,,,Electrical,,False,15.0,15,15.0,15,,2.0,False,,False
920,2015,4,19,,DNF,55,carlos-sainz-jr,toro-rosso,renault,pirelli,False,29.0,,,,,,,,,,Wheel hub,,False,9.0,9,9.0,9,,2.0,False,,False
920,2015,4,20,,DNS,22,jenson-button,mclaren,honda,pirelli,False,,,,,,,,,,,Power unit,,False,,NC,20.0,20,,0.0,False,,False
921,2015,5,1,1.0,1,6,nico-rosberg,mercedes,mercedes,pirelli,False,66.0,1:41:12.555,6072555.0,,,,,,,,,25.0,True,1.0,1,1.0,1,0.0,2.0,False,,False
921,2015,5,2,2.0,2,44,lewis-hamilton,mercedes,mercedes,pirelli,False,66.0,1:41:30.106,6090106.0,,,+17.551,17551.0,,+17.551,17551.0,,18.0,False,2.0,2,2.0,2,0.0,3.0,True,,False
921,2015,5,3,3.0,3,5,sebastian-vettel,ferrari,ferrari,pirelli,False,66.0,1:41:57.897,6117897.0,,,+45.342,45342.0,,+27.791,27791.0,,15.0,False,3.0,3,3.0,3,0.0,2.0,False,,False
921,2015,5,4,4.0,4,77,valtteri-bottas,williams,mercedes,pirelli,False,66.0,1:42:11.772,6131772.0,,,+59.217,59217.0,,+13.875,13875.0,,12.0,False,4.0,4,4.0,4,0.0,2.0,False,,False
921,2015,5,5,5.0,5,7,kimi-raikkonen,ferrari,ferrari,pirelli,False,66.0,1:42:12.557,6132557.0,,,+1:00.002,60002.0,,+0.785,785.0,,10.0,False,7.0,7,7.0,7,2.0,2.0,False,,False
921,2015,5,6,6.0,6,19,felipe-massa,williams,mercedes,pirelli,False,66.0,1:42:33.869,6153869.0,,,+1:21.314,81314.0,,+21.312,21312.0,,8.0,False,9.0,9,9.0,9,3.0,3.0,False,,False
921,2015,5,7,7.0,7,3,daniel-ricciardo,red-bull,renault,pirelli,False,65.0,,,,,+1 lap,,1.0,,,,6.0,False,10.0,10,10.0,10,3.0,2.0,False,,False
921,2015,5,8,8.0,8,8,romain-grosjean,lotus-f1,mercedes,pirelli,False,65.0,,,,,+1 lap,,1.0,,,,4.0,False,11.0,11,11.0,11,3.0,2.0,False,,False
921,2015,5,9,9.0,9,55,carlos-sainz-jr,toro-rosso,renault,pirelli,False,65.0,,,,,+1 lap,,1.0,,,,2.0,False,5.0,5,5.0,5,-4.0,2.0,False,,False
921,2015,5,10,10.0,10,26,daniil-kvyat,red-bull,renault,pirelli,False,65.0,,,,,+1 lap,,1.0,,,,1.0,False,8.0,8,8.0,8,-2.0,2.0,False,,False
921,2015,5,11,11.0,11,33,max-verstappen,toro-rosso,renault,pirelli,False,65.0,,,,,+1 lap,,1.0,,,,,False,6.0,6,6.0,6,-5.0,2.0,False,,False
921,2015,5,12,12.0,12,12,felipe-nasr,sauber,ferrari,pirelli,False,65.0,,,,,+1 lap,,1.0,,,,,False,15.0,15,15.0,15,3.0,2.0,False,,False
921,2015,5,13,13.0,13,11,sergio-perez,force-india,mercedes,pirelli,False,65.0,,,,,+1 lap,,1.0,,,,,False,18.0,18,18.0,18,5.0,2.0,False,,False
921,2015,5,14,14.0,14,9,marcus-ericsson,sauber,ferrari,pirelli,False,65.0,,,,,+1 lap,,1.0,,,,,False,16.0,16,16.0,16,2.0,2.0,False,,False
921,2015,5,15,15.0,15,27,nico-hulkenberg,force-india,mercedes,pirelli,False,65.0,,,,,+1 lap,,1.0,,,,,False,17.0,17,17.0,17,2.0,3.0,False,,False
921,2015,5,16,16.0,16,22,jenson-button,mclaren,honda,pirelli,False,65.0,,,,,+1 lap,,1.0,,,,,False,14.0,14,14.0,14,-2.0,3.0,False,,False
921,2015,5,17,17.0,17,28,will-stevens,marussia,ferrari,pirelli,False,63.0,,,,,+3 laps,,3.0,,,,,False,19.0,19,19.0,19,2.0,3.0,False,,False
921,2015,5,18,18.0,18,98,roberto-merhi,marussia,ferrari,pirelli,False,62.0,,,,,+4 laps,,4.0,,,,,False,20.0,20,20.0,20,2.0,3.0,False,,False
921,2015,5,19,,DNF,13,pastor-maldonado,lotus-f1,mercedes,pirelli,False,45.0,,,,,,,,,,Collision damage,,False,12.0,12,12.0,12,,3.0,False,,False
921,2015,5,20,,DNF,14,fernando-alonso,mclaren,honda,pirelli,False,26.0,,,,,,,,,,Brakes,,False,13.0,13,13.0,13,,1.0,False,,False
922,2015,6,1,1.0,1,6,nico-rosberg,mercedes,mercedes,pirelli,False,78.0,1:49:18.420,6558420.0,,,,,,,,,25.0,False,2.0,2,2.0,2,1.0,1.0,False,,False
922,2015,6,2,2.0,2,5,sebastian-vettel,ferrari,ferrari,pirelli,False,78.0,1:49:22.906,6562906.0,,,+4.486,4486.0,,+4.486,4486.0,,18.0,False,3.0,3,3.0,3,1.0,1.0,False,,False
922,2015,6,3,3.0,3,44,lewis-hamilton,mercedes,mercedes,pirelli,False,78.0,1:49:24.473,6564473.0,,,+6.053,6053.0,,+1.567,1567.0,,15.0,True,1.0,1,1.0,1,-2.0,2.0,False,,False
922,2015,6,4,4.0,4,26,daniil-kvyat,red-bull,renault,pirelli,False,78.0,1:49:30.385,6570385.0,,,+11.965,11965.0,,+5.912,5912.0,,12.0,False,5.0,5,5.0,5,1.0,1.0,False,,False
922,2015,6,5,5.0,5,3,daniel-ricciardo,red-bull,renault,pirelli,False,78.0,1:49:32.028,6572028.0,,,+13.608,13608.0,,+1.643,1643.0,,10.0,False,4.0,4,4.0,4,-1.0,2.0,True,,False
922,2015,6,6,6.0,6,7,kimi-raikkonen,ferrari,ferrari,pirelli,False,78.0,1:49:32.765,6572765.0,,,+14.345,14345.0,,+0.737,737.0,,8.0,False,6.0,6,6.0,6,0.0,1.0,False,,False
922,2015,6,7,7.0,7,11,sergio-perez,force-india,mercedes,pirelli,False,78.0,1:49:33.433,6573433.0,,,+15.013,15013.0,,+0.668,668.0,,6.0,False,7.0,7,7.0,7,0.0,2.0,False,,False
922,2015,6,8,8.0,8,22,jenson-button,mclaren,honda,pirelli,False,78.0,1:49:34.483,6574483.0,,,+16.063,16063.0,,+1.050,1050.0,,4.0,False,12.0,12,10.0,10,2.0,2.0,False,,False
922,2015,6,9,9.0,9,12,felipe-nasr,sauber,ferrari,pirelli,False,78.0,1:49:42.046,6582046.0,,,+23.626,23626.0,,+7.563,7563.0,,2.0,False,16.0,16,14.0,14,5.0,2.0,False,,False
922,2015,6,10,10.0,10,55,carlos-sainz-jr,toro-rosso,renault,pirelli,False,78.0,1:49:43.476,6583476.0,,,+25.056,25056.0,,+1.430,1430.0,,1.0,False,8.0,8,,PL,10.0,1.0,False,,False
922,2015,6,11,11.0,11,27,nico-hulkenberg,force-india,mercedes,pirelli,False,78.0,1:49:44.652,6584652.0,,,+26.232,26232.0,,+1.176,1176.0,,,False,13.0,13,11.0,11,0.0,2.0,False,,False
922,2015,6,12,12.0,12,8,romain-grosjean,lotus-f1,mercedes,pirelli,False,78.0,1:49:46.835,6586835.0,,,+28.415,28415.0,,+2.183,2183.0,,,False,11.0,11,15.0,15,3.0,1.0,False,,False
922,2015,6,13,13.0,13,9,marcus-ericsson,sauber,ferrari,pirelli,False,78.0,1:49:49.579,6589579.0,,,+31.159,31159.0,,+2.744,2744.0,,,False,18.0,18,17.0,17,4.0,3.0,False,,False
922,2015,6,14,14.0,14,77,valtteri-bottas,williams,mercedes,pirelli,False,78.0,1:50:04.209,6604209.0,,,+45.789,45789.0,,+14.630,14630.0,,,False,17.0,17,16.0,16,2.0,2.0,False,,False
922,2015,6,15,15.0,15,19,felipe-massa,williams,mercedes,pirelli,False,77.0,,,,,+1 lap,,1.0,,,,,False,14.0,14,12.0,12,-3.0,3.0,False,,False
922,2015,6,16,16.0,16,98,roberto-merhi,marussia,ferrari,pirelli,False,76.0,,,,,+2 laps,,2.0,,,,,False,20.0,20,19.0,19,3.0,1.0,False,,False
922,2015,6,17,17.0,17,28,will-stevens,marussia,ferrari,pirelli,False,76.0,,,,,+2 laps,,2.0,,,,,False,19.0,19,18.0,18,1.0,1.0,False,,False
922,2015,6,18,,DNF,33,max-verstappen,toro-rosso,renault,pirelli,False,62.0,,,,,,,,,,Collision,,False,10.0,10,9.0,9,,2.0,False,,False
922,2015,6,19,,DNF,14,fernando-alonso,mclaren,honda,pirelli,False,41.0,,,,,,,,,,Gearbox,,False,15.0,15,13.0,13,,1.0,False,,False
922,2015,6,20,,DNF,13,pastor-maldonado,lotus-f1,mercedes,pirelli,False,5.0,,,,,,,,,,Brakes,,False,9.0,9,8.0,8,,0.0,False,,False
923,2015,7,1,1.0,1,44,lewis-hamilton,mercedes,mercedes,pirelli,False,70.0,1:31:53.145,5513145.0,,,,,,,,,25.0,True,1.0,1,1.0,1,0.0,1.0,False,,False
923,2015,7,2,2.0,2,6,nico-rosberg,mercedes,mercedes,pirelli,False,70.0,1:31:55.430,5515430.0,,,+2.285,2285.0,,+2.285,2285.0,,18.0,False,2.0,2,2.0,2,0.0,1.0,False,,False
923,2015,7,3,3.0,3,77,valtteri-bottas,williams,mercedes,pirelli,False,70.0,1:32:33.811,5553811.0,,,+40.666,40666.0,,+38.381,38381.0,,15.0,False,4.0,4,4.0,4,1.0,1.0,False,,False
923,2015,7,4,4.0,4,7,kimi-raikkonen,ferrari,ferrari,pirelli,False,70.0,1:32:38.770,5558770.0,,,+45.625,45625.0,,+4.959,4959.0,,12.0,False,3.0,3,3.0,3,-1.0,2.0,True,,False
923,2015,7,5,5.0,5,5,sebastian-vettel,ferrari,ferrari,pirelli,False,70.0,1:32:43.048,5563048.0,,,+49.903,49903.0,,+4.278,4278.0,,10.0,False,16.0,16,18.0,18,13.0,2.0,False,,False
923,2015,7,6,6.0,6,19,felipe-massa,williams,mercedes,pirelli,False,70.0,1:32:49.526,5569526.0,,,+56.381,56381.0,,+6.478,6478.0,,8.0,False,17.0,17,15.0,15,9.0,1.0,False,,False
923,2015,7,7,7.0,7,13,pastor-maldonado,lotus-f1,mercedes,pirelli,False,70.0,1:32:59.809,5579809.0,,,+1:06.664,66664.0,,+10.283,10283.0,,6.0,False,6.0,6,6.0,6,-1.0,1.0,False,,False
923,2015,7,8,8.0,8,27,nico-hulkenberg,force-india,mercedes,pirelli,False,69.0,,,,,+1 lap,,1.0,,,,4.0,False,7.0,7,7.0,7,-1.0,1.0,False,,False
923,2015,7,9,9.0,9,26,daniil-kvyat,red-bull,renault,pirelli,False,69.0,,,,,+1 lap,,1.0,,,,2.0,False,8.0,8,8.0,8,-1.0,1.0,False,,False
923,2015,7,10,10.0,10,8,romain-grosjean,lotus-f1,mercedes,pirelli,False,69.0,,,,,+1 lap,,1.0,,,,1.0,False,5.0,5,5.0,5,-5.0,1.0,False,,False
923,2015,7,11,11.0,11,11,sergio-perez,force-india,mercedes,pirelli,False,69.0,,,,,+1 lap,,1.0,,,,,False,10.0,10,10.0,10,-1.0,1.0,False,,False
923,2015,7,12,12.0,12,55,carlos-sainz-jr,toro-rosso,renault,pirelli,False,69.0,,,,,+1 lap,,1.0,,,,,False,11.0,11,11.0,11,-1.0,1.0,False,,False
923,2015,7,13,13.0,13,3,daniel-ricciardo,red-bull,renault,pirelli,False,69.0,,,,,+1 lap,,1.0,,,,,False,9.0,9,9.0,9,-4.0,1.0,False,,False
923,2015,7,14,14.0,14,9,marcus-ericsson,sauber,ferrari,pirelli,False,69.0,,,,,+1 lap,,1.0,,,,,False,13.0,13,12.0,12,-2.0,1.0,False,,False
923,2015,7,15,15.0,15,33,max-verstappen,toro-rosso,renault,pirelli,False,69.0,,,,,+1 lap,,1.0,,,,,False,12.0,12,19.0,19,4.0,1.0,False,,False
923,2015,7,16,16.0,16,12,felipe-nasr,sauber,ferrari,pirelli,False,68.0,,,,,+2 laps,,2.0,,,,,False,15.0,15,14.0,14,-2.0,1.0,False,,False
923,2015,7,17,17.0,17,28,will-stevens,marussia,ferrari,pirelli,False,66.0,,,,,+4 laps,,4.0,,,,,False,19.0,19,17.0,17,0.0,1.0,False,,False
923,2015,7,18,,DNF,98,roberto-merhi,marussia,ferrari,pirelli,False,57.0,,,,,,,,,,Driveshaft,,False,18.0,18,16.0,16,,1.0,False,,False
923,2015,7,19,,DNF,22,jenson-button,mclaren,honda,pirelli,False,54.0,,,,,,,,,,Exhaust,,False,,NC,20.0,20,,2.0,False,,False
923,2015,7,20,,DNF,14,fernando-alonso,mclaren,honda,pirelli,False,44.0,,,,,,,,,,Exhaust,,False,14.0,14,13.0,13,,1.0,False,,False
924,2015,8,1,1.0,1,6,nico-rosberg,mercedes,mercedes,pirelli,False,71.0,1:30:16.930,5416930.0,,,,,,,,,25.0,False,2.0,2,2.0,2,1.0,1.0,True,,False
924,2015,8,2,2.0,2,44,lewis-hamilton,mercedes,mercedes,pirelli,False,71.0,1:30:25.730,5425730.0,5.0,5000.0,+8.800,8800.0,,+8.800,8800.0,,18.0,True,1.0,1,1.0,1,-1.0,1.0,False,,False
924,2015,8,3,3.0,3,19,felipe-massa,williams,mercedes,pirelli,False,71.0,1:30:34.503,5434503.0,,,+17.573,17573.0,,+8.773,8773.0,,15.0,False,4.0,4,4.0,4,1.0,1.0,False,,False
924,2015,8,4,4.0,4,5,sebastian-vettel,ferrari,ferrari,pirelli,False,71.0,1:30:35.111,5435111.0,,,+18.181,18181.0,,+0.608,608.0,,12.0,False,3.0,3,3.0,3,-1.0,1.0,False,,False
924,2015,8,5,5.0,5,77,valtteri-bottas,williams,mercedes,pirelli,False,71.0,1:31:10.534,5470534.0,,,+53.604,53604.0,,+35.423,35423.0,,10.0,False,6.0,6,6.0,6,1.0,1.0,False,,False
924,2015,8,6,6.0,6,27,nico-hulkenberg,force-india,mercedes,pirelli,False,71.0,1:31:21.005,5481005.0,,,+1:04.075,64075.0,,+10.471,10471.0,,8.0,False,5.0,5,5.0,5,-1.0,1.0,False,,False
924,2015,8,7,7.0,7,13,pastor-maldonado,lotus-f1,mercedes,pirelli,False,70.0,,,,,+1 lap,,1.0,,,,6.0,False,11.0,11,10.0,10,3.0,1.0,False,,False
924,2015,8,8,8.0,8,33,max-verstappen,toro-rosso,renault,pirelli,False,70.0,,,,,+1 lap,,1.0,,,,4.0,False,7.0,7,7.0,7,-1.0,1.0,False,,False
924,2015,8,9,9.0,9,11,sergio-perez,force-india,mercedes,pirelli,False,70.0,,,,,+1 lap,,1.0,,,,2.0,False,16.0,16,13.0,13,4.0,1.0,False,,False
924,2015,8,10,10.0,10,3,daniel-ricciardo,red-bull,renault,pirelli,False,70.0,,,,,+1 lap,,1.0,,,,1.0,False,14.0,14,18.0,18,8.0,1.0,False,,False
924,2015,8,11,11.0,11,12,felipe-nasr,sauber,ferrari,pirelli,False,70.0,,,,,+1 lap,,1.0,,,,,False,9.0,9,8.0,8,-3.0,1.0,False,,False
924,2015,8,12,12.0,12,26,daniil-kvyat,red-bull,renault,pirelli,False,70.0,,,,,+1 lap,,1.0,,,,,False,8.0,8,15.0,15,3.0,2.0,False,,False
924,2015,8,13,13.0,13,9,marcus-ericsson,sauber,ferrari,pirelli,False,69.0,,,,,+2 laps,,2.0,,,,,False,12.0,12,11.0,11,-2.0,3.0,False,,False
924,2015,8,14,14.0,14,98,roberto-merhi,marussia,ferrari,pirelli,False,68.0,,,,,+3 laps,,3.0,,,,,False,19.0,19,16.0,16,2.0,1.0,False,,False
924,2015,8,15,,DNF,8,romain-grosjean,lotus-f1,mercedes,pirelli,False,35.0,,,,,,,,,,Gearbox,,False,10.0,10,9.0,9,,1.0,False,,False
924,2015,8,16,,DNF,55,carlos-sainz-jr,toro-rosso,renault,pirelli,False,35.0,,,5.0,5000.0,,,,,,Electrical,,False,13.0,13,12.0,12,,1.0,False,,False
924,2015,8,17,,DNF,22,jenson-button,mclaren,honda,pirelli,False,8.0,,,,,,,,,,Electrical,,False,17.0,17,20.0,20,,2.0,False,,False
924,2015,8,18,,DNF,28,will-stevens,marussia,ferrari,pirelli,False,1.0,,,,,,,,,,Oil leak,,False,20.0,20,17.0,17,,0.0,False,,False
924,2015,8,19,,DNF,7,kimi-raikkonen,ferrari,ferrari,pirelli,False,0.0,,,,,,,,,,Collision,,False,18.0,18,14.0,14,,0.0,False,,False
924,2015,8,20,,DNF,14,fernando-alonso,mclaren,honda,pirelli,False,0.0,,,,,,,,,,Collision,,False,15.0,15,19.0,19,,0.0,False,,False
925,2015,9,1,1.0,1,44,lewis-hamilton,mercedes,mercedes,pirelli,False,52.0,1:31:27.729,5487729.0,,,,,,,,,25.0,True,1.0,1,1.0,1,0.0,2.0,True,,False
925,2015,9,2,2.0,2,6,nico-rosberg,mercedes,mercedes,pirelli,False,52.0,1:31:38.685,5498685.0,,,+10.956,10956.0,,+10.956,10956.0,,18.0,False,2.0,2,2.0,2,0.0,2.0,False,,False
925,2015,9,3,3.0,3,5,sebastian-vettel,ferrari,ferrari,pirelli,False,52.0,1:31:53.172,5513172.0,,,+25.443,25443.0,,+14.487,14487.0,,15.0,False,6.0,6,6.0,6,3.0,2.0,False,,False
925,2015,9,4,4.0,4,19,felipe-massa,williams,mercedes,pirelli,False,52.0,1:32:04.568,5524568.0,,,+36.839,36839.0,,+11.396,11396.0,,12.0,False,3.0,3,3.0,3,-1.0,2.0,False,,False
925,2015,9,5,5.0,5,77,valtteri-bottas,williams,mercedes,pirelli,False,52.0,1:32:30.923,5550923.0,,,+1:03.194,63194.0,,+26.355,26355.0,,10.0,False,4.0,4,4.0,4,-1.0,2.0,False,,False
925,2015,9,6,6.0,6,26,daniil-kvyat,red-bull,renault,pirelli,False,52.0,1:32:31.684,5551684.0,,,+1:03.955,63955.0,,+0.761,761.0,,8.0,False,7.0,7,7.0,7,1.0,2.0,False,,False
925,2015,9,7,7.0,7,27,nico-hulkenberg,force-india,mercedes,pirelli,False,52.0,1:32:46.473,5566473.0,,,+1:18.744,78744.0,,+14.789,14789.0,,6.0,False,9.0,9,9.0,9,2.0,2.0,False,,False
925,2015,9,8,8.0,8,7,kimi-raikkonen,ferrari,ferrari,pirelli,False,51.0,,,,,+1 lap,,1.0,,,,4.0,False,5.0,5,5.0,5,-3.0,3.0,False,,False
925,2015,9,9,9.0,9,11,sergio-perez,force-india,mercedes,pirelli,False,51.0,,,,,+1 lap,,1.0,,,,2.0,False,11.0,11,11.0,11,2.0,2.0,False,,False
925,2015,9,10,10.0,10,14,fernando-alonso,mclaren,honda,pirelli,False,51.0,,,,,+1 lap,,1.0,,,,1.0,False,17.0,17,17.0,17,7.0,3.0,False,,False
925,2015,9,11,11.0,11,9,marcus-ericsson,sauber,ferrari,pirelli,False,51.0,,,,,+1 lap,,1.0,,,,,False,15.0,15,15.0,15,4.0,4.0,False,,False
925,2015,9,12,12.0,12,98,roberto-merhi,marussia,ferrari,pirelli,False,49.0,,,,,+3 laps,,3.0,,,,,False,20.0,20,20.0,20,8.0,2.0,False,,False
925,2015,9,13,13.0,13,28,will-stevens,marussia,ferrari,pirelli,False,49.0,,,,,+3 laps,,3.0,,,,,False,19.0,19,19.0,19,6.0,2.0,False,,False
925,2015,9,14,,DNF,55,carlos-sainz-jr,toro-rosso,renault,pirelli,False,31.0,,,,,,,,,,Electrical,,False,8.0,8,8.0,8,,1.0,False,,False
925,2015,9,15,,DNF,3,daniel-ricciardo,red-bull,renault,pirelli,False,21.0,,,,,,,,,,Electrical,,False,10.0,10,10.0,10,,2.0,False,,False
925,2015,9,16,,DNF,33,max-verstappen,toro-rosso,renault,pirelli,False,3.0,,,,,,,,,,Spun off,,False,13.0,13,13.0,13,,0.0,False,,False
925,2015,9,17,,DNF,8,romain-grosjean,lotus-f1,mercedes,pirelli,False,0.0,,,,,,,,,,Collision,,False,12.0,12,12.0,12,,0.0,False,,False
925,2015,9,18,,DNF,13,pastor-maldonado,lotus-f1,mercedes,pirelli,False,0.0,,,,,,,,,,Collision damage,,False,14.0,14,14.0,14,,0.0,False,,False
925,2015,9,19,,DNF,22,jenson-button,mclaren,honda,pirelli,False,0.0,,,,,,,,,,Collision,,False,18.0,18,18.0,18,,0.0,False,,False
925,2015,9,20,,DNS,12,felipe-nasr,sauber,ferrari,pirelli,False,,,,,,,,,,,Gearbox,,False,16.0,16,16.0,16,,0.0,False,,False
926,2015,10,1,1.0,1,5,sebastian-vettel,ferrari,ferrari,pirelli,False,69.0,1:46:09.985,6369985.0,,,,,,,,,25.0,False,3.0,3,3.0,3,2.0,4.0,False,,False
926,2015,10,2,2.0,2,26,daniil-kvyat,red-bull,renault,pirelli,False,69.0,1:46:25.733,6385733.0,10.0,10000.0,+15.748,15748.0,,+15.748,15748.0,,18.0,False,7.0,7,7.0,7,5.0,5.0,False,,False
926,2015,10,3,3.0,3,3,daniel-ricciardo,red-bull,renault,pirelli,False,69.0,1:46:35.069,6395069.0,,,+25.084,25084.0,,+9.336,9336.0,,15.0,False,4.0,4,4.0,4,1.0,5.0,True,,False
926,2015,10,4,4.0,4,33,max-verstappen,toro-rosso,renault,pirelli,False,69.0,1:46:54.236,6414236.0,,,+44.251,44251.0,,+19.167,19167.0,,12.0,False,9.0,9,9.0,9,5.0,5.0,False,,False
926,2015,10,5,5.0,5,14,fernando-alonso,mclaren,honda,pirelli,False,69.0,1:46:59.064,6419064.0,,,+49.079,49079.0,,+4.828,4828.0,,10.0,False,15.0,15,15.0,15,10.0,5.0,False,,False
926,2015,10,6,6.0,6,44,lewis-hamilton,mercedes,mercedes,pirelli,False,69.0,1:47:02.010,6422010.0,,,+52.025,52025.0,,+2.946,2946.0,,8.0,True,1.0,1,1.0,1,-5.0,6.0,False,,False
926,2015,10,7,7.0,7,8,romain-grosjean,lotus-f1,mercedes,pirelli,False,69.0,1:47:08.563,6428563.0,,,+58.578,58578.0,,+6.553,6553.0,,6.0,False,10.0,10,10.0,10,3.0,5.0,False,,False
926,2015,10,8,8.0,8,6,nico-rosberg,mercedes,mercedes,pirelli,False,69.0,1:47:08.861,6428861.0,,,+58.876,58876.0,,+0.298,298.0,,4.0,False,2.0,2,2.0,2,-6.0,5.0,False,,False
926,2015,10,9,9.0,9,22,jenson-button,mclaren,honda,pirelli,False,69.0,1:47:17.013,6437013.0,,,+1:07.028,67028.0,,+8.152,8152.0,,2.0,False,16.0,16,16.0,16,7.0,4.0,False,,False
926,2015,10,10,10.0,10,9,marcus-ericsson,sauber,ferrari,pirelli,False,69.0,1:47:19.115,6439115.0,,,+1:09.130,69130.0,,+2.102,2102.0,,1.0,False,17.0,17,17.0,17,7.0,5.0,False,,False
926,2015,10,11,11.0,11,12,felipe-nasr,sauber,ferrari,pirelli,False,69.0,1:47:23.443,6443443.0,,,+1:13.458,73458.0,,+4.328,4328.0,,,False,18.0,18,18.0,18,7.0,5.0,False,,False
926,2015,10,12,12.0,12,19,felipe-massa,williams,mercedes,pirelli,False,69.0,1:47:24.263,6444263.0,,,+1:14.278,74278.0,,+0.820,820.0,,,False,8.0,8,8.0,8,-4.0,5.0,False,,False
926,2015,10,13,13.0,13,77,valtteri-bottas,williams,mercedes,pirelli,False,69.0,1:47:30.213,6450213.0,,,+1:20.228,80228.0,,+5.950,5950.0,,,False,6.0,6,6.0,6,-7.0,5.0,False,,False
926,2015,10,14,14.0,14,13,pastor-maldonado,lotus-f1,mercedes,pirelli,False,69.0,1:47:35.127,6455127.0,,,+1:25.142,85142.0,,+4.914,4914.0,,,False,14.0,14,14.0,14,0.0,6.0,False,,False
926,2015,10,15,15.0,15,98,roberto-merhi,marussia,ferrari,pirelli,False,67.0,,,,,+2 laps,,2.0,,,,,False,19.0,19,19.0,19,4.0,5.0,False,,False
926,2015,10,16,16.0,16,28,will-stevens,marussia,ferrari,pirelli,False,65.0,,,,,,,,,,Suspension,,False,20.0,20,20.0,20,4.0,5.0,False,,False
926,2015,10,17,,DNF,55,carlos-sainz-jr,toro-rosso,renault,pirelli,False,60.0,,,,,,,,,,Fuel pressure,,False,12.0,12,12.0,12,,4.0,False,,False
926,2015,10,18,,DNF,7,kimi-raikkonen,ferrari,ferrari,pirelli,False,55.0,,,,,,,,,,Hybrid system,,False,5.0,5,5.0,5,,5.0,False,,False
926,2015,10,19,,DNF,11,sergio-perez,force-india,mercedes,pirelli,False,53.0,,,,,,,,,,Brakes,,False,13.0,13,13.0,13,,5.0,False,,False
926,2015,10,20,,DNF,27,nico-hulkenberg,force-india,mercedes,pirelli,False,41.0,,,,,,,,,,Front wing,,False,11.0,11,11.0,11,,2.0,False,,False
927,2015,11,1,1.0,1,44,lewis-hamilton,mercedes,mercedes,pirelli,False,43.0,1:23:40.387,5020387.0,,,,,,,,,25.0,True,1.0,1,1.0,1,0.0,2.0,False,,False
927,2015,11,2,2.0,2,6,nico-rosberg,mercedes,mercedes,pirelli,False,43.0,1:23:42.445,5022445.0,,,+2.058,2058.0,,+2.058,2058.0,,18.0,False,2.0,2,2.0,2,0.0,2.0,True,,False
927,2015,11,3,3.0,3,8,romain-grosjean,lotus-f1,mercedes,pirelli,False,43.0,1:24:18.375,5058375.0,,,+37.988,37988.0,,+35.930,35930.0,,15.0,False,4.0,4,9.0,9,6.0,2.0,False,,False
927,2015,11,4,4.0,4,26,daniil-kvyat,red-bull,renault,pirelli,False,43.0,1:24:26.079,5066079.0,,,+45.692,45692.0,,+7.704,7704.0,,12.0,False,12.0,12,12.0,12,8.0,2.0,False,,False
927,2015,11,5,5.0,5,11,sergio-perez,force-india,mercedes,pirelli,False,43.0,1:24:34.384,5074384.0,,,+53.997,53997.0,,+8.305,8305.0,,10.0,False,5.0,5,4.0,4,-1.0,2.0,False,,False
927,2015,11,6,6.0,6,19,felipe-massa,williams,mercedes,pirelli,False,43.0,1:24:35.670,5075670.0,,,+55.283,55283.0,,+1.286,1286.0,,8.0,False,7.0,7,6.0,6,0.0,2.0,False,,False
927,2015,11,7,7.0,7,7,kimi-raikkonen,ferrari,ferrari,pirelli,False,43.0,1:24:36.090,5076090.0,,,+55.703,55703.0,,+0.420,420.0,,6.0,False,14.0,14,16.0,16,9.0,2.0,False,,False
927,2015,11,8,8.0,8,33,max-verstappen,toro-rosso,renault,pirelli,False,43.0,1:24:36.463,5076463.0,,,+56.076,56076.0,,+0.373,373.0,,4.0,False,15.0,15,18.0,18,10.0,3.0,False,,False
927,2015,11,9,9.0,9,77,valtteri-bottas,williams,mercedes,pirelli,False,43.0,1:24:41.427,5081427.0,,,+1:01.040,61040.0,,+4.964,4964.0,,2.0,False,3.0,3,3.0,3,-6.0,3.0,False,,False
927,2015,11,10,10.0,10,9,marcus-ericsson,sauber,ferrari,pirelli,False,43.0,1:25:11.621,5111621.0,,,+1:31.234,91234.0,,+30.194,30194.0,,1.0,False,13.0,13,13.0,13,3.0,2.0,False,,False
927,2015,11,11,11.0,11,12,felipe-nasr,sauber,ferrari,pirelli,False,43.0,1:25:22.698,5122698.0,,,+1:42.311,102311.0,,+11.077,11077.0,,,False,16.0,16,14.0,14,3.0,2.0,False,,False
927,2015,11,12,12.0,12,5,sebastian-vettel,ferrari,ferrari,pirelli,False,42.0,,,,,,,,,,Tyre,,False,9.0,9,8.0,8,-4.0,1.0,False,,False
927,2015,11,13,13.0,13,14,fernando-alonso,mclaren,honda,pirelli,False,42.0,,,,,+1 lap,,1.0,,,,,False,18.0,18,20.0,20,7.0,3.0,False,,False
927,2015,11,14,14.0,14,22,jenson-button,mclaren,honda,pirelli,False,42.0,,,,,+1 lap,,1.0,,,,,False,17.0,17,19.0,19,5.0,3.0,False,,False
927,2015,11,15,15.0,15,98,roberto-merhi,marussia,ferrari,pirelli,False,42.0,,,,,+1 lap,,1.0,,,,,False,20.0,20,17.0,17,2.0,2.0,False,,False
927,2015,11,16,16.0,16,28,will-stevens,marussia,ferrari,pirelli,False,42.0,,,,,+1 lap,,1.0,,,,,False,19.0,19,15.0,15,-1.0,2.0,False,,False
927,2015,11,17,,DNF,55,carlos-sainz-jr,toro-rosso,renault,pirelli,False,32.0,,,,,,,,,,Power unit,,False,10.0,10,10.0,10,,2.0,False,,False
927,2015,11,18,,DNF,3,daniel-ricciardo,red-bull,renault,pirelli,False,19.0,,,,,,,,,,Electrical,,False,6.0,6,5.0,5,,1.0,False,,False
927,2015,11,19,,DNF,13,pastor-maldonado,lotus-f1,mercedes,pirelli,False,2.0,,,,,,,,,,Power unit,,False,8.0,8,7.0,7,,0.0,False,,False
927,2015,11,20,,DNS,27,nico-hulkenberg,force-india,mercedes,pirelli,False,,,,,,,,,,,Power unit,,False,11.0,11,11.0,11,,0.0,False,,False
928,2015,12,1,1.0,1,44,lewis-hamilton,mercedes,mercedes,pirelli,False,53.0,1:18:00.688,4680688.0,,,,,,,,,25.0,True,1.0,1,1.0,1,0.0,1.0,True,,True
928,2015,12,2,2.0,2,5,sebastian-vettel,ferrari,ferrari,pirelli,False,53.0,1:18:25.730,4705730.0,,,+25.042,25042.0,,+25.042,25042.0,,18.0,False,3.0,3,3.0,3,1.0,1.0,False,,False
928,2015,12,3,3.0,3,19,felipe-massa,williams,mercedes,pirelli,False,53.0,1:18:48.323,4728323.0,,,+47.635,47635.0,,+22.593,22593.0,,15.0,False,5.0,5,5.0,5,2.0,1.0,False,,False
928,2015,12,4,4.0,4,77,valtteri-bottas,williams,mercedes,pirelli,False,53.0,1:18:48.684,4728684.0,,,+47.996,47996.0,,+0.361,361.0,,12.0,False,6.0,6,6.0,6,2.0,1.0,False,,False
928,2015,12,5,5.0,5,7,kimi-raikkonen,ferrari,ferrari,pirelli,False,53.0,1:19:09.548,4749548.0,,,+1:08.860,68860.0,,+20.864,20864.0,,10.0,False,2.0,2,2.0,2,-3.0,1.0,False,,False
928,2015,12,6,6.0,6,11,sergio-perez,force-india,mercedes,pirelli,False,53.0,1:19:13.471,4753471.0,,,+1:12.783,72783.0,,+3.923,3923.0,,8.0,False,7.0,7,7.0,7,1.0,1.0,False,,False
928,2015,12,7,7.0,7,27,nico-hulkenberg,force-india,mercedes,pirelli,False,52.0,,,,,+1 lap,,1.0,,,,6.0,False,9.0,9,9.0,9,2.0,1.0,False,,False
928,2015,12,8,8.0,8,3,daniel-ricciardo,red-bull,renault,pirelli,False,52.0,,,,,+1 lap,,1.0,,,,4.0,False,15.0,15,19.0,19,11.0,1.0,False,,False
928,2015,12,9,9.0,9,9,marcus-ericsson,sauber,ferrari,pirelli,False,52.0,,,,,+1 lap,,1.0,,,,2.0,False,10.0,10,12.0,12,3.0,1.0,False,,False
928,2015,12,10,10.0,10,26,daniil-kvyat,red-bull,renault,pirelli,False,52.0,,,,,+1 lap,,1.0,,,,1.0,False,14.0,14,18.0,18,8.0,1.0,False,,False
928,2015,12,11,11.0,11,55,carlos-sainz-jr,toro-rosso,renault,pirelli,False,52.0,,,,,+1 lap,,1.0,,,,,False,13.0,13,17.0,17,6.0,2.0,False,,False
928,2015,12,12,12.0,12,33,max-verstappen,toro-rosso,renault,pirelli,False,52.0,,,,,+1 lap,,1.0,,,,,False,,NC,20.0,20,8.0,3.0,False,,False
928,2015,12,13,13.0,13,12,felipe-nasr,sauber,ferrari,pirelli,False,52.0,,,,,+1 lap,,1.0,,,,,False,12.0,12,11.0,11,-2.0,2.0,False,,False
928,2015,12,14,14.0,14,22,jenson-button,mclaren,honda,pirelli,False,52.0,,,,,+1 lap,,1.0,,,,,False,16.0,16,15.0,15,1.0,1.0,False,,False
928,2015,12,15,15.0,15,28,will-stevens,marussia,ferrari,pirelli,False,51.0,,,,,+2 laps,,2.0,,,,,False,18.0,18,13.0,13,-2.0,1.0,False,,False
928,2015,12,16,16.0,16,98,roberto-merhi,marussia,ferrari,pirelli,False,51.0,,,,,+2 laps,,2.0,,,,,False,19.0,19,14.0,14,-2.0,1.0,False,,False
928,2015,12,17,17.0,17,6,nico-rosberg,mercedes,mercedes,pirelli,False,50.0,,,,,,,,,,Engine,,False,4.0,4,4.0,4,-13.0,1.0,False,,False
928,2015,12,18,18.0,18,14,fernando-alonso,mclaren,honda,pirelli,False,47.0,,,,,,,,,,Electrical,,False,17.0,17,16.0,16,-2.0,2.0,False,,False
928,2015,12,19,,DNF,8,romain-grosjean,lotus-f1,mercedes,pirelli,False,1.0,,,,,,,,,,Collision damage,,False,8.0,8,8.0,8,,0.0,False,,False
928,2015,12,20,,DNF,13,pastor-maldonado,lotus-f1,mercedes,pirelli,False,1.0,,,,,,,,,,Collision damage,,False,11.0,11,10.0,10,,0.0,False,,False
929,2015,13,1,1.0,1,5,sebastian-vettel,ferrari,ferrari,pirelli,False,61.0,2:01:22.118,7282118.0,,,,,,,,,25.0,True,1.0,1,1.0,1,0.0,2.0,False,,False
929,2015,13,2,2.0,2,3,daniel-ricciardo,red-bull,renault,pirelli,False,61.0,2:01:23.596,7283596.0,,,+1.478,1478.0,,+1.478,1478.0,,18.0,False,2.0,2,2.0,2,0.0,2.0,True,,False
929,2015,13,3,3.0,3,7,kimi-raikkonen,ferrari,ferrari,pirelli,False,61.0,2:01:39.272,7299272.0,,,+17.154,17154.0,,+15.676,15676.0,,15.0,False,3.0,3,3.0,3,0.0,2.0,False,,False
929,2015,13,4,4.0,4,6,nico-rosberg,mercedes,mercedes,pirelli,False,61.0,2:01:46.838,7306838.0,,,+24.720,24720.0,,+7.566,7566.0,,12.0,False,6.0,6,6.0,6,2.0,2.0,False,,False
929,2015,13,5,5.0,5,77,valtteri-bottas,williams,mercedes,pirelli,False,61.0,2:01:56.322,7316322.0,,,+34.204,34204.0,,+9.484,9484.0,,10.0,False,7.0,7,7.0,7,2.0,2.0,False,,False
929,2015,13,6,6.0,6,26,daniil-kvyat,red-bull,renault,pirelli,False,61.0,2:01:57.626,7317626.0,,,+35.508,35508.0,,+1.304,1304.0,,8.0,False,4.0,4,4.0,4,-2.0,2.0,False,,False
929,2015,13,7,7.0,7,11,sergio-perez,force-india,mercedes,pirelli,False,61.0,2:02:12.954,7332954.0,,,+50.836,50836.0,,+15.328,15328.0,,6.0,False,13.0,13,13.0,13,6.0,2.0,False,,False
929,2015,13,8,8.0,8,33,max-verstappen,toro-rosso,renault,pirelli,False,61.0,2:02:13.568,7333568.0,,,+51.450,51450.0,,+0.614,614.0,,4.0,False,8.0,8,8.0,8,0.0,2.0,False,,False
929,2015,13,9,9.0,9,55,carlos-sainz-jr,toro-rosso,renault,pirelli,False,61.0,2:02:14.978,7334978.0,,,+52.860,52860.0,,+1.410,1410.0,,2.0,False,14.0,14,14.0,14,5.0,3.0,False,,False
929,2015,13,10,10.0,10,12,felipe-nasr,sauber,ferrari,pirelli,False,61.0,2:02:52.163,7372163.0,,,+1:30.045,90045.0,,+37.185,37185.0,,1.0,False,16.0,16,16.0,16,6.0,2.0,False,,False
929,2015,13,11,11.0,11,9,marcus-ericsson,sauber,ferrari,pirelli,False,61.0,2:02:59.625,7379625.0,,,+1:37.507,97507.0,,+7.462,7462.0,,,False,17.0,17,17.0,17,6.0,3.0,False,,False
929,2015,13,12,12.0,12,13,pastor-maldonado,lotus-f1,mercedes,pirelli,False,61.0,2:02:59.836,7379836.0,,,+1:37.718,97718.0,,+0.211,211.0,,,False,18.0,18,18.0,18,6.0,3.0,False,,False
929,2015,13,13,13.0,13,8,romain-grosjean,lotus-f1,mercedes,pirelli,False,59.0,,,,,,,,,,Gearbox,,False,10.0,10,10.0,10,-3.0,2.0,False,,False
929,2015,13,14,14.0,14,53,alexander-rossi,marussia,ferrari,pirelli,False,59.0,,,,,+2 laps,,2.0,,,,,False,20.0,20,20.0,20,6.0,2.0,False,,False
929,2015,13,15,15.0,15,28,will-stevens,marussia,ferrari,pirelli,False,59.0,,,,,+2 laps,,2.0,,,,,False,19.0,19,19.0,19,4.0,2.0,False,,False
929,2015,13,16,,DNF,22,jenson-button,mclaren,honda,pirelli,False,52.0,,,,,,,,,,Gearbox,,False,15.0,15,15.0,15,,3.0,False,,False
929,2015,13,17,,DNF,14,fernando-alonso,mclaren,honda,pirelli,False,33.0,,,,,,,,,,Gearbox,,False,12.0,12,12.0,12,,1.0,False,,False
929,2015,13,18,,DNF,44,lewis-hamilton,mercedes,mercedes,pirelli,False,32.0,,,,,,,,,,Power unit,,False,5.0,5,5.0,5,,1.0,False,,False
929,2015,13,19,,DNF,19,felipe-massa,williams,mercedes,pirelli,False,30.0,,,,,,,,,,Gearbox,,False,9.0,9,9.0,9,,3.0,False,,False
929,2015,13,20,,DNF,27,nico-hulkenberg,force-india,mercedes,pirelli,False,12.0,,,,,,,,,,Collision,,False,11.0,11,11.0,11,,1.0,False,,False
930,2015,14,1,1.0,1,44,lewis-hamilton,mercedes,mercedes,pirelli,False,53.0,1:28:06.508,5286508.0,,,,,,,,,25.0,False,2.0,2,2.0,2,1.0,2.0,True,,False
930,2015,14,2,2.0,2,6,nico-rosberg,mercedes,mercedes,pirelli,False,53.0,1:28:25.472,5305472.0,,,+18.964,18964.0,,+18.964,18964.0,,18.0,True,1.0,1,1.0,1,-1.0,2.0,False,,False
930,2015,14,3,3.0,3,5,sebastian-vettel,ferrari,ferrari,pirelli,False,53.0,1:28:27.358,5307358.0,,,+20.850,20850.0,,+1.886,1886.0,,15.0,False,4.0,4,4.0,4,1.0,2.0,False,,False
930,2015,14,4,4.0,4,7,kimi-raikkonen,ferrari,ferrari,pirelli,False,53.0,1:28:40.276,5320276.0,,,+33.768,33768.0,,+12.918,12918.0,,12.0,False,6.0,6,6.0,6,2.0,2.0,False,,False
930,2015,14,5,5.0,5,77,valtteri-bottas,williams,mercedes,pirelli,False,53.0,1:28:43.254,5323254.0,,,+36.746,36746.0,,+2.978,2978.0,,10.0,False,3.0,3,3.0,3,-2.0,2.0,False,,False
930,2015,14,6,6.0,6,27,nico-hulkenberg,force-india,mercedes,pirelli,False,53.0,1:29:02.067,5342067.0,,,+55.559,55559.0,,+18.813,18813.0,,8.0,False,11.0,11,13.0,13,7.0,2.0,False,,False
930,2015,14,7,7.0,7,8,romain-grosjean,lotus-f1,mercedes,pirelli,False,53.0,1:29:18.806,5358806.0,,,+1:12.298,72298.0,,+16.739,16739.0,,6.0,False,8.0,8,8.0,8,1.0,2.0,False,,False
930,2015,14,8,8.0,8,13,pastor-maldonado,lotus-f1,mercedes,pirelli,False,53.0,1:29:20.083,5360083.0,,,+1:13.575,73575.0,,+1.277,1277.0,,4.0,False,13.0,13,11.0,11,3.0,2.0,False,,False
930,2015,14,9,9.0,9,33,max-verstappen,toro-rosso,renault,pirelli,False,53.0,1:29:41.823,5381823.0,,,+1:35.315,95315.0,,+21.740,21740.0,,2.0,False,15.0,15,17.0,17,8.0,2.0,False,,False
930,2015,14,10,10.0,10,55,carlos-sainz-jr,toro-rosso,renault,pirelli,False,52.0,,,,,+1 lap,,1.0,,,,1.0,False,12.0,12,10.0,10,0.0,2.0,False,,False
930,2015,14,11,11.0,11,14,fernando-alonso,mclaren,honda,pirelli,False,52.0,,,,,+1 lap,,1.0,,,,,False,14.0,14,12.0,12,1.0,2.0,False,,False
930,2015,14,12,12.0,12,11,sergio-perez,force-india,mercedes,pirelli,False,52.0,,,,,+1 lap,,1.0,,,,,False,9.0,9,9.0,9,-3.0,3.0,False,,False
930,2015,14,13,13.0,13,26,daniil-kvyat,red-bull,renault,pirelli,False,52.0,,,,,+1 lap,,1.0,,,,,False,10.0,10,,PL,7.0,3.0,False,,False
930,2015,14,14,14.0,14,9,marcus-ericsson,sauber,ferrari,pirelli,False,52.0,,,,,+1 lap,,1.0,,,,,False,17.0,17,15.0,15,1.0,2.0,False,,False
930,2015,14,15,15.0,15,3,daniel-ricciardo,red-bull,renault,pirelli,False,52.0,,,,,+1 lap,,1.0,,,,,False,7.0,7,7.0,7,-8.0,2.0,False,,False
930,2015,14,16,16.0,16,22,jenson-button,mclaren,honda,pirelli,False,52.0,,,,,+1 lap,,1.0,,,,,False,16.0,16,14.0,14,-2.0,2.0,False,,False
930,2015,14,17,17.0,17,19,felipe-massa,williams,mercedes,pirelli,False,51.0,,,,,+2 laps,,2.0,,,,,False,5.0,5,5.0,5,-12.0,3.0,False,,False
930,2015,14,18,18.0,18,53,alexander-rossi,marussia,ferrari,pirelli,False,51.0,,,,,+2 laps,,2.0,,,,,False,,NC,19.0,19,1.0,2.0,False,,False
930,2015,14,19,19.0,19,28,will-stevens,marussia,ferrari,pirelli,False,50.0,,,,,+3 laps,,3.0,,,,,False,19.0,19,18.0,18,-1.0,3.0,False,,False
930,2015,14,20,20.0,20,12,felipe-nasr,sauber,ferrari,pirelli,False,49.0,,,,,,,,,,Mechanical,,False,18.0,18,16.0,16,-4.0,2.0,False,,False
931,2015,15,1,1.0,1,44,lewis-hamilton,mercedes,mercedes,pirelli,False,53.0,1:37:11.024,5831024.0,,,,,,,,,25.0,False,2.0,2,2.0,2,1.0,1.0,False,,False
931,2015,15,2,2.0,2,5,sebastian-vettel,ferrari,ferrari,pirelli,False,53.0,1:37:16.977,5836977.0,,,+5.953,5953.0,,+5.953,5953.0,,18.0,False,4.0,4,4.0,4,2.0,1.0,True,,False
931,2015,15,3,3.0,3,11,sergio-perez,force-india,mercedes,pirelli,False,53.0,1:37:39.942,5859942.0,,,+28.918,28918.0,,+22.965,22965.0,,15.0,False,7.0,7,7.0,7,4.0,1.0,False,,False
931,2015,15,4,4.0,4,19,felipe-massa,williams,mercedes,pirelli,False,53.0,1:37:49.855,5869855.0,,,+38.831,38831.0,,+9.913,9913.0,,12.0,False,15.0,15,15.0,15,11.0,1.0,False,,False
931,2015,15,5,5.0,5,26,daniil-kvyat,red-bull,renault,pirelli,False,53.0,1:37:58.590,5878590.0,,,+47.566,47566.0,,+8.735,8735.0,,10.0,False,11.0,11,11.0,11,6.0,1.0,False,,False
931,2015,15,6,6.0,6,12,felipe-nasr,sauber,ferrari,pirelli,False,53.0,1:38:07.532,5887532.0,,,+56.508,56508.0,,+8.942,8942.0,,8.0,False,12.0,12,12.0,12,6.0,1.0,False,,False
931,2015,15,7,7.0,7,13,pastor-maldonado,lotus-f1,mercedes,pirelli,False,53.0,1:38:12.112,5892112.0,,,+1:01.088,61088.0,,+4.580,4580.0,,6.0,False,14.0,14,14.0,14,7.0,1.0,False,,False
931,2015,15,8,8.0,8,7,kimi-raikkonen,ferrari,ferrari,pirelli,False,53.0,1:38:23.382,5903382.0,30.0,30000.0,+1:12.358,72358.0,,+11.270,11270.0,,4.0,False,5.0,5,5.0,5,-3.0,1.0,False,,False
931,2015,15,9,9.0,9,22,jenson-button,mclaren,honda,pirelli,False,53.0,1:38:30.491,5910491.0,,,+1:19.467,79467.0,,+7.109,7109.0,,2.0,False,13.0,13,13.0,13,4.0,1.0,False,,False
931,2015,15,10,10.0,10,33,max-verstappen,toro-rosso,renault,pirelli,False,53.0,1:38:39.448,5919448.0,,,+1:28.424,88424.0,,+8.957,8957.0,,1.0,False,9.0,9,9.0,9,-1.0,2.0,False,,False
931,2015,15,11,11.0,11,14,fernando-alonso,mclaren,honda,pirelli,False,53.0,1:38:42.234,5922234.0,5.0,5000.0,+1:31.210,91210.0,,+2.786,2786.0,,,False,16.0,16,19.0,19,8.0,1.0,False,,False
931,2015,15,12,12.0,12,77,valtteri-bottas,williams,mercedes,pirelli,False,52.0,,,,,,,,,,Collision,,False,3.0,3,3.0,3,-9.0,1.0,False,,False
931,2015,15,13,13.0,13,98,roberto-merhi,marussia,ferrari,pirelli,False,52.0,,,,,+1 lap,,1.0,,,,,False,19.0,19,18.0,18,5.0,1.0,False,,False
931,2015,15,14,14.0,14,28,will-stevens,marussia,ferrari,pirelli,False,51.0,,,,,+2 laps,,2.0,,,,,False,18.0,18,17.0,17,3.0,2.0,False,,False
931,2015,15,15,15.0,15,3,daniel-ricciardo,red-bull,renault,pirelli,False,47.0,,,,,,,,,,Suspension,,False,10.0,10,10.0,10,-5.0,1.0,False,,False
931,2015,15,16,,DNF,55,carlos-sainz-jr,toro-rosso,renault,pirelli,False,45.0,,,5.0,5000.0,,,,,,Brakes,,False,,NC,20.0,20,,1.0,False,,False
931,2015,15,17,,DNF,8,romain-grosjean,lotus-f1,mercedes,pirelli,False,11.0,,,,,,,,,,Accident,,False,8.0,8,8.0,8,,1.0,False,,False
931,2015,15,18,,DNF,6,nico-rosberg,mercedes,mercedes,pirelli,False,7.0,,,,,,,,,,Throttle,,True,1.0,1,1.0,1,,0.0,False,,False
931,2015,15,19,,DNF,27,nico-hulkenberg,force-india,mercedes,pirelli,False,0.0,,,,,,,,,,Collision,,False,6.0,6,6.0,6,,0.0,False,,False
931,2015,15,20,,DNF,9,marcus-ericsson,sauber,ferrari,pirelli,False,0.0,,,,,,,,,,Collision,,False,17.0,17,16.0,16,,0.0,False,,False
932,2015,16,1,1.0,1,44,lewis-hamilton,mercedes,mercedes,pirelli,False,56.0,1:50:52.703,6652703.0,,,,,,,,,25.0,False,2.0,2,2.0,2,1.0,2.0,False,,False
932,2015,16,2,2.0,2,6,nico-rosberg,mercedes,mercedes,pirelli,False,56.0,1:50:55.553,6655553.0,,,+2.850,2850.0,,+2.850,2850.0,,18.0,True,1.0,1,1.0,1,-1.0,2.0,True,,False
932,2015,16,3,3.0,3,5,sebastian-vettel,ferrari,ferrari,pirelli,False,56.0,1:50:56.084,6656084.0,,,+3.381,3381.0,,+0.531,531.0,,15.0,False,5.0,5,13.0,13,10.0,3.0,False,,False
932,2015,16,4,4.0,4,33,max-verstappen,toro-rosso,renault,pirelli,False,56.0,1:51:15.062,6675062.0,,,+22.359,22359.0,,+18.978,18978.0,,12.0,False,10.0,10,8.0,8,4.0,2.0,False,,False
932,2015,16,5,5.0,5,11,sergio-perez,force-india,mercedes,pirelli,False,56.0,1:51:17.116,6677116.0,,,+24.413,24413.0,,+2.054,2054.0,,10.0,False,6.0,6,5.0,5,0.0,2.0,False,,False
932,2015,16,6,6.0,6,22,jenson-button,mclaren,honda,pirelli,False,56.0,1:51:20.761,6680761.0,,,+28.058,28058.0,,+3.645,3645.0,,8.0,False,14.0,14,11.0,11,5.0,3.0,False,,False
932,2015,16,7,7.0,7,55,carlos-sainz-jr,toro-rosso,renault,pirelli,False,56.0,1:51:23.322,6683322.0,5.0,5000.0,+30.619,30619.0,,+2.561,2561.0,,6.0,False,,NC,20.0,20,13.0,3.0,False,,False
932,2015,16,8,8.0,8,13,pastor-maldonado,lotus-f1,mercedes,pirelli,False,56.0,1:51:24.976,6684976.0,,,+32.273,32273.0,,+1.654,1654.0,,4.0,False,15.0,15,12.0,12,4.0,3.0,False,,False
932,2015,16,9,9.0,9,12,felipe-nasr,sauber,ferrari,pirelli,False,56.0,1:51:32.960,6692960.0,,,+40.257,40257.0,,+7.984,7984.0,,2.0,False,17.0,17,15.0,15,6.0,5.0,False,,False
932,2015,16,10,10.0,10,3,daniel-ricciardo,red-bull,renault,pirelli,False,56.0,1:51:46.074,6706074.0,,,+53.371,53371.0,,+13.114,13114.0,,1.0,False,3.0,3,3.0,3,-7.0,3.0,False,,False
932,2015,16,11,11.0,11,14,fernando-alonso,mclaren,honda,pirelli,False,56.0,1:51:47.519,6707519.0,,,+54.816,54816.0,,+1.445,1445.0,,,False,11.0,11,9.0,9,-2.0,3.0,False,,False
932,2015,16,12,12.0,12,53,alexander-rossi,marussia,ferrari,pirelli,False,56.0,1:52:07.980,6727980.0,,,+1:15.277,75277.0,,+20.461,20461.0,,,False,18.0,18,17.0,17,5.0,3.0,False,,False
932,2015,16,13,,DNF,26,daniil-kvyat,red-bull,renault,pirelli,False,41.0,,,,,,,,,,Accident,,False,4.0,4,4.0,4,,2.0,False,,False
932,2015,16,14,,DNF,27,nico-hulkenberg,force-india,mercedes,pirelli,False,35.0,,,,,,,,,,Collision,,False,7.0,7,6.0,6,,2.0,False,,False
932,2015,16,15,,DNF,9,marcus-ericsson,sauber,ferrari,pirelli,False,25.0,,,,,,,,,,Electrical,,False,16.0,16,14.0,14,,2.0,False,,False
932,2015,16,16,,DNF,7,kimi-raikkonen,ferrari,ferrari,pirelli,False,25.0,,,,,,,,,,Brakes,,False,8.0,8,18.0,18,,2.0,False,,False
932,2015,16,17,,DNF,19,felipe-massa,williams,mercedes,pirelli,False,23.0,,,,,,,,,,Suspension,,False,9.0,9,7.0,7,,1.0,False,,False
932,2015,16,18,,DNF,8,romain-grosjean,lotus-f1,mercedes,pirelli,False,10.0,,,,,,,,,,Brakes,,False,13.0,13,10.0,10,,2.0,False,,False
932,2015,16,19,,DNF,77,valtteri-bottas,williams,mercedes,pirelli,False,5.0,,,,,,,,,,Suspension,,False,12.0,12,16.0,16,,2.0,False,,False
932,2015,16,20,,DNF,28,will-stevens,marussia,ferrari,pirelli,False,1.0,,,,,,,,,,Collision damage,,False,19.0,19,19.0,19,,0.0,False,,False
933,2015,17,1,1.0,1,6,nico-rosberg,mercedes,mercedes,pirelli,False,71.0,1:42:35.038,6155038.0,,,,,,,,,25.0,True,1.0,1,1.0,1,0.0,2.0,True,,False
933,2015,17,2,2.0,2,44,lewis-hamilton,mercedes,mercedes,pirelli,False,71.0,1:42:36.992,6156992.0,,,+1.954,1954.0,,+1.954,1954.0,,18.0,False,2.0,2,2.0,2,0.0,2.0,False,,False
933,2015,17,3,3.0,3,77,valtteri-bottas,williams,mercedes,pirelli,False,71.0,1:42:49.630,6169630.0,,,+14.592,14592.0,,+12.638,12638.0,,15.0,False,6.0,6,6.0,6,3.0,2.0,False,,False
933,2015,17,4,4.0,4,26,daniil-kvyat,red-bull,renault,pirelli,False,71.0,1:42:51.610,6171610.0,,,+16.572,16572.0,,+1.980,1980.0,,12.0,False,4.0,4,4.0,4,0.0,2.0,False,,False
933,2015,17,5,5.0,5,3,daniel-ricciardo,red-bull,renault,pirelli,False,71.0,1:42:54.720,6174720.0,,,+19.682,19682.0,,+3.110,3110.0,,10.0,False,5.0,5,5.0,5,0.0,2.0,False,,False
933,2015,17,6,6.0,6,19,felipe-massa,williams,mercedes,pirelli,False,71.0,1:42:56.531,6176531.0,,,+21.493,21493.0,,+1.811,1811.0,,8.0,False,7.0,7,7.0,7,1.0,2.0,False,,False
933,2015,17,7,7.0,7,27,nico-hulkenberg,force-india,mercedes,pirelli,False,71.0,1:43:00.898,6180898.0,,,+25.860,25860.0,,+4.367,4367.0,,6.0,False,10.0,10,10.0,10,3.0,2.0,False,,False
933,2015,17,8,8.0,8,11,sergio-perez,force-india,mercedes,pirelli,False,71.0,1:43:09.381,6189381.0,,,+34.343,34343.0,,+8.483,8483.0,,4.0,False,9.0,9,9.0,9,1.0,1.0,False,,False
933,2015,17,9,9.0,9,33,max-verstappen,toro-rosso,renault,pirelli,False,71.0,1:43:10.267,6190267.0,,,+35.229,35229.0,,+0.886,886.0,,2.0,False,8.0,8,8.0,8,-1.0,2.0,False,,False
933,2015,17,10,10.0,10,8,romain-grosjean,lotus-f1,mercedes,pirelli,False,71.0,1:43:12.972,6192972.0,,,+37.934,37934.0,,+2.705,2705.0,,1.0,False,12.0,12,12.0,12,2.0,2.0,False,,False
933,2015,17,11,11.0,11,13,pastor-maldonado,lotus-f1,mercedes,pirelli,False,71.0,1:43:13.576,6193576.0,,,+38.538,38538.0,,+0.604,604.0,,,False,13.0,13,13.0,13,2.0,2.0,False,,False
933,2015,17,12,12.0,12,9,marcus-ericsson,sauber,ferrari,pirelli,False,71.0,1:43:15.218,6195218.0,,,+40.180,40180.0,,+1.642,1642.0,,,False,14.0,14,14.0,14,2.0,3.0,False,,False
933,2015,17,13,13.0,13,55,carlos-sainz-jr,toro-rosso,renault,pirelli,False,71.0,1:43:23.810,6203810.0,,,+48.772,48772.0,,+8.592,8592.0,,,False,11.0,11,11.0,11,-2.0,3.0,False,,False
933,2015,17,14,14.0,14,22,jenson-button,mclaren,honda,pirelli,False,71.0,1:43:24.252,6204252.0,,,+49.214,49214.0,,+0.442,442.0,,,False,,NC,20.0,20,6.0,2.0,False,,False
933,2015,17,15,15.0,15,53,alexander-rossi,marussia,ferrari,pirelli,False,69.0,,,,,+2 laps,,2.0,,,,,False,18.0,18,16.0,16,1.0,2.0,False,,False
933,2015,17,16,16.0,16,28,will-stevens,marussia,ferrari,pirelli,False,69.0,,,,,+2 laps,,2.0,,,,,False,19.0,19,17.0,17,1.0,2.0,False,,False
933,2015,17,17,,DNF,12,felipe-nasr,sauber,ferrari,pirelli,False,57.0,,,,,,,,,,Brakes,,False,17.0,17,15.0,15,,3.0,False,,False
933,2015,17,18,,DNF,5,sebastian-vettel,ferrari,ferrari,pirelli,False,50.0,,,,,,,,,,Accident,,False,3.0,3,3.0,3,,2.0,False,,False
933,2015,17,19,,DNF,7,kimi-raikkonen,ferrari,ferrari,pirelli,False,21.0,,,,,,,,,,Collision,,False,15.0,15,19.0,19,,0.0,False,,False
933,2015,17,20,,DNF,14,fernando-alonso,mclaren,honda,pirelli,False,1.0,,,,,,,,,,Power unit,,False,16.0,16,18.0,18,,0.0,False,,False
934,2015,18,1,1.0,1,6,nico-rosberg,mercedes,mercedes,pirelli,False,71.0,1:31:09.090,5469090.0,,,,,,,,,25.0,True,1.0,1,1.0,1,0.0,3.0,False,,False
934,2015,18,2,2.0,2,44,lewis-hamilton,mercedes,mercedes,pirelli,False,71.0,1:31:16.846,5476846.0,,,+7.756,7756.0,,+7.756,7756.0,,18.0,False,2.0,2,2.0,2,0.0,3.0,True,,False
934,2015,18,3,3.0,3,5,sebastian-vettel,ferrari,ferrari,pirelli,False,71.0,1:31:23.334,5483334.0,,,+14.244,14244.0,,+6.488,6488.0,,15.0,False,3.0,3,3.0,3,0.0,3.0,False,,False
934,2015,18,4,4.0,4,7,kimi-raikkonen,ferrari,ferrari,pirelli,False,71.0,1:31:56.633,5516633.0,,,+47.543,47543.0,,+33.299,33299.0,,12.0,False,5.0,5,4.0,4,0.0,2.0,False,,False
934,2015,18,5,5.0,5,77,valtteri-bottas,williams,mercedes,pirelli,False,70.0,,,,,+1 lap,,1.0,,,,10.0,False,4.0,4,7.0,7,2.0,2.0,False,,False
934,2015,18,6,6.0,6,27,nico-hulkenberg,force-india,mercedes,pirelli,False,70.0,,,,,+1 lap,,1.0,,,,8.0,False,6.0,6,5.0,5,-1.0,2.0,False,,False
934,2015,18,7,7.0,7,26,daniil-kvyat,red-bull,renault,pirelli,False,70.0,,,,,+1 lap,,1.0,,,,6.0,False,7.0,7,6.0,6,-1.0,2.0,False,,False
934,2015,18,8,8.0,8,8,romain-grosjean,lotus-f1,mercedes,pirelli,False,70.0,,,,,+1 lap,,1.0,,,,4.0,False,15.0,15,14.0,14,6.0,3.0,False,,False
934,2015,18,9,9.0,9,33,max-verstappen,toro-rosso,renault,pirelli,False,70.0,,,,,+1 lap,,1.0,,,,2.0,False,10.0,10,9.0,9,0.0,3.0,False,,False
934,2015,18,10,10.0,10,13,pastor-maldonado,lotus-f1,mercedes,pirelli,False,70.0,,,,,+1 lap,,1.0,,,,1.0,False,16.0,16,15.0,15,5.0,2.0,False,,False
934,2015,18,11,11.0,11,3,daniel-ricciardo,red-bull,renault,pirelli,False,70.0,,,,,+1 lap,,1.0,,,,,False,9.0,9,19.0,19,8.0,3.0,False,,False
934,2015,18,12,12.0,12,11,sergio-perez,force-india,mercedes,pirelli,False,70.0,,,,,+1 lap,,1.0,,,,,False,13.0,13,11.0,11,-1.0,3.0,False,,False
934,2015,18,13,13.0,13,12,felipe-nasr,sauber,ferrari,pirelli,False,70.0,,,,,+1 lap,,1.0,,,,,False,11.0,11,13.0,13,0.0,2.0,False,,False
934,2015,18,14,14.0,14,22,jenson-button,mclaren,honda,pirelli,False,70.0,,,,,+1 lap,,1.0,,,,,False,17.0,17,16.0,16,2.0,3.0,False,,False
934,2015,18,15,15.0,15,14,fernando-alonso,mclaren,honda,pirelli,False,70.0,,,,,+1 lap,,1.0,,,,,False,,NC,20.0,20,5.0,3.0,False,,False
934,2015,18,16,16.0,16,9,marcus-ericsson,sauber,ferrari,pirelli,False,69.0,,,,,+2 laps,,2.0,,,,,False,14.0,14,12.0,12,-4.0,3.0,False,,False
934,2015,18,17,17.0,17,28,will-stevens,marussia,ferrari,pirelli,False,67.0,,,,,+4 laps,,4.0,,,,,False,19.0,19,18.0,18,1.0,2.0,False,,False
934,2015,18,18,18.0,18,53,alexander-rossi,marussia,ferrari,pirelli,False,67.0,,,,,+4 laps,,4.0,,,,,False,18.0,18,17.0,17,-1.0,2.0,False,,False
934,2015,18,19,,DNF,55,carlos-sainz-jr,toro-rosso,renault,pirelli,False,0.0,,,,,,,,,,Technical defect,,False,12.0,12,,PL,,0.0,False,,False
934,2015,18,20,,DSQ,19,felipe-massa,williams,mercedes,pirelli,False,70.0,,,,,+1 lap,,1.0,,,Tyre temperature,,False,8.0,8,8.0,8,,3.0,False,,False
935,2015,19,1,1.0,1,6,nico-rosberg,mercedes,mercedes,pirelli,False,55.0,1:38:30.175,5910175.0,,,,,,,,,25.0,True,1.0,1,1.0,1,0.0,2.0,False,,False
935,2015,19,2,2.0,2,44,lewis-hamilton,mercedes,mercedes,pirelli,False,55.0,1:38:38.446,5918446.0,,,+8.271,8271.0,,+8.271,8271.0,,18.0,False,2.0,2,2.0,2,0.0,2.0,True,,False
935,2015,19,3,3.0,3,7,kimi-raikkonen,ferrari,ferrari,pirelli,False,55.0,1:38:49.605,5929605.0,,,+19.430,19430.0,,+11.159,11159.0,,15.0,False,3.0,3,3.0,3,0.0,2.0,False,,False
935,2015,19,4,4.0,4,5,sebastian-vettel,ferrari,ferrari,pirelli,False,55.0,1:39:13.910,5953910.0,,,+43.735,43735.0,,+24.305,24305.0,,12.0,False,16.0,16,15.0,15,11.0,2.0,False,,False
935,2015,19,5,5.0,5,11,sergio-perez,force-india,mercedes,pirelli,False,55.0,1:39:34.127,5974127.0,,,+1:03.952,63952.0,,+20.217,20217.0,,10.0,False,4.0,4,4.0,4,-1.0,2.0,False,,False
935,2015,19,6,6.0,6,3,daniel-ricciardo,red-bull,renault,pirelli,False,55.0,1:39:35.185,5975185.0,,,+1:05.010,65010.0,,+1.058,1058.0,,8.0,False,5.0,5,5.0,5,-1.0,2.0,False,,False
935,2015,19,7,7.0,7,27,nico-hulkenberg,force-india,mercedes,pirelli,False,55.0,1:40:03.793,6003793.0,,,+1:33.618,93618.0,,+28.608,28608.0,,6.0,False,7.0,7,7.0,7,0.0,2.0,False,,False
935,2015,19,8,8.0,8,19,felipe-massa,williams,mercedes,pirelli,False,55.0,1:40:07.926,6007926.0,,,+1:37.751,97751.0,,+4.133,4133.0,,4.0,False,8.0,8,8.0,8,0.0,2.0,False,,False
935,2015,19,9,9.0,9,8,romain-grosjean,lotus-f1,mercedes,pirelli,False,55.0,1:40:08.376,6008376.0,,,+1:38.201,98201.0,,+0.450,450.0,,2.0,False,15.0,15,18.0,18,9.0,2.0,False,,False
935,2015,19,10,10.0,10,26,daniil-kvyat,red-bull,renault,pirelli,False,55.0,1:40:12.546,6012546.0,,,+1:42.371,102371.0,,+4.170,4170.0,,1.0,False,9.0,9,9.0,9,-1.0,2.0,False,,False
935,2015,19,11,11.0,11,55,carlos-sainz-jr,toro-rosso,renault,pirelli,False,55.0,1:40:13.700,6013700.0,,,+1:43.525,103525.0,,+1.154,1154.0,,,False,10.0,10,10.0,10,-1.0,2.0,False,,False
935,2015,19,12,12.0,12,22,jenson-button,mclaren,honda,pirelli,False,54.0,,,,,+1 lap,,1.0,,,,,False,12.0,12,12.0,12,0.0,2.0,False,,False
935,2015,19,13,13.0,13,77,valtteri-bottas,williams,mercedes,pirelli,False,54.0,,,,,+1 lap,,1.0,,,,,False,6.0,6,6.0,6,-7.0,3.0,False,,False
935,2015,19,14,14.0,14,9,marcus-ericsson,sauber,ferrari,pirelli,False,54.0,,,,,+1 lap,,1.0,,,,,False,18.0,18,17.0,17,3.0,2.0,False,,False
935,2015,19,15,15.0,15,12,felipe-nasr,sauber,ferrari,pirelli,False,54.0,,,,,+1 lap,,1.0,,,,,False,14.0,14,14.0,14,-1.0,3.0,False,,False
935,2015,19,16,16.0,16,33,max-verstappen,toro-rosso,renault,pirelli,False,54.0,,,25.0,25000.0,+1 lap,,1.0,,,,,False,11.0,11,11.0,11,-5.0,3.0,False,,False
935,2015,19,17,17.0,17,14,fernando-alonso,mclaren,honda,pirelli,False,53.0,,,,,+2 laps,,2.0,,,,,False,17.0,17,16.0,16,-1.0,4.0,False,,False
935,2015,19,18,18.0,18,28,will-stevens,marussia,ferrari,pirelli,False,53.0,,,,,+2 laps,,2.0,,,,,False,19.0,19,19.0,19,1.0,2.0,False,,False
935,2015,19,19,19.0,19,98,roberto-merhi,marussia,ferrari,pirelli,False,52.0,,,,,+3 laps,,3.0,,,,,False,20.0,20,,PL,1.0,1.0,False,,False
935,2015,19,20,,DNF,13,pastor-maldonado,lotus-f1,mercedes,pirelli,False,0.0,,,,,,,,,,Collision,,False,13.0,13,13.0,13,,0.0,False,,False
936,2016,1,1,1.0,1,6,nico-rosberg,mercedes,mercedes,pirelli,False,57.0,1:48:15.565,6495565.0,,,,,,,,,25.0,False,2.0,2,2.0,2,1.0,2.0,False,False,False
936,2016,1,2,2.0,2,44,lewis-hamilton,mercedes,mercedes,pirelli,False,57.0,1:48:23.625,6503625.0,,,+8.060,8060.0,,+8.060,8060.0,,18.0,True,1.0,1,1.0,1,-1.0,2.0,False,False,False
936,2016,1,3,3.0,3,5,sebastian-vettel,ferrari,ferrari,pirelli,False,57.0,1:48:25.208,6505208.0,,,+9.643,9643.0,,+1.583,1583.0,,15.0,False,3.0,3,3.0,3,0.0,3.0,False,False,False
936,2016,1,4,4.0,4,3,daniel-ricciardo,red-bull,tag-heuer,pirelli,False,57.0,1:48:39.895,6519895.0,,,+24.330,24330.0,,+14.687,14687.0,,12.0,False,8.0,8,8.0,8,4.0,3.0,True,False,False
936,2016,1,5,5.0,5,19,felipe-massa,williams,mercedes,pirelli,False,57.0,1:49:14.544,6554544.0,,,+58.979,58979.0,,+34.649,34649.0,,10.0,False,6.0,6,6.0,6,1.0,2.0,False,False,False
936,2016,1,6,6.0,6,8,romain-grosjean,haas,ferrari,pirelli,False,57.0,1:49:27.646,6567646.0,,,+1:12.081,72081.0,,+13.102,13102.0,,8.0,False,19.0,19,19.0,19,13.0,1.0,False,True,False
936,2016,1,7,7.0,7,27,nico-hulkenberg,force-india,mercedes,pirelli,False,57.0,1:49:29.764,6569764.0,,,+1:14.199,74199.0,,+2.118,2118.0,,6.0,False,10.0,10,10.0,10,3.0,2.0,False,False,False
936,2016,1,8,8.0,8,77,valtteri-bottas,williams,mercedes,pirelli,False,57.0,1:49:30.718,6570718.0,,,+1:15.153,75153.0,,+0.954,954.0,,4.0,False,11.0,11,16.0,16,8.0,2.0,False,False,False
936,2016,1,9,9.0,9,55,carlos-sainz-jr,toro-rosso,ferrari,pirelli,False,57.0,1:49:31.245,6571245.0,,,+1:15.680,75680.0,,+0.527,527.0,,2.0,False,7.0,7,7.0,7,-2.0,3.0,False,False,False
936,2016,1,10,10.0,10,33,max-verstappen,toro-rosso,ferrari,pirelli,False,57.0,1:49:32.398,6572398.0,,,+1:16.833,76833.0,,+1.153,1153.0,,1.0,False,5.0,5,5.0,5,-5.0,3.0,False,False,False
936,2016,1,11,11.0,11,30,jolyon-palmer,renault,renault,pirelli,False,57.0,1:49:38.964,6578964.0,,,+1:23.399,83399.0,,+6.566,6566.0,,,False,14.0,14,13.0,13,2.0,2.0,False,False,False
936,2016,1,12,12.0,12,20,kevin-magnussen,renault,renault,pirelli,False,57.0,1:49:41.171,6581171.0,,,+1:25.606,85606.0,,+2.207,2207.0,,,False,15.0,15,14.0,14,2.0,3.0,False,False,False
936,2016,1,13,13.0,13,11,sergio-perez,force-india,mercedes,pirelli,False,57.0,1:49:47.264,6587264.0,,,+1:31.699,91699.0,,+6.093,6093.0,,,False,9.0,9,9.0,9,-4.0,2.0,False,False,False
936,2016,1,14,14.0,14,22,jenson-button,mclaren,honda,pirelli,False,56.0,,,,,+1 lap,,1.0,,,,,False,13.0,13,12.0,12,-2.0,3.0,False,False,False
936,2016,1,15,15.0,15,12,felipe-nasr,sauber,ferrari,pirelli,False,56.0,,,,,+1 lap,,1.0,,,,,False,17.0,17,17.0,17,2.0,2.0,False,False,False
936,2016,1,16,16.0,16,94,pascal-wehrlein,manor,mercedes,pirelli,False,56.0,,,,,+1 lap,,1.0,,,,,False,22.0,22,21.0,21,5.0,3.0,False,False,False
936,2016,1,17,,DNF,9,marcus-ericsson,sauber,ferrari,pirelli,False,38.0,,,,,,,,,,Transmission,,False,16.0,16,15.0,15,,3.0,False,False,False
936,2016,1,18,,DNF,7,kimi-raikkonen,ferrari,ferrari,pirelli,False,21.0,,,,,,,,,,Turbo,,False,4.0,4,4.0,4,,2.0,False,False,False
936,2016,1,19,,DNF,88,rio-haryanto,manor,mercedes,pirelli,False,17.0,,,,,,,,,,Driveshaft,,False,21.0,21,22.0,22,,1.0,False,False,False
936,2016,1,20,,DNF,21,esteban-gutierrez,haas,ferrari,pirelli,False,16.0,,,,,,,,,,Collision,,False,20.0,20,20.0,20,,0.0,False,False,False
936,2016,1,21,,DNF,14,fernando-alonso,mclaren,honda,pirelli,False,16.0,,,,,,,,,,Collision,,False,12.0,12,11.0,11,,1.0,False,False,False
936,2016,1,22,,DNS,26,daniil-kvyat,red-bull,tag-heuer,pirelli,False,,,,,,,,,,,Electrical,,False,18.0,18,18.0,18,,0.0,False,False,False
937,2016,2,1,1.0,1,6,nico-rosberg,mercedes,mercedes,pirelli,False,57.0,1:33:34.696,5614696.0,,,,,,,,,25.0,False,2.0,2,2.0,2,1.0,3.0,True,False,False
937,2016,2,2,2.0,2,7,kimi-raikkonen,ferrari,ferrari,pirelli,False,57.0,1:33:44.978,5624978.0,,,+10.282,10282.0,,+10.282,10282.0,,18.0,False,4.0,4,4.0,4,2.0,3.0,False,False,False
937,2016,2,3,3.0,3,44,lewis-hamilton,mercedes,mercedes,pirelli,False,57.0,1:34:04.844,5644844.0,,,+30.148,30148.0,,+19.866,19866.0,,15.0,True,1.0,1,1.0,1,-2.0,3.0,False,False,False
937,2016,2,4,4.0,4,3,daniel-ricciardo,red-bull,tag-heuer,pirelli,False,57.0,1:34:37.190,5677190.0,,,+1:02.494,62494.0,,+32.346,32346.0,,12.0,False,5.0,5,5.0,5,1.0,3.0,False,False,False
937,2016,2,5,5.0,5,8,romain-grosjean,haas,ferrari,pirelli,False,57.0,1:34:52.995,5692995.0,,,+1:18.299,78299.0,,+15.805,15805.0,,10.0,False,9.0,9,9.0,9,4.0,3.0,False,True,False
937,2016,2,6,6.0,6,33,max-verstappen,toro-rosso,ferrari,pirelli,False,57.0,1:34:55.625,5695625.0,,,+1:20.929,80929.0,,+2.630,2630.0,,8.0,False,10.0,10,10.0,10,4.0,3.0,False,False,False
937,2016,2,7,7.0,7,26,daniil-kvyat,red-bull,tag-heuer,pirelli,False,56.0,,,,,+1 lap,,1.0,,,,6.0,False,15.0,15,15.0,15,8.0,3.0,False,False,False
937,2016,2,8,8.0,8,19,felipe-massa,williams,mercedes,pirelli,False,56.0,,,,,+1 lap,,1.0,,,,4.0,False,7.0,7,7.0,7,-1.0,2.0,False,False,False
937,2016,2,9,9.0,9,77,valtteri-bottas,williams,mercedes,pirelli,False,56.0,,,,,+1 lap,,1.0,,,,2.0,False,6.0,6,6.0,6,-3.0,3.0,False,False,False
937,2016,2,10,10.0,10,47,stoffel-vandoorne,mclaren,honda,pirelli,False,56.0,,,,,+1 lap,,1.0,,,,1.0,False,12.0,12,12.0,12,2.0,3.0,False,False,False
937,2016,2,11,11.0,11,20,kevin-magnussen,renault,renault,pirelli,False,56.0,,,,,+1 lap,,1.0,,,,,False,19.0,19,,PL,11.0,3.0,False,False,False
937,2016,2,12,12.0,12,9,marcus-ericsson,sauber,ferrari,pirelli,False,56.0,,,,,+1 lap,,1.0,,,,,False,17.0,17,17.0,17,5.0,2.0,False,False,False
937,2016,2,13,13.0,13,94,pascal-wehrlein,manor,mercedes,pirelli,False,56.0,,,,,+1 lap,,1.0,,,,,False,16.0,16,16.0,16,3.0,3.0,False,False,False
937,2016,2,14,14.0,14,12,felipe-nasr,sauber,ferrari,pirelli,False,56.0,,,,,+1 lap,,1.0,,,,,False,22.0,22,21.0,21,7.0,3.0,False,False,False
937,2016,2,15,15.0,15,27,nico-hulkenberg,force-india,mercedes,pirelli,False,56.0,,,,,+1 lap,,1.0,,,,,False,8.0,8,8.0,8,-7.0,4.0,False,False,False
937,2016,2,16,16.0,16,11,sergio-perez,force-india,mercedes,pirelli,False,56.0,,,,,+1 lap,,1.0,,,,,False,18.0,18,18.0,18,2.0,3.0,False,False,False
937,2016,2,17,17.0,17,88,rio-haryanto,manor,mercedes,pirelli,False,56.0,,,,,+1 lap,,1.0,,,,,False,21.0,21,20.0,20,3.0,3.0,False,False,False
937,2016,2,18,,DNF,55,carlos-sainz-jr,toro-rosso,ferrari,pirelli,False,29.0,,,,,,,,,,Collision damage,,False,11.0,11,11.0,11,,2.0,False,False,False
937,2016,2,19,,DNF,21,esteban-gutierrez,haas,ferrari,pirelli,False,9.0,,,,,,,,,,Brakes,,False,13.0,13,13.0,13,,1.0,False,False,False
937,2016,2,20,,DNF,22,jenson-button,mclaren,honda,pirelli,False,6.0,,,,,,,,,,Engine,,False,14.0,14,14.0,14,,0.0,False,False,False
937,2016,2,21,,DNS,5,sebastian-vettel,ferrari,ferrari,pirelli,False,,,,,,,,,,,Engine,,False,3.0,3,3.0,3,,0.0,False,False,False
937,2016,2,22,,DNS,30,jolyon-palmer,renault,renault,pirelli,False,,,,,,,,,,,Hydraulics,,False,20.0,20,19.0,19,,0.0,False,False,False
938,2016,3,1,1.0,1,6,nico-rosberg,mercedes,mercedes,pirelli,False,56.0,1:38:53.891,5933891.0,,,,,,,,,25.0,True,1.0,1,1.0,1,0.0,2.0,False,False,False
938,2016,3,2,2.0,2,5,sebastian-vettel,ferrari,ferrari,pirelli,False,56.0,1:39:31.667,5971667.0,,,+37.776,37776.0,,+37.776,37776.0,,18.0,False,4.0,4,4.0,4,2.0,3.0,False,False,False
938,2016,3,3,3.0,3,26,daniil-kvyat,red-bull,tag-heuer,pirelli,False,56.0,1:39:39.827,5979827.0,,,+45.936,45936.0,,+8.160,8160.0,,15.0,False,6.0,6,6.0,6,3.0,3.0,False,True,False
938,2016,3,4,4.0,4,3,daniel-ricciardo,red-bull,tag-heuer,pirelli,False,56.0,1:39:46.579,5986579.0,,,+52.688,52688.0,,+6.752,6752.0,,12.0,False,2.0,2,2.0,2,-2.0,3.0,False,False,False
938,2016,3,5,5.0,5,7,kimi-raikkonen,ferrari,ferrari,pirelli,False,56.0,1:39:59.763,5999763.0,,,+1:05.872,65872.0,,+13.184,13184.0,,10.0,False,3.0,3,3.0,3,-2.0,3.0,False,False,False
938,2016,3,6,6.0,6,19,felipe-massa,williams,mercedes,pirelli,False,56.0,1:40:09.402,6009402.0,,,+1:15.511,75511.0,,+9.639,9639.0,,8.0,False,11.0,11,10.0,10,4.0,2.0,False,False,False
938,2016,3,7,7.0,7,44,lewis-hamilton,mercedes,mercedes,pirelli,False,56.0,1:40:12.121,6012121.0,,,+1:18.230,78230.0,,+2.719,2719.0,,6.0,False,,NC,22.0,22,15.0,5.0,False,False,False
938,2016,3,8,8.0,8,33,max-verstappen,toro-rosso,ferrari,pirelli,False,56.0,1:40:13.159,6013159.0,,,+1:19.268,79268.0,,+1.038,1038.0,,4.0,False,9.0,9,9.0,9,1.0,3.0,False,False,False
938,2016,3,9,9.0,9,55,carlos-sainz-jr,toro-rosso,ferrari,pirelli,False,56.0,1:40:18.018,6018018.0,,,+1:24.127,84127.0,,+4.859,4859.0,,2.0,False,8.0,8,8.0,8,-1.0,3.0,False,False,False
938,2016,3,10,10.0,10,77,valtteri-bottas,williams,mercedes,pirelli,False,56.0,1:40:20.083,6020083.0,,,+1:26.192,86192.0,,+2.065,2065.0,,1.0,False,5.0,5,5.0,5,-5.0,3.0,False,False,False
938,2016,3,11,11.0,11,11,sergio-perez,force-india,mercedes,pirelli,False,56.0,1:40:28.174,6028174.0,,,+1:34.283,94283.0,,+8.091,8091.0,,,False,7.0,7,7.0,7,-4.0,3.0,False,False,False
938,2016,3,12,12.0,12,14,fernando-alonso,mclaren,honda,pirelli,False,56.0,1:40:31.144,6031144.0,,,+1:37.253,97253.0,,+2.970,2970.0,,,False,12.0,12,11.0,11,-1.0,2.0,False,False,False
938,2016,3,13,13.0,13,22,jenson-button,mclaren,honda,pirelli,False,56.0,1:40:35.881,6035881.0,,,+1:41.990,101990.0,,+4.737,4737.0,,,False,13.0,13,12.0,12,-1.0,3.0,False,False,False
938,2016,3,14,14.0,14,21,esteban-gutierrez,haas,ferrari,pirelli,False,55.0,,,,,+1 lap,,1.0,,,,,False,18.0,18,18.0,18,4.0,3.0,False,False,False
938,2016,3,15,15.0,15,27,nico-hulkenberg,force-india,mercedes,pirelli,False,55.0,,,,,+1 lap,,1.0,,,,,False,10.0,10,13.0,13,-2.0,4.0,True,False,False
938,2016,3,16,16.0,16,9,marcus-ericsson,sauber,ferrari,pirelli,False,55.0,,,,,+1 lap,,1.0,,,,,False,15.0,15,15.0,15,-1.0,2.0,False,False,False
938,2016,3,17,17.0,17,20,kevin-magnussen,renault,renault,pirelli,False,55.0,,,,,+1 lap,,1.0,,,,,False,17.0,17,17.0,17,0.0,3.0,False,False,False
938,2016,3,18,18.0,18,94,pascal-wehrlein,manor,mercedes,pirelli,False,55.0,,,,,+1 lap,,1.0,,,,,False,,NC,21.0,21,3.0,3.0,False,False,False
938,2016,3,19,19.0,19,8,romain-grosjean,haas,ferrari,pirelli,False,55.0,,,,,+1 lap,,1.0,,,,,False,14.0,14,14.0,14,-5.0,4.0,False,False,False
938,2016,3,20,20.0,20,12,felipe-nasr,sauber,ferrari,pirelli,False,55.0,,,,,+1 lap,,1.0,,,,,False,16.0,16,16.0,16,-4.0,3.0,False,False,False
938,2016,3,21,21.0,21,88,rio-haryanto,manor,mercedes,pirelli,False,55.0,,,,,+1 lap,,1.0,,,,,False,20.0,20,20.0,20,-1.0,3.0,False,False,False
938,2016,3,22,22.0,22,30,jolyon-palmer,renault,renault,pirelli,False,55.0,,,,,+1 lap,,1.0,,,,,False,19.0,19,19.0,19,-3.0,3.0,False,False,False
939,2016,4,1,1.0,1,6,nico-rosberg,mercedes,mercedes,pirelli,False,53.0,1:32:41.997,5561997.0,,,,,,,,,25.0,True,1.0,1,1.0,1,0.0,1.0,True,False,True
939,2016,4,2,2.0,2,44,lewis-hamilton,mercedes,mercedes,pirelli,False,53.0,1:33:07.019,5587019.0,,,+25.022,25022.0,,+25.022,25022.0,,18.0,False,10.0,10,10.0,10,8.0,1.0,False,False,False
939,2016,4,3,3.0,3,7,kimi-raikkonen,ferrari,ferrari,pirelli,False,53.0,1:33:13.995,5593995.0,,,+31.998,31998.0,,+6.976,6976.0,,15.0,False,4.0,4,3.0,3,0.0,1.0,False,False,False
939,2016,4,4,4.0,4,77,valtteri-bottas,williams,mercedes,pirelli,False,53.0,1:33:32.214,5612214.0,,,+50.217,50217.0,,+18.219,18219.0,,12.0,False,3.0,3,2.0,2,-2.0,1.0,False,False,False
939,2016,4,5,5.0,5,19,felipe-massa,williams,mercedes,pirelli,False,53.0,1:33:56.424,5636424.0,,,+1:14.427,74427.0,,+24.210,24210.0,,10.0,False,5.0,5,4.0,4,-1.0,2.0,False,False,False
939,2016,4,6,6.0,6,14,fernando-alonso,mclaren,honda,pirelli,False,52.0,,,,,+1 lap,,1.0,,,,8.0,False,14.0,14,14.0,14,8.0,1.0,False,False,False
939,2016,4,7,7.0,7,20,kevin-magnussen,renault,renault,pirelli,False,52.0,,,,,+1 lap,,1.0,,,,6.0,False,17.0,17,17.0,17,10.0,1.0,False,True,False
939,2016,4,8,8.0,8,8,romain-grosjean,haas,ferrari,pirelli,False,52.0,,,,,+1 lap,,1.0,,,,4.0,False,15.0,15,15.0,15,7.0,1.0,False,False,False
939,2016,4,9,9.0,9,11,sergio-perez,force-india,mercedes,pirelli,False,52.0,,,,,+1 lap,,1.0,,,,2.0,False,7.0,7,6.0,6,-3.0,2.0,False,False,False
939,2016,4,10,10.0,10,22,jenson-button,mclaren,honda,pirelli,False,52.0,,,,,+1 lap,,1.0,,,,1.0,False,12.0,12,12.0,12,2.0,1.0,False,False,False
939,2016,4,11,11.0,11,3,daniel-ricciardo,red-bull,tag-heuer,pirelli,False,52.0,,,,,+1 lap,,1.0,,,,,False,6.0,6,5.0,5,-6.0,2.0,False,False,False
939,2016,4,12,12.0,12,55,carlos-sainz-jr,toro-rosso,ferrari,pirelli,False,52.0,,,,,+1 lap,,1.0,,,,,False,11.0,11,11.0,11,-1.0,1.0,False,False,False
939,2016,4,13,13.0,13,30,jolyon-palmer,renault,renault,pirelli,False,52.0,,,,,+1 lap,,1.0,,,,,False,18.0,18,18.0,18,5.0,1.0,False,False,False
939,2016,4,14,14.0,14,9,marcus-ericsson,sauber,ferrari,pirelli,False,52.0,,,,,+1 lap,,1.0,,,,,False,22.0,22,22.0,22,8.0,2.0,False,False,False
939,2016,4,15,15.0,15,26,daniil-kvyat,red-bull,tag-heuer,pirelli,False,52.0,,,,,+1 lap,,1.0,,,,,False,8.0,8,8.0,8,-7.0,2.0,False,False,False
939,2016,4,16,16.0,16,12,felipe-nasr,sauber,ferrari,pirelli,False,52.0,,,,,+1 lap,,1.0,,,,,False,19.0,19,19.0,19,3.0,1.0,False,False,False
939,2016,4,17,17.0,17,21,esteban-gutierrez,haas,ferrari,pirelli,False,52.0,,,,,+1 lap,,1.0,,,,,False,16.0,16,16.0,16,-1.0,2.0,False,False,False
939,2016,4,18,18.0,18,94,pascal-wehrlein,manor,mercedes,pirelli,False,51.0,,,,,+2 laps,,2.0,,,,,False,20.0,20,20.0,20,2.0,2.0,False,False,False
939,2016,4,19,,DNF,33,max-verstappen,toro-rosso,ferrari,pirelli,False,33.0,,,,,,,,,,Power unit,,False,9.0,9,9.0,9,,1.0,False,False,False
939,2016,4,20,,DNF,5,sebastian-vettel,ferrari,ferrari,pirelli,False,0.0,,,,,,,,,,Collision,,False,2.0,2,7.0,7,,0.0,False,False,False
939,2016,4,21,,DNF,27,nico-hulkenberg,force-india,mercedes,pirelli,False,0.0,,,,,,,,,,Collision,,False,13.0,13,13.0,13,,0.0,False,False,False
939,2016,4,22,,DNF,88,rio-haryanto,manor,mercedes,pirelli,False,0.0,,,,,,,,,,Collision,,False,21.0,21,21.0,21,,0.0,False,False,False
940,2016,5,1,1.0,1,33,max-verstappen,red-bull,tag-heuer,pirelli,False,66.0,1:41:40.017,6100017.0,,,,,,,,,25.0,False,4.0,4,4.0,4,3.0,2.0,False,True,False
940,2016,5,2,2.0,2,7,kimi-raikkonen,ferrari,ferrari,pirelli,False,66.0,1:41:40.633,6100633.0,,,+0.616,616.0,,+0.616,616.0,,18.0,False,5.0,5,5.0,5,3.0,2.0,False,False,False
940,2016,5,3,3.0,3,5,sebastian-vettel,ferrari,ferrari,pirelli,False,66.0,1:41:45.598,6105598.0,,,+5.581,5581.0,,+4.965,4965.0,,15.0,False,6.0,6,6.0,6,3.0,3.0,False,False,False
940,2016,5,4,4.0,4,3,daniel-ricciardo,red-bull,tag-heuer,pirelli,False,66.0,1:42:23.967,6143967.0,,,+43.950,43950.0,,+38.369,38369.0,,12.0,False,3.0,3,3.0,3,-1.0,4.0,False,False,False
940,2016,5,5,5.0,5,77,valtteri-bottas,williams,mercedes,pirelli,False,66.0,1:42:25.288,6145288.0,,,+45.271,45271.0,,+1.321,1321.0,,10.0,False,7.0,7,7.0,7,2.0,2.0,False,False,False
940,2016,5,6,6.0,6,55,carlos-sainz-jr,toro-rosso,ferrari,pirelli,False,66.0,1:42:41.412,6161412.0,,,+1:01.395,61395.0,,+16.124,16124.0,,8.0,False,8.0,8,8.0,8,2.0,2.0,False,False,False
940,2016,5,7,7.0,7,11,sergio-perez,force-india,mercedes,pirelli,False,66.0,1:42:59.555,6179555.0,,,+1:19.538,79538.0,,+18.143,18143.0,,6.0,False,9.0,9,9.0,9,2.0,2.0,False,False,False
940,2016,5,8,8.0,8,19,felipe-massa,williams,mercedes,pirelli,False,66.0,1:43:00.724,6180724.0,,,+1:20.707,80707.0,,+1.169,1169.0,,4.0,False,18.0,18,18.0,18,10.0,3.0,False,False,False
940,2016,5,9,9.0,9,22,jenson-button,mclaren,honda,pirelli,False,65.0,,,,,+1 lap,,1.0,,,,2.0,False,12.0,12,12.0,12,3.0,2.0,False,False,False
940,2016,5,10,10.0,10,26,daniil-kvyat,toro-rosso,ferrari,pirelli,False,65.0,,,,,+1 lap,,1.0,,,,1.0,False,13.0,13,13.0,13,3.0,3.0,True,False,False
940,2016,5,11,11.0,11,21,esteban-gutierrez,haas,ferrari,pirelli,False,65.0,,,,,+1 lap,,1.0,,,,,False,16.0,16,16.0,16,5.0,2.0,False,False,False
940,2016,5,12,12.0,12,9,marcus-ericsson,sauber,ferrari,pirelli,False,65.0,,,,,+1 lap,,1.0,,,,,False,19.0,19,19.0,19,7.0,3.0,False,False,False
940,2016,5,13,13.0,13,30,jolyon-palmer,renault,renault,pirelli,False,65.0,,,,,+1 lap,,1.0,,,,,False,17.0,17,17.0,17,4.0,2.0,False,False,False
940,2016,5,14,14.0,14,12,felipe-nasr,sauber,ferrari,pirelli,False,65.0,,,,,+1 lap,,1.0,,,,,False,20.0,20,20.0,20,6.0,2.0,False,False,False
940,2016,5,15,15.0,15,20,kevin-magnussen,renault,renault,pirelli,False,65.0,,,10.0,10000.0,+1 lap,,1.0,,,,,False,15.0,15,15.0,15,0.0,3.0,False,False,False
940,2016,5,16,16.0,16,94,pascal-wehrlein,manor,mercedes,pirelli,False,65.0,,,,,+1 lap,,1.0,,,,,False,21.0,21,21.0,21,5.0,2.0,False,False,False
940,2016,5,17,17.0,17,88,rio-haryanto,manor,mercedes,pirelli,False,65.0,,,,,+1 lap,,1.0,,,,,False,22.0,22,22.0,22,5.0,2.0,False,False,False
940,2016,5,18,,DNF,8,romain-grosjean,haas,ferrari,pirelli,False,56.0,,,,,,,,,,Brakes,,False,14.0,14,14.0,14,,3.0,False,False,False
940,2016,5,19,,DNF,14,fernando-alonso,mclaren,honda,pirelli,False,45.0,,,,,,,,,,Power unit,,False,10.0,10,10.0,10,,2.0,False,False,False
940,2016,5,20,,DNF,27,nico-hulkenberg,force-india,mercedes,pirelli,False,20.0,,,,,,,,,,Oil leak,,False,11.0,11,11.0,11,,1.0,False,False,False
940,2016,5,21,,DNF,44,lewis-hamilton,mercedes,mercedes,pirelli,False,0.0,,,,,,,,,,Collision,,True,1.0,1,1.0,1,,0.0,False,False,False
940,2016,5,22,,DNF,6,nico-rosberg,mercedes,mercedes,pirelli,False,0.0,,,,,,,,,,Collision,,False,2.0,2,2.0,2,,0.0,False,False,False
941,2016,6,1,1.0,1,44,lewis-hamilton,mercedes,mercedes,pirelli,False,78.0,1:59:29.133,7169133.0,,,,,,,,,25.0,False,3.0,3,3.0,3,2.0,1.0,True,False,False
941,2016,6,2,2.0,2,3,daniel-ricciardo,red-bull,tag-heuer,pirelli,False,78.0,1:59:36.385,7176385.0,,,+7.252,7252.0,,+7.252,7252.0,,18.0,True,1.0,1,1.0,1,-1.0,2.0,False,False,False
941,2016,6,3,3.0,3,11,sergio-perez,force-india,mercedes,pirelli,False,78.0,1:59:42.958,7182958.0,,,+13.825,13825.0,,+6.573,6573.0,,15.0,False,8.0,8,7.0,7,4.0,2.0,False,True,False
941,2016,6,4,4.0,4,5,sebastian-vettel,ferrari,ferrari,pirelli,False,78.0,1:59:44.979,7184979.0,,,+15.846,15846.0,,+2.021,2021.0,,12.0,False,4.0,4,4.0,4,0.0,2.0,False,False,False
941,2016,6,5,5.0,5,14,fernando-alonso,mclaren,honda,pirelli,False,78.0,2:00:54.209,7254209.0,,,+1:25.076,85076.0,,+1:09.230,69230.0,,10.0,False,10.0,10,9.0,9,4.0,2.0,False,False,False
941,2016,6,6,6.0,6,27,nico-hulkenberg,force-india,mercedes,pirelli,False,78.0,2:01:02.132,7262132.0,,,+1:32.999,92999.0,,+7.923,7923.0,,8.0,False,5.0,5,5.0,5,-1.0,2.0,False,False,False
941,2016,6,7,7.0,7,6,nico-rosberg,mercedes,mercedes,pirelli,False,78.0,2:01:02.423,7262423.0,,,+1:33.290,93290.0,,+0.291,291.0,,6.0,False,2.0,2,2.0,2,-5.0,2.0,False,False,False
941,2016,6,8,8.0,8,55,carlos-sainz-jr,toro-rosso,ferrari,pirelli,False,77.0,,,,,+1 lap,,1.0,,,,4.0,False,7.0,7,6.0,6,-2.0,2.0,False,False,False
941,2016,6,9,9.0,9,22,jenson-button,mclaren,honda,pirelli,False,77.0,,,,,+1 lap,,1.0,,,,2.0,False,13.0,13,13.0,13,4.0,2.0,False,False,False
941,2016,6,10,10.0,10,19,felipe-massa,williams,mercedes,pirelli,False,77.0,,,,,+1 lap,,1.0,,,,1.0,False,14.0,14,14.0,14,4.0,2.0,False,False,False
941,2016,6,11,11.0,11,21,esteban-gutierrez,haas,ferrari,pirelli,False,77.0,,,,,+1 lap,,1.0,,,,,False,12.0,12,12.0,12,1.0,2.0,False,False,False
941,2016,6,12,12.0,12,77,valtteri-bottas,williams,mercedes,pirelli,False,77.0,,,10.0,10000.0,+1 lap,,1.0,,,,,False,11.0,11,10.0,10,-2.0,3.0,False,False,False
941,2016,6,13,13.0,13,8,romain-grosjean,haas,ferrari,pirelli,False,76.0,,,,,+2 laps,,2.0,,,,,False,15.0,15,15.0,15,2.0,2.0,False,False,False
941,2016,6,14,14.0,14,94,pascal-wehrlein,manor,mercedes,pirelli,False,76.0,,,10.0,10000.0,+2 laps,,2.0,,,,,False,20.0,20,20.0,20,6.0,1.0,False,False,False
941,2016,6,15,15.0,15,88,rio-haryanto,manor,mercedes,pirelli,False,74.0,,,,,+4 laps,,4.0,,,,,False,19.0,19,19.0,19,4.0,3.0,False,False,False
941,2016,6,16,,DNF,9,marcus-ericsson,sauber,ferrari,pirelli,False,51.0,,,,,,,,,,Collision damage,,False,17.0,17,17.0,17,,3.0,False,False,False
941,2016,6,17,,DNF,12,felipe-nasr,sauber,ferrari,pirelli,False,48.0,,,,,,,,,,Collision damage,,False,,NC,,PL,,3.0,False,False,False
941,2016,6,18,,DNF,33,max-verstappen,red-bull,tag-heuer,pirelli,False,34.0,,,,,,,,,,Accident,,False,,NC,,PL,,2.0,False,False,False
941,2016,6,19,,DNF,20,kevin-magnussen,renault,renault,pirelli,False,32.0,,,,,,,,,,Collision damage,,False,16.0,16,16.0,16,,4.0,False,False,False
941,2016,6,20,,DNF,26,daniil-kvyat,toro-rosso,ferrari,pirelli,False,18.0,,,,,,,,,,Collision,,False,9.0,9,8.0,8,,3.0,False,False,False
941,2016,6,21,,DNF,7,kimi-raikkonen,ferrari,ferrari,pirelli,False,10.0,,,,,,,,,,Accident damage,,False,6.0,6,11.0,11,,0.0,False,False,False
941,2016,6,22,,DNF,30,jolyon-palmer,renault,renault,pirelli,False,7.0,,,,,,,,,,Accident,,False,18.0,18,18.0,18,,0.0,False,False,False
942,2016,7,1,1.0,1,44,lewis-hamilton,mercedes,mercedes,pirelli,False,70.0,1:31:05.296,5465296.0,,,,,,,,,25.0,True,1.0,1,1.0,1,0.0,1.0,False,False,False
942,2016,7,2,2.0,2,5,sebastian-vettel,ferrari,ferrari,pirelli,False,70.0,1:31:10.307,5470307.0,,,+5.011,5011.0,,+5.011,5011.0,,18.0,False,3.0,3,3.0,3,1.0,2.0,False,False,False
942,2016,7,3,3.0,3,77,valtteri-bottas,williams,mercedes,pirelli,False,70.0,1:31:51.718,5511718.0,,,+46.422,46422.0,,+41.411,41411.0,,15.0,False,7.0,7,7.0,7,4.0,1.0,False,False,False
942,2016,7,4,4.0,4,33,max-verstappen,red-bull,tag-heuer,pirelli,False,70.0,1:31:58.316,5518316.0,,,+53.020,53020.0,,+6.598,6598.0,,12.0,False,5.0,5,5.0,5,1.0,2.0,False,True,False
942,2016,7,5,5.0,5,6,nico-rosberg,mercedes,mercedes,pirelli,False,70.0,1:32:07.389,5527389.0,,,+1:02.093,62093.0,,+9.073,9073.0,,10.0,False,2.0,2,2.0,2,-3.0,2.0,True,False,False
942,2016,7,6,6.0,6,7,kimi-raikkonen,ferrari,ferrari,pirelli,False,70.0,1:32:08.313,5528313.0,,,+1:03.017,63017.0,,+0.924,924.0,,8.0,False,6.0,6,6.0,6,0.0,2.0,False,False,False
942,2016,7,7,7.0,7,3,daniel-ricciardo,red-bull,tag-heuer,pirelli,False,70.0,1:32:08.930,5528930.0,,,+1:03.634,63634.0,,+0.617,617.0,,6.0,False,4.0,4,4.0,4,-3.0,2.0,False,False,False
942,2016,7,8,8.0,8,27,nico-hulkenberg,force-india,mercedes,pirelli,False,69.0,,,,,+1 lap,,1.0,,,,4.0,False,9.0,9,9.0,9,1.0,2.0,False,False,False
942,2016,7,9,9.0,9,55,carlos-sainz-jr,toro-rosso,ferrari,pirelli,False,69.0,,,,,+1 lap,,1.0,,,,2.0,False,16.0,16,20.0,20,11.0,2.0,False,False,False
942,2016,7,10,10.0,10,11,sergio-perez,force-india,mercedes,pirelli,False,69.0,,,,,+1 lap,,1.0,,,,1.0,False,11.0,11,11.0,11,1.0,2.0,False,False,False
942,2016,7,11,11.0,11,14,fernando-alonso,mclaren,honda,pirelli,False,69.0,,,,,+1 lap,,1.0,,,,,False,10.0,10,10.0,10,-1.0,1.0,False,False,False
942,2016,7,12,12.0,12,26,daniil-kvyat,toro-rosso,ferrari,pirelli,False,69.0,,,,,+1 lap,,1.0,,,,,False,13.0,13,15.0,15,3.0,2.0,False,False,False
942,2016,7,13,13.0,13,21,esteban-gutierrez,haas,ferrari,pirelli,False,68.0,,,,,+2 laps,,2.0,,,,,False,14.0,14,13.0,13,0.0,2.0,False,False,False
942,2016,7,14,14.0,14,8,romain-grosjean,haas,ferrari,pirelli,False,68.0,,,,,+2 laps,,2.0,,,,,False,15.0,15,14.0,14,0.0,3.0,False,False,False
942,2016,7,15,15.0,15,9,marcus-ericsson,sauber,ferrari,pirelli,False,68.0,,,,,+2 laps,,2.0,,,,,False,19.0,19,21.0,21,6.0,2.0,False,False,False
942,2016,7,16,16.0,16,20,kevin-magnussen,renault,renault,pirelli,False,68.0,,,,,+2 laps,,2.0,,,,,False,,NC,22.0,22,6.0,1.0,False,False,False
942,2016,7,17,17.0,17,94,pascal-wehrlein,manor,mercedes,pirelli,False,68.0,,,,,+2 laps,,2.0,,,,,False,18.0,18,17.0,17,0.0,2.0,False,False,False
942,2016,7,18,18.0,18,12,felipe-nasr,sauber,ferrari,pirelli,False,68.0,,,,,+2 laps,,2.0,,,,,False,20.0,20,18.0,18,0.0,2.0,False,False,False
942,2016,7,19,19.0,19,88,rio-haryanto,manor,mercedes,pirelli,False,68.0,,,,,+2 laps,,2.0,,,,,False,21.0,21,19.0,19,0.0,2.0,False,False,False
942,2016,7,20,,DNF,19,felipe-massa,williams,mercedes,pirelli,False,35.0,,,,,,,,,,Overheating,,False,8.0,8,8.0,8,,1.0,False,False,False
942,2016,7,21,,DNF,30,jolyon-palmer,renault,renault,pirelli,False,16.0,,,,,,,,,,Water leak,,False,17.0,17,16.0,16,,0.0,False,False,False
942,2016,7,22,,DNF,22,jenson-button,mclaren,honda,pirelli,False,9.0,,,,,,,,,,Engine,,False,12.0,12,12.0,12,,0.0,False,False,False
943,2016,8,1,1.0,1,6,nico-rosberg,mercedes,mercedes,pirelli,False,51.0,1:32:52.366,5572366.0,,,,,,,,,25.0,True,1.0,1,1.0,1,0.0,1.0,True,False,True
943,2016,8,2,2.0,2,5,sebastian-vettel,ferrari,ferrari,pirelli,False,51.0,1:33:09.062,5589062.0,,,+16.696,16696.0,,+16.696,16696.0,,18.0,False,4.0,4,3.0,3,1.0,1.0,False,False,False
943,2016,8,3,3.0,3,11,sergio-perez,force-india,mercedes,pirelli,False,51.0,1:33:17.607,5597607.0,,,+25.241,25241.0,,+8.545,8545.0,,15.0,False,2.0,2,7.0,7,4.0,1.0,False,True,False
943,2016,8,4,4.0,4,7,kimi-raikkonen,ferrari,ferrari,pirelli,False,51.0,1:33:25.468,5605468.0,5.0,5000.0,+33.102,33102.0,,+7.861,7861.0,,12.0,False,5.0,5,4.0,4,0.0,1.0,False,False,False
943,2016,8,5,5.0,5,44,lewis-hamilton,mercedes,mercedes,pirelli,False,51.0,1:33:48.701,5628701.0,,,+56.335,56335.0,,+23.233,23233.0,,10.0,False,10.0,10,10.0,10,5.0,1.0,False,False,False
943,2016,8,6,6.0,6,77,valtteri-bottas,williams,mercedes,pirelli,False,51.0,1:33:53.252,5633252.0,,,+1:00.886,60886.0,,+4.551,4551.0,,8.0,False,8.0,8,8.0,8,2.0,1.0,False,False,False
943,2016,8,7,7.0,7,3,daniel-ricciardo,red-bull,tag-heuer,pirelli,False,51.0,1:34:01.595,5641595.0,,,+1:09.229,69229.0,,+8.343,8343.0,,6.0,False,3.0,3,2.0,2,-5.0,2.0,False,False,False
943,2016,8,8,8.0,8,33,max-verstappen,red-bull,tag-heuer,pirelli,False,51.0,1:34:03.062,5643062.0,,,+1:10.696,70696.0,,+1.467,1467.0,,4.0,False,9.0,9,9.0,9,1.0,2.0,False,False,False
943,2016,8,9,9.0,9,27,nico-hulkenberg,force-india,mercedes,pirelli,False,51.0,1:34:10.074,5650074.0,,,+1:17.708,77708.0,,+7.012,7012.0,,2.0,False,12.0,12,12.0,12,3.0,1.0,False,False,False
943,2016,8,10,10.0,10,19,felipe-massa,williams,mercedes,pirelli,False,51.0,1:34:17.741,5657741.0,,,+1:25.375,85375.0,,+7.667,7667.0,,1.0,False,6.0,6,5.0,5,-5.0,2.0,False,False,False
943,2016,8,11,11.0,11,22,jenson-button,mclaren,honda,pirelli,False,51.0,1:34:37.183,5677183.0,,,+1:44.817,104817.0,,+19.442,19442.0,,,False,19.0,19,19.0,19,8.0,2.0,False,False,False
943,2016,8,12,12.0,12,12,felipe-nasr,sauber,ferrari,pirelli,False,50.0,,,,,+1 lap,,1.0,,,,,False,16.0,16,15.0,15,3.0,2.0,False,False,False
943,2016,8,13,13.0,13,8,romain-grosjean,haas,ferrari,pirelli,False,50.0,,,,,+1 lap,,1.0,,,,,False,11.0,11,11.0,11,-2.0,2.0,False,False,False
943,2016,8,14,14.0,14,20,kevin-magnussen,renault,renault,pirelli,False,50.0,,,,,+1 lap,,1.0,,,,,False,21.0,21,,PL,8.0,1.0,False,False,False
943,2016,8,15,15.0,15,30,jolyon-palmer,renault,renault,pirelli,False,50.0,,,,,+1 lap,,1.0,,,,,False,22.0,22,21.0,21,6.0,2.0,False,False,False
943,2016,8,16,16.0,16,21,esteban-gutierrez,haas,ferrari,pirelli,False,50.0,,,,,+1 lap,,1.0,,,,,False,15.0,15,14.0,14,-2.0,2.0,False,False,False
943,2016,8,17,17.0,17,9,marcus-ericsson,sauber,ferrari,pirelli,False,50.0,,,,,+1 lap,,1.0,,,,,False,20.0,20,20.0,20,3.0,2.0,False,False,False
943,2016,8,18,18.0,18,88,rio-haryanto,manor,mercedes,pirelli,False,49.0,,,,,+2 laps,,2.0,,,,,False,17.0,17,16.0,16,-2.0,1.0,False,False,False
943,2016,8,19,,DNF,14,fernando-alonso,mclaren,honda,pirelli,False,42.0,,,,,,,,,,Gearbox,,False,14.0,14,13.0,13,,2.0,False,False,False
943,2016,8,20,,DNF,94,pascal-wehrlein,manor,mercedes,pirelli,False,39.0,,,,,,,,,,Brakes,,False,18.0,18,17.0,17,,1.0,False,False,False
943,2016,8,21,,DNF,55,carlos-sainz-jr,toro-rosso,ferrari,pirelli,False,31.0,,,,,,,,,,Suspension,,False,13.0,13,18.0,18,,2.0,False,False,False
943,2016,8,22,,DNF,26,daniil-kvyat,toro-rosso,ferrari,pirelli,False,6.0,,,,,,,,,,Suspension,,False,7.0,7,6.0,6,,1.0,False,False,False
944,2016,9,1,1.0,1,44,lewis-hamilton,mercedes,mercedes,pirelli,False,71.0,1:27:38.107,5258107.0,,,,,,,,,25.0,True,1.0,1,1.0,1,0.0,4.0,True,False,False
944,2016,9,2,2.0,2,33,max-verstappen,red-bull,tag-heuer,pirelli,False,71.0,1:27:43.826,5263826.0,,,+5.719,5719.0,,+5.719,5719.0,,18.0,False,9.0,9,8.0,8,6.0,3.0,False,True,False
944,2016,9,3,3.0,3,7,kimi-raikkonen,ferrari,ferrari,pirelli,False,71.0,1:27:44.131,5264131.0,,,+6.024,6024.0,,+0.305,305.0,,15.0,False,6.0,6,4.0,4,1.0,3.0,False,False,False
944,2016,9,4,4.0,4,6,nico-rosberg,mercedes,mercedes,pirelli,False,71.0,1:28:04.817,5284817.0,10.0,10000.0,+26.710,26710.0,,+20.686,20686.0,,12.0,False,2.0,2,6.0,6,2.0,4.0,False,False,False
944,2016,9,5,5.0,5,3,daniel-ricciardo,red-bull,tag-heuer,pirelli,False,71.0,1:28:09.088,5289088.0,,,+30.981,30981.0,,+4.271,4271.0,,10.0,False,7.0,7,5.0,5,0.0,4.0,False,False,False
944,2016,9,6,6.0,6,22,jenson-button,mclaren,honda,pirelli,False,71.0,1:28:15.813,5295813.0,,,+37.706,37706.0,,+6.725,6725.0,,8.0,False,5.0,5,3.0,3,-3.0,4.0,False,False,False
944,2016,9,7,7.0,7,8,romain-grosjean,haas,ferrari,pirelli,False,71.0,1:28:22.775,5302775.0,5.0,5000.0,+44.668,44668.0,,+6.962,6962.0,,6.0,False,13.0,13,13.0,13,6.0,3.0,False,False,False
944,2016,9,8,8.0,8,55,carlos-sainz-jr,toro-rosso,ferrari,pirelli,False,71.0,1:28:25.507,5305507.0,,,+47.400,47400.0,,+2.732,2732.0,,4.0,False,15.0,15,15.0,15,7.0,3.0,False,False,False
944,2016,9,9,9.0,9,77,valtteri-bottas,williams,mercedes,pirelli,False,70.0,,,,,+1 lap,,1.0,,,,2.0,False,8.0,8,7.0,7,-2.0,4.0,False,False,False
944,2016,9,10,10.0,10,94,pascal-wehrlein,manor,mercedes,pirelli,False,70.0,,,,,+1 lap,,1.0,,,,1.0,False,12.0,12,12.0,12,2.0,4.0,False,False,False
944,2016,9,11,11.0,11,21,esteban-gutierrez,haas,ferrari,pirelli,False,70.0,,,,,+1 lap,,1.0,,,,,False,11.0,11,11.0,11,0.0,4.0,False,False,False
944,2016,9,12,12.0,12,30,jolyon-palmer,renault,renault,pirelli,False,70.0,,,,,+1 lap,,1.0,,,,,False,18.0,18,19.0,19,7.0,4.0,False,False,False
944,2016,9,13,13.0,13,12,felipe-nasr,sauber,ferrari,pirelli,False,70.0,,,,,+1 lap,,1.0,,,,,False,22.0,22,21.0,21,8.0,3.0,False,False,False
944,2016,9,14,14.0,14,20,kevin-magnussen,renault,renault,pirelli,False,70.0,,,,,+1 lap,,1.0,,,,,False,17.0,17,17.0,17,3.0,4.0,False,False,False
944,2016,9,15,15.0,15,9,marcus-ericsson,sauber,ferrari,pirelli,False,70.0,,,,,+1 lap,,1.0,,,,,False,21.0,21,18.0,18,3.0,4.0,False,False,False
944,2016,9,16,16.0,16,88,rio-haryanto,manor,mercedes,pirelli,False,70.0,,,,,+1 lap,,1.0,,,,,False,19.0,19,20.0,20,4.0,4.0,False,False,False
944,2016,9,17,17.0,17,11,sergio-perez,force-india,mercedes,pirelli,False,69.0,,,,,,,,,,Accident,,False,16.0,16,16.0,16,-1.0,4.0,False,False,False
944,2016,9,18,18.0,18,14,fernando-alonso,mclaren,honda,pirelli,False,64.0,,,,,,,,,,Battery,,False,14.0,14,14.0,14,-4.0,4.0,False,False,False
944,2016,9,19,19.0,19,27,nico-hulkenberg,force-india,mercedes,pirelli,False,64.0,,,,,,,,,,Brakes,,False,3.0,3,2.0,2,-17.0,5.0,False,False,False
944,2016,9,20,20.0,20,19,felipe-massa,williams,mercedes,pirelli,False,63.0,,,,,,,,,,Brakes,,False,10.0,10,,PL,1.0,4.0,False,False,False
944,2016,9,21,,DNF,5,sebastian-vettel,ferrari,ferrari,pirelli,False,26.0,,,,,,,,,,Puncture,,False,4.0,4,9.0,9,,0.0,False,False,False
944,2016,9,22,,DNF,26,daniil-kvyat,toro-rosso,ferrari,pirelli,False,2.0,,,,,,,,,,Mechenical,,False,20.0,20,,PL,,0.0,False,False,False
945,2016,10,1,1.0,1,44,lewis-hamilton,mercedes,mercedes,pirelli,False,52.0,1:34:55.831,5695831.0,,,,,,,,,25.0,True,1.0,1,1.0,1,0.0,2.0,False,False,False
945,2016,10,2,2.0,2,33,max-verstappen,red-bull,tag-heuer,pirelli,False,52.0,1:35:04.081,5704081.0,,,+8.250,8250.0,,+8.250,8250.0,,18.0,False,3.0,3,3.0,3,1.0,2.0,False,True,False
945,2016,10,3,3.0,3,6,nico-rosberg,mercedes,mercedes,pirelli,False,52.0,1:35:12.742,5712742.0,10.0,10000.0,+16.911,16911.0,,+8.661,8661.0,,15.0,False,2.0,2,2.0,2,-1.0,2.0,True,False,False
945,2016,10,4,4.0,4,3,daniel-ricciardo,red-bull,tag-heuer,pirelli,False,52.0,1:35:22.042,5722042.0,,,+26.211,26211.0,,+9.300,9300.0,,12.0,False,4.0,4,4.0,4,0.0,2.0,False,False,False
945,2016,10,5,5.0,5,7,kimi-raikkonen,ferrari,ferrari,pirelli,False,52.0,1:36:05.574,5765574.0,,,+1:09.743,69743.0,,+43.532,43532.0,,10.0,False,5.0,5,5.0,5,0.0,2.0,False,False,False
945,2016,10,6,6.0,6,11,sergio-perez,force-india,mercedes,pirelli,False,52.0,1:36:12.772,5772772.0,,,+1:16.941,76941.0,,+7.198,7198.0,,8.0,False,11.0,11,10.0,10,4.0,2.0,False,False,False
945,2016,10,7,7.0,7,27,nico-hulkenberg,force-india,mercedes,pirelli,False,52.0,1:36:13.543,5773543.0,,,+1:17.712,77712.0,,+0.771,771.0,,6.0,False,9.0,9,8.0,8,1.0,2.0,False,False,False
945,2016,10,8,8.0,8,55,carlos-sainz-jr,toro-rosso,ferrari,pirelli,False,52.0,1:36:21.689,5781689.0,,,+1:25.858,85858.0,,+8.146,8146.0,,4.0,False,8.0,8,7.0,7,-1.0,2.0,False,False,False
945,2016,10,9,9.0,9,5,sebastian-vettel,ferrari,ferrari,pirelli,False,52.0,1:36:27.485,5787485.0,5.0,5000.0,+1:31.654,91654.0,,+5.796,5796.0,,2.0,False,6.0,6,11.0,11,2.0,2.0,False,False,False
945,2016,10,10,10.0,10,26,daniil-kvyat,toro-rosso,ferrari,pirelli,False,52.0,1:36:28.431,5788431.0,,,+1:32.600,92600.0,,+0.946,946.0,,1.0,False,15.0,15,15.0,15,5.0,2.0,False,False,False
945,2016,10,11,11.0,11,19,felipe-massa,williams,mercedes,pirelli,False,51.0,,,,,+1 lap,,1.0,,,,,False,12.0,12,12.0,12,1.0,3.0,False,False,False
945,2016,10,12,12.0,12,22,jenson-button,mclaren,honda,pirelli,False,51.0,,,,,+1 lap,,1.0,,,,,False,17.0,17,17.0,17,5.0,2.0,False,False,False
945,2016,10,13,13.0,13,14,fernando-alonso,mclaren,honda,pirelli,False,51.0,,,,,+1 lap,,1.0,,,,,False,10.0,10,9.0,9,-4.0,3.0,False,False,False
945,2016,10,14,14.0,14,77,valtteri-bottas,williams,mercedes,pirelli,False,51.0,,,,,+1 lap,,1.0,,,,,False,7.0,7,6.0,6,-8.0,2.0,False,False,False
945,2016,10,15,15.0,15,12,felipe-nasr,sauber,ferrari,pirelli,False,51.0,,,,,+1 lap,,1.0,,,,,False,21.0,21,21.0,21,6.0,2.0,False,False,False
945,2016,10,16,16.0,16,21,esteban-gutierrez,haas,ferrari,pirelli,False,51.0,,,,,+1 lap,,1.0,,,,,False,14.0,14,14.0,14,-2.0,2.0,False,False,False
945,2016,10,17,17.0,17,20,kevin-magnussen,renault,renault,pirelli,False,49.0,,,,,,,,,,Gearbox,,False,16.0,16,16.0,16,-1.0,3.0,False,False,False
945,2016,10,18,,DNF,30,jolyon-palmer,renault,renault,pirelli,False,37.0,,,,,,,,,,Gearbox,,False,18.0,18,18.0,18,,3.0,False,False,False
945,2016,10,19,,DNF,88,rio-haryanto,manor,mercedes,pirelli,False,24.0,,,,,,,,,,Spun off,,False,19.0,19,19.0,19,,2.0,False,False,False
945,2016,10,20,,DNF,8,romain-grosjean,haas,ferrari,pirelli,False,17.0,,,,,,,,,,Transmission,,False,13.0,13,13.0,13,,2.0,False,False,False
945,2016,10,21,,DNF,9,marcus-ericsson,sauber,ferrari,pirelli,False,11.0,,,,,,,,,,Power unit,,False,,NC,,PL,,2.0,False,False,False
945,2016,10,22,,DNF,94,pascal-wehrlein,manor,mercedes,pirelli,False,6.0,,,,,,,,,,Spun off,,False,20.0,20,20.0,20,,1.0,False,False,False
946,2016,11,1,1.0,1,44,lewis-hamilton,mercedes,mercedes,pirelli,False,70.0,1:40:30.115,6030115.0,,,,,,,,,25.0,False,2.0,2,2.0,2,1.0,2.0,False,False,False
946,2016,11,2,2.0,2,6,nico-rosberg,mercedes,mercedes,pirelli,False,70.0,1:40:32.092,6032092.0,,,+1.977,1977.0,,+1.977,1977.0,,18.0,True,1.0,1,1.0,1,-1.0,2.0,False,False,False
946,2016,11,3,3.0,3,3,daniel-ricciardo,red-bull,tag-heuer,pirelli,False,70.0,1:40:57.654,6057654.0,,,+27.539,27539.0,,+25.562,25562.0,,15.0,False,3.0,3,3.0,3,0.0,2.0,False,False,False
946,2016,11,4,4.0,4,5,sebastian-vettel,ferrari,ferrari,pirelli,False,70.0,1:40:58.328,6058328.0,,,+28.213,28213.0,,+0.674,674.0,,12.0,False,5.0,5,5.0,5,1.0,2.0,False,False,False
946,2016,11,5,5.0,5,33,max-verstappen,red-bull,tag-heuer,pirelli,False,70.0,1:41:18.774,6078774.0,,,+48.659,48659.0,,+20.446,20446.0,,10.0,False,4.0,4,4.0,4,-1.0,2.0,False,False,False
946,2016,11,6,6.0,6,7,kimi-raikkonen,ferrari,ferrari,pirelli,False,70.0,1:41:19.159,6079159.0,,,+49.044,49044.0,,+0.385,385.0,,8.0,False,14.0,14,14.0,14,8.0,2.0,True,True,False
946,2016,11,7,7.0,7,14,fernando-alonso,mclaren,honda,pirelli,False,69.0,,,,,+1 lap,,1.0,,,,6.0,False,7.0,7,7.0,7,0.0,2.0,False,False,False
946,2016,11,8,8.0,8,55,carlos-sainz-jr,toro-rosso,ferrari,pirelli,False,69.0,,,,,+1 lap,,1.0,,,,4.0,False,6.0,6,6.0,6,-2.0,2.0,False,False,False
946,2016,11,9,9.0,9,77,valtteri-bottas,williams,mercedes,pirelli,False,69.0,,,,,+1 lap,,1.0,,,,2.0,False,10.0,10,10.0,10,1.0,2.0,False,False,False
946,2016,11,10,10.0,10,27,nico-hulkenberg,force-india,mercedes,pirelli,False,69.0,,,,,+1 lap,,1.0,,,,1.0,False,9.0,9,9.0,9,-1.0,2.0,False,False,False
946,2016,11,11,11.0,11,11,sergio-perez,force-india,mercedes,pirelli,False,69.0,,,,,+1 lap,,1.0,,,,,False,13.0,13,13.0,13,2.0,2.0,False,False,False
946,2016,11,12,12.0,12,30,jolyon-palmer,renault,renault,pirelli,False,69.0,,,,,+1 lap,,1.0,,,,,False,,NC,17.0,17,5.0,2.0,False,False,False
946,2016,11,13,13.0,13,21,esteban-gutierrez,haas,ferrari,pirelli,False,69.0,,,5.0,5000.0,+1 lap,,1.0,,,,,False,15.0,15,15.0,15,2.0,2.0,False,False,False
946,2016,11,14,14.0,14,8,romain-grosjean,haas,ferrari,pirelli,False,69.0,,,,,+1 lap,,1.0,,,,,False,11.0,11,11.0,11,-3.0,2.0,False,False,False
946,2016,11,15,15.0,15,20,kevin-magnussen,renault,renault,pirelli,False,69.0,,,,,+1 lap,,1.0,,,,,False,,NC,19.0,19,4.0,2.0,False,False,False
946,2016,11,16,16.0,16,26,daniil-kvyat,toro-rosso,ferrari,pirelli,False,69.0,,,,,+1 lap,,1.0,,,,,False,12.0,12,12.0,12,-4.0,2.0,False,False,False
946,2016,11,17,17.0,17,12,felipe-nasr,sauber,ferrari,pirelli,False,69.0,,,,,+1 lap,,1.0,,,,,False,16.0,16,16.0,16,-1.0,2.0,False,False,False
946,2016,11,18,18.0,18,19,felipe-massa,williams,mercedes,pirelli,False,68.0,,,,,+2 laps,,2.0,,,,,False,,NC,18.0,18,0.0,2.0,False,False,False
946,2016,11,19,19.0,19,94,pascal-wehrlein,manor,mercedes,pirelli,False,68.0,,,,,+2 laps,,2.0,,,,,False,,NC,20.0,20,1.0,2.0,False,False,False
946,2016,11,20,20.0,20,9,marcus-ericsson,sauber,ferrari,pirelli,False,68.0,,,,,+2 laps,,2.0,,,,,False,,NC,,PL,2.0,3.0,False,False,False
946,2016,11,21,21.0,21,88,rio-haryanto,manor,mercedes,pirelli,False,68.0,,,,,+2 laps,,2.0,,,,,False,,NC,21.0,21,0.0,1.0,False,False,False
946,2016,11,22,,DNF,22,jenson-button,mclaren,honda,pirelli,False,60.0,,,,,,,,,,Oil leak,,False,8.0,8,8.0,8,,3.0,False,False,False
947,2016,12,1,1.0,1,44,lewis-hamilton,mercedes,mercedes,pirelli,False,67.0,1:30:44.200,5444200.0,,,,,,,,,25.0,False,2.0,2,2.0,2,1.0,3.0,False,False,False
947,2016,12,2,2.0,2,3,daniel-ricciardo,red-bull,tag-heuer,pirelli,False,67.0,1:30:51.196,5451196.0,,,+6.996,6996.0,,+6.996,6996.0,,18.0,False,3.0,3,3.0,3,1.0,3.0,True,True,False
947,2016,12,3,3.0,3,33,max-verstappen,red-bull,tag-heuer,pirelli,False,67.0,1:30:57.613,5457613.0,,,+13.413,13413.0,,+6.417,6417.0,,15.0,False,4.0,4,4.0,4,1.0,3.0,False,False,False
947,2016,12,4,4.0,4,6,nico-rosberg,mercedes,mercedes,pirelli,False,67.0,1:31:00.045,5460045.0,,,+15.845,15845.0,,+2.432,2432.0,,12.0,True,1.0,1,1.0,1,-3.0,3.0,False,False,False
947,2016,12,5,5.0,5,5,sebastian-vettel,ferrari,ferrari,pirelli,False,67.0,1:31:16.770,5476770.0,,,+32.570,32570.0,,+16.725,16725.0,,10.0,False,6.0,6,6.0,6,1.0,3.0,False,False,False
947,2016,12,6,6.0,6,7,kimi-raikkonen,ferrari,ferrari,pirelli,False,67.0,1:31:21.223,5481223.0,,,+37.023,37023.0,,+4.453,4453.0,,8.0,False,5.0,5,5.0,5,-1.0,3.0,False,False,False
947,2016,12,7,7.0,7,27,nico-hulkenberg,force-india,mercedes,pirelli,False,67.0,1:31:54.249,5514249.0,,,+1:10.049,70049.0,,+33.026,33026.0,,6.0,False,7.0,7,8.0,8,1.0,3.0,False,False,False
947,2016,12,8,8.0,8,22,jenson-button,mclaren,honda,pirelli,False,66.0,,,,,+1 lap,,1.0,,,,4.0,False,12.0,12,12.0,12,4.0,3.0,False,False,False
947,2016,12,9,9.0,9,77,valtteri-bottas,williams,mercedes,pirelli,False,66.0,,,,,+1 lap,,1.0,,,,2.0,False,8.0,8,7.0,7,-2.0,2.0,False,False,False
947,2016,12,10,10.0,10,11,sergio-perez,force-india,mercedes,pirelli,False,66.0,,,,,+1 lap,,1.0,,,,1.0,False,9.0,9,9.0,9,-1.0,3.0,False,False,False
947,2016,12,11,11.0,11,21,esteban-gutierrez,haas,ferrari,pirelli,False,66.0,,,,,+1 lap,,1.0,,,,,False,11.0,11,11.0,11,0.0,2.0,False,False,False
947,2016,12,12,12.0,12,14,fernando-alonso,mclaren,honda,pirelli,False,66.0,,,,,+1 lap,,1.0,,,,,False,14.0,14,13.0,13,1.0,3.0,False,False,False
947,2016,12,13,13.0,13,8,romain-grosjean,haas,ferrari,pirelli,False,66.0,,,,,+1 lap,,1.0,,,,,False,15.0,15,20.0,20,7.0,2.0,False,False,False
947,2016,12,14,14.0,14,55,carlos-sainz-jr,toro-rosso,ferrari,pirelli,False,66.0,,,,,+1 lap,,1.0,,,,,False,13.0,13,15.0,15,1.0,3.0,False,False,False
947,2016,12,15,15.0,15,26,daniil-kvyat,toro-rosso,ferrari,pirelli,False,66.0,,,,,+1 lap,,1.0,,,,,False,19.0,19,18.0,18,3.0,3.0,False,False,False
947,2016,12,16,16.0,16,20,kevin-magnussen,renault,renault,pirelli,False,66.0,,,,,+1 lap,,1.0,,,,,False,17.0,17,16.0,16,0.0,2.0,False,False,False
947,2016,12,17,17.0,17,94,pascal-wehrlein,manor,mercedes,pirelli,False,65.0,,,,,+2 laps,,2.0,,,,,False,18.0,18,17.0,17,0.0,3.0,False,False,False
947,2016,12,18,18.0,18,9,marcus-ericsson,sauber,ferrari,pirelli,False,65.0,,,,,+2 laps,,2.0,,,,,False,22.0,22,22.0,22,4.0,2.0,False,False,False
947,2016,12,19,19.0,19,30,jolyon-palmer,renault,renault,pirelli,False,65.0,,,,,+2 laps,,2.0,,,,,False,16.0,16,14.0,14,-5.0,3.0,False,False,False
947,2016,12,20,20.0,20,88,rio-haryanto,manor,mercedes,pirelli,False,65.0,,,,,+2 laps,,2.0,,,,,False,20.0,20,19.0,19,-1.0,3.0,False,False,False
947,2016,12,21,,DNF,12,felipe-nasr,sauber,ferrari,pirelli,False,57.0,,,,,,,,,,Power unit,,False,21.0,21,21.0,21,,3.0,False,False,False
947,2016,12,22,,DNF,19,felipe-massa,williams,mercedes,pirelli,False,36.0,,,,,,,,,,Suspension,,False,10.0,10,10.0,10,,2.0,False,False,False
948,2016,13,1,1.0,1,6,nico-rosberg,mercedes,mercedes,pirelli,False,44.0,1:44:51.058,6291058.0,,,,,,,,,25.0,True,1.0,1,1.0,1,0.0,2.0,False,False,False
948,2016,13,2,2.0,2,3,daniel-ricciardo,red-bull,tag-heuer,pirelli,False,44.0,1:45:05.171,6305171.0,,,+14.113,14113.0,,+14.113,14113.0,,18.0,False,5.0,5,5.0,5,3.0,2.0,False,False,False
948,2016,13,3,3.0,3,44,lewis-hamilton,mercedes,mercedes,pirelli,False,44.0,1:45:18.692,6318692.0,,,+27.634,27634.0,,+13.521,13521.0,,15.0,False,21.0,21,21.0,21,18.0,3.0,True,True,False
948,2016,13,4,4.0,4,27,nico-hulkenberg,force-india,mercedes,pirelli,False,44.0,1:45:26.965,6326965.0,,,+35.907,35907.0,,+8.273,8273.0,,12.0,False,7.0,7,7.0,7,3.0,3.0,False,False,False
948,2016,13,5,5.0,5,11,sergio-perez,force-india,mercedes,pirelli,False,44.0,1:45:31.718,6331718.0,,,+40.660,40660.0,,+4.753,4753.0,,10.0,False,6.0,6,6.0,6,1.0,3.0,False,False,False
948,2016,13,6,6.0,6,5,sebastian-vettel,ferrari,ferrari,pirelli,False,44.0,1:45:36.452,6336452.0,,,+45.394,45394.0,,+4.734,4734.0,,8.0,False,4.0,4,4.0,4,-2.0,3.0,False,False,False
948,2016,13,7,7.0,7,14,fernando-alonso,mclaren,honda,pirelli,False,44.0,1:45:50.503,6350503.0,,,+59.445,59445.0,,+14.051,14051.0,,6.0,False,,NC,22.0,22,15.0,2.0,False,False,False
948,2016,13,8,8.0,8,77,valtteri-bottas,williams,mercedes,pirelli,False,44.0,1:45:51.209,6351209.0,,,+1:00.151,60151.0,,+0.706,706.0,,4.0,False,8.0,8,8.0,8,0.0,3.0,False,False,False
948,2016,13,9,9.0,9,7,kimi-raikkonen,ferrari,ferrari,pirelli,False,44.0,1:45:52.167,6352167.0,,,+1:01.109,61109.0,,+0.958,958.0,,2.0,False,3.0,3,3.0,3,-6.0,4.0,False,False,False
948,2016,13,10,10.0,10,19,felipe-massa,williams,mercedes,pirelli,False,44.0,1:45:56.931,6356931.0,,,+1:05.873,65873.0,,+4.764,4764.0,,1.0,False,10.0,10,10.0,10,0.0,3.0,False,False,False
948,2016,13,11,11.0,11,33,max-verstappen,red-bull,tag-heuer,pirelli,False,44.0,1:46:02.196,6362196.0,,,+1:11.138,71138.0,,+5.265,5265.0,,,False,2.0,2,2.0,2,-9.0,4.0,False,False,False
948,2016,13,12,12.0,12,21,esteban-gutierrez,haas,ferrari,pirelli,False,44.0,1:46:04.935,6364935.0,,,+1:13.877,73877.0,,+2.739,2739.0,,,False,13.0,13,18.0,18,6.0,3.0,False,False,False
948,2016,13,13,13.0,13,8,romain-grosjean,haas,ferrari,pirelli,False,44.0,1:46:07.532,6367532.0,,,+1:16.474,76474.0,,+2.597,2597.0,,,False,11.0,11,11.0,11,-2.0,3.0,False,False,False
948,2016,13,14,14.0,14,26,daniil-kvyat,toro-rosso,ferrari,pirelli,False,44.0,1:46:18.155,6378155.0,,,+1:27.097,87097.0,,+10.623,10623.0,,,False,19.0,19,19.0,19,5.0,3.0,False,False,False
948,2016,13,15,15.0,15,30,jolyon-palmer,renault,renault,pirelli,False,44.0,1:46:24.223,6384223.0,,,+1:33.165,93165.0,,+6.068,6068.0,,,False,14.0,14,13.0,13,-2.0,4.0,False,False,False
948,2016,13,16,16.0,16,31,esteban-ocon,manor,mercedes,pirelli,False,43.0,,,,,+1 lap,,1.0,,,,,False,18.0,18,17.0,17,1.0,3.0,False,False,False
948,2016,13,17,17.0,17,12,felipe-nasr,sauber,ferrari,pirelli,False,43.0,,,,,+1 lap,,1.0,,,,,False,17.0,17,16.0,16,-1.0,3.0,False,False,False
948,2016,13,18,,DNF,20,kevin-magnussen,renault,renault,pirelli,False,5.0,,,,,,,,,,Accident,,False,12.0,12,12.0,12,,0.0,False,False,False
948,2016,13,19,,DNF,9,marcus-ericsson,sauber,ferrari,pirelli,False,3.0,,,,,,,,,,Gearbox,,False,20.0,20,20.0,20,,0.0,False,False,False
948,2016,13,20,,DNF,55,carlos-sainz-jr,toro-rosso,ferrari,pirelli,False,1.0,,,,,,,,,,Puncture damage,,False,15.0,15,14.0,14,,0.0,False,False,False
948,2016,13,21,,DNF,22,jenson-button,mclaren,honda,pirelli,False,1.0,,,,,,,,,,Collision damage,,False,9.0,9,9.0,9,,0.0,False,False,False
948,2016,13,22,,DNF,94,pascal-wehrlein,manor,mercedes,pirelli,False,0.0,,,,,,,,,,Collision,,False,16.0,16,15.0,15,,0.0,False,False,False
949,2016,14,1,1.0,1,6,nico-rosberg,mercedes,mercedes,pirelli,False,53.0,1:17:28.089,4648089.0,,,,,,,,,25.0,False,2.0,2,2.0,2,1.0,1.0,False,True,False
949,2016,14,2,2.0,2,44,lewis-hamilton,mercedes,mercedes,pirelli,False,53.0,1:17:43.159,4663159.0,,,+15.070,15070.0,,+15.070,15070.0,,18.0,True,1.0,1,1.0,1,-1.0,1.0,False,False,False
949,2016,14,3,3.0,3,5,sebastian-vettel,ferrari,ferrari,pirelli,False,53.0,1:17:49.079,4669079.0,,,+20.990,20990.0,,+5.920,5920.0,,15.0,False,3.0,3,3.0,3,0.0,2.0,False,False,False
949,2016,14,4,4.0,4,7,kimi-raikkonen,ferrari,ferrari,pirelli,False,53.0,1:17:55.650,4675650.0,,,+27.561,27561.0,,+6.571,6571.0,,12.0,False,4.0,4,4.0,4,0.0,2.0,False,False,False
949,2016,14,5,5.0,5,3,daniel-ricciardo,red-bull,tag-heuer,pirelli,False,53.0,1:18:13.384,4693384.0,,,+45.295,45295.0,,+17.734,17734.0,,10.0,False,6.0,6,6.0,6,1.0,2.0,False,False,False
949,2016,14,6,6.0,6,77,valtteri-bottas,williams,mercedes,pirelli,False,53.0,1:18:19.104,4699104.0,,,+51.015,51015.0,,+5.720,5720.0,,8.0,False,5.0,5,5.0,5,-1.0,2.0,False,False,False
949,2016,14,7,7.0,7,33,max-verstappen,red-bull,tag-heuer,pirelli,False,53.0,1:18:22.325,4702325.0,,,+54.236,54236.0,,+3.221,3221.0,,6.0,False,7.0,7,7.0,7,0.0,2.0,False,False,False
949,2016,14,8,8.0,8,11,sergio-perez,force-india,mercedes,pirelli,False,53.0,1:18:33.043,4713043.0,,,+1:04.954,64954.0,,+10.718,10718.0,,4.0,False,8.0,8,8.0,8,0.0,2.0,False,False,False
949,2016,14,9,9.0,9,19,felipe-massa,williams,mercedes,pirelli,False,53.0,1:18:33.706,4713706.0,,,+1:05.617,65617.0,,+0.663,663.0,,2.0,False,11.0,11,11.0,11,2.0,2.0,False,False,False
949,2016,14,10,10.0,10,27,nico-hulkenberg,force-india,mercedes,pirelli,False,53.0,1:18:46.745,4726745.0,,,+1:18.656,78656.0,,+13.039,13039.0,,1.0,False,9.0,9,9.0,9,-1.0,2.0,False,False,False
949,2016,14,11,11.0,11,8,romain-grosjean,haas,ferrari,pirelli,False,52.0,,,,,+1 lap,,1.0,,,,,False,12.0,12,17.0,17,6.0,1.0,False,False,False
949,2016,14,12,12.0,12,22,jenson-button,mclaren,honda,pirelli,False,52.0,,,,,+1 lap,,1.0,,,,,False,15.0,15,14.0,14,2.0,2.0,False,False,False
949,2016,14,13,13.0,13,21,esteban-gutierrez,haas,ferrari,pirelli,False,52.0,,,,,+1 lap,,1.0,,,,,False,10.0,10,10.0,10,-3.0,2.0,False,False,False
949,2016,14,14,14.0,14,14,fernando-alonso,mclaren,honda,pirelli,False,52.0,,,,,+1 lap,,1.0,,,,,False,13.0,13,12.0,12,-2.0,3.0,True,False,False
949,2016,14,15,15.0,15,55,carlos-sainz-jr,toro-rosso,ferrari,pirelli,False,52.0,,,,,+1 lap,,1.0,,,,,False,16.0,16,15.0,15,0.0,2.0,False,False,False
949,2016,14,16,16.0,16,9,marcus-ericsson,sauber,ferrari,pirelli,False,52.0,,,,,+1 lap,,1.0,,,,,False,19.0,19,19.0,19,3.0,1.0,False,False,False
949,2016,14,17,17.0,17,20,kevin-magnussen,renault,renault,pirelli,False,52.0,,,,,+1 lap,,1.0,,,,,False,21.0,21,21.0,21,4.0,2.0,False,False,False
949,2016,14,18,18.0,18,31,esteban-ocon,manor,mercedes,pirelli,False,51.0,,,,,+2 laps,,2.0,,,,,False,,NC,22.0,22,4.0,1.0,False,False,False
949,2016,14,19,,DNF,26,daniil-kvyat,toro-rosso,ferrari,pirelli,False,36.0,,,5.0,5000.0,,,,,,Battery,,False,17.0,17,16.0,16,,2.0,False,False,False
949,2016,14,20,,DNF,94,pascal-wehrlein,manor,mercedes,pirelli,False,26.0,,,,,,,,,,Oil leak,,False,14.0,14,13.0,13,,1.0,False,False,False
949,2016,14,21,,DNF,30,jolyon-palmer,renault,renault,pirelli,False,7.0,,,,,,,,,,Collision damage,,False,20.0,20,20.0,20,,1.0,False,False,False
949,2016,14,22,,DNF,12,felipe-nasr,sauber,ferrari,pirelli,False,6.0,,,10.0,10000.0,,,,,,Collision damage,,False,18.0,18,18.0,18,,3.0,False,False,False
950,2016,15,1,1.0,1,6,nico-rosberg,mercedes,mercedes,pirelli,False,61.0,1:55:48.950,6948950.0,,,,,,,,,25.0,True,1.0,1,1.0,1,0.0,3.0,False,False,False
950,2016,15,2,2.0,2,3,daniel-ricciardo,red-bull,tag-heuer,pirelli,False,61.0,1:55:49.438,6949438.0,,,+0.488,488.0,,+0.488,488.0,,18.0,False,2.0,2,2.0,2,0.0,4.0,True,False,False
950,2016,15,3,3.0,3,44,lewis-hamilton,mercedes,mercedes,pirelli,False,61.0,1:55:56.988,6956988.0,,,+8.038,8038.0,,+7.550,7550.0,,15.0,False,3.0,3,3.0,3,0.0,4.0,False,False,False
950,2016,15,4,4.0,4,7,kimi-raikkonen,ferrari,ferrari,pirelli,False,61.0,1:55:59.169,6959169.0,,,+10.219,10219.0,,+2.181,2181.0,,12.0,False,5.0,5,5.0,5,1.0,4.0,False,False,False
950,2016,15,5,5.0,5,5,sebastian-vettel,ferrari,ferrari,pirelli,False,61.0,1:56:16.644,6976644.0,,,+27.694,27694.0,,+17.475,17475.0,,10.0,False,22.0,22,22.0,22,17.0,3.0,False,True,False
950,2016,15,6,6.0,6,33,max-verstappen,red-bull,tag-heuer,pirelli,False,61.0,1:57:00.147,7020147.0,,,+1:11.197,71197.0,,+43.503,43503.0,,8.0,False,4.0,4,4.0,4,-2.0,4.0,False,False,False
950,2016,15,7,7.0,7,14,fernando-alonso,mclaren,honda,pirelli,False,61.0,1:57:18.148,7038148.0,,,+1:29.198,89198.0,,+18.001,18001.0,,6.0,False,9.0,9,9.0,9,2.0,3.0,False,False,False
950,2016,15,8,8.0,8,11,sergio-perez,force-india,mercedes,pirelli,False,61.0,1:57:40.012,7060012.0,,,+1:51.062,111062.0,,+21.864,21864.0,,4.0,False,10.0,10,17.0,17,9.0,2.0,False,False,False
950,2016,15,9,9.0,9,26,daniil-kvyat,toro-rosso,ferrari,pirelli,False,61.0,1:57:40.507,7060507.0,,,+1:51.557,111557.0,,+0.495,495.0,,2.0,False,7.0,7,7.0,7,-2.0,3.0,False,False,False
950,2016,15,10,10.0,10,20,kevin-magnussen,renault,renault,pirelli,False,61.0,1:57:48.902,7068902.0,,,+1:59.952,119952.0,,+8.395,8395.0,,1.0,False,17.0,17,15.0,15,5.0,3.0,False,False,False
950,2016,15,11,11.0,11,21,esteban-gutierrez,haas,ferrari,pirelli,False,60.0,,,,,+1 lap,,1.0,,,,,False,14.0,14,13.0,13,2.0,3.0,False,False,False
950,2016,15,12,12.0,12,19,felipe-massa,williams,mercedes,pirelli,False,60.0,,,,,+1 lap,,1.0,,,,,False,12.0,12,11.0,11,-1.0,4.0,False,False,False
950,2016,15,13,13.0,13,12,felipe-nasr,sauber,ferrari,pirelli,False,60.0,,,,,+1 lap,,1.0,,,,,False,18.0,18,16.0,16,3.0,3.0,False,False,False
950,2016,15,14,14.0,14,55,carlos-sainz-jr,toro-rosso,ferrari,pirelli,False,60.0,,,,,+1 lap,,1.0,,,,,False,6.0,6,6.0,6,-8.0,4.0,False,False,False
950,2016,15,15,15.0,15,30,jolyon-palmer,renault,renault,pirelli,False,60.0,,,,,+1 lap,,1.0,,,,,False,19.0,19,18.0,18,3.0,3.0,False,False,False
950,2016,15,16,16.0,16,94,pascal-wehrlein,manor,mercedes,pirelli,False,60.0,,,,,+1 lap,,1.0,,,,,False,20.0,20,19.0,19,3.0,3.0,False,False,False
950,2016,15,17,17.0,17,9,marcus-ericsson,sauber,ferrari,pirelli,False,60.0,,,,,+1 lap,,1.0,,,,,False,16.0,16,14.0,14,-3.0,4.0,False,False,False
950,2016,15,18,18.0,18,31,esteban-ocon,manor,mercedes,pirelli,False,59.0,,,,,+2 laps,,2.0,,,,,False,21.0,21,21.0,21,3.0,4.0,False,False,False
950,2016,15,19,,DNF,22,jenson-button,mclaren,honda,pirelli,False,43.0,,,,,,,,,,Brakes,,False,13.0,13,12.0,12,,3.0,False,False,False
950,2016,15,20,,DNF,77,valtteri-bottas,williams,mercedes,pirelli,False,35.0,,,,,,,,,,Overheating,,False,11.0,11,10.0,10,,4.0,False,False,False
950,2016,15,21,,DNF,27,nico-hulkenberg,force-india,mercedes,pirelli,False,0.0,,,,,,,,,,Collision,,False,8.0,8,8.0,8,,0.0,False,False,False
950,2016,15,22,,DNS,8,romain-grosjean,haas,ferrari,pirelli,False,,,,,,,,,,,Brakes,,False,15.0,15,20.0,20,,0.0,False,False,False
951,2016,16,1,1.0,1,3,daniel-ricciardo,red-bull,tag-heuer,pirelli,False,56.0,1:37:12.776,5832776.0,,,,,,,,,25.0,False,4.0,4,4.0,4,3.0,2.0,False,False,False
951,2016,16,2,2.0,2,33,max-verstappen,red-bull,tag-heuer,pirelli,False,56.0,1:37:15.219,5835219.0,,,+2.443,2443.0,,+2.443,2443.0,,18.0,False,3.0,3,3.0,3,1.0,3.0,False,True,False
951,2016,16,3,3.0,3,6,nico-rosberg,mercedes,mercedes,pirelli,False,56.0,1:37:38.292,5858292.0,10.0,10000.0,+25.516,25516.0,,+23.073,23073.0,,15.0,False,2.0,2,2.0,2,-1.0,3.0,True,False,False
951,2016,16,4,4.0,4,7,kimi-raikkonen,ferrari,ferrari,pirelli,False,56.0,1:37:41.561,5861561.0,,,+28.785,28785.0,,+3.269,3269.0,,12.0,False,6.0,6,6.0,6,2.0,3.0,False,False,False
951,2016,16,5,5.0,5,77,valtteri-bottas,williams,mercedes,pirelli,False,56.0,1:38:14.358,5894358.0,,,+1:01.582,61582.0,,+32.797,32797.0,,10.0,False,11.0,11,11.0,11,6.0,1.0,False,False,False
951,2016,16,6,6.0,6,11,sergio-perez,force-india,mercedes,pirelli,False,56.0,1:38:16.570,5896570.0,,,+1:03.794,63794.0,,+2.212,2212.0,,8.0,False,7.0,7,7.0,7,1.0,2.0,False,False,False
951,2016,16,7,7.0,7,14,fernando-alonso,mclaren,honda,pirelli,False,56.0,1:38:17.981,5897981.0,,,+1:05.205,65205.0,,+1.411,1411.0,,6.0,False,22.0,22,22.0,22,15.0,3.0,False,False,False
951,2016,16,8,8.0,8,27,nico-hulkenberg,force-india,mercedes,pirelli,False,56.0,1:38:26.838,5906838.0,,,+1:14.062,74062.0,,+8.857,8857.0,,4.0,False,8.0,8,8.0,8,0.0,3.0,False,False,False
951,2016,16,9,9.0,9,22,jenson-button,mclaren,honda,pirelli,False,56.0,1:38:34.592,5914592.0,,,+1:21.816,81816.0,,+7.754,7754.0,,2.0,False,9.0,9,9.0,9,0.0,2.0,False,False,False
951,2016,16,10,10.0,10,30,jolyon-palmer,renault,renault,pirelli,False,56.0,1:38:48.242,5928242.0,,,+1:35.466,95466.0,,+13.650,13650.0,,1.0,False,19.0,19,19.0,19,9.0,1.0,False,False,False
951,2016,16,11,11.0,11,55,carlos-sainz-jr,toro-rosso,ferrari,pirelli,False,56.0,1:38:51.654,5931654.0,,,+1:38.878,98878.0,,+3.412,3412.0,,,False,16.0,16,16.0,16,5.0,2.0,False,False,False
951,2016,16,12,12.0,12,9,marcus-ericsson,sauber,ferrari,pirelli,False,55.0,,,,,+1 lap,,1.0,,,,,False,17.0,17,17.0,17,5.0,2.0,False,False,False
951,2016,16,13,13.0,13,19,felipe-massa,williams,mercedes,pirelli,False,55.0,,,,,+1 lap,,1.0,,,,,False,10.0,10,10.0,10,-3.0,3.0,False,False,False
951,2016,16,14,14.0,14,26,daniil-kvyat,toro-rosso,ferrari,pirelli,False,55.0,,,,,+1 lap,,1.0,,,,,False,15.0,15,15.0,15,1.0,3.0,False,False,False
951,2016,16,15,15.0,15,94,pascal-wehrlein,manor,mercedes,pirelli,False,55.0,,,,,+1 lap,,1.0,,,,,False,21.0,21,21.0,21,6.0,3.0,False,False,False
951,2016,16,16,16.0,16,31,esteban-ocon,manor,mercedes,pirelli,False,55.0,,,10.0,10000.0,+1 lap,,1.0,,,,,False,20.0,20,20.0,20,4.0,2.0,False,False,False
951,2016,16,17,,DNF,12,felipe-nasr,sauber,ferrari,pirelli,False,46.0,,,,,,,,,,Brakes,,False,18.0,18,18.0,18,,1.0,False,False,False
951,2016,16,18,,DNF,44,lewis-hamilton,mercedes,mercedes,pirelli,False,40.0,,,,,,,,,,Engine,,True,1.0,1,1.0,1,,1.0,False,False,False
951,2016,16,19,,DNF,21,esteban-gutierrez,haas,ferrari,pirelli,False,39.0,,,,,,,,,,Wheel,,False,13.0,13,13.0,13,,3.0,False,False,False
951,2016,16,20,,DNF,20,kevin-magnussen,renault,renault,pirelli,False,17.0,,,,,,,,,,Power loss,,False,14.0,14,14.0,14,,1.0,False,False,False
951,2016,16,21,,DNF,8,romain-grosjean,haas,ferrari,pirelli,False,7.0,,,,,,,,,,Brakes,,False,12.0,12,12.0,12,,0.0,False,False,False
951,2016,16,22,,DNF,5,sebastian-vettel,ferrari,ferrari,pirelli,False,0.0,,,,,,,,,,Collision,,False,5.0,5,5.0,5,,0.0,False,False,False
952,2016,17,1,1.0,1,6,nico-rosberg,mercedes,mercedes,pirelli,False,53.0,1:26:43.333,5203333.0,,,,,,,,,25.0,True,1.0,1,1.0,1,0.0,2.0,False,False,False
952,2016,17,2,2.0,2,33,max-verstappen,red-bull,tag-heuer,pirelli,False,53.0,1:26:48.311,5208311.0,,,+4.978,4978.0,,+4.978,4978.0,,18.0,False,5.0,5,3.0,3,1.0,2.0,False,True,False
952,2016,17,3,3.0,3,44,lewis-hamilton,mercedes,mercedes,pirelli,False,53.0,1:26:49.109,5209109.0,,,+5.776,5776.0,,+0.798,798.0,,15.0,False,2.0,2,2.0,2,-1.0,2.0,False,False,False
952,2016,17,4,4.0,4,5,sebastian-vettel,ferrari,ferrari,pirelli,False,53.0,1:27:03.602,5223602.0,,,+20.269,20269.0,,+14.493,14493.0,,12.0,False,4.0,4,6.0,6,2.0,2.0,True,False,False
952,2016,17,5,5.0,5,7,kimi-raikkonen,ferrari,ferrari,pirelli,False,53.0,1:27:11.703,5231703.0,,,+28.370,28370.0,,+8.101,8101.0,,10.0,False,3.0,3,8.0,8,3.0,2.0,False,False,False
952,2016,17,6,6.0,6,3,daniel-ricciardo,red-bull,tag-heuer,pirelli,False,53.0,1:27:17.274,5237274.0,,,+33.941,33941.0,,+5.571,5571.0,,8.0,False,6.0,6,4.0,4,-2.0,2.0,False,False,False
952,2016,17,7,7.0,7,11,sergio-perez,force-india,mercedes,pirelli,False,53.0,1:27:40.828,5260828.0,,,+57.495,57495.0,,+23.554,23554.0,,6.0,False,7.0,7,5.0,5,-2.0,2.0,False,False,False
952,2016,17,8,8.0,8,27,nico-hulkenberg,force-india,mercedes,pirelli,False,53.0,1:27:42.510,5262510.0,,,+59.177,59177.0,,+1.682,1682.0,,4.0,False,9.0,9,9.0,9,1.0,2.0,False,False,False
952,2016,17,9,9.0,9,19,felipe-massa,williams,mercedes,pirelli,False,53.0,1:28:21.096,5301096.0,,,+1:37.763,97763.0,,+38.586,38586.0,,2.0,False,12.0,12,12.0,12,3.0,1.0,False,False,False
952,2016,17,10,10.0,10,77,valtteri-bottas,williams,mercedes,pirelli,False,53.0,1:28:21.656,5301656.0,,,+1:38.323,98323.0,,+0.560,560.0,,1.0,False,11.0,11,11.0,11,1.0,1.0,False,False,False
952,2016,17,11,11.0,11,8,romain-grosjean,haas,ferrari,pirelli,False,53.0,1:28:22.587,5302587.0,,,+1:39.254,99254.0,,+0.931,931.0,,,False,8.0,8,7.0,7,-4.0,2.0,False,False,False
952,2016,17,12,12.0,12,30,jolyon-palmer,renault,renault,pirelli,False,52.0,,,,,+1 lap,,1.0,,,,,False,16.0,16,16.0,16,4.0,1.0,False,False,False
952,2016,17,13,13.0,13,26,daniil-kvyat,toro-rosso,ferrari,pirelli,False,52.0,,,,,+1 lap,,1.0,,,,,False,13.0,13,13.0,13,0.0,2.0,False,False,False
952,2016,17,14,14.0,14,20,kevin-magnussen,renault,renault,pirelli,False,52.0,,,,,+1 lap,,1.0,,,,,False,18.0,18,17.0,17,3.0,1.0,False,False,False
952,2016,17,15,15.0,15,9,marcus-ericsson,sauber,ferrari,pirelli,False,52.0,,,,,+1 lap,,1.0,,,,,False,19.0,19,18.0,18,3.0,1.0,False,False,False
952,2016,17,16,16.0,16,14,fernando-alonso,mclaren,honda,pirelli,False,52.0,,,,,+1 lap,,1.0,,,,,False,15.0,15,15.0,15,-1.0,2.0,False,False,False
952,2016,17,17,17.0,17,55,carlos-sainz-jr,toro-rosso,ferrari,pirelli,False,52.0,,,,,+1 lap,,1.0,,,,,False,14.0,14,14.0,14,-3.0,2.0,False,False,False
952,2016,17,18,18.0,18,22,jenson-button,mclaren,honda,pirelli,False,52.0,,,,,+1 lap,,1.0,,,,,False,17.0,17,22.0,22,4.0,2.0,False,False,False
952,2016,17,19,19.0,19,12,felipe-nasr,sauber,ferrari,pirelli,False,52.0,,,,,+1 lap,,1.0,,,,,False,20.0,20,19.0,19,0.0,1.0,False,False,False
952,2016,17,20,20.0,20,21,esteban-gutierrez,haas,ferrari,pirelli,False,52.0,,,,,+1 lap,,1.0,,,,,False,10.0,10,10.0,10,-10.0,2.0,False,False,False
952,2016,17,21,21.0,21,31,esteban-ocon,manor,mercedes,pirelli,False,52.0,,,,,+1 lap,,1.0,,,,,False,21.0,21,20.0,20,-1.0,2.0,False,False,False
952,2016,17,22,22.0,22,94,pascal-wehrlein,manor,mercedes,pirelli,False,52.0,,,,,+1 lap,,1.0,,,,,False,22.0,22,21.0,21,-1.0,2.0,False,False,False
953,2016,18,1,1.0,1,44,lewis-hamilton,mercedes,mercedes,pirelli,False,56.0,1:38:12.618,5892618.0,,,,,,,,,25.0,True,1.0,1,1.0,1,0.0,2.0,False,False,False
953,2016,18,2,2.0,2,6,nico-rosberg,mercedes,mercedes,pirelli,False,56.0,1:38:17.138,5897138.0,,,+4.520,4520.0,,+4.520,4520.0,,18.0,False,2.0,2,2.0,2,0.0,2.0,False,False,False
953,2016,18,3,3.0,3,3,daniel-ricciardo,red-bull,tag-heuer,pirelli,False,56.0,1:38:32.310,5912310.0,,,+19.692,19692.0,,+15.172,15172.0,,15.0,False,3.0,3,3.0,3,0.0,2.0,False,False,False
953,2016,18,4,4.0,4,5,sebastian-vettel,ferrari,ferrari,pirelli,False,56.0,1:38:55.752,5935752.0,,,+43.134,43134.0,,+23.442,23442.0,,12.0,False,6.0,6,6.0,6,2.0,3.0,True,False,False
953,2016,18,5,5.0,5,14,fernando-alonso,mclaren,honda,pirelli,False,56.0,1:39:46.571,5986571.0,,,+1:33.953,93953.0,,+50.819,50819.0,,10.0,False,12.0,12,12.0,12,7.0,2.0,False,False,False
953,2016,18,6,6.0,6,55,carlos-sainz-jr,toro-rosso,ferrari,pirelli,False,56.0,1:39:48.742,5988742.0,,,+1:36.124,96124.0,,+2.171,2171.0,,8.0,False,10.0,10,10.0,10,4.0,2.0,False,False,False
953,2016,18,7,7.0,7,19,felipe-massa,williams,mercedes,pirelli,False,55.0,,,,,+1 lap,,1.0,,,,6.0,False,9.0,9,9.0,9,2.0,3.0,False,False,False
953,2016,18,8,8.0,8,11,sergio-perez,force-india,mercedes,pirelli,False,55.0,,,,,+1 lap,,1.0,,,,4.0,False,11.0,11,11.0,11,3.0,2.0,False,False,False
953,2016,18,9,9.0,9,22,jenson-button,mclaren,honda,pirelli,False,55.0,,,,,+1 lap,,1.0,,,,2.0,False,19.0,19,19.0,19,10.0,2.0,False,False,False
953,2016,18,10,10.0,10,8,romain-grosjean,haas,ferrari,pirelli,False,55.0,,,,,+1 lap,,1.0,,,,1.0,False,17.0,17,17.0,17,7.0,2.0,False,False,False
953,2016,18,11,11.0,11,26,daniil-kvyat,toro-rosso,ferrari,pirelli,False,55.0,,,,,+1 lap,,1.0,,,,,False,13.0,13,13.0,13,2.0,1.0,False,False,False
953,2016,18,12,12.0,12,20,kevin-magnussen,renault,renault,pirelli,False,55.0,,,5.0,5000.0,+1 lap,,1.0,,,,,False,18.0,18,18.0,18,6.0,3.0,False,False,False
953,2016,18,13,13.0,13,30,jolyon-palmer,renault,renault,pirelli,False,55.0,,,,,+1 lap,,1.0,,,,,False,15.0,15,15.0,15,2.0,2.0,False,False,False
953,2016,18,14,14.0,14,9,marcus-ericsson,sauber,ferrari,pirelli,False,55.0,,,,,+1 lap,,1.0,,,,,False,16.0,16,16.0,16,2.0,1.0,False,False,False
953,2016,18,15,15.0,15,12,felipe-nasr,sauber,ferrari,pirelli,False,55.0,,,,,+1 lap,,1.0,,,,,False,21.0,21,21.0,21,6.0,1.0,False,False,False
953,2016,18,16,16.0,16,77,valtteri-bottas,williams,mercedes,pirelli,False,55.0,,,,,+1 lap,,1.0,,,,,False,8.0,8,8.0,8,-8.0,2.0,False,False,False
953,2016,18,17,17.0,17,94,pascal-wehrlein,manor,mercedes,pirelli,False,55.0,,,,,+1 lap,,1.0,,,,,False,20.0,20,20.0,20,3.0,2.0,False,False,False
953,2016,18,18,18.0,18,31,esteban-ocon,manor,mercedes,pirelli,False,54.0,,,,,+2 laps,,2.0,,,,,False,22.0,22,22.0,22,4.0,3.0,False,False,False
953,2016,18,19,,DNF,7,kimi-raikkonen,ferrari,ferrari,pirelli,False,38.0,,,,,,,,,,Loose wheel,,False,5.0,5,5.0,5,,3.0,False,False,False
953,2016,18,20,,DNF,33,max-verstappen,red-bull,tag-heuer,pirelli,False,28.0,,,,,,,,,,Gearbox,,False,4.0,4,4.0,4,,2.0,False,True,False
953,2016,18,21,,DNF,21,esteban-gutierrez,haas,ferrari,pirelli,False,16.0,,,,,,,,,,Brakes,,False,14.0,14,14.0,14,,1.0,False,False,False
953,2016,18,22,,DNF,27,nico-hulkenberg,force-india,mercedes,pirelli,False,1.0,,,,,,,,,,Collision damage,,False,7.0,7,7.0,7,,0.0,False,False,False
954,2016,19,1,1.0,1,44,lewis-hamilton,mercedes,mercedes,pirelli,False,71.0,1:40:31.402,6031402.0,,,,,,,,,25.0,True,1.0,1,1.0,1,0.0,1.0,False,False,False
954,2016,19,2,2.0,2,6,nico-rosberg,mercedes,mercedes,pirelli,False,71.0,1:40:39.756,6039756.0,,,+8.354,8354.0,,+8.354,8354.0,,18.0,False,2.0,2,2.0,2,0.0,1.0,False,False,False
954,2016,19,3,3.0,3,3,daniel-ricciardo,red-bull,tag-heuer,pirelli,False,71.0,1:40:52.260,6052260.0,,,+20.858,20858.0,,+12.504,12504.0,,15.0,False,4.0,4,4.0,4,1.0,2.0,True,False,False
954,2016,19,4,4.0,4,33,max-verstappen,red-bull,tag-heuer,pirelli,False,71.0,1:40:52.725,6052725.0,5.0,5000.0,+21.323,21323.0,,+0.465,465.0,,12.0,False,3.0,3,3.0,3,-1.0,1.0,False,False,False
954,2016,19,5,5.0,5,5,sebastian-vettel,ferrari,ferrari,pirelli,False,71.0,1:40:58.715,6058715.0,10.0,10000.0,+27.313,27313.0,,+5.990,5990.0,,10.0,False,7.0,7,7.0,7,2.0,1.0,False,True,False
954,2016,19,6,6.0,6,7,kimi-raikkonen,ferrari,ferrari,pirelli,False,71.0,1:41:20.778,6080778.0,,,+49.376,49376.0,,+22.063,22063.0,,8.0,False,6.0,6,6.0,6,0.0,2.0,False,False,False
954,2016,19,7,7.0,7,27,nico-hulkenberg,force-india,mercedes,pirelli,False,71.0,1:41:30.293,6090293.0,,,+58.891,58891.0,,+9.515,9515.0,,6.0,False,5.0,5,5.0,5,-2.0,1.0,False,False,False
954,2016,19,8,8.0,8,77,valtteri-bottas,williams,mercedes,pirelli,False,71.0,1:41:37.014,6097014.0,,,+1:05.612,65612.0,,+6.721,6721.0,,4.0,False,8.0,8,8.0,8,0.0,1.0,False,False,False
954,2016,19,9,9.0,9,19,felipe-massa,williams,mercedes,pirelli,False,71.0,1:41:47.608,6107608.0,,,+1:16.206,76206.0,,+10.594,10594.0,,2.0,False,9.0,9,9.0,9,0.0,1.0,False,False,False
954,2016,19,10,10.0,10,11,sergio-perez,force-india,mercedes,pirelli,False,71.0,1:41:48.200,6108200.0,,,+1:16.798,76798.0,,+0.592,592.0,,1.0,False,12.0,12,12.0,12,2.0,1.0,False,False,False
954,2016,19,11,11.0,11,9,marcus-ericsson,sauber,ferrari,pirelli,False,70.0,,,,,+1 lap,,1.0,,,,,False,15.0,15,15.0,15,4.0,1.0,False,False,False
954,2016,19,12,12.0,12,22,jenson-button,mclaren,honda,pirelli,False,70.0,,,,,+1 lap,,1.0,,,,,False,13.0,13,13.0,13,1.0,1.0,False,False,False
954,2016,19,13,13.0,13,14,fernando-alonso,mclaren,honda,pirelli,False,70.0,,,,,+1 lap,,1.0,,,,,False,11.0,11,11.0,11,-2.0,2.0,False,False,False
954,2016,19,14,14.0,14,30,jolyon-palmer,renault,renault,pirelli,False,70.0,,,,,+1 lap,,1.0,,,,,False,,NC,21.0,21,7.0,1.0,False,False,False
954,2016,19,15,15.0,15,12,felipe-nasr,sauber,ferrari,pirelli,False,70.0,,,,,+1 lap,,1.0,,,,,False,19.0,19,19.0,19,4.0,1.0,False,False,False
954,2016,19,16,16.0,16,55,carlos-sainz-jr,toro-rosso,ferrari,pirelli,False,70.0,,,5.0,5000.0,+1 lap,,1.0,,,,,False,10.0,10,10.0,10,-6.0,1.0,False,False,False
954,2016,19,17,17.0,17,20,kevin-magnussen,renault,renault,pirelli,False,70.0,,,,,+1 lap,,1.0,,,,,False,14.0,14,14.0,14,-3.0,2.0,False,False,False
954,2016,19,18,18.0,18,26,daniil-kvyat,toro-rosso,ferrari,pirelli,False,70.0,,,5.0,5000.0,+1 lap,,1.0,,,,,False,18.0,18,18.0,18,0.0,2.0,False,False,False
954,2016,19,19,19.0,19,21,esteban-gutierrez,haas,ferrari,pirelli,False,70.0,,,,,+1 lap,,1.0,,,,,False,17.0,17,17.0,17,-2.0,2.0,False,False,False
954,2016,19,20,20.0,20,8,romain-grosjean,haas,ferrari,pirelli,False,70.0,,,,,+1 lap,,1.0,,,,,False,21.0,21,,PL,2.0,2.0,False,False,False
954,2016,19,21,21.0,21,31,esteban-ocon,manor,mercedes,pirelli,False,69.0,,,,,+2 laps,,2.0,,,,,False,20.0,20,20.0,20,-1.0,1.0,False,False,False
954,2016,19,22,,DNF,94,pascal-wehrlein,manor,mercedes,pirelli,False,0.0,,,,,,,,,,Collision,,False,16.0,16,16.0,16,,0.0,False,False,False
955,2016,20,1,1.0,1,44,lewis-hamilton,mercedes,mercedes,pirelli,False,71.0,3:01:01.335,10861335.0,,,,,,,,,25.0,True,1.0,1,1.0,1,0.0,2.0,False,False,False
955,2016,20,2,2.0,2,6,nico-rosberg,mercedes,mercedes,pirelli,False,71.0,3:01:12.790,10872790.0,,,+11.455,11455.0,,+11.455,11455.0,,18.0,False,2.0,2,2.0,2,0.0,2.0,False,False,False
955,2016,20,3,3.0,3,33,max-verstappen,red-bull,tag-heuer,pirelli,False,71.0,3:01:22.816,10882816.0,,,+21.481,21481.0,,+10.026,10026.0,,15.0,False,4.0,4,4.0,4,1.0,5.0,True,True,False
955,2016,20,4,4.0,4,11,sergio-perez,force-india,mercedes,pirelli,False,71.0,3:01:26.681,10886681.0,,,+25.346,25346.0,,+3.865,3865.0,,12.0,False,9.0,9,9.0,9,5.0,2.0,False,False,False
955,2016,20,5,5.0,5,5,sebastian-vettel,ferrari,ferrari,pirelli,False,71.0,3:01:27.669,10887669.0,,,+26.334,26334.0,,+0.988,988.0,,10.0,False,5.0,5,5.0,5,0.0,3.0,False,False,False
955,2016,20,6,6.0,6,55,carlos-sainz-jr,toro-rosso,ferrari,pirelli,False,71.0,3:01:30.495,10890495.0,,,+29.160,29160.0,,+2.826,2826.0,,8.0,False,15.0,15,15.0,15,9.0,2.0,False,False,False
955,2016,20,7,7.0,7,27,nico-hulkenberg,force-india,mercedes,pirelli,False,71.0,3:01:31.162,10891162.0,,,+29.827,29827.0,,+0.667,667.0,,6.0,False,8.0,8,8.0,8,1.0,3.0,False,False,False
955,2016,20,8,8.0,8,3,daniel-ricciardo,red-bull,tag-heuer,pirelli,False,71.0,3:01:31.821,10891821.0,5.0,5000.0,+30.486,30486.0,,+0.659,659.0,,4.0,False,6.0,6,6.0,6,-2.0,5.0,False,False,False
955,2016,20,9,9.0,9,12,felipe-nasr,sauber,ferrari,pirelli,False,71.0,3:01:43.955,10903955.0,,,+42.620,42620.0,,+12.134,12134.0,,2.0,False,22.0,22,21.0,21,12.0,2.0,False,False,False
955,2016,20,10,10.0,10,14,fernando-alonso,mclaren,honda,pirelli,False,71.0,3:01:45.767,10905767.0,,,+44.432,44432.0,,+1.812,1812.0,,1.0,False,10.0,10,10.0,10,0.0,3.0,False,False,False
955,2016,20,11,11.0,11,77,valtteri-bottas,williams,mercedes,pirelli,False,71.0,3:01:46.627,10906627.0,,,+45.292,45292.0,,+0.860,860.0,,,False,11.0,11,11.0,11,0.0,4.0,False,False,False
955,2016,20,12,12.0,12,31,esteban-ocon,manor,mercedes,pirelli,False,71.0,3:01:47.144,10907144.0,,,+45.809,45809.0,,+0.517,517.0,,,False,20.0,20,22.0,22,10.0,2.0,False,False,False
955,2016,20,13,13.0,13,26,daniil-kvyat,toro-rosso,ferrari,pirelli,False,71.0,3:01:52.527,10912527.0,,,+51.192,51192.0,,+5.383,5383.0,,,False,14.0,14,14.0,14,1.0,4.0,False,False,False
955,2016,20,14,14.0,14,20,kevin-magnussen,renault,renault,pirelli,False,71.0,3:01:52.890,10912890.0,,,+51.555,51555.0,,+0.363,363.0,,,False,18.0,18,18.0,18,4.0,4.0,False,False,False
955,2016,20,15,15.0,15,94,pascal-wehrlein,manor,mercedes,pirelli,False,71.0,3:02:01.833,10921833.0,,,+1:00.498,60498.0,,+8.943,8943.0,,,False,19.0,19,19.0,19,4.0,3.0,False,False,False
955,2016,20,16,16.0,16,22,jenson-button,mclaren,honda,pirelli,False,71.0,3:02:23.329,10943329.0,,,+1:21.994,81994.0,,+21.496,21496.0,,,False,17.0,17,17.0,17,1.0,5.0,False,False,False
955,2016,20,17,,DNF,21,esteban-gutierrez,haas,ferrari,pirelli,False,60.0,,,,,,,,,,Electrical,,False,12.0,12,12.0,12,,4.0,False,False,False
955,2016,20,18,,DNF,19,felipe-massa,williams,mercedes,pirelli,False,46.0,,,5.0,5000.0,,,,,,Accident,,False,13.0,13,13.0,13,,4.0,False,False,False
955,2016,20,19,,DNF,30,jolyon-palmer,renault,renault,pirelli,False,20.0,,,,,,,,,,Collision damage,,False,16.0,16,16.0,16,,2.0,False,False,False
955,2016,20,20,,DNF,7,kimi-raikkonen,ferrari,ferrari,pirelli,False,19.0,,,,,,,,,,Accident,,False,3.0,3,3.0,3,,0.0,False,False,False
955,2016,20,21,,DNF,9,marcus-ericsson,sauber,ferrari,pirelli,False,11.0,,,,,,,,,,Accident,,False,21.0,21,20.0,20,,1.0,False,False,False
955,2016,20,22,,DNS,8,romain-grosjean,haas,ferrari,pirelli,False,,,,,,,,,,,Accident,,False,7.0,7,7.0,7,,0.0,False,False,False
956,2016,21,1,1.0,1,44,lewis-hamilton,mercedes,mercedes,pirelli,False,55.0,1:38:04.013,5884013.0,,,,,,,,,25.0,True,1.0,1,1.0,1,0.0,2.0,False,False,False
956,2016,21,2,2.0,2,6,nico-rosberg,mercedes,mercedes,pirelli,False,55.0,1:38:04.452,5884452.0,,,+0.439,439.0,,+0.439,439.0,,18.0,False,2.0,2,2.0,2,0.0,2.0,False,False,False
956,2016,21,3,3.0,3,5,sebastian-vettel,ferrari,ferrari,pirelli,False,55.0,1:38:04.856,5884856.0,,,+0.843,843.0,,+0.404,404.0,,15.0,False,5.0,5,5.0,5,2.0,2.0,True,True,False
956,2016,21,4,4.0,4,33,max-verstappen,red-bull,tag-heuer,pirelli,False,55.0,1:38:05.698,5885698.0,,,+1.685,1685.0,,+0.842,842.0,,12.0,False,6.0,6,6.0,6,2.0,1.0,False,False,False
956,2016,21,5,5.0,5,3,daniel-ricciardo,red-bull,tag-heuer,pirelli,False,55.0,1:38:09.328,5889328.0,,,+5.315,5315.0,,+3.630,3630.0,,10.0,False,3.0,3,3.0,3,-2.0,2.0,False,False,False
956,2016,21,6,6.0,6,7,kimi-raikkonen,ferrari,ferrari,pirelli,False,55.0,1:38:22.829,5902829.0,,,+18.816,18816.0,,+13.501,13501.0,,8.0,False,4.0,4,4.0,4,-2.0,2.0,False,False,False
956,2016,21,7,7.0,7,27,nico-hulkenberg,force-india,mercedes,pirelli,False,55.0,1:38:54.127,5934127.0,,,+50.114,50114.0,,+31.298,31298.0,,6.0,False,7.0,7,7.0,7,0.0,2.0,False,False,False
956,2016,21,8,8.0,8,11,sergio-perez,force-india,mercedes,pirelli,False,55.0,1:39:02.789,5942789.0,,,+58.776,58776.0,,+8.662,8662.0,,4.0,False,8.0,8,8.0,8,0.0,2.0,False,False,False
956,2016,21,9,9.0,9,19,felipe-massa,williams,mercedes,pirelli,False,55.0,1:39:03.449,5943449.0,,,+59.436,59436.0,,+0.660,660.0,,2.0,False,10.0,10,10.0,10,1.0,2.0,False,False,False
956,2016,21,10,10.0,10,14,fernando-alonso,mclaren,honda,pirelli,False,55.0,1:39:03.909,5943909.0,,,+59.896,59896.0,,+0.460,460.0,,1.0,False,9.0,9,9.0,9,-1.0,2.0,False,False,False
956,2016,21,11,11.0,11,8,romain-grosjean,haas,ferrari,pirelli,False,55.0,1:39:20.790,5960790.0,,,+1:16.777,76777.0,,+16.881,16881.0,,,False,14.0,14,14.0,14,3.0,2.0,False,False,False
956,2016,21,12,12.0,12,21,esteban-gutierrez,haas,ferrari,pirelli,False,55.0,1:39:39.126,5979126.0,,,+1:35.113,95113.0,,+18.336,18336.0,,,False,13.0,13,13.0,13,1.0,2.0,False,False,False
956,2016,21,13,13.0,13,31,esteban-ocon,manor,mercedes,pirelli,False,54.0,,,,,+1 lap,,1.0,,,,,False,20.0,20,20.0,20,7.0,2.0,False,False,False
956,2016,21,14,14.0,14,94,pascal-wehrlein,manor,mercedes,pirelli,False,54.0,,,,,+1 lap,,1.0,,,,,False,16.0,16,16.0,16,2.0,2.0,False,False,False
956,2016,21,15,15.0,15,9,marcus-ericsson,sauber,ferrari,pirelli,False,54.0,,,,,+1 lap,,1.0,,,,,False,22.0,22,22.0,22,7.0,1.0,False,False,False
956,2016,21,16,16.0,16,12,felipe-nasr,sauber,ferrari,pirelli,False,54.0,,,,,+1 lap,,1.0,,,,,False,19.0,19,19.0,19,3.0,2.0,False,False,False
956,2016,21,17,17.0,17,30,jolyon-palmer,renault,renault,pirelli,False,54.0,,,5.0,5000.0,+1 lap,,1.0,,,,,False,15.0,15,15.0,15,-2.0,3.0,False,False,False
956,2016,21,18,,DNF,55,carlos-sainz-jr,toro-rosso,ferrari,pirelli,False,41.0,,,,,,,,,,Collision damage,,False,21.0,21,21.0,21,,2.0,False,False,False
956,2016,21,19,,DNF,26,daniil-kvyat,toro-rosso,ferrari,pirelli,False,14.0,,,,,,,,,,Gearbox,,False,17.0,17,17.0,17,,1.0,False,False,False
956,2016,21,20,,DNF,22,jenson-button,mclaren,honda,pirelli,False,12.0,,,,,,,,,,Suspension,,False,12.0,12,12.0,12,,0.0,False,False,False
956,2016,21,21,,DNF,77,valtteri-bottas,williams,mercedes,pirelli,False,6.0,,,,,,,,,,Suspension,,False,11.0,11,11.0,11,,0.0,False,False,False
956,2016,21,22,,DNF,20,kevin-magnussen,renault,renault,pirelli,False,5.0,,,,,,,,,,Suspension,,False,18.0,18,18.0,18,,1.0,False,False,False
957,2017,1,1,1.0,1,5,sebastian-vettel,ferrari,ferrari,pirelli,False,57.0,1:24:11.672,5051672.0,,,,,,,,,25.0,False,2.0,2,2.0,2,1.0,1.0,False,True,False
957,2017,1,2,2.0,2,44,lewis-hamilton,mercedes,mercedes,pirelli,False,57.0,1:24:21.647,5061647.0,,,+9.975,9975.0,,+9.975,9975.0,,18.0,True,1.0,1,1.0,1,-1.0,1.0,False,False,False
957,2017,1,3,3.0,3,77,valtteri-bottas,mercedes,mercedes,pirelli,False,57.0,1:24:22.922,5062922.0,,,+11.250,11250.0,,+1.275,1275.0,,15.0,False,3.0,3,3.0,3,0.0,1.0,False,False,False
957,2017,1,4,4.0,4,7,kimi-raikkonen,ferrari,ferrari,pirelli,False,57.0,1:24:34.065,5074065.0,,,+22.393,22393.0,,+11.143,11143.0,,12.0,False,4.0,4,4.0,4,0.0,1.0,True,False,False
957,2017,1,5,5.0,5,33,max-verstappen,red-bull,tag-heuer,pirelli,False,57.0,1:24:40.499,5080499.0,,,+28.827,28827.0,,+6.434,6434.0,,10.0,False,5.0,5,5.0,5,0.0,1.0,False,False,False
957,2017,1,6,6.0,6,19,felipe-massa,williams,mercedes,pirelli,False,57.0,1:25:35.058,5135058.0,,,+1:23.386,83386.0,,+54.559,54559.0,,8.0,False,7.0,7,7.0,7,1.0,1.0,False,False,False
957,2017,1,7,7.0,7,11,sergio-perez,force-india,mercedes,pirelli,False,56.0,,,,,+1 lap,,1.0,,,,6.0,False,11.0,11,10.0,10,3.0,1.0,False,False,False
957,2017,1,8,8.0,8,55,carlos-sainz-jr,toro-rosso,toro-rosso,pirelli,False,56.0,,,,,+1 lap,,1.0,,,,4.0,False,8.0,8,8.0,8,0.0,1.0,False,False,False
957,2017,1,9,9.0,9,26,daniil-kvyat,toro-rosso,toro-rosso,pirelli,False,56.0,,,,,+1 lap,,1.0,,,,2.0,False,9.0,9,9.0,9,0.0,2.0,False,False,False
957,2017,1,10,10.0,10,31,esteban-ocon,force-india,mercedes,pirelli,False,56.0,,,,,+1 lap,,1.0,,,,1.0,False,14.0,14,13.0,13,3.0,1.0,False,False,False
957,2017,1,11,11.0,11,27,nico-hulkenberg,renault,renault,pirelli,False,56.0,,,,,+1 lap,,1.0,,,,,False,12.0,12,11.0,11,0.0,2.0,False,False,False
957,2017,1,12,12.0,12,36,antonio-giovinazzi,sauber,ferrari,pirelli,False,55.0,,,,,+2 laps,,2.0,,,,,False,16.0,16,16.0,16,4.0,1.0,False,False,False
957,2017,1,13,13.0,13,2,stoffel-vandoorne,mclaren,honda,pirelli,False,55.0,,,,,+2 laps,,2.0,,,,,False,18.0,18,18.0,18,5.0,1.0,False,False,False
957,2017,1,14,,DNF,14,fernando-alonso,mclaren,honda,pirelli,False,50.0,,,,,,,,,,Broken floor,,False,13.0,13,12.0,12,,1.0,False,False,False
957,2017,1,15,,DNF,20,kevin-magnussen,haas,ferrari,pirelli,False,46.0,,,,,,,,,,Suspension,,False,17.0,17,17.0,17,,2.0,False,False,False
957,2017,1,16,,DNF,18,lance-stroll,williams,mercedes,pirelli,False,40.0,,,,,,,,,,Brakes,,False,19.0,19,20.0,20,,2.0,False,False,False
957,2017,1,17,,DNF,3,daniel-ricciardo,red-bull,tag-heuer,pirelli,False,25.0,,,,,,,,,,Fuel cell,,False,10.0,10,,PL,,0.0,False,False,False
957,2017,1,18,,DNF,9,marcus-ericsson,sauber,ferrari,pirelli,False,21.0,,,,,,,,,,Hydraulics,,False,15.0,15,14.0,14,,0.0,False,False,False
957,2017,1,19,,DNF,30,jolyon-palmer,renault,renault,pirelli,False,15.0,,,,,,,,,,Brakes,,False,20.0,20,19.0,19,,0.0,False,False,False
957,2017,1,20,,DNF,8,romain-grosjean,haas,ferrari,pirelli,False,13.0,,,,,,,,,,Water leak,,False,6.0,6,6.0,6,,0.0,False,False,False
958,2017,2,1,1.0,1,44,lewis-hamilton,mercedes,mercedes,pirelli,False,56.0,1:37:36.158,5856158.0,,,,,,,,,25.0,True,1.0,1,1.0,1,0.0,4.0,True,False,True
958,2017,2,2,2.0,2,5,sebastian-vettel,ferrari,ferrari,pirelli,False,56.0,1:37:42.408,5862408.0,,,+6.250,6250.0,,+6.250,6250.0,,18.0,False,2.0,2,2.0,2,0.0,5.0,False,False,False
958,2017,2,3,3.0,3,33,max-verstappen,red-bull,tag-heuer,pirelli,False,56.0,1:38:21.350,5901350.0,,,+45.192,45192.0,,+38.942,38942.0,,15.0,False,19.0,19,16.0,16,13.0,4.0,False,True,False
958,2017,2,4,4.0,4,3,daniel-ricciardo,red-bull,tag-heuer,pirelli,False,56.0,1:38:22.193,5902193.0,,,+46.035,46035.0,,+0.843,843.0,,12.0,False,5.0,5,5.0,5,1.0,4.0,False,False,False
958,2017,2,5,5.0,5,7,kimi-raikkonen,ferrari,ferrari,pirelli,False,56.0,1:38:24.234,5904234.0,,,+48.076,48076.0,,+2.041,2041.0,,10.0,False,4.0,4,4.0,4,-1.0,4.0,False,False,False
958,2017,2,6,6.0,6,77,valtteri-bottas,mercedes,mercedes,pirelli,False,56.0,1:38:24.966,5904966.0,,,+48.808,48808.0,,+0.732,732.0,,8.0,False,3.0,3,3.0,3,-3.0,4.0,False,False,False
958,2017,2,7,7.0,7,55,carlos-sainz-jr,toro-rosso,toro-rosso,pirelli,False,56.0,1:38:49.051,5929051.0,,,+1:12.893,72893.0,,+24.085,24085.0,,6.0,False,11.0,11,11.0,11,4.0,4.0,False,False,False
958,2017,2,8,8.0,8,20,kevin-magnussen,haas,ferrari,pirelli,False,55.0,,,,,+1 lap,,1.0,,,,4.0,False,12.0,12,12.0,12,4.0,5.0,False,False,False
958,2017,2,9,9.0,9,11,sergio-perez,force-india,mercedes,pirelli,False,55.0,,,,,+1 lap,,1.0,,,,2.0,False,8.0,8,8.0,8,-1.0,6.0,False,False,False
958,2017,2,10,10.0,10,31,esteban-ocon,force-india,mercedes,pirelli,False,55.0,,,,,+1 lap,,1.0,,,,1.0,False,20.0,20,17.0,17,7.0,5.0,False,False,False
958,2017,2,11,11.0,11,8,romain-grosjean,haas,ferrari,pirelli,False,55.0,,,,,+1 lap,,1.0,,,,,False,17.0,17,19.0,19,8.0,5.0,False,False,False
958,2017,2,12,12.0,12,27,nico-hulkenberg,renault,renault,pirelli,False,55.0,,,,,+1 lap,,1.0,,,,,False,7.0,7,7.0,7,-5.0,5.0,False,False,False
958,2017,2,13,13.0,13,30,jolyon-palmer,renault,renault,pirelli,False,55.0,,,,,+1 lap,,1.0,,,,,False,18.0,18,20.0,20,7.0,4.0,False,False,False
958,2017,2,14,14.0,14,19,felipe-massa,williams,mercedes,pirelli,False,55.0,,,,,+1 lap,,1.0,,,,,False,6.0,6,6.0,6,-8.0,6.0,False,False,False
958,2017,2,15,15.0,15,9,marcus-ericsson,sauber,ferrari,pirelli,False,55.0,,,,,+1 lap,,1.0,,,,,False,14.0,14,14.0,14,-1.0,4.0,False,False,False
958,2017,2,16,,DNF,14,fernando-alonso,mclaren,honda,pirelli,False,33.0,,,,,,,,,,Driveshaft,,False,13.0,13,13.0,13,,4.0,False,False,False
958,2017,2,17,,DNF,26,daniil-kvyat,toro-rosso,toro-rosso,pirelli,False,18.0,,,,,,,,,,Hydraulics,,False,9.0,9,9.0,9,,4.0,False,False,False
958,2017,2,18,,DNF,2,stoffel-vandoorne,mclaren,honda,pirelli,False,17.0,,,,,,,,,,Fuel pressure,,False,16.0,16,15.0,15,,4.0,False,False,False
958,2017,2,19,,DNF,36,antonio-giovinazzi,sauber,ferrari,pirelli,False,3.0,,,,,,,,,,Accident,,False,15.0,15,18.0,18,,1.0,False,False,False
958,2017,2,20,,DNF,18,lance-stroll,williams,mercedes,pirelli,False,0.0,,,,,,,,,,Collision,,False,10.0,10,10.0,10,,0.0,False,False,False
959,2017,3,1,1.0,1,5,sebastian-vettel,ferrari,ferrari,pirelli,False,57.0,1:33:53.374,5633374.0,,,,,,,,,25.0,False,3.0,3,3.0,3,2.0,2.0,False,True,False
959,2017,3,2,2.0,2,44,lewis-hamilton,mercedes,mercedes,pirelli,False,57.0,1:34:00.034,5640034.0,,,+6.660,6660.0,,+6.660,6660.0,,18.0,False,2.0,2,2.0,2,0.0,2.0,True,False,False
959,2017,3,3,3.0,3,77,valtteri-bottas,mercedes,mercedes,pirelli,False,57.0,1:34:13.771,5653771.0,,,+20.397,20397.0,,+13.737,13737.0,,15.0,True,1.0,1,1.0,1,-2.0,2.0,False,False,False
959,2017,3,4,4.0,4,7,kimi-raikkonen,ferrari,ferrari,pirelli,False,57.0,1:34:15.849,5655849.0,,,+22.475,22475.0,,+2.078,2078.0,,12.0,False,5.0,5,5.0,5,1.0,2.0,False,False,False
959,2017,3,5,5.0,5,3,daniel-ricciardo,red-bull,tag-heuer,pirelli,False,57.0,1:34:32.720,5672720.0,,,+39.346,39346.0,,+16.871,16871.0,,10.0,False,4.0,4,4.0,4,-1.0,2.0,False,False,False
959,2017,3,6,6.0,6,19,felipe-massa,williams,mercedes,pirelli,False,57.0,1:34:47.700,5687700.0,,,+54.326,54326.0,,+14.980,14980.0,,8.0,False,8.0,8,8.0,8,2.0,2.0,False,False,False
959,2017,3,7,7.0,7,11,sergio-perez,force-india,mercedes,pirelli,False,57.0,1:34:55.980,5695980.0,,,+1:02.606,62606.0,,+8.280,8280.0,,6.0,False,18.0,18,18.0,18,11.0,2.0,False,False,False
959,2017,3,8,8.0,8,8,romain-grosjean,haas,ferrari,pirelli,False,57.0,1:35:08.239,5708239.0,,,+1:14.865,74865.0,,+12.259,12259.0,,4.0,False,9.0,9,9.0,9,1.0,2.0,False,False,False
959,2017,3,9,9.0,9,27,nico-hulkenberg,renault,renault,pirelli,False,57.0,1:35:13.562,5713562.0,,,+1:20.188,80188.0,,+5.323,5323.0,,2.0,False,7.0,7,7.0,7,-2.0,2.0,False,False,False
959,2017,3,10,10.0,10,31,esteban-ocon,force-india,mercedes,pirelli,False,57.0,1:35:29.085,5729085.0,,,+1:35.711,95711.0,,+15.523,15523.0,,1.0,False,14.0,14,14.0,14,4.0,2.0,False,False,False
959,2017,3,11,11.0,11,94,pascal-wehrlein,sauber,ferrari,pirelli,False,56.0,,,,,+1 lap,,1.0,,,,,False,13.0,13,13.0,13,2.0,1.0,False,False,False
959,2017,3,12,12.0,12,26,daniil-kvyat,toro-rosso,toro-rosso,pirelli,False,56.0,,,,,+1 lap,,1.0,,,,,False,11.0,11,11.0,11,-1.0,2.0,False,False,False
959,2017,3,13,13.0,13,30,jolyon-palmer,renault,renault,pirelli,False,56.0,,,,,+1 lap,,1.0,,,,,False,10.0,10,10.0,10,-3.0,2.0,False,False,False
959,2017,3,14,14.0,14,14,fernando-alonso,mclaren,honda,pirelli,False,54.0,,,,,,,,,,Power unit,,False,15.0,15,15.0,15,1.0,2.0,False,False,False
959,2017,3,15,,DNF,9,marcus-ericsson,sauber,ferrari,pirelli,False,50.0,,,,,,,,,,Gearbox,,False,19.0,19,19.0,19,,1.0,False,False,False
959,2017,3,16,,DNF,55,carlos-sainz-jr,toro-rosso,toro-rosso,pirelli,False,12.0,,,,,,,,,,Collision,,False,16.0,16,16.0,16,,1.0,False,False,False
959,2017,3,17,,DNF,18,lance-stroll,williams,mercedes,pirelli,False,12.0,,,,,,,,,,Collision,,False,12.0,12,12.0,12,,1.0,False,False,False
959,2017,3,18,,DNF,33,max-verstappen,red-bull,tag-heuer,pirelli,False,11.0,,,,,,,,,,Brakes,,False,6.0,6,6.0,6,,1.0,False,False,False
959,2017,3,19,,DNF,20,kevin-magnussen,haas,ferrari,pirelli,False,8.0,,,,,,,,,,Electrical,,False,20.0,20,20.0,20,,0.0,False,False,False
959,2017,3,20,,DNS,2,stoffel-vandoorne,mclaren,honda,pirelli,False,,,,,,,,,,,Water pressure,,False,17.0,17,17.0,17,,0.0,False,False,False
960,2017,4,1,1.0,1,77,valtteri-bottas,mercedes,mercedes,pirelli,False,52.0,1:28:08.743,5288743.0,,,,,,,,,25.0,False,3.0,3,3.0,3,2.0,1.0,False,True,False
960,2017,4,2,2.0,2,5,sebastian-vettel,ferrari,ferrari,pirelli,False,52.0,1:28:09.360,5289360.0,,,+0.617,617.0,,+0.617,617.0,,18.0,True,1.0,1,1.0,1,-1.0,1.0,False,False,False
960,2017,4,3,3.0,3,7,kimi-raikkonen,ferrari,ferrari,pirelli,False,52.0,1:28:19.743,5299743.0,,,+11.000,11000.0,,+10.383,10383.0,,15.0,False,2.0,2,2.0,2,-1.0,1.0,True,False,False
960,2017,4,4,4.0,4,44,lewis-hamilton,mercedes,mercedes,pirelli,False,52.0,1:28:45.063,5325063.0,,,+36.320,36320.0,,+25.320,25320.0,,12.0,False,4.0,4,4.0,4,0.0,1.0,False,False,False
960,2017,4,5,5.0,5,33,max-verstappen,red-bull,tag-heuer,pirelli,False,52.0,1:29:09.159,5349159.0,,,+1:00.416,60416.0,,+24.096,24096.0,,10.0,False,7.0,7,7.0,7,2.0,1.0,False,False,False
960,2017,4,6,6.0,6,11,sergio-perez,force-india,mercedes,pirelli,False,52.0,1:29:35.531,5375531.0,,,+1:26.788,86788.0,,+26.372,26372.0,,8.0,False,9.0,9,9.0,9,3.0,1.0,False,False,False
960,2017,4,7,7.0,7,31,esteban-ocon,force-india,mercedes,pirelli,False,52.0,1:29:43.747,5383747.0,,,+1:35.004,95004.0,,+8.216,8216.0,,6.0,False,10.0,10,10.0,10,3.0,1.0,False,False,False
960,2017,4,8,8.0,8,27,nico-hulkenberg,renault,renault,pirelli,False,52.0,1:29:44.931,5384931.0,,,+1:36.188,96188.0,,+1.184,1184.0,,4.0,False,8.0,8,8.0,8,0.0,1.0,False,False,False
960,2017,4,9,9.0,9,19,felipe-massa,williams,mercedes,pirelli,False,51.0,,,,,+1 lap,,1.0,,,,2.0,False,6.0,6,6.0,6,-3.0,2.0,False,False,False
960,2017,4,10,10.0,10,55,carlos-sainz-jr,toro-rosso,toro-rosso,pirelli,False,51.0,,,,,+1 lap,,1.0,,,,1.0,False,11.0,11,14.0,14,4.0,1.0,False,False,False
960,2017,4,11,11.0,11,18,lance-stroll,williams,mercedes,pirelli,False,51.0,,,,,+1 lap,,1.0,,,,,False,12.0,12,11.0,11,0.0,1.0,False,False,False
960,2017,4,12,12.0,12,26,daniil-kvyat,toro-rosso,toro-rosso,pirelli,False,51.0,,,,,+1 lap,,1.0,,,,,False,13.0,13,12.0,12,0.0,1.0,False,False,False
960,2017,4,13,13.0,13,20,kevin-magnussen,haas,ferrari,pirelli,False,51.0,,,,,+1 lap,,1.0,,,,,False,14.0,14,13.0,13,0.0,1.0,False,False,False
960,2017,4,14,14.0,14,2,stoffel-vandoorne,mclaren,honda,pirelli,False,51.0,,,,,+1 lap,,1.0,,,,,False,17.0,17,20.0,20,6.0,2.0,False,False,False
960,2017,4,15,15.0,15,9,marcus-ericsson,sauber,ferrari,pirelli,False,51.0,,,,,+1 lap,,1.0,,,,,False,19.0,19,18.0,18,3.0,2.0,False,False,False
960,2017,4,16,16.0,16,94,pascal-wehrlein,sauber,ferrari,pirelli,False,50.0,,,,,+2 laps,,2.0,,,,,False,18.0,18,17.0,17,1.0,2.0,False,False,False
960,2017,4,17,,DNF,3,daniel-ricciardo,red-bull,tag-heuer,pirelli,False,5.0,,,,,,,,,,Brakes,,False,5.0,5,5.0,5,,0.0,False,False,False
960,2017,4,18,,DNF,30,jolyon-palmer,renault,renault,pirelli,False,0.0,,,,,,,,,,Collision,,False,16.0,16,16.0,16,,0.0,False,False,False
960,2017,4,19,,DNF,8,romain-grosjean,haas,ferrari,pirelli,False,0.0,,,,,,,,,,Collision,,False,20.0,20,19.0,19,,0.0,False,False,False
960,2017,4,20,,DNS,14,fernando-alonso,mclaren,honda,pirelli,False,,,,,,,,,,,Gearbox,,False,15.0,15,15.0,15,,0.0,False,False,False
961,2017,5,1,1.0,1,44,lewis-hamilton,mercedes,mercedes,pirelli,False,66.0,1:35:56.497,5756497.0,,,,,,,,,25.0,True,1.0,1,1.0,1,0.0,2.0,True,False,False
961,2017,5,2,2.0,2,5,sebastian-vettel,ferrari,ferrari,pirelli,False,66.0,1:35:59.987,5759987.0,,,+3.490,3490.0,,+3.490,3490.0,,18.0,False,2.0,2,2.0,2,0.0,2.0,False,True,False
961,2017,5,3,3.0,3,3,daniel-ricciardo,red-bull,tag-heuer,pirelli,False,66.0,1:37:12.317,5832317.0,,,+1:15.820,75820.0,,+1:12.330,72330.0,,15.0,False,6.0,6,6.0,6,3.0,2.0,False,False,False
961,2017,5,4,4.0,4,11,sergio-perez,force-india,mercedes,pirelli,False,65.0,,,,,+1 lap,,1.0,,,,12.0,False,8.0,8,8.0,8,4.0,2.0,False,False,False
961,2017,5,5,5.0,5,31,esteban-ocon,force-india,mercedes,pirelli,False,65.0,,,,,+1 lap,,1.0,,,,10.0,False,10.0,10,10.0,10,5.0,2.0,False,False,False
961,2017,5,6,6.0,6,27,nico-hulkenberg,renault,renault,pirelli,False,65.0,,,,,+1 lap,,1.0,,,,8.0,False,13.0,13,13.0,13,7.0,2.0,False,False,False
961,2017,5,7,7.0,7,55,carlos-sainz-jr,toro-rosso,toro-rosso,pirelli,False,65.0,,,,,+1 lap,,1.0,,,,6.0,False,12.0,12,12.0,12,5.0,2.0,False,False,False
961,2017,5,8,8.0,8,94,pascal-wehrlein,sauber,ferrari,pirelli,False,65.0,,,5.0,5000.0,+1 lap,,1.0,,,,4.0,False,15.0,15,15.0,15,7.0,1.0,False,False,False
961,2017,5,9,9.0,9,26,daniil-kvyat,toro-rosso,toro-rosso,pirelli,False,65.0,,,,,+1 lap,,1.0,,,,2.0,False,20.0,20,19.0,19,10.0,2.0,False,False,False
961,2017,5,10,10.0,10,8,romain-grosjean,haas,ferrari,pirelli,False,65.0,,,,,+1 lap,,1.0,,,,1.0,False,14.0,14,14.0,14,4.0,2.0,False,False,False
961,2017,5,11,11.0,11,9,marcus-ericsson,sauber,ferrari,pirelli,False,64.0,,,,,+2 laps,,2.0,,,,,False,16.0,16,16.0,16,5.0,2.0,False,False,False
961,2017,5,12,12.0,12,14,fernando-alonso,mclaren,honda,pirelli,False,64.0,,,,,+2 laps,,2.0,,,,,False,7.0,7,7.0,7,-5.0,3.0,False,False,False
961,2017,5,13,13.0,13,19,felipe-massa,williams,mercedes,pirelli,False,64.0,,,,,+2 laps,,2.0,,,,,False,9.0,9,9.0,9,-4.0,3.0,False,False,False
961,2017,5,14,14.0,14,20,kevin-magnussen,haas,ferrari,pirelli,False,64.0,,,,,+2 laps,,2.0,,,,,False,11.0,11,11.0,11,-3.0,3.0,False,False,False
961,2017,5,15,15.0,15,30,jolyon-palmer,renault,renault,pirelli,False,64.0,,,,,+2 laps,,2.0,,,,,False,17.0,17,17.0,17,2.0,3.0,False,False,False
961,2017,5,16,16.0,16,18,lance-stroll,williams,mercedes,pirelli,False,64.0,,,,,+2 laps,,2.0,,,,,False,18.0,18,18.0,18,2.0,2.0,False,False,False
961,2017,5,17,,DNF,77,valtteri-bottas,mercedes,mercedes,pirelli,False,38.0,,,,,,,,,,Engine,,False,3.0,3,3.0,3,,1.0,False,False,False
961,2017,5,18,,DNF,2,stoffel-vandoorne,mclaren,honda,pirelli,False,32.0,,,,,,,,,,Accident,,False,19.0,19,20.0,20,,1.0,False,False,False
961,2017,5,19,,DNF,33,max-verstappen,red-bull,tag-heuer,pirelli,False,1.0,,,,,,,,,,Collision damage,,False,5.0,5,5.0,5,,0.0,False,False,False
961,2017,5,20,,DNF,7,kimi-raikkonen,ferrari,ferrari,pirelli,False,0.0,,,,,,,,,,Collision,,False,4.0,4,4.0,4,,0.0,False,False,False
962,2017,6,1,1.0,1,5,sebastian-vettel,ferrari,ferrari,pirelli,False,78.0,1:44:44.340,6284340.0,,,,,,,,,25.0,False,2.0,2,2.0,2,1.0,1.0,False,True,False
962,2017,6,2,2.0,2,7,kimi-raikkonen,ferrari,ferrari,pirelli,False,78.0,1:44:47.485,6287485.0,,,+3.145,3145.0,,+3.145,3145.0,,18.0,True,1.0,1,1.0,1,-1.0,1.0,False,False,False
962,2017,6,3,3.0,3,3,daniel-ricciardo,red-bull,tag-heuer,pirelli,False,78.0,1:44:48.085,6288085.0,,,+3.745,3745.0,,+0.600,600.0,,15.0,False,5.0,5,5.0,5,2.0,1.0,False,False,False
962,2017,6,4,4.0,4,77,valtteri-bottas,mercedes,mercedes,pirelli,False,78.0,1:44:49.857,6289857.0,,,+5.517,5517.0,,+1.772,1772.0,,12.0,False,3.0,3,3.0,3,-1.0,1.0,False,False,False
962,2017,6,5,5.0,5,33,max-verstappen,red-bull,tag-heuer,pirelli,False,78.0,1:44:50.539,6290539.0,,,+6.199,6199.0,,+0.682,682.0,,10.0,False,4.0,4,4.0,4,-1.0,2.0,False,False,False
962,2017,6,6,6.0,6,55,carlos-sainz-jr,toro-rosso,toro-rosso,pirelli,False,78.0,1:44:56.378,6296378.0,,,+12.038,12038.0,,+5.839,5839.0,,8.0,False,6.0,6,6.0,6,0.0,1.0,False,False,False
962,2017,6,7,7.0,7,44,lewis-hamilton,mercedes,mercedes,pirelli,False,78.0,1:45:00.141,6300141.0,,,+15.801,15801.0,,+3.763,3763.0,,6.0,False,14.0,14,13.0,13,6.0,1.0,False,False,False
962,2017,6,8,8.0,8,8,romain-grosjean,haas,ferrari,pirelli,False,78.0,1:45:02.490,6302490.0,,,+18.150,18150.0,,+2.349,2349.0,,4.0,False,8.0,8,8.0,8,0.0,1.0,False,False,False
962,2017,6,9,9.0,9,19,felipe-massa,williams,mercedes,pirelli,False,78.0,1:45:03.785,6303785.0,,,+19.445,19445.0,,+1.295,1295.0,,2.0,False,15.0,15,14.0,14,5.0,2.0,False,False,False
962,2017,6,10,10.0,10,20,kevin-magnussen,haas,ferrari,pirelli,False,78.0,1:45:05.783,6305783.0,,,+21.443,21443.0,,+1.998,1998.0,,1.0,False,13.0,13,11.0,11,1.0,2.0,False,False,False
962,2017,6,11,11.0,11,30,jolyon-palmer,renault,renault,pirelli,False,78.0,1:45:07.077,6307077.0,,,+22.737,22737.0,,+1.294,1294.0,,,False,17.0,17,16.0,16,5.0,1.0,False,False,False
962,2017,6,12,12.0,12,31,esteban-ocon,force-india,mercedes,pirelli,False,78.0,1:45:08.065,6308065.0,,,+23.725,23725.0,,+0.988,988.0,,,False,16.0,16,15.0,15,3.0,3.0,False,False,False
962,2017,6,13,13.0,13,11,sergio-perez,force-india,mercedes,pirelli,False,78.0,1:45:33.429,6333429.0,10.0,10000.0,+49.089,49089.0,,+25.364,25364.0,,,False,7.0,7,7.0,7,-6.0,3.0,True,False,False
962,2017,6,14,14.0,14,26,daniil-kvyat,toro-rosso,toro-rosso,pirelli,False,71.0,,,,,,,,,,Collision damage,,False,11.0,11,9.0,9,-5.0,1.0,False,False,False
962,2017,6,15,15.0,15,18,lance-stroll,williams,mercedes,pirelli,False,71.0,,,,,,,,,,Oil pressure,,False,18.0,18,17.0,17,2.0,2.0,False,False,False
962,2017,6,16,,DNF,2,stoffel-vandoorne,mclaren,honda,pirelli,False,66.0,,,,,,,,,,Accident,,False,10.0,10,12.0,12,,1.0,False,False,False
962,2017,6,17,,DNF,9,marcus-ericsson,sauber,ferrari,pirelli,False,63.0,,,,,,,,,,Accident,,False,20.0,20,19.0,19,,1.0,False,False,False
962,2017,6,18,,DNF,22,jenson-button,mclaren,honda,pirelli,False,57.0,,,,,,,,,,Collision damage,,False,9.0,9,,PL,,2.0,False,False,False
962,2017,6,19,,DNF,94,pascal-wehrlein,sauber,ferrari,pirelli,False,57.0,,,5.0,5000.0,,,,,,Collision,,False,19.0,19,18.0,18,,1.0,False,False,False
962,2017,6,20,,DNF,27,nico-hulkenberg,renault,renault,pirelli,False,15.0,,,,,,,,,,Gearbox,,False,12.0,12,10.0,10,,0.0,False,False,False
963,2017,7,1,1.0,1,44,lewis-hamilton,mercedes,mercedes,pirelli,False,70.0,1:33:05.154,5585154.0,,,,,,,,,25.0,True,1.0,1,1.0,1,0.0,1.0,True,False,True
963,2017,7,2,2.0,2,77,valtteri-bottas,mercedes,mercedes,pirelli,False,70.0,1:33:24.937,5604937.0,,,+19.783,19783.0,,+19.783,19783.0,,18.0,False,3.0,3,3.0,3,1.0,1.0,False,False,False
963,2017,7,3,3.0,3,3,daniel-ricciardo,red-bull,tag-heuer,pirelli,False,70.0,1:33:40.451,5620451.0,,,+35.297,35297.0,,+15.514,15514.0,,15.0,False,6.0,6,6.0,6,3.0,1.0,False,False,False
963,2017,7,4,4.0,4,5,sebastian-vettel,ferrari,ferrari,pirelli,False,70.0,1:33:41.061,5621061.0,,,+35.907,35907.0,,+0.610,610.0,,12.0,False,2.0,2,2.0,2,-2.0,2.0,False,True,False
963,2017,7,5,5.0,5,11,sergio-perez,force-india,mercedes,pirelli,False,70.0,1:33:45.630,5625630.0,,,+40.476,40476.0,,+4.569,4569.0,,10.0,False,8.0,8,8.0,8,3.0,1.0,False,False,False
963,2017,7,6,6.0,6,31,esteban-ocon,force-india,mercedes,pirelli,False,70.0,1:33:45.870,5625870.0,,,+40.716,40716.0,,+0.240,240.0,,8.0,False,9.0,9,9.0,9,3.0,1.0,False,False,False
963,2017,7,7,7.0,7,7,kimi-raikkonen,ferrari,ferrari,pirelli,False,70.0,1:34:03.786,5643786.0,,,+58.632,58632.0,,+17.916,17916.0,,6.0,False,4.0,4,4.0,4,-3.0,2.0,False,False,False
963,2017,7,8,8.0,8,27,nico-hulkenberg,renault,renault,pirelli,False,70.0,1:34:05.528,5645528.0,,,+1:00.374,60374.0,,+1.742,1742.0,,4.0,False,10.0,10,10.0,10,2.0,1.0,False,False,False
963,2017,7,9,9.0,9,18,lance-stroll,williams,mercedes,pirelli,False,69.0,,,,,+1 lap,,1.0,,,,2.0,False,17.0,17,17.0,17,8.0,1.0,False,False,False
963,2017,7,10,10.0,10,8,romain-grosjean,haas,ferrari,pirelli,False,69.0,,,,,+1 lap,,1.0,,,,1.0,False,14.0,14,14.0,14,4.0,1.0,False,False,False
963,2017,7,11,11.0,11,30,jolyon-palmer,renault,renault,pirelli,False,69.0,,,,,+1 lap,,1.0,,,,,False,15.0,15,15.0,15,4.0,1.0,False,False,False
963,2017,7,12,12.0,12,20,kevin-magnussen,haas,ferrari,pirelli,False,69.0,,,,,+1 lap,,1.0,,,,,False,18.0,18,18.0,18,6.0,1.0,False,False,False
963,2017,7,13,13.0,13,9,marcus-ericsson,sauber,ferrari,pirelli,False,69.0,,,,,+1 lap,,1.0,,,,,False,19.0,19,19.0,19,6.0,1.0,False,False,False
963,2017,7,14,14.0,14,2,stoffel-vandoorne,mclaren,honda,pirelli,False,69.0,,,,,+1 lap,,1.0,,,,,False,16.0,16,16.0,16,2.0,1.0,False,False,False
963,2017,7,15,15.0,15,94,pascal-wehrlein,sauber,ferrari,pirelli,False,68.0,,,,,+2 laps,,2.0,,,,,False,20.0,20,,PL,5.0,2.0,False,False,False
963,2017,7,16,16.0,16,14,fernando-alonso,mclaren,honda,pirelli,False,66.0,,,,,,,,,,Power unit,,False,12.0,12,12.0,12,-4.0,1.0,False,False,False
963,2017,7,17,,DNF,26,daniil-kvyat,toro-rosso,toro-rosso,pirelli,False,54.0,,,,,,,,,,Power unit,,False,11.0,11,11.0,11,,2.0,False,False,False
963,2017,7,18,,DNF,33,max-verstappen,red-bull,tag-heuer,pirelli,False,10.0,,,,,,,,,,Electrical,,False,5.0,5,5.0,5,,0.0,False,False,False
963,2017,7,19,,DNF,19,felipe-massa,williams,mercedes,pirelli,False,0.0,,,,,,,,,,Collision,,False,7.0,7,7.0,7,,0.0,False,False,False
963,2017,7,20,,DNF,55,carlos-sainz-jr,toro-rosso,toro-rosso,pirelli,False,0.0,,,,,,,,,,Collision,,False,13.0,13,13.0,13,,0.0,False,False,False
964,2017,8,1,1.0,1,3,daniel-ricciardo,red-bull,tag-heuer,pirelli,False,51.0,2:03:55.573,7435573.0,,,,,,,,,25.0,False,10.0,10,10.0,10,9.0,4.0,False,False,False
964,2017,8,2,2.0,2,77,valtteri-bottas,mercedes,mercedes,pirelli,False,51.0,2:03:59.477,7439477.0,,,+3.904,3904.0,,+3.904,3904.0,,18.0,False,2.0,2,2.0,2,0.0,4.0,False,False,False
964,2017,8,3,3.0,3,18,lance-stroll,williams,mercedes,pirelli,False,51.0,2:03:59.582,7439582.0,,,+4.009,4009.0,,+0.105,105.0,,15.0,False,8.0,8,8.0,8,5.0,3.0,False,True,False
964,2017,8,4,4.0,4,5,sebastian-vettel,ferrari,ferrari,pirelli,False,51.0,2:04:01.549,7441549.0,,,+5.976,5976.0,,+1.967,1967.0,,12.0,False,4.0,4,4.0,4,0.0,4.0,True,False,False
964,2017,8,5,5.0,5,44,lewis-hamilton,mercedes,mercedes,pirelli,False,51.0,2:04:01.761,7441761.0,,,+6.188,6188.0,,+0.212,212.0,,10.0,True,1.0,1,1.0,1,-4.0,4.0,False,False,False
964,2017,8,6,6.0,6,31,esteban-ocon,force-india,mercedes,pirelli,False,51.0,2:04:25.871,7465871.0,,,+30.298,30298.0,,+24.110,24110.0,,8.0,False,7.0,7,7.0,7,1.0,4.0,False,False,False
964,2017,8,7,7.0,7,20,kevin-magnussen,haas,ferrari,pirelli,False,51.0,2:04:37.326,7477326.0,,,+41.753,41753.0,,+11.455,11455.0,,6.0,False,13.0,13,12.0,12,5.0,3.0,False,False,False
964,2017,8,8,8.0,8,55,carlos-sainz-jr,toro-rosso,toro-rosso,pirelli,False,51.0,2:04:44.973,7484973.0,,,+49.400,49400.0,,+7.647,7647.0,,4.0,False,12.0,12,15.0,15,7.0,3.0,False,False,False
964,2017,8,9,9.0,9,14,fernando-alonso,mclaren,honda,pirelli,False,51.0,2:04:55.124,7495124.0,,,+59.551,59551.0,,+10.151,10151.0,,2.0,False,16.0,16,19.0,19,10.0,3.0,False,False,False
964,2017,8,10,10.0,10,94,pascal-wehrlein,sauber,ferrari,pirelli,False,51.0,2:05:24.666,7524666.0,,,+1:29.093,89093.0,,+29.542,29542.0,,1.0,False,15.0,15,14.0,14,4.0,5.0,False,False,False
964,2017,8,11,11.0,11,9,marcus-ericsson,sauber,ferrari,pirelli,False,51.0,2:05:27.367,7527367.0,,,+1:31.794,91794.0,,+2.701,2701.0,,,False,18.0,18,17.0,17,6.0,3.0,False,False,False
964,2017,8,12,12.0,12,2,stoffel-vandoorne,mclaren,honda,pirelli,False,51.0,2:05:27.733,7527733.0,,,+1:32.160,92160.0,,+0.366,366.0,,,False,19.0,19,18.0,18,6.0,4.0,False,False,False
964,2017,8,13,13.0,13,8,romain-grosjean,haas,ferrari,pirelli,False,50.0,,,,,+1 lap,,1.0,,,,,False,17.0,17,16.0,16,3.0,5.0,False,False,False
964,2017,8,14,14.0,14,7,kimi-raikkonen,ferrari,ferrari,pirelli,False,46.0,,,,,,,,,,Collision damage,,False,3.0,3,3.0,3,-11.0,4.0,False,False,False
964,2017,8,15,,DNF,11,sergio-perez,force-india,mercedes,pirelli,False,39.0,,,,,,,,,,Collision damage,,False,6.0,6,6.0,6,,4.0,False,False,False
964,2017,8,16,,DNF,19,felipe-massa,williams,mercedes,pirelli,False,25.0,,,,,,,,,,Suspension,,False,9.0,9,9.0,9,,3.0,False,False,False
964,2017,8,17,,DNF,27,nico-hulkenberg,renault,renault,pirelli,False,24.0,,,,,,,,,,Accident,,False,14.0,14,13.0,13,,3.0,False,False,False
964,2017,8,18,,DNF,33,max-verstappen,red-bull,tag-heuer,pirelli,False,12.0,,,,,,,,,,Oil pressure,,False,5.0,5,5.0,5,,0.0,False,False,False
964,2017,8,19,,DNF,26,daniil-kvyat,toro-rosso,toro-rosso,pirelli,False,9.0,,,,,,,,,,Electrical,,False,11.0,11,11.0,11,,0.0,False,False,False
964,2017,8,20,,DNF,30,jolyon-palmer,renault,renault,pirelli,False,7.0,,,,,,,,,,Engine,,False,,NC,20.0,20,,0.0,False,False,False
965,2017,9,1,1.0,1,77,valtteri-bottas,mercedes,mercedes,pirelli,False,71.0,1:21:48.523,4908523.0,,,,,,,,,25.0,True,1.0,1,1.0,1,0.0,1.0,False,True,False
965,2017,9,2,2.0,2,5,sebastian-vettel,ferrari,ferrari,pirelli,False,71.0,1:21:49.181,4909181.0,,,+0.658,658.0,,+0.658,658.0,,18.0,False,2.0,2,2.0,2,0.0,1.0,False,False,False
965,2017,9,3,3.0,3,3,daniel-ricciardo,red-bull,tag-heuer,pirelli,False,71.0,1:21:54.535,4914535.0,,,+6.012,6012.0,,+5.354,5354.0,,15.0,False,5.0,5,4.0,4,1.0,1.0,False,False,False
965,2017,9,4,4.0,4,44,lewis-hamilton,mercedes,mercedes,pirelli,False,71.0,1:21:55.953,4915953.0,,,+7.430,7430.0,,+1.418,1418.0,,12.0,False,3.0,3,8.0,8,4.0,1.0,True,False,False
965,2017,9,5,5.0,5,7,kimi-raikkonen,ferrari,ferrari,pirelli,False,71.0,1:22:08.893,4928893.0,,,+20.370,20370.0,,+12.940,12940.0,,10.0,False,4.0,4,3.0,3,-2.0,1.0,False,False,False
965,2017,9,6,6.0,6,8,romain-grosjean,haas,ferrari,pirelli,False,71.0,1:23:01.683,4981683.0,,,+1:13.160,73160.0,,+52.790,52790.0,,8.0,False,7.0,7,6.0,6,0.0,1.0,False,False,False
965,2017,9,7,7.0,7,11,sergio-perez,force-india,mercedes,pirelli,False,70.0,,,,,+1 lap,,1.0,,,,6.0,False,8.0,8,7.0,7,0.0,1.0,False,False,False
965,2017,9,8,8.0,8,31,esteban-ocon,force-india,mercedes,pirelli,False,70.0,,,,,+1 lap,,1.0,,,,4.0,False,9.0,9,9.0,9,1.0,1.0,False,False,False
965,2017,9,9,9.0,9,19,felipe-massa,williams,mercedes,pirelli,False,70.0,,,,,+1 lap,,1.0,,,,2.0,False,17.0,17,17.0,17,8.0,1.0,False,False,False
965,2017,9,10,10.0,10,18,lance-stroll,williams,mercedes,pirelli,False,70.0,,,,,+1 lap,,1.0,,,,1.0,False,18.0,18,18.0,18,8.0,1.0,False,False,False
965,2017,9,11,11.0,11,30,jolyon-palmer,renault,renault,pirelli,False,70.0,,,,,+1 lap,,1.0,,,,,False,16.0,16,16.0,16,5.0,1.0,False,False,False
965,2017,9,12,12.0,12,2,stoffel-vandoorne,mclaren,honda,pirelli,False,70.0,,,,,+1 lap,,1.0,,,,,False,13.0,13,13.0,13,1.0,2.0,False,False,False
965,2017,9,13,13.0,13,27,nico-hulkenberg,renault,renault,pirelli,False,70.0,,,,,+1 lap,,1.0,,,,,False,11.0,11,11.0,11,-2.0,1.0,False,False,False
965,2017,9,14,14.0,14,94,pascal-wehrlein,sauber,ferrari,pirelli,False,70.0,,,,,+1 lap,,1.0,,,,,False,20.0,20,,PL,6.0,1.0,False,False,False
965,2017,9,15,15.0,15,9,marcus-ericsson,sauber,ferrari,pirelli,False,69.0,,,,,+2 laps,,2.0,,,,,False,19.0,19,19.0,19,4.0,1.0,False,False,False
965,2017,9,16,16.0,16,26,daniil-kvyat,toro-rosso,toro-rosso,pirelli,False,68.0,,,,,+3 laps,,3.0,,,,,False,14.0,14,14.0,14,-2.0,3.0,False,False,False
965,2017,9,17,,DNF,55,carlos-sainz-jr,toro-rosso,toro-rosso,pirelli,False,44.0,,,,,,,,,,Engine,,False,10.0,10,10.0,10,,1.0,False,False,False
965,2017,9,18,,DNF,20,kevin-magnussen,haas,ferrari,pirelli,False,29.0,,,,,,,,,,Hydraulics,,False,15.0,15,15.0,15,,0.0,False,False,False
965,2017,9,19,,DNF,14,fernando-alonso,mclaren,honda,pirelli,False,1.0,,,,,,,,,,Collision damage,,False,12.0,12,12.0,12,,0.0,False,False,False
965,2017,9,20,,DNF,33,max-verstappen,red-bull,tag-heuer,pirelli,False,0.0,,,,,,,,,,Collision damage,,False,6.0,6,5.0,5,,0.0,False,False,False
966,2017,10,1,1.0,1,44,lewis-hamilton,mercedes,mercedes,pirelli,False,51.0,1:21:27.430,4887430.0,,,,,,,,,25.0,True,1.0,1,1.0,1,0.0,1.0,True,False,True
966,2017,10,2,2.0,2,77,valtteri-bottas,mercedes,mercedes,pirelli,False,51.0,1:21:41.493,4901493.0,,,+14.063,14063.0,,+14.063,14063.0,,18.0,False,4.0,4,9.0,9,7.0,1.0,False,False,False
966,2017,10,3,3.0,3,7,kimi-raikkonen,ferrari,ferrari,pirelli,False,51.0,1:22:04.000,4924000.0,,,+36.570,36570.0,,+22.507,22507.0,,15.0,False,2.0,2,2.0,2,-1.0,2.0,False,False,False
966,2017,10,4,4.0,4,33,max-verstappen,red-bull,tag-heuer,pirelli,False,51.0,1:22:19.555,4939555.0,,,+52.125,52125.0,,+15.555,15555.0,,12.0,False,5.0,5,4.0,4,0.0,2.0,False,False,False
966,2017,10,5,5.0,5,3,daniel-ricciardo,red-bull,tag-heuer,pirelli,False,51.0,1:22:33.385,4953385.0,,,+1:05.955,65955.0,,+13.830,13830.0,,10.0,False,20.0,20,19.0,19,14.0,1.0,False,True,False
966,2017,10,6,6.0,6,27,nico-hulkenberg,renault,renault,pirelli,False,51.0,1:22:35.539,4955539.0,,,+1:08.109,68109.0,,+2.154,2154.0,,8.0,False,6.0,6,5.0,5,-1.0,1.0,False,False,False
966,2017,10,7,7.0,7,5,sebastian-vettel,ferrari,ferrari,pirelli,False,51.0,1:23:01.419,4981419.0,,,+1:33.989,93989.0,,+25.880,25880.0,,6.0,False,3.0,3,3.0,3,-4.0,2.0,False,False,False
966,2017,10,8,8.0,8,31,esteban-ocon,force-india,mercedes,pirelli,False,50.0,,,,,+1 lap,,1.0,,,,4.0,False,8.0,8,7.0,7,-1.0,1.0,False,False,False
966,2017,10,9,9.0,9,11,sergio-perez,force-india,mercedes,pirelli,False,50.0,,,,,+1 lap,,1.0,,,,2.0,False,7.0,7,6.0,6,-3.0,1.0,False,False,False
966,2017,10,10,10.0,10,19,felipe-massa,williams,mercedes,pirelli,False,50.0,,,,,+1 lap,,1.0,,,,1.0,False,15.0,15,14.0,14,4.0,1.0,False,False,False
966,2017,10,11,11.0,11,2,stoffel-vandoorne,mclaren,honda,pirelli,False,50.0,,,,,+1 lap,,1.0,,,,,False,9.0,9,8.0,8,-3.0,1.0,False,False,False
966,2017,10,12,12.0,12,20,kevin-magnussen,haas,ferrari,pirelli,False,50.0,,,,,+1 lap,,1.0,,,,,False,17.0,17,16.0,16,4.0,1.0,False,False,False
966,2017,10,13,13.0,13,8,romain-grosjean,haas,ferrari,pirelli,False,50.0,,,,,+1 lap,,1.0,,,,,False,10.0,10,10.0,10,-3.0,2.0,False,False,False
966,2017,10,14,14.0,14,9,marcus-ericsson,sauber,ferrari,pirelli,False,50.0,,,,,+1 lap,,1.0,,,,,False,19.0,19,18.0,18,4.0,1.0,False,False,False
966,2017,10,15,15.0,15,26,daniil-kvyat,toro-rosso,toro-rosso,pirelli,False,50.0,,,,,+1 lap,,1.0,,,,,False,12.0,12,12.0,12,-3.0,3.0,False,False,False
966,2017,10,16,16.0,16,18,lance-stroll,williams,mercedes,pirelli,False,50.0,,,,,+1 lap,,1.0,,,,,False,16.0,16,15.0,15,-1.0,2.0,False,False,False
966,2017,10,17,17.0,17,94,pascal-wehrlein,sauber,ferrari,pirelli,False,50.0,,,,,+1 lap,,1.0,,,,,False,18.0,18,17.0,17,0.0,3.0,False,False,False
966,2017,10,18,,DNF,14,fernando-alonso,mclaren,honda,pirelli,False,32.0,,,,,,,,,,Fuel pump,,False,13.0,13,20.0,20,,1.0,False,False,False
966,2017,10,19,,DNF,55,carlos-sainz-jr,toro-rosso,toro-rosso,pirelli,False,0.0,,,,,,,,,,Collision,,False,14.0,14,13.0,13,,0.0,False,False,False
966,2017,10,20,,DNS,30,jolyon-palmer,renault,renault,pirelli,False,,,,,,,,,,,Hydraulics,,False,11.0,11,11.0,11,,0.0,False,False,False
967,2017,11,1,1.0,1,5,sebastian-vettel,ferrari,ferrari,pirelli,False,70.0,1:39:46.713,5986713.0,,,,,,,,,25.0,True,1.0,1,1.0,1,0.0,1.0,False,False,False
967,2017,11,2,2.0,2,7,kimi-raikkonen,ferrari,ferrari,pirelli,False,70.0,1:39:47.621,5987621.0,,,+0.908,908.0,,+0.908,908.0,,18.0,False,2.0,2,2.0,2,0.0,1.0,False,True,False
967,2017,11,3,3.0,3,77,valtteri-bottas,mercedes,mercedes,pirelli,False,70.0,1:39:59.175,5999175.0,,,+12.462,12462.0,,+11.554,11554.0,,15.0,False,3.0,3,3.0,3,0.0,1.0,False,False,False
967,2017,11,4,4.0,4,44,lewis-hamilton,mercedes,mercedes,pirelli,False,70.0,1:39:59.598,5999598.0,,,+12.885,12885.0,,+0.423,423.0,,12.0,False,4.0,4,4.0,4,0.0,1.0,False,False,False
967,2017,11,5,5.0,5,33,max-verstappen,red-bull,tag-heuer,pirelli,False,70.0,1:39:59.989,5999989.0,,,+13.276,13276.0,,+0.391,391.0,,10.0,False,5.0,5,5.0,5,0.0,1.0,False,False,False
967,2017,11,6,6.0,6,14,fernando-alonso,mclaren,honda,pirelli,False,70.0,1:40:57.936,6057936.0,,,+1:11.223,71223.0,,+57.947,57947.0,,8.0,False,8.0,8,7.0,7,1.0,1.0,True,False,False
967,2017,11,7,7.0,7,55,carlos-sainz-jr,toro-rosso,toro-rosso,pirelli,False,69.0,,,,,+1 lap,,1.0,,,,6.0,False,10.0,10,9.0,9,2.0,1.0,False,False,False
967,2017,11,8,8.0,8,11,sergio-perez,force-india,mercedes,pirelli,False,69.0,,,,,+1 lap,,1.0,,,,4.0,False,14.0,14,13.0,13,5.0,1.0,False,False,False
967,2017,11,9,9.0,9,31,esteban-ocon,force-india,mercedes,pirelli,False,69.0,,,,,+1 lap,,1.0,,,,2.0,False,12.0,12,11.0,11,2.0,1.0,False,False,False
967,2017,11,10,10.0,10,2,stoffel-vandoorne,mclaren,honda,pirelli,False,69.0,,,,,+1 lap,,1.0,,,,1.0,False,9.0,9,8.0,8,-2.0,1.0,False,False,False
967,2017,11,11,11.0,11,26,daniil-kvyat,toro-rosso,toro-rosso,pirelli,False,69.0,,,,,+1 lap,,1.0,,,,,False,13.0,13,16.0,16,5.0,1.0,False,False,False
967,2017,11,12,12.0,12,30,jolyon-palmer,renault,renault,pirelli,False,69.0,,,,,+1 lap,,1.0,,,,,False,11.0,11,10.0,10,-2.0,1.0,False,False,False
967,2017,11,13,13.0,13,20,kevin-magnussen,haas,ferrari,pirelli,False,69.0,,,5.0,5000.0,+1 lap,,1.0,,,,,False,16.0,16,15.0,15,2.0,1.0,False,False,False
967,2017,11,14,14.0,14,18,lance-stroll,williams,mercedes,pirelli,False,69.0,,,,,+1 lap,,1.0,,,,,False,17.0,17,17.0,17,3.0,1.0,False,False,False
967,2017,11,15,15.0,15,94,pascal-wehrlein,sauber,ferrari,pirelli,False,68.0,,,,,+2 laps,,2.0,,,,,False,18.0,18,18.0,18,3.0,2.0,False,False,False
967,2017,11,16,16.0,16,9,marcus-ericsson,sauber,ferrari,pirelli,False,68.0,,,,,+2 laps,,2.0,,,,,False,20.0,20,20.0,20,4.0,2.0,False,False,False
967,2017,11,17,17.0,17,27,nico-hulkenberg,renault,renault,pirelli,False,67.0,,,,,,,,,,Brakes,,False,7.0,7,12.0,12,-5.0,1.0,False,False,False
967,2017,11,18,,DNF,40,paul-di-resta,williams,mercedes,pirelli,False,60.0,,,,,,,,,,Oil leak,,False,19.0,19,19.0,19,,1.0,False,False,False
967,2017,11,19,,DNF,8,romain-grosjean,haas,ferrari,pirelli,False,20.0,,,,,,,,,,Wheel nut,,False,15.0,15,14.0,14,,1.0,False,False,False
967,2017,11,20,,DNF,3,daniel-ricciardo,red-bull,tag-heuer,pirelli,False,0.0,,,,,,,,,,Radiator,,False,6.0,6,6.0,6,,0.0,False,False,False
968,2017,12,1,1.0,1,44,lewis-hamilton,mercedes,mercedes,pirelli,False,44.0,1:24:42.820,5082820.0,,,,,,,,,25.0,True,1.0,1,1.0,1,0.0,2.0,False,True,False
968,2017,12,2,2.0,2,5,sebastian-vettel,ferrari,ferrari,pirelli,False,44.0,1:24:45.178,5085178.0,,,+2.358,2358.0,,+2.358,2358.0,,18.0,False,2.0,2,2.0,2,0.0,2.0,True,False,False
968,2017,12,3,3.0,3,3,daniel-ricciardo,red-bull,tag-heuer,pirelli,False,44.0,1:24:53.611,5093611.0,,,+10.791,10791.0,,+8.433,8433.0,,15.0,False,6.0,6,6.0,6,3.0,2.0,False,False,False
968,2017,12,4,4.0,4,7,kimi-raikkonen,ferrari,ferrari,pirelli,False,44.0,1:24:57.291,5097291.0,,,+14.471,14471.0,,+3.680,3680.0,,12.0,False,4.0,4,4.0,4,0.0,3.0,False,False,False
968,2017,12,5,5.0,5,77,valtteri-bottas,mercedes,mercedes,pirelli,False,44.0,1:24:59.276,5099276.0,,,+16.456,16456.0,,+1.985,1985.0,,10.0,False,3.0,3,3.0,3,-2.0,2.0,False,False,False
968,2017,12,6,6.0,6,27,nico-hulkenberg,renault,renault,pirelli,False,44.0,1:25:10.907,5110907.0,,,+28.087,28087.0,,+11.631,11631.0,,8.0,False,7.0,7,7.0,7,1.0,2.0,False,False,False
968,2017,12,7,7.0,7,8,romain-grosjean,haas,ferrari,pirelli,False,44.0,1:25:14.373,5114373.0,,,+31.553,31553.0,,+3.466,3466.0,,6.0,False,12.0,12,11.0,11,4.0,2.0,False,False,False
968,2017,12,8,8.0,8,19,felipe-massa,williams,mercedes,pirelli,False,44.0,1:25:19.469,5119469.0,,,+36.649,36649.0,,+5.096,5096.0,,4.0,False,16.0,16,16.0,16,8.0,2.0,False,False,False
968,2017,12,9,9.0,9,31,esteban-ocon,force-india,mercedes,pirelli,False,44.0,1:25:20.974,5120974.0,,,+38.154,38154.0,,+1.505,1505.0,,2.0,False,9.0,9,9.0,9,0.0,3.0,False,False,False
968,2017,12,10,10.0,10,55,carlos-sainz-jr,toro-rosso,toro-rosso,pirelli,False,44.0,1:25:22.267,5122267.0,,,+39.447,39447.0,,+1.293,1293.0,,1.0,False,14.0,14,13.0,13,3.0,2.0,False,False,False
968,2017,12,11,11.0,11,18,lance-stroll,williams,mercedes,pirelli,False,44.0,1:25:31.819,5131819.0,,,+48.999,48999.0,,+9.552,9552.0,,,False,18.0,18,15.0,15,4.0,2.0,False,False,False
968,2017,12,12,12.0,12,26,daniil-kvyat,toro-rosso,toro-rosso,pirelli,False,44.0,1:25:32.760,5132760.0,,,+49.940,49940.0,,+0.941,941.0,,,False,17.0,17,19.0,19,7.0,2.0,False,False,False
968,2017,12,13,13.0,13,30,jolyon-palmer,renault,renault,pirelli,False,44.0,1:25:36.059,5136059.0,,,+53.239,53239.0,,+3.299,3299.0,,,False,10.0,10,14.0,14,1.0,2.0,False,False,False
968,2017,12,14,14.0,14,2,stoffel-vandoorne,mclaren,honda,pirelli,False,44.0,1:25:39.898,5139898.0,,,+57.078,57078.0,,+3.839,3839.0,,,False,15.0,15,20.0,20,6.0,2.0,False,False,False
968,2017,12,15,15.0,15,20,kevin-magnussen,haas,ferrari,pirelli,False,44.0,1:25:50.082,5150082.0,,,+1:07.262,67262.0,,+10.184,10184.0,,,False,13.0,13,12.0,12,-3.0,3.0,False,False,False
968,2017,12,16,16.0,16,9,marcus-ericsson,sauber,ferrari,pirelli,False,44.0,1:25:52.531,5152531.0,,,+1:09.711,69711.0,,+2.449,2449.0,,,False,19.0,19,17.0,17,1.0,3.0,False,False,False
968,2017,12,17,17.0,17,11,sergio-perez,force-india,mercedes,pirelli,False,42.0,,,,,,,,,,Collision damage,,False,8.0,8,8.0,8,-9.0,3.0,False,False,False
968,2017,12,18,,DNF,14,fernando-alonso,mclaren,honda,pirelli,False,25.0,,,,,,,,,,Power unit,,False,11.0,11,10.0,10,,1.0,False,False,False
968,2017,12,19,,DNF,33,max-verstappen,red-bull,tag-heuer,pirelli,False,7.0,,,,,,,,,,Power unit,,False,5.0,5,5.0,5,,0.0,False,False,False
968,2017,12,20,,DNF,94,pascal-wehrlein,sauber,ferrari,pirelli,False,2.0,,,,,,,,,,Suspension,,False,20.0,20,18.0,18,,0.0,False,False,False
969,2017,13,1,1.0,1,44,lewis-hamilton,mercedes,mercedes,pirelli,False,53.0,1:15:32.312,4532312.0,,,,,,,,,25.0,True,1.0,1,1.0,1,0.0,1.0,False,False,False
969,2017,13,2,2.0,2,77,valtteri-bottas,mercedes,mercedes,pirelli,False,53.0,1:15:36.783,4536783.0,,,+4.471,4471.0,,+4.471,4471.0,,18.0,False,6.0,6,4.0,4,2.0,1.0,False,False,False
969,2017,13,3,3.0,3,5,sebastian-vettel,ferrari,ferrari,pirelli,False,53.0,1:16:08.629,4568629.0,,,+36.317,36317.0,,+31.846,31846.0,,15.0,False,8.0,8,6.0,6,3.0,1.0,False,False,False
969,2017,13,4,4.0,4,3,daniel-ricciardo,red-bull,tag-heuer,pirelli,False,53.0,1:16:12.647,4572647.0,,,+40.335,40335.0,,+4.018,4018.0,,12.0,False,3.0,3,16.0,16,12.0,1.0,True,True,False
969,2017,13,5,5.0,5,7,kimi-raikkonen,ferrari,ferrari,pirelli,False,53.0,1:16:32.394,4592394.0,,,+1:00.082,60082.0,,+19.747,19747.0,,10.0,False,7.0,7,5.0,5,0.0,1.0,False,False,False
969,2017,13,6,6.0,6,31,esteban-ocon,force-india,mercedes,pirelli,False,53.0,1:16:43.840,4603840.0,,,+1:11.528,71528.0,,+11.446,11446.0,,8.0,False,5.0,5,3.0,3,-3.0,1.0,False,False,False
969,2017,13,7,7.0,7,18,lance-stroll,williams,mercedes,pirelli,False,53.0,1:16:46.468,4606468.0,,,+1:14.156,74156.0,,+2.628,2628.0,,6.0,False,4.0,4,2.0,2,-5.0,1.0,False,False,False
969,2017,13,8,8.0,8,19,felipe-massa,williams,mercedes,pirelli,False,53.0,1:16:47.146,4607146.0,,,+1:14.834,74834.0,,+0.678,678.0,,4.0,False,9.0,9,7.0,7,-1.0,1.0,False,False,False
969,2017,13,9,9.0,9,11,sergio-perez,force-india,mercedes,pirelli,False,53.0,1:16:47.588,4607588.0,,,+1:15.276,75276.0,,+0.442,442.0,,2.0,False,11.0,11,10.0,10,1.0,1.0,False,False,False
969,2017,13,10,10.0,10,33,max-verstappen,red-bull,tag-heuer,pirelli,False,52.0,,,,,+1 lap,,1.0,,,,1.0,False,2.0,2,13.0,13,3.0,2.0,False,False,False
969,2017,13,11,11.0,11,20,kevin-magnussen,haas,ferrari,pirelli,False,52.0,,,,,+1 lap,,1.0,,,,,False,16.0,16,9.0,9,-2.0,1.0,False,False,False
969,2017,13,12,12.0,12,26,daniil-kvyat,toro-rosso,toro-rosso,pirelli,False,52.0,,,,,+1 lap,,1.0,,,,,False,14.0,14,8.0,8,-4.0,1.0,False,False,False
969,2017,13,13,13.0,13,27,nico-hulkenberg,renault,renault,pirelli,False,52.0,,,,,+1 lap,,1.0,,,,,False,12.0,12,14.0,14,1.0,1.0,False,False,False
969,2017,13,14,14.0,14,55,carlos-sainz-jr,toro-rosso,toro-rosso,pirelli,False,52.0,,,,,+1 lap,,1.0,,,,,False,15.0,15,15.0,15,1.0,1.0,False,False,False
969,2017,13,15,15.0,15,8,romain-grosjean,haas,ferrari,pirelli,False,52.0,,,,,+1 lap,,1.0,,,,,False,,NC,20.0,20,5.0,2.0,False,False,False
969,2017,13,16,16.0,16,94,pascal-wehrlein,sauber,ferrari,pirelli,False,51.0,,,,,+2 laps,,2.0,,,,,False,19.0,19,12.0,12,-4.0,1.0,False,False,False
969,2017,13,17,17.0,17,14,fernando-alonso,mclaren,honda,pirelli,False,50.0,,,,,,,,,,Clutch,,False,13.0,13,19.0,19,2.0,1.0,False,False,False
969,2017,13,18,18.0,18,9,marcus-ericsson,sauber,ferrari,pirelli,False,49.0,,,,,,,,,,Suspension,,False,18.0,18,11.0,11,-7.0,1.0,False,False,False
969,2017,13,19,,DNF,2,stoffel-vandoorne,mclaren,honda,pirelli,False,33.0,,,,,,,,,,Electrical,,False,10.0,10,18.0,18,,0.0,False,False,False
969,2017,13,20,,DNF,30,jolyon-palmer,renault,renault,pirelli,False,29.0,,,,,,,,,,Transmission,,False,17.0,17,17.0,17,,1.0,False,False,False
970,2017,14,1,1.0,1,44,lewis-hamilton,mercedes,mercedes,pirelli,False,58.0,2:03:23.544,7403544.0,,,,,,,,,25.0,False,5.0,5,5.0,5,4.0,4.0,True,True,False
970,2017,14,2,2.0,2,3,daniel-ricciardo,red-bull,tag-heuer,pirelli,False,58.0,2:03:28.051,7408051.0,,,+4.507,4507.0,,+4.507,4507.0,,18.0,False,3.0,3,3.0,3,1.0,5.0,False,False,False
970,2017,14,3,3.0,3,77,valtteri-bottas,mercedes,mercedes,pirelli,False,58.0,2:03:32.344,7412344.0,,,+8.800,8800.0,,+4.293,4293.0,,15.0,False,6.0,6,6.0,6,3.0,4.0,False,False,False
970,2017,14,4,4.0,4,55,carlos-sainz-jr,toro-rosso,toro-rosso,pirelli,False,58.0,2:03:46.366,7426366.0,,,+22.822,22822.0,,+14.022,14022.0,,12.0,False,10.0,10,10.0,10,6.0,4.0,False,False,False
970,2017,14,5,5.0,5,11,sergio-perez,force-india,mercedes,pirelli,False,58.0,2:03:48.903,7428903.0,,,+25.359,25359.0,,+2.537,2537.0,,10.0,False,12.0,12,12.0,12,7.0,5.0,False,False,False
970,2017,14,6,6.0,6,30,jolyon-palmer,renault,renault,pirelli,False,58.0,2:03:50.803,7430803.0,,,+27.259,27259.0,,+1.900,1900.0,,8.0,False,11.0,11,11.0,11,5.0,5.0,False,False,False
970,2017,14,7,7.0,7,2,stoffel-vandoorne,mclaren,honda,pirelli,False,58.0,2:03:53.932,7433932.0,,,+30.388,30388.0,,+3.129,3129.0,,6.0,False,9.0,9,9.0,9,2.0,5.0,False,False,False
970,2017,14,8,8.0,8,18,lance-stroll,williams,mercedes,pirelli,False,58.0,2:04:05.240,7445240.0,,,+41.696,41696.0,,+11.308,11308.0,,4.0,False,18.0,18,18.0,18,10.0,4.0,False,False,False
970,2017,14,9,9.0,9,8,romain-grosjean,haas,ferrari,pirelli,False,58.0,2:04:06.826,7446826.0,,,+43.282,43282.0,,+1.586,1586.0,,2.0,False,15.0,15,15.0,15,6.0,4.0,False,False,False
970,2017,14,10,10.0,10,31,esteban-ocon,force-india,mercedes,pirelli,False,58.0,2:04:08.339,7448339.0,,,+44.795,44795.0,,+1.513,1513.0,,1.0,False,14.0,14,14.0,14,4.0,6.0,False,False,False
970,2017,14,11,11.0,11,19,felipe-massa,williams,mercedes,pirelli,False,58.0,2:04:10.080,7450080.0,,,+46.536,46536.0,,+1.741,1741.0,,,False,17.0,17,17.0,17,6.0,6.0,False,False,False
970,2017,14,12,12.0,12,94,pascal-wehrlein,sauber,ferrari,pirelli,False,56.0,,,,,+2 laps,,2.0,,,,,False,19.0,19,19.0,19,7.0,6.0,False,False,False
970,2017,14,13,,DNF,20,kevin-magnussen,haas,ferrari,pirelli,False,50.0,,,,,,,,,,Engine,,False,16.0,16,16.0,16,,6.0,False,False,False
970,2017,14,14,,DNF,27,nico-hulkenberg,renault,renault,pirelli,False,48.0,,,,,,,,,,Oil leak,,False,7.0,7,7.0,7,,6.0,False,False,False
970,2017,14,15,,DNF,9,marcus-ericsson,sauber,ferrari,pirelli,False,35.0,,,,,,,,,,Accident,,False,20.0,20,20.0,20,,6.0,False,False,False
970,2017,14,16,,DNF,26,daniil-kvyat,toro-rosso,toro-rosso,pirelli,False,10.0,,,,,,,,,,Accident,,False,13.0,13,13.0,13,,3.0,False,False,False
970,2017,14,17,,DNF,14,fernando-alonso,mclaren,honda,pirelli,False,8.0,,,,,,,,,,Collision damage,,False,8.0,8,8.0,8,,3.0,False,False,False
970,2017,14,18,,DNF,5,sebastian-vettel,ferrari,ferrari,pirelli,False,0.0,,,,,,,,,,Collision damage,,True,1.0,1,1.0,1,,0.0,False,False,False
970,2017,14,19,,DNF,33,max-verstappen,red-bull,tag-heuer,pirelli,False,0.0,,,,,,,,,,Collision,,False,2.0,2,2.0,2,,0.0,False,False,False
970,2017,14,20,,DNF,7,kimi-raikkonen,ferrari,ferrari,pirelli,False,0.0,,,,,,,,,,Collision,,False,4.0,4,4.0,4,,0.0,False,False,False
971,2017,15,1,1.0,1,33,max-verstappen,red-bull,tag-heuer,pirelli,False,56.0,1:30:01.290,5401290.0,,,,,,,,,25.0,False,3.0,3,3.0,3,2.0,1.0,False,False,False
971,2017,15,2,2.0,2,44,lewis-hamilton,mercedes,mercedes,pirelli,False,56.0,1:30:14.060,5414060.0,,,+12.770,12770.0,,+12.770,12770.0,,18.0,True,1.0,1,1.0,1,-1.0,1.0,False,False,False
971,2017,15,3,3.0,3,3,daniel-ricciardo,red-bull,tag-heuer,pirelli,False,56.0,1:30:23.809,5423809.0,,,+22.519,22519.0,,+9.749,9749.0,,15.0,False,4.0,4,4.0,4,1.0,1.0,False,False,False
971,2017,15,4,4.0,4,5,sebastian-vettel,ferrari,ferrari,pirelli,False,56.0,1:30:38.652,5438652.0,,,+37.362,37362.0,,+14.843,14843.0,,12.0,False,,NC,20.0,20,16.0,1.0,True,True,False
971,2017,15,5,5.0,5,77,valtteri-bottas,mercedes,mercedes,pirelli,False,56.0,1:30:57.311,5457311.0,,,+56.021,56021.0,,+18.659,18659.0,,10.0,False,5.0,5,5.0,5,0.0,1.0,False,False,False
971,2017,15,6,6.0,6,11,sergio-perez,force-india,mercedes,pirelli,False,56.0,1:31:19.920,5479920.0,,,+1:18.630,78630.0,,+22.609,22609.0,,8.0,False,9.0,9,9.0,9,3.0,1.0,False,False,False
971,2017,15,7,7.0,7,2,stoffel-vandoorne,mclaren,honda,pirelli,False,55.0,,,,,+1 lap,,1.0,,,,6.0,False,7.0,7,7.0,7,0.0,1.0,False,False,False
971,2017,15,8,8.0,8,18,lance-stroll,williams,mercedes,pirelli,False,55.0,,,,,+1 lap,,1.0,,,,4.0,False,13.0,13,13.0,13,5.0,1.0,False,False,False
971,2017,15,9,9.0,9,19,felipe-massa,williams,mercedes,pirelli,False,55.0,,,,,+1 lap,,1.0,,,,2.0,False,11.0,11,11.0,11,2.0,1.0,False,False,False
971,2017,15,10,10.0,10,31,esteban-ocon,force-india,mercedes,pirelli,False,55.0,,,,,+1 lap,,1.0,,,,1.0,False,6.0,6,6.0,6,-4.0,1.0,False,False,False
971,2017,15,11,11.0,11,14,fernando-alonso,mclaren,honda,pirelli,False,55.0,,,,,+1 lap,,1.0,,,,,False,10.0,10,10.0,10,-1.0,1.0,False,False,False
971,2017,15,12,12.0,12,20,kevin-magnussen,haas,ferrari,pirelli,False,55.0,,,,,+1 lap,,1.0,,,,,False,17.0,17,17.0,17,5.0,1.0,False,False,False
971,2017,15,13,13.0,13,8,romain-grosjean,haas,ferrari,pirelli,False,55.0,,,,,+1 lap,,1.0,,,,,False,16.0,16,16.0,16,3.0,2.0,False,False,False
971,2017,15,14,14.0,14,10,pierre-gasly,toro-rosso,toro-rosso,pirelli,False,55.0,,,,,+1 lap,,1.0,,,,,False,15.0,15,15.0,15,1.0,1.0,False,False,False
971,2017,15,15,15.0,15,30,jolyon-palmer,renault,renault,pirelli,False,55.0,,,,,+1 lap,,1.0,,,,,False,12.0,12,12.0,12,-3.0,1.0,False,False,False
971,2017,15,16,16.0,16,27,nico-hulkenberg,renault,renault,pirelli,False,55.0,,,,,+1 lap,,1.0,,,,,False,8.0,8,8.0,8,-8.0,2.0,False,False,False
971,2017,15,17,17.0,17,94,pascal-wehrlein,sauber,ferrari,pirelli,False,55.0,,,,,+1 lap,,1.0,,,,,False,18.0,18,18.0,18,1.0,1.0,False,False,False
971,2017,15,18,18.0,18,9,marcus-ericsson,sauber,ferrari,pirelli,False,54.0,,,,,+2 laps,,2.0,,,,,False,19.0,19,19.0,19,1.0,1.0,False,False,False
971,2017,15,19,,DNF,55,carlos-sainz-jr,toro-rosso,toro-rosso,pirelli,False,29.0,,,,,,,,,,Engine,,False,14.0,14,14.0,14,,0.0,False,False,False
971,2017,15,20,,DNS,7,kimi-raikkonen,ferrari,ferrari,pirelli,False,,,,,,,,,,,Battery,,False,2.0,2,2.0,2,,0.0,False,False,False
972,2017,16,1,1.0,1,44,lewis-hamilton,mercedes,mercedes,pirelli,False,53.0,1:27:31.194,5251194.0,,,,,,,,,25.0,True,1.0,1,1.0,1,0.0,1.0,False,False,False
972,2017,16,2,2.0,2,33,max-verstappen,red-bull,tag-heuer,pirelli,False,53.0,1:27:32.405,5252405.0,,,+1.211,1211.0,,+1.211,1211.0,,18.0,False,5.0,5,4.0,4,2.0,1.0,False,True,False
972,2017,16,3,3.0,3,3,daniel-ricciardo,red-bull,tag-heuer,pirelli,False,53.0,1:27:40.873,5260873.0,,,+9.679,9679.0,,+8.468,8468.0,,15.0,False,4.0,4,3.0,3,0.0,1.0,False,False,False
972,2017,16,4,4.0,4,77,valtteri-bottas,mercedes,mercedes,pirelli,False,53.0,1:27:41.774,5261774.0,,,+10.580,10580.0,,+0.901,901.0,,12.0,False,2.0,2,6.0,6,2.0,1.0,True,False,False
972,2017,16,5,5.0,5,7,kimi-raikkonen,ferrari,ferrari,pirelli,False,53.0,1:28:03.816,5283816.0,,,+32.622,32622.0,,+22.042,22042.0,,10.0,False,6.0,6,10.0,10,5.0,1.0,False,False,False
972,2017,16,6,6.0,6,31,esteban-ocon,force-india,mercedes,pirelli,False,53.0,1:28:38.982,5318982.0,,,+1:07.788,67788.0,,+35.166,35166.0,,8.0,False,7.0,7,5.0,5,-1.0,1.0,False,False,False
972,2017,16,7,7.0,7,11,sergio-perez,force-india,mercedes,pirelli,False,53.0,1:28:42.618,5322618.0,,,+1:11.424,71424.0,,+3.636,3636.0,,6.0,False,8.0,8,7.0,7,0.0,1.0,False,False,False
972,2017,16,8,8.0,8,20,kevin-magnussen,haas,ferrari,pirelli,False,53.0,1:29:00.147,5340147.0,,,+1:28.953,88953.0,,+17.529,17529.0,,4.0,False,13.0,13,12.0,12,4.0,1.0,False,False,False
972,2017,16,9,9.0,9,8,romain-grosjean,haas,ferrari,pirelli,False,53.0,1:29:01.077,5341077.0,,,+1:29.883,89883.0,,+0.930,930.0,,2.0,False,16.0,16,13.0,13,4.0,1.0,False,False,False
972,2017,16,10,10.0,10,19,felipe-massa,williams,mercedes,pirelli,False,52.0,,,,,+1 lap,,1.0,,,,1.0,False,9.0,9,8.0,8,-2.0,1.0,False,False,False
972,2017,16,11,11.0,11,14,fernando-alonso,mclaren,honda,pirelli,False,52.0,,,,,+1 lap,,1.0,,,,,False,10.0,10,20.0,20,9.0,1.0,False,False,False
972,2017,16,12,12.0,12,30,jolyon-palmer,renault,renault,pirelli,False,52.0,,,,,+1 lap,,1.0,,,,,False,14.0,14,18.0,18,6.0,1.0,False,False,False
972,2017,16,13,13.0,13,10,pierre-gasly,toro-rosso,toro-rosso,pirelli,False,52.0,,,,,+1 lap,,1.0,,,,,False,17.0,17,14.0,14,1.0,2.0,False,False,False
972,2017,16,14,14.0,14,2,stoffel-vandoorne,mclaren,honda,pirelli,False,52.0,,,,,+1 lap,,1.0,,,,,False,11.0,11,9.0,9,-5.0,2.0,False,False,False
972,2017,16,15,15.0,15,94,pascal-wehrlein,sauber,ferrari,pirelli,False,51.0,,,,,+2 laps,,2.0,,,,,False,20.0,20,17.0,17,2.0,3.0,False,False,False
972,2017,16,16,,DNF,18,lance-stroll,williams,mercedes,pirelli,False,45.0,,,,,,,,,,Suspension,,False,18.0,18,15.0,15,,2.0,False,False,False
972,2017,16,17,,DNF,27,nico-hulkenberg,renault,renault,pirelli,False,40.0,,,,,,,,,,Rear wing,,False,12.0,12,11.0,11,,1.0,False,False,False
972,2017,16,18,,DNF,9,marcus-ericsson,sauber,ferrari,pirelli,False,7.0,,,,,,,,,,Accident,,False,19.0,19,16.0,16,,0.0,False,False,False
972,2017,16,19,,DNF,5,sebastian-vettel,ferrari,ferrari,pirelli,False,4.0,,,,,,,,,,Spark plugs,,False,3.0,3,2.0,2,,0.0,False,False,False
972,2017,16,20,,DNF,55,carlos-sainz-jr,toro-rosso,toro-rosso,pirelli,False,0.0,,,,,,,,,,Accident,,False,15.0,15,19.0,19,,0.0,False,False,False
973,2017,17,1,1.0,1,44,lewis-hamilton,mercedes,mercedes,pirelli,False,56.0,1:33:50.991,5630991.0,,,,,,,,,25.0,True,1.0,1,1.0,1,0.0,1.0,False,False,False
973,2017,17,2,2.0,2,5,sebastian-vettel,ferrari,ferrari,pirelli,False,56.0,1:34:01.134,5641134.0,,,+10.143,10143.0,,+10.143,10143.0,,18.0,False,2.0,2,2.0,2,0.0,2.0,True,False,False
973,2017,17,3,3.0,3,7,kimi-raikkonen,ferrari,ferrari,pirelli,False,56.0,1:34:06.770,5646770.0,,,+15.779,15779.0,,+5.636,5636.0,,15.0,False,5.0,5,5.0,5,2.0,1.0,False,False,False
973,2017,17,4,4.0,4,33,max-verstappen,red-bull,tag-heuer,pirelli,False,56.0,1:34:07.759,5647759.0,5.0,5000.0,+16.768,16768.0,,+0.989,989.0,,12.0,False,6.0,6,16.0,16,12.0,2.0,False,True,False
973,2017,17,5,5.0,5,77,valtteri-bottas,mercedes,mercedes,pirelli,False,56.0,1:34:25.958,5665958.0,,,+34.967,34967.0,,+18.199,18199.0,,10.0,False,3.0,3,3.0,3,-2.0,2.0,False,False,False
973,2017,17,6,6.0,6,31,esteban-ocon,force-india,mercedes,pirelli,False,56.0,1:35:21.971,5721971.0,,,+1:30.980,90980.0,,+56.013,56013.0,,8.0,False,7.0,7,6.0,6,0.0,1.0,False,False,False
973,2017,17,7,7.0,7,55,carlos-sainz-jr,renault,renault,pirelli,False,56.0,1:35:23.935,5723935.0,,,+1:32.944,92944.0,,+1.964,1964.0,,6.0,False,8.0,8,7.0,7,0.0,1.0,False,False,False
973,2017,17,8,8.0,8,11,sergio-perez,force-india,mercedes,pirelli,False,55.0,,,,,+1 lap,,1.0,,,,4.0,False,10.0,10,9.0,9,1.0,1.0,False,False,False
973,2017,17,9,9.0,9,19,felipe-massa,williams,mercedes,pirelli,False,55.0,,,,,+1 lap,,1.0,,,,2.0,False,11.0,11,10.0,10,1.0,1.0,False,False,False
973,2017,17,10,10.0,10,26,daniil-kvyat,toro-rosso,toro-rosso,pirelli,False,55.0,,,,,+1 lap,,1.0,,,,1.0,False,12.0,12,11.0,11,1.0,1.0,False,False,False
973,2017,17,11,11.0,11,18,lance-stroll,williams,mercedes,pirelli,False,55.0,,,,,+1 lap,,1.0,,,,,False,17.0,17,15.0,15,4.0,2.0,False,False,False
973,2017,17,12,12.0,12,2,stoffel-vandoorne,mclaren,honda,pirelli,False,55.0,,,,,+1 lap,,1.0,,,,,False,13.0,13,20.0,20,8.0,1.0,False,False,False
973,2017,17,13,13.0,13,39,brendon-hartley,toro-rosso,toro-rosso,pirelli,False,55.0,,,,,+1 lap,,1.0,,,,,False,18.0,18,19.0,19,6.0,2.0,False,False,False
973,2017,17,14,14.0,14,8,romain-grosjean,haas,ferrari,pirelli,False,55.0,,,,,+1 lap,,1.0,,,,,False,14.0,14,12.0,12,-2.0,1.0,False,False,False
973,2017,17,15,15.0,15,9,marcus-ericsson,sauber,ferrari,pirelli,False,55.0,,,5.0,5000.0,+1 lap,,1.0,,,,,False,16.0,16,13.0,13,-2.0,1.0,False,False,False
973,2017,17,16,16.0,16,20,kevin-magnussen,haas,ferrari,pirelli,False,55.0,,,,,+1 lap,,1.0,,,,,False,20.0,20,17.0,17,1.0,2.0,False,False,False
973,2017,17,17,,DNF,14,fernando-alonso,mclaren,honda,pirelli,False,24.0,,,,,,,,,,Engine,,False,9.0,9,8.0,8,,1.0,False,False,False
973,2017,17,18,,DNF,3,daniel-ricciardo,red-bull,tag-heuer,pirelli,False,14.0,,,,,,,,,,Engine,,False,4.0,4,4.0,4,,1.0,False,False,False
973,2017,17,19,,DNF,94,pascal-wehrlein,sauber,ferrari,pirelli,False,5.0,,,,,,,,,,Collision damage,,False,19.0,19,14.0,14,,1.0,False,False,False
973,2017,17,20,,DNF,27,nico-hulkenberg,renault,renault,pirelli,False,3.0,,,,,,,,,,Engine,,False,15.0,15,18.0,18,,0.0,False,False,False
974,2017,18,1,1.0,1,33,max-verstappen,red-bull,tag-heuer,pirelli,False,71.0,1:36:26.552,5786552.0,,,,,,,,,25.0,False,2.0,2,2.0,2,1.0,1.0,False,False,False
974,2017,18,2,2.0,2,77,valtteri-bottas,mercedes,mercedes,pirelli,False,71.0,1:36:46.230,5806230.0,,,+19.678,19678.0,,+19.678,19678.0,,18.0,False,4.0,4,4.0,4,2.0,1.0,False,False,False
974,2017,18,3,3.0,3,7,kimi-raikkonen,ferrari,ferrari,pirelli,False,71.0,1:37:20.559,5840559.0,,,+54.007,54007.0,,+34.329,34329.0,,15.0,False,5.0,5,5.0,5,2.0,1.0,False,False,False
974,2017,18,4,4.0,4,5,sebastian-vettel,ferrari,ferrari,pirelli,False,71.0,1:37:36.630,5856630.0,,,+1:10.078,70078.0,,+16.071,16071.0,,12.0,True,1.0,1,1.0,1,-3.0,2.0,True,True,False
974,2017,18,5,5.0,5,31,esteban-ocon,force-india,mercedes,pirelli,False,70.0,,,,,+1 lap,,1.0,,,,10.0,False,6.0,6,6.0,6,1.0,1.0,False,False,False
974,2017,18,6,6.0,6,18,lance-stroll,williams,mercedes,pirelli,False,70.0,,,,,+1 lap,,1.0,,,,8.0,False,12.0,12,11.0,11,5.0,1.0,False,False,False
974,2017,18,7,7.0,7,11,sergio-perez,force-india,mercedes,pirelli,False,70.0,,,,,+1 lap,,1.0,,,,6.0,False,10.0,10,9.0,9,2.0,2.0,False,False,False
974,2017,18,8,8.0,8,20,kevin-magnussen,haas,ferrari,pirelli,False,70.0,,,,,+1 lap,,1.0,,,,4.0,False,18.0,18,14.0,14,6.0,1.0,False,False,False
974,2017,18,9,9.0,9,44,lewis-hamilton,mercedes,mercedes,pirelli,False,70.0,,,,,+1 lap,,1.0,,,,2.0,False,3.0,3,3.0,3,-6.0,2.0,False,False,False
974,2017,18,10,10.0,10,14,fernando-alonso,mclaren,honda,pirelli,False,70.0,,,,,+1 lap,,1.0,,,,1.0,False,14.0,14,18.0,18,8.0,1.0,False,False,False
974,2017,18,11,11.0,11,19,felipe-massa,williams,mercedes,pirelli,False,70.0,,,,,+1 lap,,1.0,,,,,False,11.0,11,10.0,10,-1.0,1.0,False,False,False
974,2017,18,12,12.0,12,2,stoffel-vandoorne,mclaren,honda,pirelli,False,70.0,,,,,+1 lap,,1.0,,,,,False,15.0,15,19.0,19,7.0,1.0,False,False,False
974,2017,18,13,13.0,13,10,pierre-gasly,toro-rosso,toro-rosso,pirelli,False,70.0,,,,,+1 lap,,1.0,,,,,False,19.0,19,20.0,20,7.0,1.0,False,False,False
974,2017,18,14,14.0,14,94,pascal-wehrlein,sauber,ferrari,pirelli,False,69.0,,,,,+2 laps,,2.0,,,,,False,17.0,17,13.0,13,-1.0,1.0,False,False,False
974,2017,18,15,15.0,15,8,romain-grosjean,haas,ferrari,pirelli,False,69.0,,,,,+2 laps,,2.0,,,,,False,19.0,19,15.0,15,0.0,2.0,False,False,False
974,2017,18,16,,DNF,55,carlos-sainz-jr,renault,renault,pirelli,False,59.0,,,,,,,,,,Steering,,False,9.0,9,8.0,8,,2.0,False,False,False
974,2017,18,17,,DNF,9,marcus-ericsson,sauber,ferrari,pirelli,False,55.0,,,,,,,,,,Engine,,False,16.0,16,12.0,12,,1.0,False,False,False
974,2017,18,18,,DNF,28,brendon-hartley,toro-rosso,toro-rosso,pirelli,False,30.0,,,,,,,,,,Engine,,False,13.0,13,17.0,17,,0.0,False,False,False
974,2017,18,19,,DNF,27,nico-hulkenberg,renault,renault,pirelli,False,24.0,,,,,,,,,,Power unit,,False,8.0,8,7.0,7,,1.0,False,False,False
974,2017,18,20,,DNF,3,daniel-ricciardo,red-bull,tag-heuer,pirelli,False,5.0,,,,,,,,,,Turbo,,False,7.0,7,16.0,16,,0.0,False,False,False
975,2017,19,1,1.0,1,5,sebastian-vettel,ferrari,ferrari,pirelli,False,71.0,1:31:26.262,5486262.0,,,,,,,,,25.0,False,2.0,2,2.0,2,1.0,4.0,False,False,False
975,2017,19,2,2.0,2,77,valtteri-bottas,mercedes,mercedes,pirelli,False,71.0,1:31:29.024,5489024.0,,,+2.762,2762.0,,+2.762,2762.0,,18.0,True,1.0,1,1.0,1,-1.0,4.0,False,False,False
975,2017,19,3,3.0,3,7,kimi-raikkonen,ferrari,ferrari,pirelli,False,71.0,1:31:30.862,5490862.0,,,+4.600,4600.0,,+1.838,1838.0,,15.0,False,3.0,3,3.0,3,0.0,4.0,False,False,False
975,2017,19,4,4.0,4,44,lewis-hamilton,mercedes,mercedes,pirelli,False,71.0,1:31:31.730,5491730.0,,,+5.468,5468.0,,+0.868,868.0,,12.0,False,,NC,,PL,16.0,4.0,False,True,False
975,2017,19,5,5.0,5,33,max-verstappen,red-bull,tag-heuer,pirelli,False,71.0,1:31:59.202,5519202.0,,,+32.940,32940.0,,+27.472,27472.0,,10.0,False,4.0,4,4.0,4,-1.0,5.0,True,False,False
975,2017,19,6,6.0,6,3,daniel-ricciardo,red-bull,tag-heuer,pirelli,False,71.0,1:32:14.953,5534953.0,,,+48.691,48691.0,,+15.751,15751.0,,8.0,False,5.0,5,14.0,14,8.0,4.0,False,False,False
975,2017,19,7,7.0,7,19,felipe-massa,williams,mercedes,pirelli,False,71.0,1:32:35.144,5555144.0,,,+1:08.882,68882.0,,+20.191,20191.0,,6.0,False,10.0,10,9.0,9,2.0,4.0,False,False,False
975,2017,19,8,8.0,8,14,fernando-alonso,mclaren,honda,pirelli,False,71.0,1:32:35.625,5555625.0,,,+1:09.363,69363.0,,+0.481,481.0,,4.0,False,7.0,7,6.0,6,-2.0,4.0,False,False,False
975,2017,19,9,9.0,9,11,sergio-perez,force-india,mercedes,pirelli,False,71.0,1:32:35.762,5555762.0,,,+1:09.500,69500.0,,+0.137,137.0,,2.0,False,6.0,6,5.0,5,-4.0,4.0,False,False,False
975,2017,19,10,10.0,10,27,nico-hulkenberg,renault,renault,pirelli,False,70.0,,,,,+1 lap,,1.0,,,,1.0,False,8.0,8,7.0,7,-3.0,4.0,False,False,False
975,2017,19,11,11.0,11,55,carlos-sainz-jr,renault,renault,pirelli,False,70.0,,,,,+1 lap,,1.0,,,,,False,9.0,9,8.0,8,-3.0,4.0,False,False,False
975,2017,19,12,12.0,12,10,pierre-gasly,toro-rosso,toro-rosso,pirelli,False,70.0,,,,,+1 lap,,1.0,,,,,False,17.0,17,19.0,19,7.0,4.0,False,False,False
975,2017,19,13,13.0,13,9,marcus-ericsson,sauber,ferrari,pirelli,False,70.0,,,,,+1 lap,,1.0,,,,,False,19.0,19,17.0,17,4.0,4.0,False,False,False
975,2017,19,14,14.0,14,94,pascal-wehrlein,sauber,ferrari,pirelli,False,70.0,,,,,+1 lap,,1.0,,,,,False,16.0,16,15.0,15,1.0,3.0,False,False,False
975,2017,19,15,15.0,15,8,romain-grosjean,haas,ferrari,pirelli,False,69.0,,,,,+2 laps,,2.0,,,,,False,12.0,12,11.0,11,-4.0,4.0,False,False,False
975,2017,19,16,16.0,16,18,lance-stroll,williams,mercedes,pirelli,False,69.0,,,,,+2 laps,,2.0,,,,,False,18.0,18,16.0,16,0.0,5.0,False,False,False
975,2017,19,17,,DNF,28,brendon-hartley,toro-rosso,toro-rosso,pirelli,False,40.0,,,,,,,,,,Engine,,False,15.0,15,18.0,18,,4.0,False,False,False
975,2017,19,18,,DNF,31,esteban-ocon,force-india,mercedes,pirelli,False,0.0,,,,,,,,,,Collision,,False,11.0,11,10.0,10,,0.0,False,False,False
975,2017,19,19,,DNF,2,stoffel-vandoorne,mclaren,honda,pirelli,False,0.0,,,,,,,,,,Collision,,False,13.0,13,12.0,12,,0.0,False,False,False
975,2017,19,20,,DNF,20,kevin-magnussen,haas,ferrari,pirelli,False,0.0,,,,,,,,,,Collision,,False,14.0,14,13.0,13,,0.0,False,False,False
976,2017,20,1,1.0,1,77,valtteri-bottas,mercedes,mercedes,pirelli,False,55.0,1:34:14.062,5654062.0,,,,,,,,,25.0,True,1.0,1,1.0,1,0.0,1.0,True,True,False
976,2017,20,2,2.0,2,44,lewis-hamilton,mercedes,mercedes,pirelli,False,55.0,1:34:17.961,5657961.0,,,+3.899,3899.0,,+3.899,3899.0,,18.0,False,2.0,2,2.0,2,0.0,1.0,False,False,False
976,2017,20,3,3.0,3,5,sebastian-vettel,ferrari,ferrari,pirelli,False,55.0,1:34:33.392,5673392.0,,,+19.330,19330.0,,+15.431,15431.0,,15.0,False,3.0,3,3.0,3,0.0,1.0,False,False,False
976,2017,20,4,4.0,4,7,kimi-raikkonen,ferrari,ferrari,pirelli,False,55.0,1:34:59.448,5699448.0,,,+45.386,45386.0,,+26.056,26056.0,,12.0,False,5.0,5,5.0,5,1.0,1.0,False,False,False
976,2017,20,5,5.0,5,33,max-verstappen,red-bull,tag-heuer,pirelli,False,55.0,1:35:00.331,5700331.0,,,+46.269,46269.0,,+0.883,883.0,,10.0,False,6.0,6,6.0,6,1.0,1.0,False,False,False
976,2017,20,6,6.0,6,27,nico-hulkenberg,renault,renault,pirelli,False,55.0,1:35:39.775,5739775.0,,,+1:25.713,85713.0,,+39.444,39444.0,,8.0,False,7.0,7,7.0,7,1.0,1.0,False,False,False
976,2017,20,7,7.0,7,11,sergio-perez,force-india,mercedes,pirelli,False,55.0,1:35:46.124,5746124.0,,,+1:32.062,92062.0,,+6.349,6349.0,,6.0,False,8.0,8,8.0,8,1.0,1.0,False,False,False
976,2017,20,8,8.0,8,31,esteban-ocon,force-india,mercedes,pirelli,False,55.0,1:35:52.973,5752973.0,,,+1:38.911,98911.0,,+6.849,6849.0,,4.0,False,9.0,9,9.0,9,1.0,1.0,False,False,False
976,2017,20,9,9.0,9,14,fernando-alonso,mclaren,honda,pirelli,False,54.0,,,,,+1 lap,,1.0,,,,2.0,False,11.0,11,11.0,11,2.0,1.0,False,False,False
976,2017,20,10,10.0,10,19,felipe-massa,williams,mercedes,pirelli,False,54.0,,,,,+1 lap,,1.0,,,,1.0,False,10.0,10,10.0,10,0.0,1.0,False,False,False
976,2017,20,11,11.0,11,8,romain-grosjean,haas,ferrari,pirelli,False,54.0,,,,,+1 lap,,1.0,,,,,False,16.0,16,16.0,16,5.0,1.0,False,False,False
976,2017,20,12,12.0,12,2,stoffel-vandoorne,mclaren,honda,pirelli,False,54.0,,,,,+1 lap,,1.0,,,,,False,13.0,13,13.0,13,1.0,1.0,False,False,False
976,2017,20,13,13.0,13,20,kevin-magnussen,haas,ferrari,pirelli,False,54.0,,,,,+1 lap,,1.0,,,,,False,14.0,14,14.0,14,1.0,1.0,False,False,False
976,2017,20,14,14.0,14,94,pascal-wehrlein,sauber,ferrari,pirelli,False,54.0,,,,,+1 lap,,1.0,,,,,False,18.0,18,18.0,18,4.0,1.0,False,False,False
976,2017,20,15,15.0,15,28,brendon-hartley,toro-rosso,toro-rosso,pirelli,False,54.0,,,,,+1 lap,,1.0,,,,,False,20.0,20,20.0,20,5.0,1.0,False,False,False
976,2017,20,16,16.0,16,10,pierre-gasly,toro-rosso,toro-rosso,pirelli,False,54.0,,,,,+1 lap,,1.0,,,,,False,17.0,17,17.0,17,1.0,1.0,False,False,False
976,2017,20,17,17.0,17,9,marcus-ericsson,sauber,ferrari,pirelli,False,54.0,,,,,+1 lap,,1.0,,,,,False,19.0,19,19.0,19,2.0,1.0,False,False,False
976,2017,20,18,18.0,18,18,lance-stroll,williams,mercedes,pirelli,False,54.0,,,,,+1 lap,,1.0,,,,,False,15.0,15,15.0,15,-3.0,3.0,False,False,False
976,2017,20,19,,DNF,55,carlos-sainz-jr,renault,renault,pirelli,False,31.0,,,,,,,,,,Wheel,,False,12.0,12,12.0,12,,1.0,False,False,False
976,2017,20,20,,DNF,3,daniel-ricciardo,red-bull,tag-heuer,pirelli,False,20.0,,,,,,,,,,Hydraulics,,False,4.0,4,4.0,4,,1.0,False,False,False
977,2018,1,1,1.0,1,5,sebastian-vettel,ferrari,ferrari,pirelli,False,58.0,1:29:33.283,5373283.0,,,,,,,,,25.0,False,3.0,3,3.0,3,2.0,1.0,False,False,False
977,2018,1,2,2.0,2,44,lewis-hamilton,mercedes,mercedes,pirelli,False,58.0,1:29:38.319,5378319.0,,,+5.036,5036.0,,+5.036,5036.0,,18.0,True,1.0,1,1.0,1,-1.0,1.0,False,False,False
977,2018,1,3,3.0,3,7,kimi-raikkonen,ferrari,ferrari,pirelli,False,58.0,1:29:39.592,5379592.0,,,+6.309,6309.0,,+1.273,1273.0,,15.0,False,2.0,2,2.0,2,-1.0,1.0,False,False,False
977,2018,1,4,4.0,4,3,daniel-ricciardo,red-bull,tag-heuer,pirelli,False,58.0,1:29:40.352,5380352.0,,,+7.069,7069.0,,+0.760,760.0,,12.0,False,5.0,5,8.0,8,4.0,1.0,True,False,False
977,2018,1,5,5.0,5,14,fernando-alonso,mclaren,renault,pirelli,False,58.0,1:30:01.169,5401169.0,,,+27.886,27886.0,,+20.817,20817.0,,10.0,False,11.0,11,10.0,10,5.0,1.0,False,True,False
977,2018,1,6,6.0,6,33,max-verstappen,red-bull,tag-heuer,pirelli,False,58.0,1:30:02.228,5402228.0,,,+28.945,28945.0,,+1.059,1059.0,,8.0,False,4.0,4,4.0,4,-2.0,1.0,False,False,False
977,2018,1,7,7.0,7,27,nico-hulkenberg,renault,renault,pirelli,False,58.0,1:30:05.954,5405954.0,,,+32.671,32671.0,,+3.726,3726.0,,6.0,False,8.0,8,7.0,7,0.0,1.0,False,False,False
977,2018,1,8,8.0,8,77,valtteri-bottas,mercedes,mercedes,pirelli,False,58.0,1:30:07.622,5407622.0,,,+34.339,34339.0,,+1.668,1668.0,,4.0,False,10.0,10,15.0,15,7.0,1.0,False,False,False
977,2018,1,9,9.0,9,2,stoffel-vandoorne,mclaren,renault,pirelli,False,58.0,1:30:08.204,5408204.0,,,+34.921,34921.0,,+0.582,582.0,,2.0,False,12.0,12,11.0,11,2.0,1.0,False,False,False
977,2018,1,10,10.0,10,55,carlos-sainz-jr,renault,renault,pirelli,False,58.0,1:30:19.005,5419005.0,,,+45.722,45722.0,,+10.801,10801.0,,1.0,False,9.0,9,9.0,9,-1.0,1.0,False,False,False
977,2018,1,11,11.0,11,11,sergio-perez,force-india,mercedes,pirelli,False,58.0,1:30:20.100,5420100.0,,,+46.817,46817.0,,+1.095,1095.0,,,False,13.0,13,12.0,12,1.0,1.0,False,False,False
977,2018,1,12,12.0,12,31,esteban-ocon,force-india,mercedes,pirelli,False,58.0,1:30:33.561,5433561.0,,,+1:00.278,60278.0,,+13.461,13461.0,,,False,15.0,15,14.0,14,2.0,1.0,False,False,False
977,2018,1,13,13.0,13,16,charles-leclerc,sauber,ferrari,pirelli,False,58.0,1:30:49.042,5449042.0,,,+1:15.759,75759.0,,+15.481,15481.0,,,False,18.0,18,18.0,18,5.0,2.0,False,False,False
977,2018,1,14,14.0,14,18,lance-stroll,williams,mercedes,pirelli,False,58.0,1:30:51.571,5451571.0,,,+1:18.288,78288.0,,+2.529,2529.0,,,False,14.0,14,13.0,13,-1.0,2.0,False,False,False
977,2018,1,15,15.0,15,28,brendon-hartley,toro-rosso,honda,pirelli,False,57.0,,,,,+1 lap,,1.0,,,,,False,16.0,16,16.0,16,1.0,2.0,False,False,False
977,2018,1,16,,DNF,8,romain-grosjean,haas,ferrari,pirelli,False,24.0,,,,,,,,,,Wheel,,False,7.0,7,6.0,6,,1.0,False,False,False
977,2018,1,17,,DNF,20,kevin-magnussen,haas,ferrari,pirelli,False,22.0,,,,,,,,,,Wheel,,False,6.0,6,5.0,5,,1.0,False,False,False
977,2018,1,18,,DNF,10,pierre-gasly,toro-rosso,honda,pirelli,False,13.0,,,,,,,,,,Engine,,False,20.0,20,20.0,20,,0.0,False,False,False
977,2018,1,19,,DNF,9,marcus-ericsson,sauber,ferrari,pirelli,False,5.0,,,,,,,,,,Hydraulics,,False,17.0,17,17.0,17,,0.0,False,False,False
977,2018,1,20,,DNF,35,sergey-sirotkin,williams,mercedes,pirelli,False,4.0,,,,,,,,,,Brakes,,False,19.0,19,19.0,19,,0.0,False,False,False
978,2018,2,1,1.0,1,5,sebastian-vettel,ferrari,ferrari,pirelli,False,57.0,1:32:01.940,5521940.0,,,,,,,,,25.0,True,1.0,1,1.0,1,0.0,1.0,False,False,False
978,2018,2,2,2.0,2,77,valtteri-bottas,mercedes,mercedes,pirelli,False,57.0,1:32:02.639,5522639.0,,,+0.699,699.0,,+0.699,699.0,,18.0,False,3.0,3,3.0,3,1.0,1.0,True,False,False
978,2018,2,3,3.0,3,44,lewis-hamilton,mercedes,mercedes,pirelli,False,57.0,1:32:08.452,5528452.0,,,+6.512,6512.0,,+5.813,5813.0,,15.0,False,4.0,4,9.0,9,6.0,1.0,False,False,False
978,2018,2,4,4.0,4,10,pierre-gasly,toro-rosso,honda,pirelli,False,57.0,1:33:04.174,5584174.0,,,+1:02.234,62234.0,,+55.722,55722.0,,12.0,False,6.0,6,5.0,5,1.0,2.0,False,True,False
978,2018,2,5,5.0,5,20,kevin-magnussen,haas,ferrari,pirelli,False,57.0,1:33:16.986,5596986.0,,,+1:15.046,75046.0,,+12.812,12812.0,,10.0,False,7.0,7,6.0,6,1.0,2.0,False,False,False
978,2018,2,6,6.0,6,27,nico-hulkenberg,renault,renault,pirelli,False,57.0,1:33:40.964,5620964.0,,,+1:39.024,99024.0,,+23.978,23978.0,,8.0,False,8.0,8,7.0,7,1.0,2.0,False,False,False
978,2018,2,7,7.0,7,14,fernando-alonso,mclaren,renault,pirelli,False,56.0,,,,,+1 lap,,1.0,,,,6.0,False,13.0,13,13.0,13,6.0,2.0,False,False,False
978,2018,2,8,8.0,8,2,stoffel-vandoorne,mclaren,renault,pirelli,False,56.0,,,,,+1 lap,,1.0,,,,4.0,False,14.0,14,14.0,14,6.0,2.0,False,False,False
978,2018,2,9,9.0,9,9,marcus-ericsson,sauber,ferrari,pirelli,False,56.0,,,,,+1 lap,,1.0,,,,2.0,False,17.0,17,17.0,17,8.0,1.0,False,False,False
978,2018,2,10,10.0,10,31,esteban-ocon,force-india,mercedes,pirelli,False,56.0,,,,,+1 lap,,1.0,,,,1.0,False,9.0,9,8.0,8,-2.0,2.0,False,False,False
978,2018,2,11,11.0,11,55,carlos-sainz-jr,renault,renault,pirelli,False,56.0,,,,,+1 lap,,1.0,,,,,False,10.0,10,10.0,10,-1.0,2.0,False,False,False
978,2018,2,12,12.0,12,16,charles-leclerc,sauber,ferrari,pirelli,False,56.0,,,,,+1 lap,,1.0,,,,,False,19.0,19,19.0,19,7.0,2.0,False,False,False
978,2018,2,13,13.0,13,8,romain-grosjean,haas,ferrari,pirelli,False,56.0,,,,,+1 lap,,1.0,,,,,False,16.0,16,16.0,16,3.0,3.0,False,False,False
978,2018,2,14,14.0,14,18,lance-stroll,williams,mercedes,pirelli,False,56.0,,,,,+1 lap,,1.0,,,,,False,20.0,20,20.0,20,6.0,2.0,False,False,False
978,2018,2,15,15.0,15,35,sergey-sirotkin,williams,mercedes,pirelli,False,56.0,,,,,+1 lap,,1.0,,,,,False,18.0,18,18.0,18,3.0,2.0,False,False,False
978,2018,2,16,16.0,16,11,sergio-perez,force-india,mercedes,pirelli,False,56.0,,,30.0,30000.0,+1 lap,,1.0,,,,,False,12.0,12,12.0,12,-4.0,2.0,False,False,False
978,2018,2,17,17.0,17,28,brendon-hartley,toro-rosso,honda,pirelli,False,56.0,,,,,+1 lap,,1.0,,,,,False,11.0,11,11.0,11,-6.0,2.0,False,False,False
978,2018,2,18,,DNF,7,kimi-raikkonen,ferrari,ferrari,pirelli,False,35.0,,,,,,,,,,Wheel,,False,2.0,2,2.0,2,,1.0,False,False,False
978,2018,2,19,,DNF,33,max-verstappen,red-bull,tag-heuer,pirelli,False,3.0,,,,,,,,,,Transmission,,False,15.0,15,15.0,15,,1.0,False,False,False
978,2018,2,20,,DNF,3,daniel-ricciardo,red-bull,tag-heuer,pirelli,False,1.0,,,,,,,,,,Electrical,,False,5.0,5,4.0,4,,0.0,False,False,False
979,2018,3,1,1.0,1,3,daniel-ricciardo,red-bull,tag-heuer,pirelli,False,56.0,1:35:36.380,5736380.0,,,,,,,,,25.0,False,6.0,6,6.0,6,5.0,2.0,True,True,False
979,2018,3,2,2.0,2,77,valtteri-bottas,mercedes,mercedes,pirelli,False,56.0,1:35:45.274,5745274.0,,,+8.894,8894.0,,+8.894,8894.0,,18.0,False,3.0,3,3.0,3,1.0,1.0,False,False,False
979,2018,3,3,3.0,3,7,kimi-raikkonen,ferrari,ferrari,pirelli,False,56.0,1:35:46.017,5746017.0,,,+9.637,9637.0,,+0.743,743.0,,15.0,False,2.0,2,2.0,2,-1.0,1.0,False,False,False
979,2018,3,4,4.0,4,44,lewis-hamilton,mercedes,mercedes,pirelli,False,56.0,1:35:53.365,5753365.0,,,+16.985,16985.0,,+7.348,7348.0,,12.0,False,4.0,4,4.0,4,0.0,1.0,False,False,False
979,2018,3,5,5.0,5,33,max-verstappen,red-bull,tag-heuer,pirelli,False,56.0,1:35:56.816,5756816.0,10.0,10000.0,+20.436,20436.0,,+3.451,3451.0,,10.0,False,5.0,5,5.0,5,0.0,2.0,False,False,False
979,2018,3,6,6.0,6,27,nico-hulkenberg,renault,renault,pirelli,False,56.0,1:35:57.432,5757432.0,,,+21.052,21052.0,,+0.616,616.0,,8.0,False,7.0,7,7.0,7,1.0,2.0,False,False,False
979,2018,3,7,7.0,7,14,fernando-alonso,mclaren,renault,pirelli,False,56.0,1:36:07.019,5767019.0,,,+30.639,30639.0,,+9.587,9587.0,,6.0,False,13.0,13,13.0,13,6.0,1.0,False,False,False
979,2018,3,8,8.0,8,5,sebastian-vettel,ferrari,ferrari,pirelli,False,56.0,1:36:11.666,5771666.0,,,+35.286,35286.0,,+4.647,4647.0,,4.0,True,1.0,1,1.0,1,-7.0,1.0,False,False,False
979,2018,3,9,9.0,9,55,carlos-sainz-jr,renault,renault,pirelli,False,56.0,1:36:12.143,5772143.0,,,+35.763,35763.0,,+0.477,477.0,,2.0,False,9.0,9,9.0,9,0.0,2.0,False,False,False
979,2018,3,10,10.0,10,20,kevin-magnussen,haas,ferrari,pirelli,False,56.0,1:36:15.974,5775974.0,,,+39.594,39594.0,,+3.831,3831.0,,1.0,False,11.0,11,11.0,11,1.0,1.0,False,False,False
979,2018,3,11,11.0,11,31,esteban-ocon,force-india,mercedes,pirelli,False,56.0,1:36:20.430,5780430.0,,,+44.050,44050.0,,+4.456,4456.0,,,False,12.0,12,12.0,12,1.0,2.0,False,False,False
979,2018,3,12,12.0,12,11,sergio-perez,force-india,mercedes,pirelli,False,56.0,1:36:21.105,5781105.0,,,+44.725,44725.0,,+0.675,675.0,,,False,8.0,8,8.0,8,-4.0,2.0,False,False,False
979,2018,3,13,13.0,13,2,stoffel-vandoorne,mclaren,renault,pirelli,False,56.0,1:36:25.753,5785753.0,,,+49.373,49373.0,,+4.648,4648.0,,,False,14.0,14,14.0,14,1.0,1.0,False,False,False
979,2018,3,14,14.0,14,18,lance-stroll,williams,mercedes,pirelli,False,56.0,1:36:31.870,5791870.0,,,+55.490,55490.0,,+6.117,6117.0,,,False,18.0,18,18.0,18,4.0,1.0,False,False,False
979,2018,3,15,15.0,15,35,sergey-sirotkin,williams,mercedes,pirelli,False,56.0,1:36:34.621,5794621.0,,,+58.241,58241.0,,+2.751,2751.0,,,False,16.0,16,16.0,16,1.0,2.0,False,False,False
979,2018,3,16,16.0,16,9,marcus-ericsson,sauber,ferrari,pirelli,False,56.0,1:36:38.984,5798984.0,,,+1:02.604,62604.0,,+4.363,4363.0,,,False,20.0,20,20.0,20,4.0,1.0,False,False,False
979,2018,3,17,17.0,17,8,romain-grosjean,haas,ferrari,pirelli,False,56.0,1:36:41.676,5801676.0,,,+1:05.296,65296.0,,+2.692,2692.0,,,False,10.0,10,10.0,10,-7.0,2.0,False,False,False
979,2018,3,18,18.0,18,10,pierre-gasly,toro-rosso,honda,pirelli,False,56.0,1:36:42.710,5802710.0,10.0,10000.0,+1:06.330,66330.0,,+1.034,1034.0,,,False,17.0,17,17.0,17,-1.0,2.0,False,False,False
979,2018,3,19,19.0,19,16,charles-leclerc,sauber,ferrari,pirelli,False,56.0,1:36:58.955,5818955.0,,,+1:22.575,82575.0,,+16.245,16245.0,,,False,19.0,19,19.0,19,0.0,1.0,False,False,False
979,2018,3,20,20.0,20,28,brendon-hartley,toro-rosso,honda,pirelli,False,51.0,,,,,,,,,,Gearbox,,False,15.0,15,15.0,15,-5.0,2.0,False,False,False
980,2018,4,1,1.0,1,44,lewis-hamilton,mercedes,mercedes,pirelli,False,51.0,1:43:44.291,6224291.0,,,,,,,,,25.0,False,2.0,2,2.0,2,1.0,2.0,False,False,False
980,2018,4,2,2.0,2,7,kimi-raikkonen,ferrari,ferrari,pirelli,False,51.0,1:43:46.751,6226751.0,,,+2.460,2460.0,,+2.460,2460.0,,18.0,False,6.0,6,6.0,6,4.0,2.0,False,False,False
980,2018,4,3,3.0,3,11,sergio-perez,force-india,mercedes,pirelli,False,51.0,1:43:48.315,6228315.0,,,+4.024,4024.0,,+1.564,1564.0,,15.0,False,8.0,8,8.0,8,5.0,2.0,False,False,False
980,2018,4,4,4.0,4,5,sebastian-vettel,ferrari,ferrari,pirelli,False,51.0,1:43:49.620,6229620.0,,,+5.329,5329.0,,+1.305,1305.0,,12.0,True,1.0,1,1.0,1,-3.0,2.0,False,False,False
980,2018,4,5,5.0,5,55,carlos-sainz-jr,renault,renault,pirelli,False,51.0,1:43:51.806,6231806.0,,,+7.515,7515.0,,+2.186,2186.0,,10.0,False,10.0,10,9.0,9,4.0,2.0,False,False,False
980,2018,4,6,6.0,6,16,charles-leclerc,sauber,ferrari,pirelli,False,51.0,1:43:53.449,6233449.0,,,+9.158,9158.0,,+1.643,1643.0,,8.0,False,14.0,14,13.0,13,7.0,2.0,False,True,False
980,2018,4,7,7.0,7,14,fernando-alonso,mclaren,renault,pirelli,False,51.0,1:43:55.222,6235222.0,,,+10.931,10931.0,,+1.773,1773.0,,6.0,False,13.0,13,12.0,12,5.0,2.0,False,False,False
980,2018,4,8,8.0,8,18,lance-stroll,williams,mercedes,pirelli,False,51.0,1:43:56.837,6236837.0,,,+12.546,12546.0,,+1.615,1615.0,,4.0,False,11.0,11,10.0,10,2.0,2.0,False,False,False
980,2018,4,9,9.0,9,2,stoffel-vandoorne,mclaren,renault,pirelli,False,51.0,1:43:58.443,6238443.0,,,+14.152,14152.0,,+1.606,1606.0,,2.0,False,16.0,16,16.0,16,7.0,4.0,False,False,False
980,2018,4,10,10.0,10,28,brendon-hartley,toro-rosso,honda,pirelli,False,51.0,1:44:02.321,6242321.0,,,+18.030,18030.0,,+3.878,3878.0,,1.0,False,,NC,19.0,19,9.0,3.0,False,False,False
980,2018,4,11,11.0,11,9,marcus-ericsson,sauber,ferrari,pirelli,False,51.0,1:44:02.803,6242803.0,,,+18.512,18512.0,,+0.482,482.0,,,False,18.0,18,18.0,18,7.0,4.0,False,False,False
980,2018,4,12,12.0,12,10,pierre-gasly,toro-rosso,honda,pirelli,False,51.0,1:44:09.011,6249011.0,,,+24.720,24720.0,,+6.208,6208.0,,,False,17.0,17,17.0,17,5.0,2.0,False,False,False
980,2018,4,13,13.0,13,20,kevin-magnussen,haas,ferrari,pirelli,False,51.0,1:44:24.954,6264954.0,10.0,10000.0,+40.663,40663.0,,+15.943,15943.0,,,False,15.0,15,15.0,15,2.0,2.0,False,False,False
980,2018,4,14,14.0,14,77,valtteri-bottas,mercedes,mercedes,pirelli,False,48.0,,,,,,,,,,Puncture,,False,3.0,3,3.0,3,-11.0,1.0,True,False,False
980,2018,4,15,,DNF,8,romain-grosjean,haas,ferrari,pirelli,False,42.0,,,,,,,,,,Accident,,False,,NC,20.0,20,,2.0,False,False,False
980,2018,4,16,,DNF,33,max-verstappen,red-bull,tag-heuer,pirelli,False,39.0,,,,,,,,,,Collision,,False,5.0,5,5.0,5,,1.0,False,False,False
980,2018,4,17,,DNF,3,daniel-ricciardo,red-bull,tag-heuer,pirelli,False,39.0,,,,,,,,,,Collision,,False,4.0,4,4.0,4,,1.0,False,False,False
980,2018,4,18,,DNF,27,nico-hulkenberg,renault,renault,pirelli,False,10.0,,,,,,,,,,Accident,,False,9.0,9,14.0,14,,0.0,False,False,False
980,2018,4,19,,DNF,31,esteban-ocon,force-india,mercedes,pirelli,False,0.0,,,,,,,,,,Collision,,False,7.0,7,7.0,7,,0.0,False,False,False
980,2018,4,20,,DNF,35,sergey-sirotkin,williams,mercedes,pirelli,False,0.0,,,,,,,,,,Collision,,False,12.0,12,11.0,11,,0.0,False,False,False
981,2018,5,1,1.0,1,44,lewis-hamilton,mercedes,mercedes,pirelli,False,66.0,1:35:29.972,5729972.0,,,,,,,,,25.0,True,1.0,1,1.0,1,0.0,1.0,False,True,False
981,2018,5,2,2.0,2,77,valtteri-bottas,mercedes,mercedes,pirelli,False,66.0,1:35:50.565,5750565.0,,,+20.593,20593.0,,+20.593,20593.0,,18.0,False,2.0,2,2.0,2,0.0,1.0,False,False,False
981,2018,5,3,3.0,3,33,max-verstappen,red-bull,tag-heuer,pirelli,False,66.0,1:35:56.845,5756845.0,,,+26.873,26873.0,,+6.280,6280.0,,15.0,False,5.0,5,5.0,5,2.0,1.0,False,False,False
981,2018,5,4,4.0,4,5,sebastian-vettel,ferrari,ferrari,pirelli,False,66.0,1:35:57.556,5757556.0,,,+27.584,27584.0,,+0.711,711.0,,12.0,False,3.0,3,3.0,3,-1.0,2.0,False,False,False
981,2018,5,5,5.0,5,3,daniel-ricciardo,red-bull,tag-heuer,pirelli,False,66.0,1:36:20.030,5780030.0,,,+50.058,50058.0,,+22.474,22474.0,,10.0,False,6.0,6,6.0,6,1.0,1.0,True,False,False
981,2018,5,6,6.0,6,20,kevin-magnussen,haas,ferrari,pirelli,False,65.0,,,,,+1 lap,,1.0,,,,8.0,False,7.0,7,7.0,7,1.0,1.0,False,False,False
981,2018,5,7,7.0,7,55,carlos-sainz-jr,renault,renault,pirelli,False,65.0,,,,,+1 lap,,1.0,,,,6.0,False,9.0,9,9.0,9,2.0,1.0,False,False,False
981,2018,5,8,8.0,8,14,fernando-alonso,mclaren,renault,pirelli,False,65.0,,,,,+1 lap,,1.0,,,,4.0,False,8.0,8,8.0,8,0.0,1.0,False,False,False
981,2018,5,9,9.0,9,11,sergio-perez,force-india,mercedes,pirelli,False,64.0,,,,,+2 laps,,2.0,,,,2.0,False,15.0,15,15.0,15,6.0,2.0,False,False,False
981,2018,5,10,10.0,10,16,charles-leclerc,sauber,ferrari,pirelli,False,64.0,,,,,+2 laps,,2.0,,,,1.0,False,14.0,14,14.0,14,4.0,1.0,False,False,False
981,2018,5,11,11.0,11,18,lance-stroll,williams,mercedes,pirelli,False,64.0,,,,,+2 laps,,2.0,,,,,False,19.0,19,18.0,18,7.0,1.0,False,False,False
981,2018,5,12,12.0,12,28,brendon-hartley,toro-rosso,honda,pirelli,False,64.0,,,,,+2 laps,,2.0,,,,,False,,,20.0,20,8.0,2.0,False,False,False
981,2018,5,13,13.0,13,9,marcus-ericsson,sauber,ferrari,pirelli,False,64.0,,,,,+2 laps,,2.0,,,,,False,17.0,17,17.0,17,4.0,1.0,False,False,False
981,2018,5,14,14.0,14,35,sergey-sirotkin,williams,mercedes,pirelli,False,63.0,,,,,+3 laps,,3.0,,,,,False,18.0,18,19.0,19,5.0,3.0,False,False,False
981,2018,5,15,,DNF,2,stoffel-vandoorne,mclaren,renault,pirelli,False,45.0,,,,,,,,,,Gearbox,,False,11.0,11,11.0,11,,1.0,False,False,False
981,2018,5,16,,DNF,31,esteban-ocon,force-india,mercedes,pirelli,False,38.0,,,,,,,,,,Oil leak,,False,13.0,13,13.0,13,,1.0,False,False,False
981,2018,5,17,,DNF,7,kimi-raikkonen,ferrari,ferrari,pirelli,False,25.0,,,,,,,,,,Turbo,,False,4.0,4,4.0,4,,0.0,False,False,False
981,2018,5,18,,DNF,8,romain-grosjean,haas,ferrari,pirelli,False,0.0,,,,,,,,,,Collision,,False,10.0,10,10.0,10,,0.0,False,False,False
981,2018,5,19,,DNF,10,pierre-gasly,toro-rosso,honda,pirelli,False,0.0,,,,,,,,,,Collision,,False,12.0,12,12.0,12,,0.0,False,False,False
981,2018,5,20,,DNF,27,nico-hulkenberg,renault,renault,pirelli,False,0.0,,,,,,,,,,Collision,,False,16.0,16,16.0,16,,0.0,False,False,False
982,2018,6,1,1.0,1,3,daniel-ricciardo,red-bull,tag-heuer,pirelli,False,78.0,1:42:54.807,6174807.0,,,,,,,,,25.0,True,1.0,1,1.0,1,0.0,1.0,False,True,False
982,2018,6,2,2.0,2,5,sebastian-vettel,ferrari,ferrari,pirelli,False,78.0,1:43:02.143,6182143.0,,,+7.336,7336.0,,+7.336,7336.0,,18.0,False,2.0,2,2.0,2,0.0,1.0,False,False,False
982,2018,6,3,3.0,3,44,lewis-hamilton,mercedes,mercedes,pirelli,False,78.0,1:43:11.820,6191820.0,,,+17.013,17013.0,,+9.677,9677.0,,15.0,False,3.0,3,3.0,3,0.0,1.0,False,False,False
982,2018,6,4,4.0,4,7,kimi-raikkonen,ferrari,ferrari,pirelli,False,78.0,1:43:12.934,6192934.0,,,+18.127,18127.0,,+1.114,1114.0,,12.0,False,4.0,4,4.0,4,0.0,1.0,False,False,False
982,2018,6,5,5.0,5,77,valtteri-bottas,mercedes,mercedes,pirelli,False,78.0,1:43:13.629,6193629.0,,,+18.822,18822.0,,+0.695,695.0,,10.0,False,5.0,5,5.0,5,0.0,1.0,False,False,False
982,2018,6,6,6.0,6,31,esteban-ocon,force-india,mercedes,pirelli,False,78.0,1:43:18.474,6198474.0,,,+23.667,23667.0,,+4.845,4845.0,,8.0,False,6.0,6,6.0,6,0.0,1.0,False,False,False
982,2018,6,7,7.0,7,10,pierre-gasly,toro-rosso,honda,pirelli,False,78.0,1:43:19.138,6199138.0,,,+24.331,24331.0,,+0.664,664.0,,6.0,False,10.0,10,10.0,10,3.0,1.0,False,False,False
982,2018,6,8,8.0,8,27,nico-hulkenberg,renault,renault,pirelli,False,78.0,1:43:19.646,6199646.0,,,+24.839,24839.0,,+0.508,508.0,,4.0,False,11.0,11,11.0,11,3.0,1.0,False,False,False
982,2018,6,9,9.0,9,33,max-verstappen,red-bull,tag-heuer,pirelli,False,78.0,1:43:20.124,6200124.0,,,+25.317,25317.0,,+0.478,478.0,,2.0,False,,,20.0,20,11.0,1.0,True,False,False
982,2018,6,10,10.0,10,55,carlos-sainz-jr,renault,renault,pirelli,False,78.0,1:44:03.820,6243820.0,,,+1:09.013,69013.0,,+43.696,43696.0,,1.0,False,8.0,8,8.0,8,-2.0,1.0,False,False,False
982,2018,6,11,11.0,11,9,marcus-ericsson,sauber,ferrari,pirelli,False,78.0,1:44:04.671,6244671.0,,,+1:09.864,69864.0,,+0.851,851.0,,,False,17.0,17,16.0,16,5.0,1.0,False,False,False
982,2018,6,12,12.0,12,11,sergio-perez,force-india,mercedes,pirelli,False,78.0,1:44:05.268,6245268.0,,,+1:10.461,70461.0,,+0.597,597.0,,,False,9.0,9,9.0,9,-3.0,1.0,False,False,False
982,2018,6,13,13.0,13,20,kevin-magnussen,haas,ferrari,pirelli,False,78.0,1:44:09.630,6249630.0,,,+1:14.823,74823.0,,+4.362,4362.0,,,False,19.0,19,19.0,19,6.0,1.0,False,False,False
982,2018,6,14,14.0,14,2,stoffel-vandoorne,mclaren,renault,pirelli,False,77.0,,,,,+1 lap,,1.0,,,,,False,12.0,12,12.0,12,-2.0,2.0,False,False,False
982,2018,6,15,15.0,15,8,romain-grosjean,haas,ferrari,pirelli,False,77.0,,,,,+1 lap,,1.0,,,,,False,15.0,15,18.0,18,3.0,2.0,False,False,False
982,2018,6,16,16.0,16,35,sergey-sirotkin,williams,mercedes,pirelli,False,77.0,,,,,+1 lap,,1.0,,,,,False,13.0,13,13.0,13,-3.0,3.0,False,False,False
982,2018,6,17,17.0,17,18,lance-stroll,williams,mercedes,pirelli,False,76.0,,,,,+2 laps,,2.0,,,,,False,18.0,18,17.0,17,0.0,3.0,False,False,False
982,2018,6,18,18.0,18,16,charles-leclerc,sauber,ferrari,pirelli,False,70.0,,,,,,,,,,Collision,,False,14.0,14,14.0,14,-4.0,1.0,False,False,False
982,2018,6,19,19.0,19,28,brendon-hartley,toro-rosso,honda,pirelli,False,70.0,,,5.0,5000.0,,,,,,Collision damage,,False,16.0,16,15.0,15,-4.0,1.0,False,False,False
982,2018,6,20,,DNF,14,fernando-alonso,mclaren,renault,pirelli,False,52.0,,,,,,,,,,Gearbox,,False,7.0,7,7.0,7,,1.0,False,False,False
983,2018,7,1,1.0,1,5,sebastian-vettel,ferrari,ferrari,pirelli,False,68.0,1:28:31.377,5311377.0,,,,,,,,,25.0,True,1.0,1,1.0,1,0.0,1.0,False,True,False
983,2018,7,2,2.0,2,77,valtteri-bottas,mercedes,mercedes,pirelli,False,68.0,1:28:38.753,5318753.0,,,+7.376,7376.0,,+7.376,7376.0,,18.0,False,2.0,2,2.0,2,0.0,1.0,False,False,False
983,2018,7,3,3.0,3,33,max-verstappen,red-bull,tag-heuer,pirelli,False,68.0,1:28:39.737,5319737.0,,,+8.360,8360.0,,+0.984,984.0,,15.0,False,3.0,3,3.0,3,0.0,1.0,True,False,False
983,2018,7,4,4.0,4,3,daniel-ricciardo,red-bull,tag-heuer,pirelli,False,68.0,1:28:52.269,5332269.0,,,+20.892,20892.0,,+12.532,12532.0,,12.0,False,6.0,6,6.0,6,2.0,1.0,False,False,False
983,2018,7,5,5.0,5,44,lewis-hamilton,mercedes,mercedes,pirelli,False,68.0,1:28:52.936,5332936.0,,,+21.559,21559.0,,+0.667,667.0,,10.0,False,4.0,4,4.0,4,-1.0,1.0,False,False,False
983,2018,7,6,6.0,6,7,kimi-raikkonen,ferrari,ferrari,pirelli,False,68.0,1:28:58.561,5338561.0,,,+27.184,27184.0,,+5.625,5625.0,,8.0,False,5.0,5,5.0,5,-1.0,1.0,False,False,False
983,2018,7,7,7.0,7,27,nico-hulkenberg,renault,renault,pirelli,False,67.0,,,,,+1 lap,,1.0,,,,6.0,False,7.0,7,7.0,7,0.0,1.0,False,False,False
983,2018,7,8,8.0,8,55,carlos-sainz-jr,renault,renault,pirelli,False,67.0,,,,,+1 lap,,1.0,,,,4.0,False,9.0,9,9.0,9,1.0,1.0,False,False,False
983,2018,7,9,9.0,9,31,esteban-ocon,force-india,mercedes,pirelli,False,67.0,,,,,+1 lap,,1.0,,,,2.0,False,8.0,8,8.0,8,-1.0,1.0,False,False,False
983,2018,7,10,10.0,10,16,charles-leclerc,sauber,ferrari,pirelli,False,67.0,,,,,+1 lap,,1.0,,,,1.0,False,13.0,13,13.0,13,3.0,1.0,False,False,False
983,2018,7,11,11.0,11,10,pierre-gasly,toro-rosso,honda,pirelli,False,67.0,,,,,+1 lap,,1.0,,,,,False,16.0,16,19.0,19,8.0,1.0,False,False,False
983,2018,7,12,12.0,12,8,romain-grosjean,haas,ferrari,pirelli,False,67.0,,,,,+1 lap,,1.0,,,,,False,,,20.0,20,8.0,1.0,False,False,False
983,2018,7,13,13.0,13,20,kevin-magnussen,haas,ferrari,pirelli,False,67.0,,,,,+1 lap,,1.0,,,,,False,11.0,11,11.0,11,-2.0,1.0,False,False,False
983,2018,7,14,14.0,14,11,sergio-perez,force-india,mercedes,pirelli,False,67.0,,,,,+1 lap,,1.0,,,,,False,10.0,10,10.0,10,-4.0,2.0,False,False,False
983,2018,7,15,15.0,15,9,marcus-ericsson,sauber,ferrari,pirelli,False,66.0,,,,,+2 laps,,2.0,,,,,False,19.0,19,18.0,18,3.0,1.0,False,False,False
983,2018,7,16,16.0,16,2,stoffel-vandoorne,mclaren,renault,pirelli,False,66.0,,,,,+2 laps,,2.0,,,,,False,15.0,15,15.0,15,-1.0,2.0,False,False,False
983,2018,7,17,17.0,17,35,sergey-sirotkin,williams,mercedes,pirelli,False,66.0,,,,,+2 laps,,2.0,,,,,False,18.0,18,17.0,17,0.0,1.0,False,False,False
983,2018,7,18,,DNF,14,fernando-alonso,mclaren,renault,pirelli,False,40.0,,,,,,,,,,Exhaust,,False,14.0,14,14.0,14,,1.0,False,False,False
983,2018,7,19,,DNF,28,brendon-hartley,toro-rosso,honda,pirelli,False,0.0,,,,,,,,,,Collision,,False,12.0,12,12.0,12,,0.0,False,False,False
983,2018,7,20,,DNF,18,lance-stroll,williams,mercedes,pirelli,False,0.0,,,,,,,,,,Collision,,False,17.0,17,16.0,16,,0.0,False,False,False
984,2018,8,1,1.0,1,44,lewis-hamilton,mercedes,mercedes,pirelli,False,53.0,1:30:11.385,5411385.0,,,,,,,,,25.0,True,1.0,1,1.0,1,0.0,1.0,False,False,False
984,2018,8,2,2.0,2,33,max-verstappen,red-bull,tag-heuer,pirelli,False,53.0,1:30:18.475,5418475.0,,,+7.090,7090.0,,+7.090,7090.0,,18.0,False,4.0,4,4.0,4,2.0,1.0,False,False,False
984,2018,8,3,3.0,3,7,kimi-raikkonen,ferrari,ferrari,pirelli,False,53.0,1:30:37.273,5437273.0,,,+25.888,25888.0,,+18.798,18798.0,,15.0,False,6.0,6,6.0,6,3.0,1.0,False,False,False
984,2018,8,4,4.0,4,3,daniel-ricciardo,red-bull,tag-heuer,pirelli,False,53.0,1:30:46.121,5446121.0,,,+34.736,34736.0,,+8.848,8848.0,,12.0,False,5.0,5,5.0,5,1.0,1.0,False,False,False
984,2018,8,5,5.0,5,5,sebastian-vettel,ferrari,ferrari,pirelli,False,53.0,1:31:13.320,5473320.0,,,+1:01.935,61935.0,,+27.199,27199.0,,10.0,False,3.0,3,3.0,3,-2.0,2.0,False,True,False
984,2018,8,6,6.0,6,20,kevin-magnussen,haas,ferrari,pirelli,False,53.0,1:31:30.749,5490749.0,,,+1:19.364,79364.0,,+17.429,17429.0,,8.0,False,9.0,9,9.0,9,3.0,1.0,False,False,False
984,2018,8,7,7.0,7,77,valtteri-bottas,mercedes,mercedes,pirelli,False,53.0,1:31:32.017,5492017.0,,,+1:20.632,80632.0,,+1.268,1268.0,,6.0,False,2.0,2,2.0,2,-5.0,2.0,True,False,False
984,2018,8,8,8.0,8,55,carlos-sainz-jr,renault,renault,pirelli,False,53.0,1:31:38.569,5498569.0,,,+1:27.184,87184.0,,+6.552,6552.0,,4.0,False,7.0,7,7.0,7,-1.0,1.0,False,False,False
984,2018,8,9,9.0,9,27,nico-hulkenberg,renault,renault,pirelli,False,53.0,1:31:43.374,5503374.0,,,+1:31.989,91989.0,,+4.805,4805.0,,2.0,False,12.0,12,12.0,12,3.0,1.0,False,False,False
984,2018,8,10,10.0,10,16,charles-leclerc,sauber,ferrari,pirelli,False,53.0,1:31:45.258,5505258.0,,,+1:33.873,93873.0,,+1.884,1884.0,,1.0,False,8.0,8,8.0,8,-2.0,1.0,False,False,False
984,2018,8,11,11.0,11,8,romain-grosjean,haas,ferrari,pirelli,False,52.0,,,,,+1 lap,,1.0,,,,,False,10.0,10,10.0,10,-1.0,1.0,False,False,False
984,2018,8,12,12.0,12,2,stoffel-vandoorne,mclaren,renault,pirelli,False,52.0,,,,,+1 lap,,1.0,,,,,False,18.0,18,17.0,17,5.0,1.0,False,False,False
984,2018,8,13,13.0,13,9,marcus-ericsson,sauber,ferrari,pirelli,False,52.0,,,,,+1 lap,,1.0,,,,,False,15.0,15,15.0,15,2.0,1.0,False,False,False
984,2018,8,14,14.0,14,28,brendon-hartley,toro-rosso,honda,pirelli,False,52.0,,,,,+1 lap,,1.0,,,,,False,17.0,17,20.0,20,6.0,1.0,False,False,False
984,2018,8,15,15.0,15,35,sergey-sirotkin,williams,mercedes,pirelli,False,52.0,,,5.0,5000.0,+1 lap,,1.0,,,,,False,19.0,19,18.0,18,3.0,1.0,False,False,False
984,2018,8,16,16.0,16,14,fernando-alonso,mclaren,renault,pirelli,False,50.0,,,,,,,,,,Suspension,,False,16.0,16,16.0,16,0.0,2.0,False,False,False
984,2018,8,17,17.0,17,18,lance-stroll,williams,mercedes,pirelli,False,48.0,,,,,,,,,,Puncture,,False,20.0,20,19.0,19,2.0,1.0,False,False,False
984,2018,8,18,,DNF,11,sergio-perez,force-india,mercedes,pirelli,False,27.0,,,,,,,,,,Engine,,False,13.0,13,13.0,13,,0.0,False,False,False
984,2018,8,19,,DNF,31,esteban-ocon,force-india,mercedes,pirelli,False,0.0,,,,,,,,,,Collision,,False,11.0,11,11.0,11,,0.0,False,False,False
984,2018,8,20,,DNF,10,pierre-gasly,toro-rosso,honda,pirelli,False,0.0,,,,,,,,,,Collision,,False,14.0,14,14.0,14,,0.0,False,False,False
985,2018,9,1,1.0,1,33,max-verstappen,red-bull,tag-heuer,pirelli,False,71.0,1:21:56.024,4916024.0,,,,,,,,,25.0,False,5.0,5,4.0,4,3.0,1.0,False,True,False
985,2018,9,2,2.0,2,7,kimi-raikkonen,ferrari,ferrari,pirelli,False,71.0,1:21:57.528,4917528.0,,,+1.504,1504.0,,+1.504,1504.0,,18.0,False,4.0,4,3.0,3,1.0,1.0,True,False,False
985,2018,9,3,3.0,3,5,sebastian-vettel,ferrari,ferrari,pirelli,False,71.0,1:21:59.205,4919205.0,,,+3.181,3181.0,,+1.677,1677.0,,15.0,False,3.0,3,6.0,6,3.0,1.0,False,False,False
985,2018,9,4,4.0,4,8,romain-grosjean,haas,ferrari,pirelli,False,70.0,,,,,+1 lap,,1.0,,,,12.0,False,6.0,6,5.0,5,1.0,1.0,False,False,False
985,2018,9,5,5.0,5,20,kevin-magnussen,haas,ferrari,pirelli,False,70.0,,,,,+1 lap,,1.0,,,,10.0,False,8.0,8,8.0,8,3.0,1.0,False,False,False
985,2018,9,6,6.0,6,31,esteban-ocon,force-india,mercedes,pirelli,False,70.0,,,,,+1 lap,,1.0,,,,8.0,False,11.0,11,11.0,11,5.0,1.0,False,False,False
985,2018,9,7,7.0,7,11,sergio-perez,force-india,mercedes,pirelli,False,70.0,,,,,+1 lap,,1.0,,,,6.0,False,17.0,17,15.0,15,8.0,1.0,False,False,False
985,2018,9,8,8.0,8,14,fernando-alonso,mclaren,renault,pirelli,False,70.0,,,,,+1 lap,,1.0,,,,4.0,False,14.0,14,,PL,12.0,1.0,False,False,False
985,2018,9,9,9.0,9,16,charles-leclerc,sauber,ferrari,pirelli,False,70.0,,,,,+1 lap,,1.0,,,,2.0,False,13.0,13,17.0,17,8.0,1.0,False,False,False
985,2018,9,10,10.0,10,9,marcus-ericsson,sauber,ferrari,pirelli,False,70.0,,,,,+1 lap,,1.0,,,,1.0,False,20.0,20,18.0,18,8.0,1.0,False,False,False
985,2018,9,11,11.0,11,10,pierre-gasly,toro-rosso,honda,pirelli,False,70.0,,,,,+1 lap,,1.0,,,,,False,12.0,12,12.0,12,1.0,1.0,False,False,False
985,2018,9,12,12.0,12,55,carlos-sainz-jr,renault,renault,pirelli,False,70.0,,,,,+1 lap,,1.0,,,,,False,9.0,9,9.0,9,-3.0,2.0,False,False,False
985,2018,9,13,13.0,13,35,sergey-sirotkin,williams,mercedes,pirelli,False,69.0,,,,,+2 laps,,2.0,,,,,False,18.0,18,16.0,16,3.0,2.0,False,False,False
985,2018,9,14,14.0,14,18,lance-stroll,williams,mercedes,pirelli,False,69.0,,,10.0,10000.0,+2 laps,,2.0,,,,,False,15.0,15,13.0,13,-1.0,2.0,False,False,False
985,2018,9,15,15.0,15,2,stoffel-vandoorne,mclaren,renault,pirelli,False,65.0,,,,,,,,,,Collision damage,,False,16.0,16,14.0,14,-1.0,2.0,False,False,False
985,2018,9,16,,DNF,44,lewis-hamilton,mercedes,mercedes,pirelli,False,62.0,,,,,,,,,,Fuel pressure,,False,2.0,2,2.0,2,,2.0,False,False,False
985,2018,9,17,,DNF,28,brendon-hartley,toro-rosso,honda,pirelli,False,54.0,,,,,,,,,,Hydraulics,,False,19.0,19,19.0,19,,0.0,False,False,False
985,2018,9,18,,DNF,3,daniel-ricciardo,red-bull,tag-heuer,pirelli,False,53.0,,,,,,,,,,Exhaust,,False,7.0,7,7.0,7,,2.0,False,False,False
985,2018,9,19,,DNF,77,valtteri-bottas,mercedes,mercedes,pirelli,False,13.0,,,,,,,,,,Hydraulics,,True,1.0,1,1.0,1,,0.0,False,False,False
985,2018,9,20,,DNF,27,nico-hulkenberg,renault,renault,pirelli,False,11.0,,,,,,,,,,Engine,,False,10.0,10,10.0,10,,0.0,False,False,False
986,2018,10,1,1.0,1,5,sebastian-vettel,ferrari,ferrari,pirelli,False,52.0,1:27:29.784,5249784.0,,,,,,,,,25.0,False,2.0,2,2.0,2,1.0,2.0,True,False,False
986,2018,10,2,2.0,2,44,lewis-hamilton,mercedes,mercedes,pirelli,False,52.0,1:27:32.048,5252048.0,,,+2.264,2264.0,,+2.264,2264.0,,18.0,True,1.0,1,1.0,1,-1.0,1.0,False,True,False
986,2018,10,3,3.0,3,7,kimi-raikkonen,ferrari,ferrari,pirelli,False,52.0,1:27:33.436,5253436.0,,,+3.652,3652.0,,+1.388,1388.0,,15.0,False,3.0,3,3.0,3,0.0,2.0,False,False,False
986,2018,10,4,4.0,4,77,valtteri-bottas,mercedes,mercedes,pirelli,False,52.0,1:27:38.667,5258667.0,,,+8.883,8883.0,,+5.231,5231.0,,12.0,False,4.0,4,4.0,4,0.0,1.0,False,False,False
986,2018,10,5,5.0,5,3,daniel-ricciardo,red-bull,tag-heuer,pirelli,False,52.0,1:27:39.284,5259284.0,,,+9.500,9500.0,,+0.617,617.0,,10.0,False,6.0,6,6.0,6,1.0,2.0,False,False,False
986,2018,10,6,6.0,6,27,nico-hulkenberg,renault,renault,pirelli,False,52.0,1:27:58.004,5278004.0,,,+28.220,28220.0,,+18.720,18720.0,,8.0,False,11.0,11,11.0,11,5.0,1.0,False,False,False
986,2018,10,7,7.0,7,31,esteban-ocon,force-india,mercedes,pirelli,False,52.0,1:27:59.714,5279714.0,,,+29.930,29930.0,,+1.710,1710.0,,6.0,False,10.0,10,10.0,10,3.0,1.0,False,False,False
986,2018,10,8,8.0,8,14,fernando-alonso,mclaren,renault,pirelli,False,52.0,1:28:00.899,5280899.0,,,+31.115,31115.0,,+1.185,1185.0,,4.0,False,13.0,13,13.0,13,5.0,2.0,False,False,False
986,2018,10,9,9.0,9,20,kevin-magnussen,haas,ferrari,pirelli,False,52.0,1:28:02.972,5282972.0,,,+33.188,33188.0,,+2.073,2073.0,,2.0,False,7.0,7,7.0,7,-2.0,1.0,False,False,False
986,2018,10,10,10.0,10,11,sergio-perez,force-india,mercedes,pirelli,False,52.0,1:28:04.492,5284492.0,,,+34.708,34708.0,,+1.520,1520.0,,1.0,False,12.0,12,12.0,12,2.0,2.0,False,False,False
986,2018,10,11,11.0,11,2,stoffel-vandoorne,mclaren,renault,pirelli,False,52.0,1:28:05.558,5285558.0,,,+35.774,35774.0,,+1.066,1066.0,,,False,17.0,17,17.0,17,6.0,2.0,False,False,False
986,2018,10,12,12.0,12,18,lance-stroll,williams,mercedes,pirelli,False,52.0,1:28:07.890,5287890.0,,,+38.106,38106.0,,+2.332,2332.0,,,False,,NC,,PL,7.0,1.0,False,False,False
986,2018,10,13,13.0,13,10,pierre-gasly,toro-rosso,honda,pirelli,False,52.0,1:28:08.913,5288913.0,5.0,5000.0,+39.129,39129.0,,+1.023,1023.0,,,False,14.0,14,14.0,14,1.0,2.0,False,False,False
986,2018,10,14,14.0,14,35,sergey-sirotkin,williams,mercedes,pirelli,False,52.0,1:28:17.897,5297897.0,,,+48.113,48113.0,,+8.984,8984.0,,,False,18.0,18,,PL,4.0,1.0,False,False,False
986,2018,10,15,15.0,15,33,max-verstappen,red-bull,tag-heuer,pirelli,False,46.0,,,,,,,,,,Brakes,,False,5.0,5,5.0,5,-10.0,2.0,False,False,False
986,2018,10,16,,DNF,8,romain-grosjean,haas,ferrari,pirelli,False,37.0,,,,,,,,,,Collision,,False,8.0,8,8.0,8,,1.0,False,False,False
986,2018,10,17,,DNF,55,carlos-sainz-jr,renault,renault,pirelli,False,37.0,,,,,,,,,,Collision,,False,16.0,16,16.0,16,,2.0,False,False,False
986,2018,10,18,,DNF,9,marcus-ericsson,sauber,ferrari,pirelli,False,31.0,,,,,,,,,,Accident,,False,15.0,15,15.0,15,,1.0,False,False,False
986,2018,10,19,,DNF,16,charles-leclerc,sauber,ferrari,pirelli,False,18.0,,,,,,,,,,Wheel,,False,9.0,9,9.0,9,,1.0,False,False,False
986,2018,10,20,,DNF,28,brendon-hartley,toro-rosso,honda,pirelli,False,1.0,,,,,,,,,,Power unit,,False,,,,PL,,0.0,False,False,False
987,2018,11,1,1.0,1,44,lewis-hamilton,mercedes,mercedes,pirelli,False,67.0,1:32:29.845,5549845.0,,,,,,,,,25.0,False,14.0,14,14.0,14,13.0,1.0,True,True,False
987,2018,11,2,2.0,2,77,valtteri-bottas,mercedes,mercedes,pirelli,False,67.0,1:32:34.380,5554380.0,,,+4.535,4535.0,,+4.535,4535.0,,18.0,False,2.0,2,2.0,2,0.0,2.0,False,False,False
987,2018,11,3,3.0,3,7,kimi-raikkonen,ferrari,ferrari,pirelli,False,67.0,1:32:36.577,5556577.0,,,+6.732,6732.0,,+2.197,2197.0,,15.0,False,3.0,3,3.0,3,0.0,2.0,False,False,False
987,2018,11,4,4.0,4,33,max-verstappen,red-bull,tag-heuer,pirelli,False,67.0,1:32:37.499,5557499.0,,,+7.654,7654.0,,+0.922,922.0,,12.0,False,4.0,4,4.0,4,0.0,3.0,False,False,False
987,2018,11,5,5.0,5,27,nico-hulkenberg,renault,renault,pirelli,False,67.0,1:32:56.454,5576454.0,,,+26.609,26609.0,,+18.955,18955.0,,10.0,False,7.0,7,7.0,7,2.0,3.0,False,False,False
987,2018,11,6,6.0,6,8,romain-grosjean,haas,ferrari,pirelli,False,67.0,1:32:58.716,5578716.0,,,+28.871,28871.0,,+2.262,2262.0,,8.0,False,6.0,6,6.0,6,0.0,3.0,False,False,False
987,2018,11,7,7.0,7,11,sergio-perez,force-india,mercedes,pirelli,False,67.0,1:33:00.401,5580401.0,,,+30.556,30556.0,,+1.685,1685.0,,6.0,False,10.0,10,10.0,10,3.0,1.0,False,False,False
987,2018,11,8,8.0,8,31,esteban-ocon,force-india,mercedes,pirelli,False,67.0,1:33:01.595,5581595.0,,,+31.750,31750.0,,+1.194,1194.0,,4.0,False,16.0,16,15.0,15,7.0,1.0,False,False,False
987,2018,11,9,9.0,9,9,marcus-ericsson,sauber,ferrari,pirelli,False,67.0,1:33:02.207,5582207.0,,,+32.362,32362.0,,+0.612,612.0,,2.0,False,13.0,13,13.0,13,4.0,1.0,False,False,False
987,2018,11,10,10.0,10,28,brendon-hartley,toro-rosso,honda,pirelli,False,67.0,1:33:04.042,5584042.0,,,+34.197,34197.0,,+1.835,1835.0,,1.0,False,18.0,18,16.0,16,6.0,2.0,False,False,False
987,2018,11,11,11.0,11,20,kevin-magnussen,haas,ferrari,pirelli,False,67.0,1:33:04.764,5584764.0,,,+34.919,34919.0,,+0.722,722.0,,,False,5.0,5,5.0,5,-6.0,3.0,False,False,False
987,2018,11,12,12.0,12,55,carlos-sainz-jr,renault,renault,pirelli,False,67.0,1:33:12.914,5592914.0,10.0,10000.0,+43.069,43069.0,,+8.150,8150.0,,,False,8.0,8,8.0,8,-4.0,3.0,False,False,False
987,2018,11,13,13.0,13,2,stoffel-vandoorne,mclaren,renault,pirelli,False,67.0,1:33:16.462,5596462.0,,,+46.617,46617.0,,+3.548,3548.0,,,False,20.0,20,18.0,18,5.0,2.0,False,False,False
987,2018,11,14,14.0,14,10,pierre-gasly,toro-rosso,honda,pirelli,False,66.0,,,,,+1 lap,,1.0,,,,,False,17.0,17,20.0,20,6.0,2.0,False,False,False
987,2018,11,15,15.0,15,16,charles-leclerc,sauber,ferrari,pirelli,False,66.0,,,,,+1 lap,,1.0,,,,,False,9.0,9,9.0,9,-6.0,3.0,False,False,False
987,2018,11,16,16.0,16,14,fernando-alonso,mclaren,renault,pirelli,False,65.0,,,,,,,,,,Gearbox,,False,11.0,11,11.0,11,-5.0,3.0,False,False,False
987,2018,11,17,,DNF,18,lance-stroll,williams,mercedes,pirelli,False,53.0,,,,,,,,,,Brakes,,False,19.0,19,17.0,17,,2.0,False,False,False
987,2018,11,18,,DNF,5,sebastian-vettel,ferrari,ferrari,pirelli,False,51.0,,,,,,,,,,Accident,,True,1.0,1,1.0,1,,1.0,False,False,False
987,2018,11,19,,DNF,35,sergey-sirotkin,williams,mercedes,pirelli,False,51.0,,,,,,,,,,Oil leak,,False,12.0,12,12.0,12,,2.0,False,False,False
987,2018,11,20,,DNF,3,daniel-ricciardo,red-bull,tag-heuer,pirelli,False,27.0,,,,,,,,,,Power loss,,False,15.0,15,19.0,19,,0.0,False,False,False
988,2018,12,1,1.0,1,44,lewis-hamilton,mercedes,mercedes,pirelli,False,70.0,1:37:16.427,5836427.0,,,,,,,,,25.0,True,1.0,1,1.0,1,0.0,1.0,False,False,False
988,2018,12,2,2.0,2,5,sebastian-vettel,ferrari,ferrari,pirelli,False,70.0,1:37:33.550,5853550.0,,,+17.123,17123.0,,+17.123,17123.0,,18.0,False,4.0,4,4.0,4,2.0,1.0,False,False,False
988,2018,12,3,3.0,3,7,kimi-raikkonen,ferrari,ferrari,pirelli,False,70.0,1:37:36.528,5856528.0,,,+20.101,20101.0,,+2.978,2978.0,,15.0,False,3.0,3,3.0,3,0.0,2.0,False,False,False
988,2018,12,4,4.0,4,3,daniel-ricciardo,red-bull,tag-heuer,pirelli,False,70.0,1:38:02.846,5882846.0,,,+46.419,46419.0,,+26.318,26318.0,,12.0,False,12.0,12,12.0,12,8.0,1.0,True,True,False
988,2018,12,5,5.0,5,77,valtteri-bottas,mercedes,mercedes,pirelli,False,70.0,1:38:16.427,5896427.0,10.0,10000.0,+1:00.000,60000.0,,+13.581,13581.0,,10.0,False,2.0,2,2.0,2,-3.0,1.0,False,False,False
988,2018,12,6,6.0,6,10,pierre-gasly,toro-rosso,honda,pirelli,False,70.0,1:38:29.700,5909700.0,,,+1:13.273,73273.0,,+13.273,13273.0,,8.0,False,6.0,6,6.0,6,0.0,1.0,False,False,False
988,2018,12,7,7.0,7,20,kevin-magnussen,haas,ferrari,pirelli,False,69.0,,,,,+1 lap,,1.0,,,,6.0,False,9.0,9,9.0,9,2.0,1.0,False,False,False
988,2018,12,8,8.0,8,14,fernando-alonso,mclaren,renault,pirelli,False,69.0,,,,,+1 lap,,1.0,,,,4.0,False,11.0,11,11.0,11,3.0,1.0,False,False,False
988,2018,12,9,9.0,9,55,carlos-sainz-jr,renault,renault,pirelli,False,69.0,,,,,+1 lap,,1.0,,,,2.0,False,5.0,5,5.0,5,-4.0,1.0,False,False,False
988,2018,12,10,10.0,10,8,romain-grosjean,haas,ferrari,pirelli,False,69.0,,,,,+1 lap,,1.0,,,,1.0,False,10.0,10,10.0,10,0.0,1.0,False,False,False
988,2018,12,11,11.0,11,28,brendon-hartley,toro-rosso,honda,pirelli,False,69.0,,,,,+1 lap,,1.0,,,,,False,8.0,8,8.0,8,-3.0,1.0,False,False,False
988,2018,12,12,12.0,12,27,nico-hulkenberg,renault,renault,pirelli,False,69.0,,,,,+1 lap,,1.0,,,,,False,13.0,13,13.0,13,1.0,2.0,False,False,False
988,2018,12,13,13.0,13,31,esteban-ocon,force-india,mercedes,pirelli,False,69.0,,,,,+1 lap,,1.0,,,,,False,18.0,18,17.0,17,4.0,1.0,False,False,False
988,2018,12,14,14.0,14,11,sergio-perez,force-india,mercedes,pirelli,False,69.0,,,,,+1 lap,,1.0,,,,,False,19.0,19,18.0,18,4.0,1.0,False,False,False
988,2018,12,15,15.0,15,9,marcus-ericsson,sauber,ferrari,pirelli,False,68.0,,,,,+2 laps,,2.0,,,,,False,14.0,14,14.0,14,-1.0,1.0,False,False,False
988,2018,12,16,16.0,16,35,sergey-sirotkin,williams,mercedes,pirelli,False,68.0,,,,,+2 laps,,2.0,,,,,False,20.0,20,19.0,19,3.0,1.0,False,False,False
988,2018,12,17,17.0,17,18,lance-stroll,williams,mercedes,pirelli,False,68.0,,,,,+2 laps,,2.0,,,,,False,15.0,15,,PL,3.0,1.0,False,False,False
988,2018,12,18,,DNF,2,stoffel-vandoorne,mclaren,renault,pirelli,False,49.0,,,,,,,,,,Gearbox,,False,16.0,16,15.0,15,,1.0,False,False,False
988,2018,12,19,,DNF,33,max-verstappen,red-bull,tag-heuer,pirelli,False,5.0,,,,,,,,,,Power loss,,False,7.0,7,7.0,7,,0.0,False,False,False
988,2018,12,20,,DNF,16,charles-leclerc,sauber,ferrari,pirelli,False,0.0,,,,,,,,,,Suspension,,False,17.0,17,16.0,16,,0.0,False,False,False
989,2018,13,1,1.0,1,5,sebastian-vettel,ferrari,ferrari,pirelli,False,44.0,1:23:34.476,5014476.0,,,,,,,,,25.0,False,2.0,2,2.0,2,1.0,2.0,False,True,False
989,2018,13,2,2.0,2,44,lewis-hamilton,mercedes,mercedes,pirelli,False,44.0,1:23:45.537,5025537.0,,,+11.061,11061.0,,+11.061,11061.0,,18.0,True,1.0,1,1.0,1,-1.0,2.0,False,False,False
989,2018,13,3,3.0,3,33,max-verstappen,red-bull,tag-heuer,pirelli,False,44.0,1:24:05.848,5045848.0,,,+31.372,31372.0,,+20.311,20311.0,,15.0,False,7.0,7,7.0,7,4.0,2.0,False,False,False
989,2018,13,4,4.0,4,77,valtteri-bottas,mercedes,mercedes,pirelli,False,44.0,1:24:43.081,5083081.0,5.0,5000.0,+1:08.605,68605.0,,+37.233,37233.0,,12.0,False,10.0,10,17.0,17,13.0,3.0,True,False,False
989,2018,13,5,5.0,5,11,sergio-perez,force-india,mercedes,pirelli,False,44.0,1:24:45.499,5085499.0,,,+1:11.023,71023.0,,+2.418,2418.0,,10.0,False,4.0,4,4.0,4,-1.0,2.0,False,False,False
989,2018,13,6,6.0,6,31,esteban-ocon,force-india,mercedes,pirelli,False,44.0,1:24:53.996,5093996.0,,,+1:19.520,79520.0,,+8.497,8497.0,,8.0,False,3.0,3,3.0,3,-3.0,2.0,False,False,False
989,2018,13,7,7.0,7,8,romain-grosjean,haas,ferrari,pirelli,False,44.0,1:25:00.429,5100429.0,,,+1:25.953,85953.0,,+6.433,6433.0,,6.0,False,5.0,5,5.0,5,-2.0,2.0,False,False,False
989,2018,13,8,8.0,8,20,kevin-magnussen,haas,ferrari,pirelli,False,44.0,1:25:02.115,5102115.0,,,+1:27.639,87639.0,,+1.686,1686.0,,4.0,False,9.0,9,9.0,9,1.0,2.0,False,False,False
989,2018,13,9,9.0,9,10,pierre-gasly,toro-rosso,honda,pirelli,False,44.0,1:25:20.368,5120368.0,,,+1:45.892,105892.0,,+18.253,18253.0,,2.0,False,11.0,11,10.0,10,1.0,2.0,False,False,False
989,2018,13,10,10.0,10,9,marcus-ericsson,sauber,ferrari,pirelli,False,43.0,,,,,+1 lap,,1.0,,,,1.0,False,14.0,14,13.0,13,3.0,2.0,False,False,False
989,2018,13,11,11.0,11,55,carlos-sainz-jr,renault,renault,pirelli,False,43.0,,,,,+1 lap,,1.0,,,,,False,16.0,16,19.0,19,8.0,2.0,False,False,False
989,2018,13,12,12.0,12,35,sergey-sirotkin,williams,mercedes,pirelli,False,43.0,,,,,+1 lap,,1.0,,,,,False,18.0,18,15.0,15,3.0,2.0,False,False,False
989,2018,13,13,13.0,13,18,lance-stroll,williams,mercedes,pirelli,False,43.0,,,,,+1 lap,,1.0,,,,,False,19.0,19,16.0,16,3.0,2.0,False,False,False
989,2018,13,14,14.0,14,28,brendon-hartley,toro-rosso,honda,pirelli,False,43.0,,,,,+1 lap,,1.0,,,,,False,12.0,12,11.0,11,-3.0,2.0,False,False,False
989,2018,13,15,15.0,15,2,stoffel-vandoorne,mclaren,renault,pirelli,False,43.0,,,,,+1 lap,,1.0,,,,,False,20.0,20,20.0,20,5.0,3.0,False,False,False
989,2018,13,16,,DNF,3,daniel-ricciardo,red-bull,tag-heuer,pirelli,False,28.0,,,,,,,,,,Collision damage,,False,8.0,8,8.0,8,,1.0,False,False,False
989,2018,13,17,,DNF,7,kimi-raikkonen,ferrari,ferrari,pirelli,False,8.0,,,,,,,,,,Collision damage,,False,6.0,6,6.0,6,,2.0,False,False,False
989,2018,13,18,,DNF,16,charles-leclerc,sauber,ferrari,pirelli,False,0.0,,,,,,,,,,Collision,,False,13.0,13,12.0,12,,0.0,False,False,False
989,2018,13,19,,DNF,14,fernando-alonso,mclaren,renault,pirelli,False,0.0,,,,,,,,,,Collision,,False,17.0,17,14.0,14,,0.0,False,False,False
989,2018,13,20,,DNF,27,nico-hulkenberg,renault,renault,pirelli,False,0.0,,,,,,,,,,Collision,,False,15.0,15,18.0,18,,0.0,False,False,False
990,2018,14,1,1.0,1,44,lewis-hamilton,mercedes,mercedes,pirelli,False,53.0,1:16:54.484,4614484.0,,,,,,,,,25.0,False,3.0,3,3.0,3,2.0,1.0,True,False,False
990,2018,14,2,2.0,2,7,kimi-raikkonen,ferrari,ferrari,pirelli,False,53.0,1:17:03.189,4623189.0,,,+8.705,8705.0,,+8.705,8705.0,,18.0,True,1.0,1,1.0,1,-1.0,1.0,False,True,False
990,2018,14,3,3.0,3,77,valtteri-bottas,mercedes,mercedes,pirelli,False,53.0,1:17:08.550,4628550.0,,,+14.066,14066.0,,+5.361,5361.0,,15.0,False,4.0,4,4.0,4,1.0,1.0,False,False,False
990,2018,14,4,4.0,4,5,sebastian-vettel,ferrari,ferrari,pirelli,False,53.0,1:17:10.635,4630635.0,,,+16.151,16151.0,,+2.085,2085.0,,12.0,False,2.0,2,2.0,2,-2.0,2.0,False,False,False
990,2018,14,5,5.0,5,33,max-verstappen,red-bull,tag-heuer,pirelli,False,53.0,1:17:12.692,4632692.0,5.0,5000.0,+18.208,18208.0,,+2.057,2057.0,,10.0,False,5.0,5,5.0,5,0.0,1.0,False,False,False
990,2018,14,6,6.0,6,31,esteban-ocon,force-india,mercedes,pirelli,False,53.0,1:17:52.245,4672245.0,,,+57.761,57761.0,,+39.553,39553.0,,8.0,False,8.0,8,8.0,8,2.0,1.0,False,False,False
990,2018,14,7,7.0,7,11,sergio-perez,force-india,mercedes,pirelli,False,53.0,1:17:53.162,4673162.0,,,+58.678,58678.0,,+0.917,917.0,,6.0,False,16.0,16,14.0,14,7.0,1.0,False,False,False
990,2018,14,8,8.0,8,55,carlos-sainz-jr,renault,renault,pirelli,False,53.0,1:18:12.624,4692624.0,,,+1:18.140,78140.0,,+19.462,19462.0,,4.0,False,7.0,7,7.0,7,-1.0,1.0,False,False,False
990,2018,14,9,9.0,9,18,lance-stroll,williams,mercedes,pirelli,False,52.0,,,,,+1 lap,,1.0,,,,2.0,False,10.0,10,10.0,10,1.0,1.0,False,False,False
990,2018,14,10,10.0,10,35,sergey-sirotkin,williams,mercedes,pirelli,False,52.0,,,,,+1 lap,,1.0,,,,1.0,False,12.0,12,12.0,12,2.0,1.0,False,False,False
990,2018,14,11,11.0,11,16,charles-leclerc,sauber,ferrari,pirelli,False,52.0,,,,,+1 lap,,1.0,,,,,False,17.0,17,15.0,15,4.0,1.0,False,False,False
990,2018,14,12,12.0,12,2,stoffel-vandoorne,mclaren,renault,pirelli,False,52.0,,,,,+1 lap,,1.0,,,,,False,20.0,20,17.0,17,5.0,1.0,False,False,False
990,2018,14,13,13.0,13,27,nico-hulkenberg,renault,renault,pirelli,False,52.0,,,,,+1 lap,,1.0,,,,,False,14.0,14,20.0,20,7.0,2.0,False,False,False
990,2018,14,14,14.0,14,10,pierre-gasly,toro-rosso,honda,pirelli,False,52.0,,,,,+1 lap,,1.0,,,,,False,9.0,9,9.0,9,-5.0,1.0,False,False,False
990,2018,14,15,15.0,15,9,marcus-ericsson,sauber,ferrari,pirelli,False,52.0,,,,,+1 lap,,1.0,,,,,False,19.0,19,18.0,18,3.0,2.0,False,False,False
990,2018,14,16,16.0,16,20,kevin-magnussen,haas,ferrari,pirelli,False,52.0,,,,,+1 lap,,1.0,,,,,False,11.0,11,11.0,11,-5.0,1.0,False,False,False
990,2018,14,17,,DNF,3,daniel-ricciardo,red-bull,tag-heuer,pirelli,False,23.0,,,,,,,,,,Clutch,,False,15.0,15,19.0,19,,1.0,False,False,False
990,2018,14,18,,DNF,14,fernando-alonso,mclaren,renault,pirelli,False,9.0,,,,,,,,,,Electrical,,False,13.0,13,13.0,13,,0.0,False,False,False
990,2018,14,19,,DNF,28,brendon-hartley,toro-rosso,honda,pirelli,False,0.0,,,,,,,,,,Collision,,False,18.0,18,16.0,16,,0.0,False,False,False
990,2018,14,20,,DSQ,8,romain-grosjean,haas,ferrari,pirelli,False,53.0,1:17:50.804,4670804.0,,,+56.320,56320.0,,,,Illegal floor,,False,6.0,6,6.0,6,,1.0,False,False,False
991,2018,15,1,1.0,1,44,lewis-hamilton,mercedes,mercedes,pirelli,False,61.0,1:51:11.611,6671611.0,,,,,,,,,25.0,True,1.0,1,1.0,1,0.0,1.0,False,False,False
991,2018,15,2,2.0,2,33,max-verstappen,red-bull,tag-heuer,pirelli,False,61.0,1:51:20.572,6680572.0,,,+8.961,8961.0,,+8.961,8961.0,,18.0,False,2.0,2,2.0,2,0.0,1.0,False,True,False
991,2018,15,3,3.0,3,5,sebastian-vettel,ferrari,ferrari,pirelli,False,61.0,1:51:51.556,6711556.0,,,+39.945,39945.0,,+30.984,30984.0,,15.0,False,3.0,3,3.0,3,0.0,1.0,False,False,False
991,2018,15,4,4.0,4,77,valtteri-bottas,mercedes,mercedes,pirelli,False,61.0,1:52:03.541,6723541.0,,,+51.930,51930.0,,+11.985,11985.0,,12.0,False,4.0,4,4.0,4,0.0,1.0,False,False,False
991,2018,15,5,5.0,5,7,kimi-raikkonen,ferrari,ferrari,pirelli,False,61.0,1:52:04.612,6724612.0,,,+53.001,53001.0,,+1.071,1071.0,,10.0,False,5.0,5,5.0,5,0.0,1.0,False,False,False
991,2018,15,6,6.0,6,3,daniel-ricciardo,red-bull,tag-heuer,pirelli,False,61.0,1:52:05.593,6725593.0,,,+53.982,53982.0,,+0.981,981.0,,8.0,False,6.0,6,6.0,6,0.0,1.0,False,False,False
991,2018,15,7,7.0,7,14,fernando-alonso,mclaren,renault,pirelli,False,61.0,1:52:54.622,6774622.0,,,+1:43.011,103011.0,,+49.029,49029.0,,6.0,False,11.0,11,11.0,11,4.0,1.0,False,False,False
991,2018,15,8,8.0,8,55,carlos-sainz-jr,renault,renault,pirelli,False,60.0,,,,,+1 lap,,1.0,,,,4.0,False,12.0,12,12.0,12,4.0,1.0,False,False,False
991,2018,15,9,9.0,9,16,charles-leclerc,sauber,ferrari,pirelli,False,60.0,,,,,+1 lap,,1.0,,,,2.0,False,13.0,13,13.0,13,4.0,1.0,False,False,False
991,2018,15,10,10.0,10,27,nico-hulkenberg,renault,renault,pirelli,False,60.0,,,,,+1 lap,,1.0,,,,1.0,False,10.0,10,10.0,10,0.0,1.0,False,False,False
991,2018,15,11,11.0,11,9,marcus-ericsson,sauber,ferrari,pirelli,False,60.0,,,,,+1 lap,,1.0,,,,,False,14.0,14,14.0,14,3.0,1.0,False,False,False
991,2018,15,12,12.0,12,2,stoffel-vandoorne,mclaren,renault,pirelli,False,60.0,,,,,+1 lap,,1.0,,,,,False,18.0,18,18.0,18,6.0,1.0,False,False,False
991,2018,15,13,13.0,13,10,pierre-gasly,toro-rosso,honda,pirelli,False,60.0,,,,,+1 lap,,1.0,,,,,False,15.0,15,15.0,15,2.0,1.0,False,False,False
991,2018,15,14,14.0,14,18,lance-stroll,williams,mercedes,pirelli,False,60.0,,,,,+1 lap,,1.0,,,,,False,20.0,20,20.0,20,6.0,1.0,False,False,False
991,2018,15,15,15.0,15,8,romain-grosjean,haas,ferrari,pirelli,False,60.0,,,5.0,5000.0,+1 lap,,1.0,,,,,False,8.0,8,8.0,8,-7.0,1.0,False,False,False
991,2018,15,16,16.0,16,11,sergio-perez,force-india,mercedes,pirelli,False,60.0,,,,,+1 lap,,1.0,,,,,False,7.0,7,7.0,7,-9.0,3.0,False,False,False
991,2018,15,17,17.0,17,28,brendon-hartley,toro-rosso,honda,pirelli,False,60.0,,,,,+1 lap,,1.0,,,,,False,17.0,17,17.0,17,0.0,2.0,False,False,False
991,2018,15,18,18.0,18,20,kevin-magnussen,haas,ferrari,pirelli,False,59.0,,,,,+2 laps,,2.0,,,,,False,16.0,16,16.0,16,-2.0,3.0,True,False,False
991,2018,15,19,19.0,19,35,sergey-sirotkin,williams,mercedes,pirelli,False,59.0,,,,,+2 laps,,2.0,,,,,False,19.0,19,19.0,19,0.0,2.0,False,False,False
991,2018,15,20,,DNF,31,esteban-ocon,force-india,mercedes,pirelli,False,0.0,,,,,,,,,,Collision,,False,9.0,9,9.0,9,,0.0,False,False,False
992,2018,16,1,1.0,1,44,lewis-hamilton,mercedes,mercedes,pirelli,False,53.0,1:27:25.181,5245181.0,,,,,,,,,25.0,False,2.0,2,2.0,2,1.0,1.0,False,False,False
992,2018,16,2,2.0,2,77,valtteri-bottas,mercedes,mercedes,pirelli,False,53.0,1:27:27.726,5247726.0,,,+2.545,2545.0,,+2.545,2545.0,,18.0,True,1.0,1,1.0,1,-1.0,1.0,True,False,False
992,2018,16,3,3.0,3,5,sebastian-vettel,ferrari,ferrari,pirelli,False,53.0,1:27:32.668,5252668.0,,,+7.487,7487.0,,+4.942,4942.0,,15.0,False,3.0,3,3.0,3,0.0,1.0,False,False,False
992,2018,16,4,4.0,4,7,kimi-raikkonen,ferrari,ferrari,pirelli,False,53.0,1:27:41.724,5261724.0,,,+16.543,16543.0,,+9.056,9056.0,,12.0,False,4.0,4,4.0,4,0.0,1.0,False,False,False
992,2018,16,5,5.0,5,33,max-verstappen,red-bull,tag-heuer,pirelli,False,53.0,1:27:56.197,5276197.0,,,+31.016,31016.0,,+14.473,14473.0,,10.0,False,11.0,11,19.0,19,14.0,1.0,False,True,False
992,2018,16,6,6.0,6,3,daniel-ricciardo,red-bull,tag-heuer,pirelli,False,53.0,1:28:45.632,5325632.0,,,+1:20.451,80451.0,,+49.435,49435.0,,8.0,False,12.0,12,18.0,18,12.0,1.0,False,False,False
992,2018,16,7,7.0,7,16,charles-leclerc,sauber,ferrari,pirelli,False,53.0,1:29:03.571,5343571.0,,,+1:38.390,98390.0,,+17.939,17939.0,,6.0,False,7.0,7,7.0,7,0.0,1.0,False,False,False
992,2018,16,8,8.0,8,20,kevin-magnussen,haas,ferrari,pirelli,False,52.0,,,,,+1 lap,,1.0,,,,4.0,False,5.0,5,5.0,5,-3.0,1.0,False,False,False
992,2018,16,9,9.0,9,31,esteban-ocon,force-india,mercedes,pirelli,False,52.0,,,,,+1 lap,,1.0,,,,2.0,False,6.0,6,6.0,6,-3.0,1.0,False,False,False
992,2018,16,10,10.0,10,11,sergio-perez,force-india,mercedes,pirelli,False,52.0,,,,,+1 lap,,1.0,,,,1.0,False,8.0,8,8.0,8,-2.0,1.0,False,False,False
992,2018,16,11,11.0,11,8,romain-grosjean,haas,ferrari,pirelli,False,52.0,,,,,+1 lap,,1.0,,,,,False,9.0,9,9.0,9,-2.0,1.0,False,False,False
992,2018,16,12,12.0,12,27,nico-hulkenberg,renault,renault,pirelli,False,52.0,,,,,+1 lap,,1.0,,,,,False,15.0,15,12.0,12,0.0,1.0,False,False,False
992,2018,16,13,13.0,13,9,marcus-ericsson,sauber,ferrari,pirelli,False,52.0,,,,,+1 lap,,1.0,,,,,False,10.0,10,10.0,10,-3.0,2.0,False,False,False
992,2018,16,14,14.0,14,14,fernando-alonso,mclaren,renault,pirelli,False,52.0,,,,,+1 lap,,1.0,,,,,False,17.0,17,16.0,16,2.0,1.0,False,False,False
992,2018,16,15,15.0,15,18,lance-stroll,williams,mercedes,pirelli,False,52.0,,,,,+1 lap,,1.0,,,,,False,20.0,20,14.0,14,-1.0,1.0,False,False,False
992,2018,16,16,16.0,16,2,stoffel-vandoorne,mclaren,renault,pirelli,False,51.0,,,,,+2 laps,,2.0,,,,,False,19.0,19,15.0,15,-1.0,1.0,False,False,False
992,2018,16,17,17.0,17,55,carlos-sainz-jr,renault,renault,pirelli,False,51.0,,,,,+2 laps,,2.0,,,,,False,14.0,14,11.0,11,-6.0,1.0,False,False,False
992,2018,16,18,18.0,18,35,sergey-sirotkin,williams,mercedes,pirelli,False,51.0,,,,,+2 laps,,2.0,,,,,False,18.0,18,13.0,13,-5.0,1.0,False,False,False
992,2018,16,19,,DNF,10,pierre-gasly,toro-rosso,honda,pirelli,False,4.0,,,,,,,,,,Brakes,,False,13.0,13,17.0,17,,0.0,False,False,False
992,2018,16,20,,DNF,28,brendon-hartley,toro-rosso,honda,pirelli,False,4.0,,,,,,,,,,Brakes,,False,16.0,16,20.0,20,,1.0,False,False,False
993,2018,17,1,1.0,1,44,lewis-hamilton,mercedes,mercedes,pirelli,False,53.0,1:27:17.062,5237062.0,,,,,,,,,25.0,True,1.0,1,1.0,1,0.0,1.0,False,False,False
993,2018,17,2,2.0,2,77,valtteri-bottas,mercedes,mercedes,pirelli,False,53.0,1:27:29.981,5249981.0,,,+12.919,12919.0,,+12.919,12919.0,,18.0,False,2.0,2,2.0,2,0.0,1.0,False,False,False
993,2018,17,3,3.0,3,33,max-verstappen,red-bull,tag-heuer,pirelli,False,53.0,1:27:31.357,5251357.0,,,+14.295,14295.0,,+1.376,1376.0,,15.0,False,3.0,3,3.0,3,0.0,1.0,False,False,False
993,2018,17,4,4.0,4,3,daniel-ricciardo,red-bull,tag-heuer,pirelli,False,53.0,1:27:36.557,5256557.0,,,+19.495,19495.0,,+5.200,5200.0,,12.0,False,15.0,15,15.0,15,11.0,1.0,False,True,False
993,2018,17,5,5.0,5,7,kimi-raikkonen,ferrari,ferrari,pirelli,False,53.0,1:28:08.060,5288060.0,,,+50.998,50998.0,,+31.503,31503.0,,10.0,False,4.0,4,4.0,4,-1.0,1.0,False,False,False
993,2018,17,6,6.0,6,5,sebastian-vettel,ferrari,ferrari,pirelli,False,53.0,1:28:26.935,5306935.0,,,+1:09.873,69873.0,,+18.875,18875.0,,8.0,False,9.0,9,8.0,8,2.0,1.0,True,False,False
993,2018,17,7,7.0,7,11,sergio-perez,force-india,mercedes,pirelli,False,53.0,1:28:36.441,5316441.0,,,+1:19.379,79379.0,,+9.506,9506.0,,6.0,False,10.0,10,9.0,9,2.0,1.0,False,False,False
993,2018,17,8,8.0,8,8,romain-grosjean,haas,ferrari,pirelli,False,53.0,1:28:44.260,5324260.0,,,+1:27.198,87198.0,,+7.819,7819.0,,4.0,False,5.0,5,5.0,5,-3.0,1.0,False,False,False
993,2018,17,9,9.0,9,31,esteban-ocon,force-india,mercedes,pirelli,False,53.0,1:28:45.117,5325117.0,,,+1:28.055,88055.0,,+0.857,857.0,,2.0,False,8.0,8,11.0,11,2.0,1.0,False,False,False
993,2018,17,10,10.0,10,55,carlos-sainz-jr,renault,renault,pirelli,False,52.0,,,,,+1 lap,,1.0,,,,1.0,False,13.0,13,13.0,13,3.0,1.0,False,False,False
993,2018,17,11,11.0,11,10,pierre-gasly,toro-rosso,honda,pirelli,False,52.0,,,,,+1 lap,,1.0,,,,,False,7.0,7,7.0,7,-4.0,1.0,False,False,False
993,2018,17,12,12.0,12,9,marcus-ericsson,sauber,ferrari,pirelli,False,52.0,,,,,+1 lap,,1.0,,,,,False,20.0,20,20.0,20,8.0,1.0,False,False,False
993,2018,17,13,13.0,13,28,brendon-hartley,toro-rosso,honda,pirelli,False,52.0,,,,,+1 lap,,1.0,,,,,False,6.0,6,6.0,6,-7.0,1.0,False,False,False
993,2018,17,14,14.0,14,14,fernando-alonso,mclaren,renault,pirelli,False,52.0,,,,,+1 lap,,1.0,,,,,False,18.0,18,18.0,18,4.0,1.0,False,False,False
993,2018,17,15,15.0,15,2,stoffel-vandoorne,mclaren,renault,pirelli,False,52.0,,,,,+1 lap,,1.0,,,,,False,19.0,19,19.0,19,4.0,1.0,False,False,False
993,2018,17,16,16.0,16,35,sergey-sirotkin,williams,mercedes,pirelli,False,52.0,,,,,+1 lap,,1.0,,,,,False,17.0,17,17.0,17,1.0,2.0,False,False,False
993,2018,17,17,17.0,17,18,lance-stroll,williams,mercedes,pirelli,False,52.0,,,,,+1 lap,,1.0,,,,,False,14.0,14,14.0,14,-3.0,2.0,False,False,False
993,2018,17,18,,DNF,16,charles-leclerc,sauber,ferrari,pirelli,False,38.0,,,,,,,,,,Mechanical,,False,11.0,11,10.0,10,,2.0,False,False,False
993,2018,17,19,,DNF,27,nico-hulkenberg,renault,renault,pirelli,False,37.0,,,,,,,,,,Engine,,False,16.0,16,16.0,16,,1.0,False,False,False
993,2018,17,20,,DNF,20,kevin-magnussen,haas,ferrari,pirelli,False,8.0,,,,,,,,,,Collision damage,,False,12.0,12,12.0,12,,1.0,False,False,False
994,2018,18,1,1.0,1,7,kimi-raikkonen,ferrari,ferrari,pirelli,False,56.0,1:34:18.643,5658643.0,,,,,,,,,25.0,False,3.0,3,2.0,2,1.0,1.0,False,False,False
994,2018,18,2,2.0,2,33,max-verstappen,red-bull,tag-heuer,pirelli,False,56.0,1:34:19.924,5659924.0,,,+1.281,1281.0,,+1.281,1281.0,,18.0,False,15.0,15,18.0,18,16.0,1.0,False,True,False
994,2018,18,3,3.0,3,44,lewis-hamilton,mercedes,mercedes,pirelli,False,56.0,1:34:20.985,5660985.0,,,+2.342,2342.0,,+1.061,1061.0,,15.0,True,1.0,1,1.0,1,-2.0,2.0,True,False,False
994,2018,18,4,4.0,4,5,sebastian-vettel,ferrari,ferrari,pirelli,False,56.0,1:34:36.865,5676865.0,,,+18.222,18222.0,,+15.880,15880.0,,12.0,False,2.0,2,5.0,5,1.0,1.0,False,False,False
994,2018,18,5,5.0,5,77,valtteri-bottas,mercedes,mercedes,pirelli,False,56.0,1:34:43.387,5683387.0,,,+24.744,24744.0,,+6.522,6522.0,,10.0,False,4.0,4,3.0,3,-2.0,1.0,False,False,False
994,2018,18,6,6.0,6,27,nico-hulkenberg,renault,renault,pirelli,False,56.0,1:35:45.853,5745853.0,,,+1:27.210,87210.0,,+1:02.466,62466.0,,8.0,False,7.0,7,7.0,7,1.0,1.0,False,False,False
994,2018,18,7,7.0,7,55,carlos-sainz-jr,renault,renault,pirelli,False,56.0,1:35:53.637,5753637.0,,,+1:34.994,94994.0,,+7.784,7784.0,,6.0,False,11.0,11,11.0,11,4.0,1.0,False,False,False
994,2018,18,8,8.0,8,11,sergio-perez,force-india,mercedes,pirelli,False,56.0,1:35:59.723,5759723.0,,,+1:41.080,101080.0,,+6.086,6086.0,,4.0,False,10.0,10,10.0,10,2.0,1.0,False,False,False
994,2018,18,9,9.0,9,28,brendon-hartley,toro-rosso,honda,pirelli,False,55.0,,,,,+1 lap,,1.0,,,,2.0,False,14.0,14,20.0,20,11.0,1.0,False,False,False
994,2018,18,10,10.0,10,9,marcus-ericsson,sauber,ferrari,pirelli,False,55.0,,,,,+1 lap,,1.0,,,,1.0,False,19.0,19,16.0,16,6.0,1.0,False,False,False
994,2018,18,11,11.0,11,2,stoffel-vandoorne,mclaren,renault,pirelli,False,55.0,,,,,+1 lap,,1.0,,,,,False,20.0,20,17.0,17,6.0,2.0,False,False,False
994,2018,18,12,12.0,12,10,pierre-gasly,toro-rosso,honda,pirelli,False,55.0,,,,,+1 lap,,1.0,,,,,False,13.0,13,19.0,19,7.0,2.0,False,False,False
994,2018,18,13,13.0,13,35,sergey-sirotkin,williams,mercedes,pirelli,False,55.0,,,,,+1 lap,,1.0,,,,,False,17.0,17,14.0,14,1.0,2.0,False,False,False
994,2018,18,14,14.0,14,18,lance-stroll,williams,mercedes,pirelli,False,54.0,,,,,+2 laps,,2.0,,,,,False,18.0,18,15.0,15,1.0,3.0,False,False,False
994,2018,18,15,,DNF,16,charles-leclerc,sauber,ferrari,pirelli,False,31.0,,,,,,,,,,Collision damage,,False,9.0,9,9.0,9,,1.0,False,False,False
994,2018,18,16,,DNF,3,daniel-ricciardo,red-bull,tag-heuer,pirelli,False,8.0,,,,,,,,,,Battery,,False,5.0,5,4.0,4,,0.0,False,False,False
994,2018,18,17,,DNF,8,romain-grosjean,haas,ferrari,pirelli,False,2.0,,,,,,,,,,Collision,,False,8.0,8,8.0,8,,1.0,False,False,False
994,2018,18,18,,DNF,14,fernando-alonso,mclaren,renault,pirelli,False,1.0,,,,,,,,,,Collision,,False,16.0,16,13.0,13,,0.0,False,False,False
994,2018,18,19,,DSQ,31,esteban-ocon,force-india,mercedes,pirelli,False,56.0,1:35:57.931,5757931.0,,,+1:39.288,99288.0,,,,Fuel,,False,6.0,6,6.0,6,,1.0,False,False,False
994,2018,18,20,,DSQ,20,kevin-magnussen,haas,ferrari,pirelli,False,56.0,1:35:59.300,5759300.0,,,+1:40.657,100657.0,,,,Fuel,,False,12.0,12,12.0,12,,1.0,False,False,False
995,2018,19,1,1.0,1,33,max-verstappen,red-bull,tag-heuer,pirelli,False,71.0,1:38:28.851,5908851.0,,,,,,,,,25.0,False,2.0,2,2.0,2,1.0,2.0,False,True,False
995,2018,19,2,2.0,2,5,sebastian-vettel,ferrari,ferrari,pirelli,False,71.0,1:38:46.167,5926167.0,,,+17.316,17316.0,,+17.316,17316.0,,18.0,False,4.0,4,4.0,4,2.0,2.0,False,False,False
995,2018,19,3,3.0,3,7,kimi-raikkonen,ferrari,ferrari,pirelli,False,71.0,1:39:18.765,5958765.0,,,+49.914,49914.0,,+32.598,32598.0,,15.0,False,6.0,6,6.0,6,3.0,1.0,False,False,False
995,2018,19,4,4.0,4,44,lewis-hamilton,mercedes,mercedes,pirelli,False,71.0,1:39:47.589,5987589.0,,,+1:18.738,78738.0,,+28.824,28824.0,,12.0,False,3.0,3,3.0,3,-1.0,2.0,False,False,False
995,2018,19,5,5.0,5,77,valtteri-bottas,mercedes,mercedes,pirelli,False,70.0,,,,,+1 lap,,1.0,,,,10.0,False,5.0,5,5.0,5,0.0,3.0,True,False,False
995,2018,19,6,6.0,6,27,nico-hulkenberg,renault,renault,pirelli,False,69.0,,,,,+2 laps,,2.0,,,,8.0,False,7.0,7,7.0,7,1.0,1.0,False,False,False
995,2018,19,7,7.0,7,16,charles-leclerc,sauber,ferrari,pirelli,False,69.0,,,,,+2 laps,,2.0,,,,6.0,False,9.0,9,9.0,9,2.0,1.0,False,False,False
995,2018,19,8,8.0,8,2,stoffel-vandoorne,mclaren,renault,pirelli,False,69.0,,,,,+2 laps,,2.0,,,,4.0,False,17.0,17,15.0,15,7.0,1.0,False,False,False
995,2018,19,9,9.0,9,9,marcus-ericsson,sauber,ferrari,pirelli,False,69.0,,,,,+2 laps,,2.0,,,,2.0,False,10.0,10,10.0,10,1.0,1.0,False,False,False
995,2018,19,10,10.0,10,10,pierre-gasly,toro-rosso,honda,pirelli,False,69.0,,,,,+2 laps,,2.0,,,,1.0,False,15.0,15,20.0,20,10.0,2.0,False,False,False
995,2018,19,11,11.0,11,31,esteban-ocon,force-india,mercedes,pirelli,False,69.0,,,,,+2 laps,,2.0,,,,,False,11.0,11,11.0,11,0.0,2.0,False,False,False
995,2018,19,12,12.0,12,18,lance-stroll,williams,mercedes,pirelli,False,69.0,,,,,+2 laps,,2.0,,,,,False,19.0,19,17.0,17,5.0,2.0,False,False,False
995,2018,19,13,13.0,13,35,sergey-sirotkin,williams,mercedes,pirelli,False,69.0,,,,,+2 laps,,2.0,,,,,False,20.0,20,19.0,19,6.0,1.0,False,False,False
995,2018,19,14,14.0,14,28,brendon-hartley,toro-rosso,honda,pirelli,False,69.0,,,5.0,5000.0,+2 laps,,2.0,,,,,False,14.0,14,14.0,14,0.0,2.0,False,False,False
995,2018,19,15,15.0,15,20,kevin-magnussen,haas,ferrari,pirelli,False,69.0,,,,,+2 laps,,2.0,,,,,False,18.0,18,16.0,16,1.0,1.0,False,False,False
995,2018,19,16,16.0,16,8,romain-grosjean,haas,ferrari,pirelli,False,68.0,,,,,+3 laps,,3.0,,,,,False,16.0,16,18.0,18,2.0,2.0,False,False,False
995,2018,19,17,,DNF,3,daniel-ricciardo,red-bull,tag-heuer,pirelli,False,61.0,,,,,,,,,,Hydraulics,,True,1.0,1,1.0,1,,1.0,False,False,False
995,2018,19,18,,DNF,11,sergio-perez,force-india,mercedes,pirelli,False,38.0,,,,,,,,,,Brakes,,False,13.0,13,13.0,13,,1.0,False,False,False
995,2018,19,19,,DNF,55,carlos-sainz-jr,renault,renault,pirelli,False,28.0,,,,,,,,,,Clutch,,False,8.0,8,8.0,8,,1.0,False,False,False
995,2018,19,20,,DNF,14,fernando-alonso,mclaren,renault,pirelli,False,3.0,,,,,,,,,,Water pressure,,False,12.0,12,12.0,12,,0.0,False,False,False
996,2018,20,1,1.0,1,44,lewis-hamilton,mercedes,mercedes,pirelli,False,71.0,1:27:09.066,5229066.0,,,,,,,,,25.0,True,1.0,1,1.0,1,0.0,1.0,False,False,False
996,2018,20,2,2.0,2,33,max-verstappen,red-bull,tag-heuer,pirelli,False,71.0,1:27:10.535,5230535.0,,,+1.469,1469.0,,+1.469,1469.0,,18.0,False,5.0,5,5.0,5,3.0,1.0,False,True,False
996,2018,20,3,3.0,3,7,kimi-raikkonen,ferrari,ferrari,pirelli,False,71.0,1:27:13.830,5233830.0,,,+4.764,4764.0,,+3.295,3295.0,,15.0,False,4.0,4,4.0,4,1.0,1.0,False,False,False
996,2018,20,4,4.0,4,3,daniel-ricciardo,red-bull,tag-heuer,pirelli,False,71.0,1:27:14.259,5234259.0,,,+5.193,5193.0,,+0.429,429.0,,12.0,False,6.0,6,11.0,11,7.0,1.0,False,False,False
996,2018,20,5,5.0,5,77,valtteri-bottas,mercedes,mercedes,pirelli,False,71.0,1:27:32.009,5252009.0,,,+22.943,22943.0,,+17.750,17750.0,,10.0,False,3.0,3,3.0,3,-2.0,2.0,True,False,False
996,2018,20,6,6.0,6,5,sebastian-vettel,ferrari,ferrari,pirelli,False,71.0,1:27:36.063,5256063.0,,,+26.997,26997.0,,+4.054,4054.0,,8.0,False,2.0,2,2.0,2,-4.0,2.0,False,False,False
996,2018,20,7,7.0,7,16,charles-leclerc,sauber,ferrari,pirelli,False,71.0,1:27:53.265,5273265.0,,,+44.199,44199.0,,+17.202,17202.0,,6.0,False,8.0,8,7.0,7,0.0,1.0,False,False,False
996,2018,20,8,8.0,8,8,romain-grosjean,haas,ferrari,pirelli,False,71.0,1:28:00.296,5280296.0,,,+51.230,51230.0,,+7.031,7031.0,,4.0,False,9.0,9,8.0,8,0.0,1.0,False,False,False
996,2018,20,9,9.0,9,20,kevin-magnussen,haas,ferrari,pirelli,False,71.0,1:28:01.923,5281923.0,,,+52.857,52857.0,,+1.627,1627.0,,2.0,False,11.0,11,10.0,10,1.0,1.0,False,False,False
996,2018,20,10,10.0,10,11,sergio-perez,force-india,mercedes,pirelli,False,70.0,,,,,+1 lap,,1.0,,,,1.0,False,12.0,12,12.0,12,2.0,1.0,False,False,False
996,2018,20,11,11.0,11,28,brendon-hartley,toro-rosso,honda,pirelli,False,70.0,,,,,+1 lap,,1.0,,,,,False,17.0,17,16.0,16,5.0,1.0,False,False,False
996,2018,20,12,12.0,12,55,carlos-sainz-jr,renault,renault,pirelli,False,70.0,,,,,+1 lap,,1.0,,,,,False,16.0,16,15.0,15,3.0,2.0,False,False,False
996,2018,20,13,13.0,13,10,pierre-gasly,toro-rosso,honda,pirelli,False,70.0,,,,,+1 lap,,1.0,,,,,False,10.0,10,9.0,9,-4.0,1.0,False,False,False
996,2018,20,14,14.0,14,31,esteban-ocon,force-india,mercedes,pirelli,False,70.0,,,,,+1 lap,,1.0,,,,,False,13.0,13,18.0,18,4.0,2.0,False,False,False
996,2018,20,15,15.0,15,2,stoffel-vandoorne,mclaren,renault,pirelli,False,70.0,,,5.0,5000.0,+1 lap,,1.0,,,,,False,20.0,20,20.0,20,5.0,1.0,False,False,False
996,2018,20,16,16.0,16,35,sergey-sirotkin,williams,mercedes,pirelli,False,69.0,,,,,+2 laps,,2.0,,,,,False,15.0,15,14.0,14,-2.0,1.0,False,False,False
996,2018,20,17,17.0,17,14,fernando-alonso,mclaren,renault,pirelli,False,69.0,,,5.0,5000.0,+2 laps,,2.0,,,,,False,18.0,18,17.0,17,0.0,2.0,False,False,False
996,2018,20,18,18.0,18,18,lance-stroll,williams,mercedes,pirelli,False,69.0,,,,,+2 laps,,2.0,,,,,False,19.0,19,19.0,19,1.0,2.0,False,False,False
996,2018,20,19,,DNF,27,nico-hulkenberg,renault,renault,pirelli,False,32.0,,,,,,,,,,Overheating,,False,14.0,14,13.0,13,,0.0,False,False,False
996,2018,20,20,,DNF,9,marcus-ericsson,sauber,ferrari,pirelli,False,20.0,,,,,,,,,,Collision damage,,False,7.0,7,6.0,6,,1.0,False,False,False
997,2018,21,1,1.0,1,44,lewis-hamilton,mercedes,mercedes,pirelli,False,55.0,1:39:40.382,5980382.0,,,,,,,,,25.0,True,1.0,1,1.0,1,0.0,1.0,False,False,False
997,2018,21,2,2.0,2,5,sebastian-vettel,ferrari,ferrari,pirelli,False,55.0,1:39:42.963,5982963.0,,,+2.581,2581.0,,+2.581,2581.0,,18.0,False,3.0,3,3.0,3,1.0,1.0,True,False,False
997,2018,21,3,3.0,3,33,max-verstappen,red-bull,tag-heuer,pirelli,False,55.0,1:39:53.088,5993088.0,,,+12.706,12706.0,,+10.125,10125.0,,15.0,False,6.0,6,6.0,6,3.0,1.0,False,False,False
997,2018,21,4,4.0,4,3,daniel-ricciardo,red-bull,tag-heuer,pirelli,False,55.0,1:39:55.761,5995761.0,,,+15.379,15379.0,,+2.673,2673.0,,12.0,False,5.0,5,5.0,5,1.0,1.0,False,False,False
997,2018,21,5,5.0,5,77,valtteri-bottas,mercedes,mercedes,pirelli,False,55.0,1:40:28.339,6028339.0,,,+47.957,47957.0,,+32.578,32578.0,,10.0,False,2.0,2,2.0,2,-3.0,2.0,False,False,False
997,2018,21,6,6.0,6,55,carlos-sainz-jr,renault,renault,pirelli,False,55.0,1:40:52.930,6052930.0,,,+1:12.548,72548.0,,+24.591,24591.0,,8.0,False,11.0,11,11.0,11,5.0,1.0,False,False,False
997,2018,21,7,7.0,7,16,charles-leclerc,sauber,ferrari,pirelli,False,55.0,1:41:11.171,6071171.0,,,+1:30.789,90789.0,,+18.241,18241.0,,6.0,False,8.0,8,8.0,8,1.0,1.0,False,False,False
997,2018,21,8,8.0,8,11,sergio-perez,force-india,mercedes,pirelli,False,55.0,1:41:11.657,6071657.0,,,+1:31.275,91275.0,,+0.486,486.0,,4.0,False,14.0,14,14.0,14,6.0,1.0,False,False,False
997,2018,21,9,9.0,9,8,romain-grosjean,haas,ferrari,pirelli,False,54.0,,,,,+1 lap,,1.0,,,,2.0,False,7.0,7,7.0,7,-2.0,1.0,False,False,False
997,2018,21,10,10.0,10,20,kevin-magnussen,haas,ferrari,pirelli,False,54.0,,,,,+1 lap,,1.0,,,,1.0,False,13.0,13,13.0,13,3.0,1.0,False,False,False
997,2018,21,11,11.0,11,14,fernando-alonso,mclaren,renault,pirelli,False,54.0,,,15.0,15000.0,+1 lap,,1.0,,,,,False,15.0,15,15.0,15,4.0,1.0,False,True,False
997,2018,21,12,12.0,12,28,brendon-hartley,toro-rosso,honda,pirelli,False,54.0,,,,,+1 lap,,1.0,,,,,False,16.0,16,16.0,16,4.0,1.0,False,False,False
997,2018,21,13,13.0,13,18,lance-stroll,williams,mercedes,pirelli,False,54.0,,,,,+1 lap,,1.0,,,,,False,20.0,20,20.0,20,7.0,1.0,False,False,False
997,2018,21,14,14.0,14,2,stoffel-vandoorne,mclaren,renault,pirelli,False,54.0,,,,,+1 lap,,1.0,,,,,False,18.0,18,18.0,18,4.0,1.0,False,False,False
997,2018,21,15,15.0,15,35,sergey-sirotkin,williams,mercedes,pirelli,False,54.0,,,,,+1 lap,,1.0,,,,,False,19.0,19,19.0,19,4.0,1.0,False,False,False
997,2018,21,16,,DNF,10,pierre-gasly,toro-rosso,honda,pirelli,False,46.0,,,,,,,,,,Engine,,False,17.0,17,17.0,17,,1.0,False,False,False
997,2018,21,17,,DNF,31,esteban-ocon,force-india,mercedes,pirelli,False,44.0,,,5.0,5000.0,,,,,,Engine,,False,9.0,9,9.0,9,,1.0,False,False,False
997,2018,21,18,,DNF,9,marcus-ericsson,sauber,ferrari,pirelli,False,24.0,,,,,,,,,,Power loss,,False,12.0,12,12.0,12,,0.0,False,False,False
997,2018,21,19,,DNF,7,kimi-raikkonen,ferrari,ferrari,pirelli,False,6.0,,,,,,,,,,Power loss,,False,4.0,4,4.0,4,,0.0,False,False,False
997,2018,21,20,,DNF,27,nico-hulkenberg,renault,renault,pirelli,False,0.0,,,,,,,,,,Collision,,False,10.0,10,10.0,10,,0.0,False,False,False
998,2019,1,1,1.0,1,77,valtteri-bottas,mercedes,mercedes,pirelli,False,58.0,1:25:27.325,5127325.0,,,,,,,,,26.0,False,2.0,2,2.0,2,1.0,1.0,True,True,False
998,2019,1,2,2.0,2,44,lewis-hamilton,mercedes,mercedes,pirelli,False,58.0,1:25:48.211,5148211.0,,,+20.886,20886.0,,+20.886,20886.0,,18.0,True,1.0,1,1.0,1,-1.0,1.0,False,False,False
998,2019,1,3,3.0,3,33,max-verstappen,red-bull,honda,pirelli,False,58.0,1:25:49.845,5149845.0,,,+22.520,22520.0,,+1.634,1634.0,,15.0,False,4.0,4,4.0,4,1.0,1.0,False,False,False
998,2019,1,4,4.0,4,5,sebastian-vettel,ferrari,ferrari,pirelli,False,58.0,1:26:24.434,5184434.0,,,+57.109,57109.0,,+34.589,34589.0,,12.0,False,3.0,3,3.0,3,-1.0,1.0,False,False,False
998,2019,1,5,5.0,5,16,charles-leclerc,ferrari,ferrari,pirelli,False,58.0,1:26:25.555,5185555.0,,,+58.230,58230.0,,+1.121,1121.0,,10.0,False,5.0,5,5.0,5,0.0,1.0,False,False,False
998,2019,1,6,6.0,6,20,kevin-magnussen,haas,ferrari,pirelli,False,58.0,1:26:54.481,5214481.0,,,+1:27.156,87156.0,,+28.926,28926.0,,8.0,False,7.0,7,7.0,7,1.0,1.0,False,False,False
998,2019,1,7,7.0,7,27,nico-hulkenberg,renault,renault,pirelli,False,57.0,,,,,+1 lap,,1.0,,,,6.0,False,11.0,11,11.0,11,4.0,1.0,False,False,False
998,2019,1,8,8.0,8,7,kimi-raikkonen,alfa-romeo,ferrari,pirelli,False,57.0,,,,,+1 lap,,1.0,,,,4.0,False,9.0,9,9.0,9,1.0,1.0,False,False,False
998,2019,1,9,9.0,9,18,lance-stroll,racing-point,bwt-mercedes,pirelli,False,57.0,,,,,+1 lap,,1.0,,,,2.0,False,16.0,16,16.0,16,7.0,1.0,False,False,False
998,2019,1,10,10.0,10,26,daniil-kvyat,toro-rosso,honda,pirelli,False,57.0,,,,,+1 lap,,1.0,,,,1.0,False,15.0,15,15.0,15,5.0,1.0,False,False,False
998,2019,1,11,11.0,11,10,pierre-gasly,red-bull,honda,pirelli,False,57.0,,,,,+1 lap,,1.0,,,,,False,17.0,17,17.0,17,6.0,1.0,False,False,False
998,2019,1,12,12.0,12,4,lando-norris,mclaren,renault,pirelli,False,57.0,,,,,+1 lap,,1.0,,,,,False,8.0,8,8.0,8,-4.0,1.0,False,False,False
998,2019,1,13,13.0,13,11,sergio-perez,racing-point,bwt-mercedes,pirelli,False,57.0,,,,,+1 lap,,1.0,,,,,False,10.0,10,10.0,10,-3.0,1.0,False,False,False
998,2019,1,14,14.0,14,23,alexander-albon,toro-rosso,honda,pirelli,False,57.0,,,,,+1 lap,,1.0,,,,,False,13.0,13,13.0,13,-1.0,1.0,False,False,False
998,2019,1,15,15.0,15,99,antonio-giovinazzi,alfa-romeo,ferrari,pirelli,False,57.0,,,,,+1 lap,,1.0,,,,,False,14.0,14,14.0,14,-1.0,1.0,False,False,False
998,2019,1,16,16.0,16,63,george-russell,williams,mercedes,pirelli,False,56.0,,,,,+2 laps,,2.0,,,,,False,19.0,19,19.0,19,3.0,2.0,False,False,False
998,2019,1,17,17.0,17,88,robert-kubica,williams,mercedes,pirelli,False,55.0,,,,,+3 laps,,3.0,,,,,False,20.0,20,20.0,20,3.0,3.0,False,False,False
998,2019,1,18,,DNF,8,romain-grosjean,haas,ferrari,pirelli,False,29.0,,,,,,,,,,Wheel,,False,6.0,6,6.0,6,,1.0,False,False,False
998,2019,1,19,,DNF,3,daniel-ricciardo,renault,renault,pirelli,False,28.0,,,,,,,,,,Accident damage,,False,12.0,12,12.0,12,,1.0,False,False,False
998,2019,1,20,,DNF,55,carlos-sainz-jr,mclaren,renault,pirelli,False,9.0,,,,,,,,,,Power unit,,False,18.0,18,18.0,18,,0.0,False,False,False
999,2019,2,1,1.0,1,44,lewis-hamilton,mercedes,mercedes,pirelli,False,57.0,1:34:21.295,5661295.0,,,,,,,,,25.0,False,3.0,3,3.0,3,2.0,2.0,False,False,False
999,2019,2,2,2.0,2,77,valtteri-bottas,mercedes,mercedes,pirelli,False,57.0,1:34:24.275,5664275.0,,,+2.980,2980.0,,+2.980,2980.0,,18.0,False,4.0,4,4.0,4,2.0,2.0,False,False,False
999,2019,2,3,3.0,3,16,charles-leclerc,ferrari,ferrari,pirelli,False,57.0,1:34:27.426,5667426.0,,,+6.131,6131.0,,+3.151,3151.0,,16.0,True,1.0,1,1.0,1,-2.0,2.0,True,True,False
999,2019,2,4,4.0,4,33,max-verstappen,red-bull,honda,pirelli,False,57.0,1:34:27.703,5667703.0,,,+6.408,6408.0,,+0.277,277.0,,12.0,False,5.0,5,5.0,5,1.0,2.0,False,False,False
999,2019,2,5,5.0,5,5,sebastian-vettel,ferrari,ferrari,pirelli,False,57.0,1:34:57.363,5697363.0,,,+36.068,36068.0,,+29.660,29660.0,,10.0,False,2.0,2,2.0,2,-3.0,3.0,False,False,False
999,2019,2,6,6.0,6,4,lando-norris,mclaren,renault,pirelli,False,57.0,1:35:07.049,5707049.0,,,+45.754,45754.0,,+9.686,9686.0,,8.0,False,10.0,10,9.0,9,3.0,2.0,False,False,False
999,2019,2,7,7.0,7,7,kimi-raikkonen,alfa-romeo,ferrari,pirelli,False,57.0,1:35:08.765,5708765.0,,,+47.470,47470.0,,+1.716,1716.0,,6.0,False,9.0,9,8.0,8,1.0,2.0,False,False,False
999,2019,2,8,8.0,8,10,pierre-gasly,red-bull,honda,pirelli,False,57.0,1:35:19.389,5719389.0,,,+58.094,58094.0,,+10.624,10624.0,,4.0,False,13.0,13,13.0,13,5.0,2.0,False,False,False
999,2019,2,9,9.0,9,23,alexander-albon,toro-rosso,honda,pirelli,False,57.0,1:35:23.992,5723992.0,,,+1:02.697,62697.0,,+4.603,4603.0,,2.0,False,12.0,12,12.0,12,3.0,2.0,False,False,False
999,2019,2,10,10.0,10,11,sergio-perez,racing-point,bwt-mercedes,pirelli,False,57.0,1:35:24.991,5724991.0,,,+1:03.696,63696.0,,+0.999,999.0,,1.0,False,14.0,14,14.0,14,4.0,2.0,False,False,False
999,2019,2,11,11.0,11,99,antonio-giovinazzi,alfa-romeo,ferrari,pirelli,False,57.0,1:35:25.894,5725894.0,,,+1:04.599,64599.0,,+0.903,903.0,,,False,16.0,16,16.0,16,5.0,2.0,False,False,False
999,2019,2,12,12.0,12,26,daniil-kvyat,toro-rosso,honda,pirelli,False,56.0,,,,,+1 lap,,1.0,,,,,False,15.0,15,15.0,15,3.0,2.0,False,False,False
999,2019,2,13,13.0,13,20,kevin-magnussen,haas,ferrari,pirelli,False,56.0,,,,,+1 lap,,1.0,,,,,False,6.0,6,6.0,6,-7.0,2.0,False,False,False
999,2019,2,14,14.0,14,18,lance-stroll,racing-point,bwt-mercedes,pirelli,False,56.0,,,,,+1 lap,,1.0,,,,,False,18.0,18,18.0,18,4.0,2.0,False,False,False
999,2019,2,15,15.0,15,63,george-russell,williams,mercedes,pirelli,False,56.0,,,,,+1 lap,,1.0,,,,,False,19.0,19,19.0,19,4.0,2.0,False,False,False
999,2019,2,16,16.0,16,88,robert-kubica,williams,mercedes,pirelli,False,55.0,,,,,+2 laps,,2.0,,,,,False,20.0,20,20.0,20,4.0,2.0,False,False,False
999,2019,2,17,17.0,17,27,nico-hulkenberg,renault,renault,pirelli,False,53.0,,,,,,,,,,Power unit,,False,17.0,17,17.0,17,0.0,2.0,False,False,False
999,2019,2,18,18.0,18,3,daniel-ricciardo,renault,renault,pirelli,False,53.0,,,,,,,,,,Power loss,,False,11.0,11,10.0,10,-8.0,1.0,False,False,False
999,2019,2,19,19.0,19,55,carlos-sainz-jr,mclaren,renault,pirelli,False,53.0,,,,,,,,,,Gearbox,,False,7.0,7,7.0,7,-12.0,3.0,False,False,False
999,2019,2,20,,DNF,8,romain-grosjean,haas,ferrari,pirelli,False,16.0,,,,,,,,,,Collision damage,,False,8.0,8,11.0,11,,1.0,False,False,False
1000,2019,3,1,1.0,1,44,lewis-hamilton,mercedes,mercedes,pirelli,False,56.0,1:32:06.350,5526350.0,,,,,,,,,25.0,False,2.0,2,2.0,2,1.0,2.0,False,False,False
1000,2019,3,2,2.0,2,77,valtteri-bottas,mercedes,mercedes,pirelli,False,56.0,1:32:12.902,5532902.0,,,+6.552,6552.0,,+6.552,6552.0,,18.0,True,1.0,1,1.0,1,-1.0,2.0,False,False,False
1000,2019,3,3,3.0,3,5,sebastian-vettel,ferrari,ferrari,pirelli,False,56.0,1:32:20.094,5540094.0,,,+13.744,13744.0,,+7.192,7192.0,,15.0,False,3.0,3,3.0,3,0.0,2.0,False,False,False
1000,2019,3,4,4.0,4,33,max-verstappen,red-bull,honda,pirelli,False,56.0,1:32:33.977,5553977.0,,,+27.627,27627.0,,+13.883,13883.0,,12.0,False,5.0,5,5.0,5,1.0,2.0,False,False,False
1000,2019,3,5,5.0,5,16,charles-leclerc,ferrari,ferrari,pirelli,False,56.0,1:32:37.626,5557626.0,,,+31.276,31276.0,,+3.649,3649.0,,10.0,False,4.0,4,4.0,4,-1.0,2.0,False,False,False
1000,2019,3,6,6.0,6,10,pierre-gasly,red-bull,honda,pirelli,False,56.0,1:33:35.657,5615657.0,,,+1:29.307,89307.0,,+58.031,58031.0,,9.0,False,6.0,6,6.0,6,0.0,3.0,True,False,False
1000,2019,3,7,7.0,7,3,daniel-ricciardo,renault,renault,pirelli,False,55.0,,,,,+1 lap,,1.0,,,,6.0,False,7.0,7,7.0,7,0.0,1.0,False,False,False
1000,2019,3,8,8.0,8,11,sergio-perez,racing-point,bwt-mercedes,pirelli,False,55.0,,,,,+1 lap,,1.0,,,,4.0,False,12.0,12,12.0,12,4.0,1.0,False,False,False
1000,2019,3,9,9.0,9,7,kimi-raikkonen,alfa-romeo,ferrari,pirelli,False,55.0,,,,,+1 lap,,1.0,,,,2.0,False,13.0,13,13.0,13,4.0,1.0,False,False,False
1000,2019,3,10,10.0,10,23,alexander-albon,toro-rosso,honda,pirelli,False,55.0,,,,,+1 lap,,1.0,,,,1.0,False,,,,PL,10.0,1.0,False,True,False
1000,2019,3,11,11.0,11,8,romain-grosjean,haas,ferrari,pirelli,False,55.0,,,,,+1 lap,,1.0,,,,,False,10.0,10,10.0,10,-1.0,2.0,False,False,False
1000,2019,3,12,12.0,12,18,lance-stroll,racing-point,bwt-mercedes,pirelli,False,55.0,,,,,+1 lap,,1.0,,,,,False,16.0,16,16.0,16,4.0,2.0,False,False,False
1000,2019,3,13,13.0,13,20,kevin-magnussen,haas,ferrari,pirelli,False,55.0,,,,,+1 lap,,1.0,,,,,False,9.0,9,9.0,9,-4.0,2.0,False,False,False
1000,2019,3,14,14.0,14,55,carlos-sainz-jr,mclaren,renault,pirelli,False,55.0,,,,,+1 lap,,1.0,,,,,False,14.0,14,14.0,14,0.0,2.0,False,False,False
1000,2019,3,15,15.0,15,99,antonio-giovinazzi,alfa-romeo,ferrari,pirelli,False,55.0,,,,,+1 lap,,1.0,,,,,False,,NC,19.0,19,4.0,2.0,False,False,False
1000,2019,3,16,16.0,16,63,george-russell,williams,mercedes,pirelli,False,54.0,,,,,+2 laps,,2.0,,,,,False,17.0,17,17.0,17,1.0,2.0,False,False,False
1000,2019,3,17,17.0,17,88,robert-kubica,williams,mercedes,pirelli,False,54.0,,,,,+2 laps,,2.0,,,,,False,18.0,18,18.0,18,1.0,1.0,False,False,False
1000,2019,3,18,18.0,18,4,lando-norris,mclaren,renault,pirelli,False,50.0,,,,,,,,,,Collision damage,,False,15.0,15,15.0,15,-3.0,3.0,False,False,False
1000,2019,3,19,,DNF,26,daniil-kvyat,toro-rosso,honda,pirelli,False,41.0,,,,,,,,,,Collision damage,,False,11.0,11,11.0,11,,3.0,False,False,False
1000,2019,3,20,,DNF,27,nico-hulkenberg,renault,renault,pirelli,False,16.0,,,,,,,,,,Power unit,,False,8.0,8,8.0,8,,1.0,False,False,False
1001,2019,4,1,1.0,1,77,valtteri-bottas,mercedes,mercedes,pirelli,False,51.0,1:31:52.942,5512942.0,,,,,,,,,25.0,True,1.0,1,1.0,1,0.0,1.0,False,False,False
1001,2019,4,2,2.0,2,44,lewis-hamilton,mercedes,mercedes,pirelli,False,51.0,1:31:54.466,5514466.0,,,+1.524,1524.0,,+1.524,1524.0,,18.0,False,2.0,2,2.0,2,0.0,1.0,False,False,False
1001,2019,4,3,3.0,3,5,sebastian-vettel,ferrari,ferrari,pirelli,False,51.0,1:32:04.681,5524681.0,,,+11.739,11739.0,,+10.215,10215.0,,15.0,False,3.0,3,3.0,3,0.0,1.0,False,False,False
1001,2019,4,4,4.0,4,33,max-verstappen,red-bull,honda,pirelli,False,51.0,1:32:10.435,5530435.0,,,+17.493,17493.0,,+5.754,5754.0,,12.0,False,4.0,4,4.0,4,0.0,1.0,False,False,False
1001,2019,4,5,5.0,5,16,charles-leclerc,ferrari,ferrari,pirelli,False,51.0,1:33:02.049,5582049.0,,,+1:09.107,69107.0,,+51.614,51614.0,,11.0,False,9.0,9,8.0,8,3.0,2.0,True,True,False
1001,2019,4,6,6.0,6,11,sergio-perez,racing-point,bwt-mercedes,pirelli,False,51.0,1:33:09.358,5589358.0,,,+1:16.416,76416.0,,+7.309,7309.0,,8.0,False,5.0,5,5.0,5,-1.0,1.0,False,False,False
1001,2019,4,7,7.0,7,55,carlos-sainz-jr,mclaren,renault,pirelli,False,51.0,1:33:16.768,5596768.0,,,+1:23.826,83826.0,,+7.410,7410.0,,6.0,False,10.0,10,9.0,9,2.0,1.0,False,False,False
1001,2019,4,8,8.0,8,4,lando-norris,mclaren,renault,pirelli,False,51.0,1:33:33.210,5613210.0,,,+1:40.268,100268.0,,+16.442,16442.0,,4.0,False,7.0,7,7.0,7,-1.0,2.0,False,False,False
1001,2019,4,9,9.0,9,18,lance-stroll,racing-point,bwt-mercedes,pirelli,False,51.0,1:33:36.758,5616758.0,,,+1:43.816,103816.0,,+3.548,3548.0,,2.0,False,14.0,14,13.0,13,4.0,1.0,False,False,False
1001,2019,4,10,10.0,10,7,kimi-raikkonen,alfa-romeo,ferrari,pirelli,False,50.0,,,,,+1 lap,,1.0,,,,1.0,False,,EX,,PL,9.0,1.0,False,False,False
1001,2019,4,11,11.0,11,23,alexander-albon,toro-rosso,honda,pirelli,False,50.0,,,,,+1 lap,,1.0,,,,,False,12.0,12,11.0,11,0.0,1.0,False,False,False
1001,2019,4,12,12.0,12,99,antonio-giovinazzi,alfa-romeo,ferrari,pirelli,False,50.0,,,,,+1 lap,,1.0,,,,,False,8.0,8,17.0,17,5.0,1.0,False,False,False
1001,2019,4,13,13.0,13,20,kevin-magnussen,haas,ferrari,pirelli,False,50.0,,,,,+1 lap,,1.0,,,,,False,13.0,13,12.0,12,-1.0,2.0,False,False,False
1001,2019,4,14,14.0,14,27,nico-hulkenberg,renault,renault,pirelli,False,50.0,,,,,+1 lap,,1.0,,,,,False,16.0,16,15.0,15,1.0,2.0,False,False,False
1001,2019,4,15,15.0,15,63,george-russell,williams,mercedes,pirelli,False,49.0,,,,,+2 laps,,2.0,,,,,False,17.0,17,16.0,16,1.0,2.0,False,False,False
1001,2019,4,16,16.0,16,88,robert-kubica,williams,mercedes,pirelli,False,49.0,,,,,+2 laps,,2.0,,,,,False,18.0,18,,PL,2.0,3.0,False,False,False
1001,2019,4,17,,DNF,10,pierre-gasly,red-bull,honda,pirelli,False,38.0,,,,,,,,,,Driveshaft,,False,,EX,,PL,,0.0,False,False,False
1001,2019,4,18,,DNF,8,romain-grosjean,haas,ferrari,pirelli,False,38.0,,,,,,,,,,Brakes,,False,15.0,15,14.0,14,,1.0,False,False,False
1001,2019,4,19,,DNF,26,daniil-kvyat,toro-rosso,honda,pirelli,False,33.0,,,,,,,,,,Collision damage,,False,6.0,6,6.0,6,,1.0,False,False,False
1001,2019,4,20,,DNF,3,daniel-ricciardo,renault,renault,pirelli,False,31.0,,,,,,,,,,Collision damage,,False,11.0,11,10.0,10,,1.0,False,False,False
1002,2019,5,1,1.0,1,44,lewis-hamilton,mercedes,mercedes,pirelli,False,66.0,1:35:50.443,5750443.0,,,,,,,,,26.0,False,2.0,2,2.0,2,1.0,2.0,True,False,False
1002,2019,5,2,2.0,2,77,valtteri-bottas,mercedes,mercedes,pirelli,False,66.0,1:35:54.517,5754517.0,,,+4.074,4074.0,,+4.074,4074.0,,18.0,True,1.0,1,1.0,1,-1.0,2.0,False,False,False
1002,2019,5,3,3.0,3,33,max-verstappen,red-bull,honda,pirelli,False,66.0,1:35:58.122,5758122.0,,,+7.679,7679.0,,+3.605,3605.0,,15.0,False,4.0,4,4.0,4,1.0,2.0,False,True,False
1002,2019,5,4,4.0,4,5,sebastian-vettel,ferrari,ferrari,pirelli,False,66.0,1:35:59.610,5759610.0,,,+9.167,9167.0,,+1.488,1488.0,,12.0,False,3.0,3,3.0,3,-1.0,2.0,False,False,False
1002,2019,5,5,5.0,5,16,charles-leclerc,ferrari,ferrari,pirelli,False,66.0,1:36:03.804,5763804.0,,,+13.361,13361.0,,+4.194,4194.0,,10.0,False,5.0,5,5.0,5,0.0,2.0,False,False,False
1002,2019,5,6,6.0,6,10,pierre-gasly,red-bull,honda,pirelli,False,66.0,1:36:10.019,5770019.0,,,+19.576,19576.0,,+6.215,6215.0,,8.0,False,6.0,6,6.0,6,0.0,2.0,False,False,False
1002,2019,5,7,7.0,7,20,kevin-magnussen,haas,ferrari,pirelli,False,66.0,1:36:18.602,5778602.0,,,+28.159,28159.0,,+8.583,8583.0,,6.0,False,8.0,8,8.0,8,1.0,2.0,False,False,False
1002,2019,5,8,8.0,8,55,carlos-sainz-jr,mclaren,renault,pirelli,False,66.0,1:36:22.785,5782785.0,,,+32.342,32342.0,,+4.183,4183.0,,4.0,False,13.0,13,12.0,12,4.0,2.0,False,False,False
1002,2019,5,9,9.0,9,26,daniil-kvyat,toro-rosso,honda,pirelli,False,66.0,1:36:23.499,5783499.0,,,+33.056,33056.0,,+0.714,714.0,,2.0,False,9.0,9,9.0,9,0.0,2.0,False,False,False
1002,2019,5,10,10.0,10,8,romain-grosjean,haas,ferrari,pirelli,False,66.0,1:36:25.084,5785084.0,,,+34.641,34641.0,,+1.585,1585.0,,1.0,False,7.0,7,7.0,7,-3.0,2.0,False,False,False
1002,2019,5,11,11.0,11,23,alexander-albon,toro-rosso,honda,pirelli,False,66.0,1:36:25.888,5785888.0,,,+35.445,35445.0,,+0.804,804.0,,,False,12.0,12,11.0,11,0.0,2.0,False,False,False
1002,2019,5,12,12.0,12,3,daniel-ricciardo,renault,renault,pirelli,False,66.0,1:36:27.201,5787201.0,,,+36.758,36758.0,,+1.313,1313.0,,,False,10.0,10,13.0,13,1.0,2.0,False,False,False
1002,2019,5,13,13.0,13,27,nico-hulkenberg,renault,renault,pirelli,False,66.0,1:36:29.684,5789684.0,,,+39.241,39241.0,,+2.483,2483.0,,,False,16.0,16,,PL,7.0,1.0,False,False,False
1002,2019,5,14,14.0,14,7,kimi-raikkonen,alfa-romeo,ferrari,pirelli,False,66.0,1:36:32.246,5792246.0,,,+41.803,41803.0,,+2.562,2562.0,,,False,14.0,14,14.0,14,0.0,2.0,False,False,False
1002,2019,5,15,15.0,15,11,sergio-perez,racing-point,bwt-mercedes,pirelli,False,66.0,1:36:37.320,5797320.0,,,+46.877,46877.0,,+5.074,5074.0,,,False,15.0,15,15.0,15,0.0,2.0,False,False,False
1002,2019,5,16,16.0,16,99,antonio-giovinazzi,alfa-romeo,ferrari,pirelli,False,66.0,1:36:38.134,5798134.0,,,+47.691,47691.0,,+0.814,814.0,,,False,18.0,18,18.0,18,2.0,2.0,False,False,False
1002,2019,5,17,17.0,17,63,george-russell,williams,mercedes,pirelli,False,65.0,,,,,+1 lap,,1.0,,,,,False,19.0,19,19.0,19,2.0,2.0,False,False,False
1002,2019,5,18,18.0,18,88,robert-kubica,williams,mercedes,pirelli,False,65.0,,,,,+1 lap,,1.0,,,,,False,20.0,20,17.0,17,-1.0,2.0,False,False,False
1002,2019,5,19,,DNF,18,lance-stroll,racing-point,bwt-mercedes,pirelli,False,44.0,,,,,,,,,,Collision,,False,17.0,17,16.0,16,,1.0,False,False,False
1002,2019,5,20,,DNF,4,lando-norris,mclaren,renault,pirelli,False,44.0,,,,,,,,,,Collision,,False,11.0,11,10.0,10,,1.0,False,False,False
1003,2019,6,1,1.0,1,44,lewis-hamilton,mercedes,mercedes,pirelli,False,78.0,1:43:28.437,6208437.0,,,,,,,,,25.0,True,1.0,1,1.0,1,0.0,1.0,False,False,False
1003,2019,6,2,2.0,2,5,sebastian-vettel,ferrari,ferrari,pirelli,False,78.0,1:43:31.039,6211039.0,,,+2.602,2602.0,,+2.602,2602.0,,18.0,False,4.0,4,4.0,4,2.0,1.0,False,False,False
1003,2019,6,3,3.0,3,77,valtteri-bottas,mercedes,mercedes,pirelli,False,78.0,1:43:31.599,6211599.0,,,+3.162,3162.0,,+0.560,560.0,,15.0,False,2.0,2,2.0,2,-1.0,2.0,False,False,False
1003,2019,6,4,4.0,4,33,max-verstappen,red-bull,honda,pirelli,False,78.0,1:43:33.974,6213974.0,5.0,5000.0,+5.537,5537.0,,+2.375,2375.0,,12.0,False,3.0,3,3.0,3,-1.0,1.0,False,True,False
1003,2019,6,5,5.0,5,10,pierre-gasly,red-bull,honda,pirelli,False,78.0,1:43:38.383,6218383.0,,,+9.946,9946.0,,+4.409,4409.0,,11.0,False,5.0,5,8.0,8,3.0,2.0,True,False,False
1003,2019,6,6,6.0,6,55,carlos-sainz-jr,mclaren,renault,pirelli,False,78.0,1:44:21.891,6261891.0,,,+53.454,53454.0,,+43.508,43508.0,,8.0,False,9.0,9,9.0,9,3.0,1.0,False,False,False
1003,2019,6,7,7.0,7,26,daniil-kvyat,toro-rosso,honda,pirelli,False,78.0,1:44:23.011,6263011.0,,,+54.574,54574.0,,+1.120,1120.0,,6.0,False,8.0,8,7.0,7,0.0,1.0,False,False,False
1003,2019,6,8,8.0,8,23,alexander-albon,toro-rosso,honda,pirelli,False,78.0,1:44:23.637,6263637.0,,,+55.200,55200.0,,+0.626,626.0,,4.0,False,10.0,10,10.0,10,2.0,1.0,False,False,False
1003,2019,6,9,9.0,9,3,daniel-ricciardo,renault,renault,pirelli,False,78.0,1:44:29.331,6269331.0,,,+1:00.894,60894.0,,+5.694,5694.0,,2.0,False,7.0,7,6.0,6,-3.0,1.0,False,False,False
1003,2019,6,10,10.0,10,8,romain-grosjean,haas,ferrari,pirelli,False,78.0,1:44:29.471,6269471.0,5.0,5000.0,+1:01.034,61034.0,,+0.140,140.0,,1.0,False,13.0,13,13.0,13,3.0,1.0,False,False,False
1003,2019,6,11,11.0,11,4,lando-norris,mclaren,renault,pirelli,False,78.0,1:44:35.238,6275238.0,,,+1:06.801,66801.0,,+5.767,5767.0,,,False,12.0,12,12.0,12,1.0,1.0,False,False,False
1003,2019,6,12,12.0,12,11,sergio-perez,racing-point,bwt-mercedes,pirelli,False,77.0,,,,,+1 lap,,1.0,,,,,False,17.0,17,16.0,16,4.0,1.0,False,False,False
1003,2019,6,13,13.0,13,27,nico-hulkenberg,renault,renault,pirelli,False,77.0,,,,,+1 lap,,1.0,,,,,False,11.0,11,11.0,11,-2.0,1.0,False,False,False
1003,2019,6,14,14.0,14,20,kevin-magnussen,haas,ferrari,pirelli,False,77.0,,,5.0,5000.0,+1 lap,,1.0,,,,,False,6.0,6,5.0,5,-9.0,1.0,False,False,False
1003,2019,6,15,15.0,15,63,george-russell,williams,mercedes,pirelli,False,77.0,,,,,+1 lap,,1.0,,,,,False,19.0,19,19.0,19,4.0,1.0,False,False,False
1003,2019,6,16,16.0,16,18,lance-stroll,racing-point,bwt-mercedes,pirelli,False,77.0,,,5.0,5000.0,+1 lap,,1.0,,,,,False,18.0,18,17.0,17,1.0,1.0,False,False,False
1003,2019,6,17,17.0,17,7,kimi-raikkonen,alfa-romeo,ferrari,pirelli,False,77.0,,,,,+1 lap,,1.0,,,,,False,14.0,14,14.0,14,-3.0,1.0,False,False,False
1003,2019,6,18,18.0,18,88,robert-kubica,williams,mercedes,pirelli,False,77.0,,,,,+1 lap,,1.0,,,,,False,20.0,20,20.0,20,2.0,1.0,False,False,False
1003,2019,6,19,19.0,19,99,antonio-giovinazzi,alfa-romeo,ferrari,pirelli,False,76.0,,,,,+2 laps,,2.0,,,,,False,15.0,15,18.0,18,-1.0,1.0,False,False,False
1003,2019,6,20,,DNF,16,charles-leclerc,ferrari,ferrari,pirelli,False,16.0,,,,,,,,,,Puncture,,False,16.0,16,15.0,15,,2.0,False,False,False
1004,2019,7,1,1.0,1,44,lewis-hamilton,mercedes,mercedes,pirelli,False,70.0,1:29:07.084,5347084.0,,,,,,,,,25.0,False,2.0,2,2.0,2,1.0,1.0,False,False,False
1004,2019,7,2,2.0,2,5,sebastian-vettel,ferrari,ferrari,pirelli,False,70.0,1:29:10.742,5350742.0,5.0,5000.0,+3.658,3658.0,,+3.658,3658.0,,18.0,True,1.0,1,1.0,1,-1.0,1.0,False,True,False
1004,2019,7,3,3.0,3,16,charles-leclerc,ferrari,ferrari,pirelli,False,70.0,1:29:11.780,5351780.0,,,+4.696,4696.0,,+1.038,1038.0,,15.0,False,3.0,3,3.0,3,0.0,1.0,False,False,False
1004,2019,7,4,4.0,4,77,valtteri-bottas,mercedes,mercedes,pirelli,False,70.0,1:29:58.127,5398127.0,,,+51.043,51043.0,,+46.347,46347.0,,13.0,False,6.0,6,6.0,6,2.0,2.0,True,False,False
1004,2019,7,5,5.0,5,33,max-verstappen,red-bull,honda,pirelli,False,70.0,1:30:04.739,5404739.0,,,+57.655,57655.0,,+6.612,6612.0,,10.0,False,11.0,11,9.0,9,4.0,1.0,False,False,False
1004,2019,7,6,6.0,6,3,daniel-ricciardo,renault,renault,pirelli,False,69.0,,,,,+1 lap,,1.0,,,,8.0,False,4.0,4,4.0,4,-2.0,1.0,False,False,False
1004,2019,7,7,7.0,7,27,nico-hulkenberg,renault,renault,pirelli,False,69.0,,,,,+1 lap,,1.0,,,,6.0,False,7.0,7,7.0,7,0.0,1.0,False,False,False
1004,2019,7,8,8.0,8,10,pierre-gasly,red-bull,honda,pirelli,False,69.0,,,,,+1 lap,,1.0,,,,4.0,False,5.0,5,5.0,5,-3.0,1.0,False,False,False
1004,2019,7,9,9.0,9,18,lance-stroll,racing-point,bwt-mercedes,pirelli,False,69.0,,,,,+1 lap,,1.0,,,,2.0,False,18.0,18,17.0,17,8.0,1.0,False,False,False
1004,2019,7,10,10.0,10,26,daniil-kvyat,toro-rosso,honda,pirelli,False,69.0,,,,,+1 lap,,1.0,,,,1.0,False,12.0,12,10.0,10,0.0,1.0,False,False,False
1004,2019,7,11,11.0,11,55,carlos-sainz-jr,mclaren,renault,pirelli,False,69.0,,,,,+1 lap,,1.0,,,,,False,9.0,9,11.0,11,0.0,1.0,False,False,False
1004,2019,7,12,12.0,12,11,sergio-perez,racing-point,bwt-mercedes,pirelli,False,69.0,,,,,+1 lap,,1.0,,,,,False,16.0,16,15.0,15,3.0,1.0,False,False,False
1004,2019,7,13,13.0,13,99,antonio-giovinazzi,alfa-romeo,ferrari,pirelli,False,69.0,,,,,+1 lap,,1.0,,,,,False,13.0,13,12.0,12,-1.0,1.0,False,False,False
1004,2019,7,14,14.0,14,8,romain-grosjean,haas,ferrari,pirelli,False,69.0,,,,,+1 lap,,1.0,,,,,False,15.0,15,14.0,14,0.0,1.0,False,False,False
1004,2019,7,15,15.0,15,7,kimi-raikkonen,alfa-romeo,ferrari,pirelli,False,69.0,,,,,+1 lap,,1.0,,,,,False,17.0,17,16.0,16,1.0,2.0,False,False,False
1004,2019,7,16,16.0,16,63,george-russell,williams,mercedes,pirelli,False,68.0,,,,,+2 laps,,2.0,,,,,False,19.0,19,18.0,18,2.0,1.0,False,False,False
1004,2019,7,17,17.0,17,20,kevin-magnussen,haas,ferrari,pirelli,False,68.0,,,,,+2 laps,,2.0,,,,,False,10.0,10,,PL,3.0,1.0,False,False,False
1004,2019,7,18,18.0,18,88,robert-kubica,williams,mercedes,pirelli,False,67.0,,,,,+3 laps,,3.0,,,,,False,20.0,20,19.0,19,1.0,2.0,False,False,False
1004,2019,7,19,,DNF,23,alexander-albon,toro-rosso,honda,pirelli,False,59.0,,,,,,,,,,Collision damage,,False,14.0,14,13.0,13,,1.0,False,False,False
1004,2019,7,20,,DNF,4,lando-norris,mclaren,renault,pirelli,False,8.0,,,,,,,,,,Suspension,,False,8.0,8,8.0,8,,0.0,False,False,False
1005,2019,8,1,1.0,1,44,lewis-hamilton,mercedes,mercedes,pirelli,False,53.0,1:24:31.198,5071198.0,,,,,,,,,25.0,True,1.0,1,1.0,1,0.0,1.0,False,False,False
1005,2019,8,2,2.0,2,77,valtteri-bottas,mercedes,mercedes,pirelli,False,53.0,1:24:49.254,5089254.0,,,+18.056,18056.0,,+18.056,18056.0,,18.0,False,2.0,2,2.0,2,0.0,1.0,False,False,False
1005,2019,8,3,3.0,3,16,charles-leclerc,ferrari,ferrari,pirelli,False,53.0,1:24:50.183,5090183.0,,,+18.985,18985.0,,+0.929,929.0,,15.0,False,3.0,3,3.0,3,0.0,1.0,False,False,False
1005,2019,8,4,4.0,4,33,max-verstappen,red-bull,honda,pirelli,False,53.0,1:25:06.103,5106103.0,,,+34.905,34905.0,,+15.920,15920.0,,12.0,False,4.0,4,4.0,4,0.0,1.0,False,False,False
1005,2019,8,5,5.0,5,5,sebastian-vettel,ferrari,ferrari,pirelli,False,53.0,1:25:33.994,5133994.0,,,+1:02.796,62796.0,,+27.891,27891.0,,11.0,False,7.0,7,7.0,7,2.0,2.0,True,False,False
1005,2019,8,6,6.0,6,55,carlos-sainz-jr,mclaren,renault,pirelli,False,53.0,1:26:06.660,5166660.0,,,+1:35.462,95462.0,,+32.666,32666.0,,8.0,False,6.0,6,6.0,6,0.0,1.0,False,False,False
1005,2019,8,7,7.0,7,7,kimi-raikkonen,alfa-romeo,ferrari,pirelli,False,52.0,,,,,+1 lap,,1.0,,,,6.0,False,12.0,12,12.0,12,5.0,1.0,False,False,False
1005,2019,8,8,8.0,8,27,nico-hulkenberg,renault,renault,pirelli,False,52.0,,,,,+1 lap,,1.0,,,,4.0,False,13.0,13,13.0,13,5.0,1.0,False,False,False
1005,2019,8,9,9.0,9,4,lando-norris,mclaren,renault,pirelli,False,52.0,,,,,+1 lap,,1.0,,,,2.0,False,5.0,5,5.0,5,-4.0,1.0,False,True,False
1005,2019,8,10,10.0,10,10,pierre-gasly,red-bull,honda,pirelli,False,52.0,,,,,+1 lap,,1.0,,,,1.0,False,9.0,9,9.0,9,-1.0,1.0,False,False,False
1005,2019,8,11,11.0,11,3,daniel-ricciardo,renault,renault,pirelli,False,52.0,,,10.0,10000.0,+1 lap,,1.0,,,,,False,8.0,8,8.0,8,-3.0,1.0,False,False,False
1005,2019,8,12,12.0,12,11,sergio-perez,racing-point,bwt-mercedes,pirelli,False,52.0,,,,,+1 lap,,1.0,,,,,False,14.0,14,14.0,14,2.0,1.0,False,False,False
1005,2019,8,13,13.0,13,18,lance-stroll,racing-point,bwt-mercedes,pirelli,False,52.0,,,,,+1 lap,,1.0,,,,,False,18.0,18,17.0,17,4.0,1.0,False,False,False
1005,2019,8,14,14.0,14,26,daniil-kvyat,toro-rosso,honda,pirelli,False,52.0,,,,,+1 lap,,1.0,,,,,False,16.0,16,19.0,19,5.0,1.0,False,False,False
1005,2019,8,15,15.0,15,23,alexander-albon,toro-rosso,honda,pirelli,False,52.0,,,,,+1 lap,,1.0,,,,,False,11.0,11,11.0,11,-4.0,1.0,False,False,False
1005,2019,8,16,16.0,16,99,antonio-giovinazzi,alfa-romeo,ferrari,pirelli,False,52.0,,,,,+1 lap,,1.0,,,,,False,10.0,10,10.0,10,-6.0,2.0,False,False,False
1005,2019,8,17,17.0,17,20,kevin-magnussen,haas,ferrari,pirelli,False,52.0,,,,,+1 lap,,1.0,,,,,False,15.0,15,15.0,15,-2.0,1.0,False,False,False
1005,2019,8,18,18.0,18,88,robert-kubica,williams,mercedes,pirelli,False,51.0,,,,,+2 laps,,2.0,,,,,False,20.0,20,18.0,18,0.0,1.0,False,False,False
1005,2019,8,19,19.0,19,63,george-russell,williams,mercedes,pirelli,False,51.0,,,,,+2 laps,,2.0,,,,,False,19.0,19,20.0,20,1.0,2.0,False,False,False
1005,2019,8,20,,DNF,8,romain-grosjean,haas,ferrari,pirelli,False,44.0,,,,,,,,,,Retirement,,False,17.0,17,16.0,16,,1.0,False,False,False
1006,2019,9,1,1.0,1,33,max-verstappen,red-bull,honda,pirelli,False,71.0,1:22:01.822,4921822.0,,,,,,,,,26.0,False,3.0,3,2.0,2,1.0,1.0,True,False,False
1006,2019,9,2,2.0,2,16,charles-leclerc,ferrari,ferrari,pirelli,False,71.0,1:22:04.546,4924546.0,,,+2.724,2724.0,,+2.724,2724.0,,18.0,True,1.0,1,1.0,1,-1.0,1.0,False,False,False
1006,2019,9,3,3.0,3,77,valtteri-bottas,mercedes,mercedes,pirelli,False,71.0,1:22:20.782,4940782.0,,,+18.960,18960.0,,+16.236,16236.0,,15.0,False,4.0,4,3.0,3,0.0,1.0,False,False,False
1006,2019,9,4,4.0,4,5,sebastian-vettel,ferrari,ferrari,pirelli,False,71.0,1:22:21.432,4941432.0,,,+19.610,19610.0,,+0.650,650.0,,12.0,False,10.0,10,9.0,9,5.0,2.0,False,False,False
1006,2019,9,5,5.0,5,44,lewis-hamilton,mercedes,mercedes,pirelli,False,71.0,1:22:24.627,4944627.0,,,+22.805,22805.0,,+3.195,3195.0,,10.0,False,2.0,2,4.0,4,-1.0,1.0,False,False,False
1006,2019,9,6,6.0,6,4,lando-norris,mclaren,renault,pirelli,False,70.0,,,,,+1 lap,,1.0,,,,8.0,False,6.0,6,5.0,5,-1.0,1.0,False,False,False
1006,2019,9,7,7.0,7,10,pierre-gasly,red-bull,honda,pirelli,False,70.0,,,,,+1 lap,,1.0,,,,6.0,False,9.0,9,8.0,8,1.0,1.0,False,False,False
1006,2019,9,8,8.0,8,55,carlos-sainz-jr,mclaren,renault,pirelli,False,70.0,,,,,+1 lap,,1.0,,,,4.0,False,15.0,15,19.0,19,11.0,1.0,False,False,False
1006,2019,9,9,9.0,9,7,kimi-raikkonen,alfa-romeo,ferrari,pirelli,False,70.0,,,,,+1 lap,,1.0,,,,2.0,False,7.0,7,6.0,6,-3.0,1.0,False,False,False
1006,2019,9,10,10.0,10,99,antonio-giovinazzi,alfa-romeo,ferrari,pirelli,False,70.0,,,,,+1 lap,,1.0,,,,1.0,False,8.0,8,7.0,7,-3.0,1.0,False,False,False
1006,2019,9,11,11.0,11,11,sergio-perez,racing-point,bwt-mercedes,pirelli,False,70.0,,,,,+1 lap,,1.0,,,,,False,16.0,16,13.0,13,2.0,1.0,False,False,False
1006,2019,9,12,12.0,12,3,daniel-ricciardo,renault,renault,pirelli,False,70.0,,,,,+1 lap,,1.0,,,,,False,14.0,14,12.0,12,0.0,1.0,False,False,False
1006,2019,9,13,13.0,13,27,nico-hulkenberg,renault,renault,pirelli,False,70.0,,,,,+1 lap,,1.0,,,,,False,12.0,12,15.0,15,2.0,1.0,False,False,False
1006,2019,9,14,14.0,14,18,lance-stroll,racing-point,bwt-mercedes,pirelli,False,70.0,,,,,+1 lap,,1.0,,,,,False,17.0,17,14.0,14,0.0,1.0,False,False,False
1006,2019,9,15,15.0,15,23,alexander-albon,toro-rosso,honda,pirelli,False,70.0,,,,,+1 lap,,1.0,,,,,False,13.0,13,18.0,18,3.0,1.0,False,False,False
1006,2019,9,16,16.0,16,8,romain-grosjean,haas,ferrari,pirelli,False,70.0,,,,,+1 lap,,1.0,,,,,False,11.0,11,11.0,11,-5.0,1.0,False,False,False
1006,2019,9,17,17.0,17,26,daniil-kvyat,toro-rosso,honda,pirelli,False,70.0,,,,,+1 lap,,1.0,,,,,False,18.0,18,16.0,16,-1.0,1.0,False,False,False
1006,2019,9,18,18.0,18,63,george-russell,williams,mercedes,pirelli,False,69.0,,,,,+2 laps,,2.0,,,,,False,19.0,19,,PL,2.0,1.0,False,False,False
1006,2019,9,19,19.0,19,20,kevin-magnussen,haas,ferrari,pirelli,False,69.0,,,,,+2 laps,,2.0,,,,,False,5.0,5,10.0,10,-9.0,3.0,False,False,False
1006,2019,9,20,20.0,20,88,robert-kubica,williams,mercedes,pirelli,False,68.0,,,,,+3 laps,,3.0,,,,,False,20.0,20,17.0,17,-3.0,1.0,False,True,False
1007,2019,10,1,1.0,1,44,lewis-hamilton,mercedes,mercedes,pirelli,False,52.0,1:21:08.452,4868452.0,,,,,,,,,26.0,False,2.0,2,2.0,2,1.0,1.0,True,False,False
1007,2019,10,2,2.0,2,77,valtteri-bottas,mercedes,mercedes,pirelli,False,52.0,1:21:33.380,4893380.0,,,+24.928,24928.0,,+24.928,24928.0,,18.0,True,1.0,1,1.0,1,-1.0,2.0,False,False,False
1007,2019,10,3,3.0,3,16,charles-leclerc,ferrari,ferrari,pirelli,False,52.0,1:21:38.569,4898569.0,,,+30.117,30117.0,,+5.189,5189.0,,15.0,False,3.0,3,3.0,3,0.0,2.0,False,True,False
1007,2019,10,4,4.0,4,10,pierre-gasly,red-bull,honda,pirelli,False,52.0,1:21:43.144,4903144.0,,,+34.692,34692.0,,+4.575,4575.0,,12.0,False,5.0,5,5.0,5,1.0,1.0,False,False,False
1007,2019,10,5,5.0,5,33,max-verstappen,red-bull,honda,pirelli,False,52.0,1:21:47.910,4907910.0,,,+39.458,39458.0,,+4.766,4766.0,,10.0,False,4.0,4,4.0,4,-1.0,2.0,False,False,False
1007,2019,10,6,6.0,6,55,carlos-sainz-jr,mclaren,renault,pirelli,False,52.0,1:22:02.091,4922091.0,,,+53.639,53639.0,,+14.181,14181.0,,8.0,False,13.0,13,13.0,13,7.0,1.0,False,False,False
1007,2019,10,7,7.0,7,3,daniel-ricciardo,renault,renault,pirelli,False,52.0,1:22:02.853,4922853.0,,,+54.401,54401.0,,+0.762,762.0,,6.0,False,7.0,7,7.0,7,0.0,2.0,False,False,False
1007,2019,10,8,8.0,8,7,kimi-raikkonen,alfa-romeo,ferrari,pirelli,False,52.0,1:22:13.992,4933992.0,,,+1:05.540,65540.0,,+11.139,11139.0,,4.0,False,12.0,12,12.0,12,4.0,1.0,False,False,False
1007,2019,10,9,9.0,9,26,daniil-kvyat,toro-rosso,honda,pirelli,False,52.0,1:22:15.172,4935172.0,,,+1:06.720,66720.0,,+1.180,1180.0,,2.0,False,17.0,17,17.0,17,8.0,2.0,False,False,False
1007,2019,10,10,10.0,10,27,nico-hulkenberg,renault,renault,pirelli,False,52.0,1:22:21.185,4941185.0,,,+1:12.733,72733.0,,+6.013,6013.0,,1.0,False,10.0,10,10.0,10,0.0,1.0,False,False,False
1007,2019,10,11,11.0,11,4,lando-norris,mclaren,renault,pirelli,False,52.0,1:22:22.733,4942733.0,,,+1:14.281,74281.0,,+1.548,1548.0,,,False,8.0,8,8.0,8,-3.0,2.0,False,False,False
1007,2019,10,12,12.0,12,23,alexander-albon,toro-rosso,honda,pirelli,False,52.0,1:22:24.069,4944069.0,,,+1:15.617,75617.0,,+1.336,1336.0,,,False,9.0,9,9.0,9,-3.0,1.0,False,False,False
1007,2019,10,13,13.0,13,18,lance-stroll,racing-point,bwt-mercedes,pirelli,False,52.0,1:22:29.538,4949538.0,,,+1:21.086,81086.0,,+5.469,5469.0,,,False,18.0,18,18.0,18,5.0,2.0,False,False,False
1007,2019,10,14,14.0,14,63,george-russell,williams,mercedes,pirelli,False,51.0,,,,,+1 lap,,1.0,,,,,False,19.0,19,19.0,19,5.0,1.0,False,False,False
1007,2019,10,15,15.0,15,88,robert-kubica,williams,mercedes,pirelli,False,51.0,,,,,+1 lap,,1.0,,,,,False,20.0,20,20.0,20,5.0,1.0,False,False,False
1007,2019,10,16,16.0,16,5,sebastian-vettel,ferrari,ferrari,pirelli,False,51.0,,,10.0,10000.0,+1 lap,,1.0,,,,,False,6.0,6,6.0,6,-10.0,2.0,False,False,False
1007,2019,10,17,17.0,17,11,sergio-perez,racing-point,bwt-mercedes,pirelli,False,51.0,,,,,+1 lap,,1.0,,,,,False,15.0,15,15.0,15,-2.0,3.0,False,False,False
1007,2019,10,18,,DNF,99,antonio-giovinazzi,alfa-romeo,ferrari,pirelli,False,18.0,,,,,,,,,,Spun off,,False,11.0,11,11.0,11,,0.0,False,False,False
1007,2019,10,19,,DNF,8,romain-grosjean,haas,ferrari,pirelli,False,9.0,,,,,,,,,,Collision damage,,False,14.0,14,14.0,14,,1.0,False,False,False
1007,2019,10,20,,DNF,20,kevin-magnussen,haas,ferrari,pirelli,False,6.0,,,,,,,,,,Collision damage,,False,16.0,16,16.0,16,,1.0,False,False,False
1008,2019,11,1,1.0,1,33,max-verstappen,red-bull,honda,pirelli,False,64.0,1:44:31.275,6271275.0,,,,,,,,,26.0,False,2.0,2,2.0,2,1.0,5.0,True,True,False
1008,2019,11,2,2.0,2,5,sebastian-vettel,ferrari,ferrari,pirelli,False,64.0,1:44:38.608,6278608.0,,,+7.333,7333.0,,+7.333,7333.0,,18.0,False,,NC,20.0,20,18.0,5.0,False,False,False
1008,2019,11,3,3.0,3,26,daniil-kvyat,toro-rosso,honda,pirelli,False,64.0,1:44:39.580,6279580.0,,,+8.305,8305.0,,+0.972,972.0,,15.0,False,14.0,14,14.0,14,11.0,4.0,False,False,False
1008,2019,11,4,4.0,4,18,lance-stroll,racing-point,bwt-mercedes,pirelli,False,64.0,1:44:40.241,6280241.0,,,+8.966,8966.0,,+0.661,661.0,,12.0,False,15.0,15,15.0,15,11.0,5.0,False,False,False
1008,2019,11,5,5.0,5,55,carlos-sainz-jr,mclaren,renault,pirelli,False,64.0,1:44:40.858,6280858.0,,,+9.583,9583.0,,+0.617,617.0,,10.0,False,7.0,7,7.0,7,2.0,3.0,False,False,False
1008,2019,11,6,6.0,6,23,alexander-albon,toro-rosso,honda,pirelli,False,64.0,1:44:41.327,6281327.0,,,+10.052,10052.0,,+0.469,469.0,,8.0,False,17.0,17,16.0,16,10.0,4.0,False,False,False
1008,2019,11,7,7.0,7,8,romain-grosjean,haas,ferrari,pirelli,False,64.0,1:44:48.113,6288113.0,,,+16.838,16838.0,,+6.786,6786.0,,6.0,False,6.0,6,6.0,6,-1.0,5.0,False,False,False
1008,2019,11,8,8.0,8,20,kevin-magnussen,haas,ferrari,pirelli,False,64.0,1:44:50.040,6290040.0,,,+18.765,18765.0,,+1.927,1927.0,,4.0,False,12.0,12,12.0,12,4.0,6.0,False,False,False
1008,2019,11,9,9.0,9,44,lewis-hamilton,mercedes,mercedes,pirelli,False,64.0,1:44:50.942,6290942.0,,,+19.667,19667.0,,+0.902,902.0,,2.0,True,1.0,1,1.0,1,-8.0,6.0,False,False,False
1008,2019,11,10,10.0,10,88,robert-kubica,williams,mercedes,pirelli,False,64.0,1:44:56.262,6296262.0,,,+24.987,24987.0,,+5.320,5320.0,,1.0,False,19.0,19,18.0,18,8.0,5.0,False,False,False
1008,2019,11,11,11.0,11,63,george-russell,williams,mercedes,pirelli,False,64.0,1:44:57.679,6297679.0,,,+26.404,26404.0,,+1.417,1417.0,,,False,18.0,18,17.0,17,6.0,5.0,False,False,False
1008,2019,11,12,12.0,12,7,kimi-raikkonen,alfa-romeo,ferrari,pirelli,False,64.0,1:45:13.489,6313489.0,30.0,30000.0,+42.214,42214.0,,+15.810,15810.0,,,False,5.0,5,5.0,5,-7.0,4.0,False,False,False
1008,2019,11,13,13.0,13,99,antonio-giovinazzi,alfa-romeo,ferrari,pirelli,False,64.0,1:45:15.124,6315124.0,30.0,30000.0,+43.849,43849.0,,+1.635,1635.0,,,False,11.0,11,11.0,11,-2.0,4.0,False,False,False
1008,2019,11,14,14.0,14,10,pierre-gasly,red-bull,honda,pirelli,False,61.0,,,,,,,,,,Collision,,False,4.0,4,4.0,4,-10.0,4.0,False,False,False
1008,2019,11,15,,DNF,77,valtteri-bottas,mercedes,mercedes,pirelli,False,56.0,,,,,,,,,,Accident,,False,3.0,3,3.0,3,,4.0,False,False,False
1008,2019,11,16,,DNF,27,nico-hulkenberg,renault,renault,pirelli,False,39.0,,,,,,,,,,Accident,,False,9.0,9,9.0,9,,3.0,False,False,False
1008,2019,11,17,,DNF,16,charles-leclerc,ferrari,ferrari,pirelli,False,27.0,,,,,,,,,,Accident,,False,10.0,10,10.0,10,,3.0,False,False,False
1008,2019,11,18,,DNF,4,lando-norris,mclaren,renault,pirelli,False,25.0,,,,,,,,,,Power loss,,False,16.0,16,19.0,19,,2.0,False,False,False
1008,2019,11,19,,DNF,3,daniel-ricciardo,renault,renault,pirelli,False,13.0,,,,,,,,,,Exhaust,,False,13.0,13,13.0,13,,1.0,False,False,False
1008,2019,11,20,,DNF,11,sergio-perez,racing-point,bwt-mercedes,pirelli,False,1.0,,,,,,,,,,Accident,,False,8.0,8,8.0,8,,0.0,False,False,False
1009,2019,12,1,1.0,1,44,lewis-hamilton,mercedes,mercedes,pirelli,False,70.0,1:35:03.796,5703796.0,,,,,,,,,25.0,False,3.0,3,3.0,3,2.0,2.0,False,False,False
1009,2019,12,2,2.0,2,33,max-verstappen,red-bull,honda,pirelli,False,70.0,1:35:21.592,5721592.0,,,+17.796,17796.0,,+17.796,17796.0,,19.0,True,1.0,1,1.0,1,-1.0,2.0,True,True,False
1009,2019,12,3,3.0,3,5,sebastian-vettel,ferrari,ferrari,pirelli,False,70.0,1:36:05.229,5765229.0,,,+1:01.433,61433.0,,+43.637,43637.0,,15.0,False,5.0,5,5.0,5,2.0,1.0,False,False,False
1009,2019,12,4,4.0,4,16,charles-leclerc,ferrari,ferrari,pirelli,False,70.0,1:36:09.046,5769046.0,,,+1:05.250,65250.0,,+3.817,3817.0,,12.0,False,4.0,4,4.0,4,0.0,1.0,False,False,False
1009,2019,12,5,5.0,5,55,carlos-sainz-jr,mclaren,renault,pirelli,False,69.0,,,,,+1 lap,,1.0,,,,10.0,False,8.0,8,8.0,8,3.0,1.0,False,False,False
1009,2019,12,6,6.0,6,10,pierre-gasly,red-bull,honda,pirelli,False,69.0,,,,,+1 lap,,1.0,,,,8.0,False,6.0,6,6.0,6,0.0,1.0,False,False,False
1009,2019,12,7,7.0,7,7,kimi-raikkonen,alfa-romeo,ferrari,pirelli,False,69.0,,,,,+1 lap,,1.0,,,,6.0,False,10.0,10,10.0,10,3.0,1.0,False,False,False
1009,2019,12,8,8.0,8,77,valtteri-bottas,mercedes,mercedes,pirelli,False,69.0,,,,,+1 lap,,1.0,,,,4.0,False,2.0,2,2.0,2,-6.0,2.0,False,False,False
1009,2019,12,9,9.0,9,4,lando-norris,mclaren,renault,pirelli,False,69.0,,,,,+1 lap,,1.0,,,,2.0,False,7.0,7,7.0,7,-2.0,1.0,False,False,False
1009,2019,12,10,10.0,10,23,alexander-albon,toro-rosso,honda,pirelli,False,69.0,,,,,+1 lap,,1.0,,,,1.0,False,12.0,12,12.0,12,2.0,1.0,False,False,False
1009,2019,12,11,11.0,11,11,sergio-perez,racing-point,bwt-mercedes,pirelli,False,69.0,,,,,+1 lap,,1.0,,,,,False,17.0,17,16.0,16,5.0,1.0,False,False,False
1009,2019,12,12,12.0,12,27,nico-hulkenberg,renault,renault,pirelli,False,69.0,,,,,+1 lap,,1.0,,,,,False,11.0,11,11.0,11,-1.0,1.0,False,False,False
1009,2019,12,13,13.0,13,20,kevin-magnussen,haas,ferrari,pirelli,False,69.0,,,,,+1 lap,,1.0,,,,,False,15.0,15,14.0,14,1.0,1.0,False,False,False
1009,2019,12,14,14.0,14,3,daniel-ricciardo,renault,renault,pirelli,False,69.0,,,,,+1 lap,,1.0,,,,,False,18.0,18,20.0,20,6.0,1.0,False,False,False
1009,2019,12,15,15.0,15,26,daniil-kvyat,toro-rosso,honda,pirelli,False,68.0,,,,,+2 laps,,2.0,,,,,False,13.0,13,13.0,13,-2.0,1.0,False,False,False
1009,2019,12,16,16.0,16,63,george-russell,williams,mercedes,pirelli,False,68.0,,,,,+2 laps,,2.0,,,,,False,16.0,16,15.0,15,-1.0,1.0,False,False,False
1009,2019,12,17,17.0,17,18,lance-stroll,racing-point,bwt-mercedes,pirelli,False,68.0,,,,,+2 laps,,2.0,,,,,False,19.0,19,18.0,18,1.0,2.0,False,False,False
1009,2019,12,18,18.0,18,99,antonio-giovinazzi,alfa-romeo,ferrari,pirelli,False,68.0,,,,,+2 laps,,2.0,,,,,False,14.0,14,17.0,17,-1.0,1.0,False,False,False
1009,2019,12,19,19.0,19,88,robert-kubica,williams,mercedes,pirelli,False,67.0,,,,,+3 laps,,3.0,,,,,False,20.0,20,19.0,19,0.0,1.0,False,False,False
1009,2019,12,20,,DNF,8,romain-grosjean,haas,ferrari,pirelli,False,49.0,,,,,,,,,,Water pressure,,False,9.0,9,9.0,9,,1.0,False,False,False
1010,2019,13,1,1.0,1,16,charles-leclerc,ferrari,ferrari,pirelli,False,44.0,1:23:45.710,5025710.0,,,,,,,,,25.0,True,1.0,1,1.0,1,0.0,1.0,False,False,False
1010,2019,13,2,2.0,2,44,lewis-hamilton,mercedes,mercedes,pirelli,False,44.0,1:23:46.691,5026691.0,,,+0.981,981.0,,+0.981,981.0,,18.0,False,3.0,3,3.0,3,1.0,1.0,False,False,False
1010,2019,13,3,3.0,3,77,valtteri-bottas,mercedes,mercedes,pirelli,False,44.0,1:23:58.295,5038295.0,,,+12.585,12585.0,,+11.604,11604.0,,15.0,False,4.0,4,4.0,4,1.0,1.0,False,False,False
1010,2019,13,4,4.0,4,5,sebastian-vettel,ferrari,ferrari,pirelli,False,44.0,1:24:12.132,5052132.0,,,+26.422,26422.0,,+13.837,13837.0,,13.0,False,2.0,2,2.0,2,-2.0,2.0,True,False,False
1010,2019,13,5,5.0,5,23,alexander-albon,red-bull,honda,pirelli,False,44.0,1:25:07.035,5107035.0,,,+1:21.325,81325.0,,+54.903,54903.0,,10.0,False,14.0,14,17.0,17,12.0,1.0,False,False,False
1010,2019,13,6,6.0,6,11,sergio-perez,racing-point,bwt-mercedes,pirelli,False,44.0,1:25:10.158,5110158.0,,,+1:24.448,84448.0,,+3.123,3123.0,,8.0,False,9.0,9,7.0,7,1.0,1.0,False,False,False
1010,2019,13,7,7.0,7,26,daniil-kvyat,toro-rosso,honda,pirelli,False,44.0,1:25:15.367,5115367.0,,,+1:29.657,89657.0,,+5.209,5209.0,,6.0,False,18.0,18,19.0,19,12.0,1.0,False,False,False
1010,2019,13,8,8.0,8,27,nico-hulkenberg,renault,renault,pirelli,False,44.0,1:25:32.349,5132349.0,,,+1:46.639,106639.0,,+16.982,16982.0,,4.0,False,7.0,7,12.0,12,4.0,2.0,False,False,False
1010,2019,13,9,9.0,9,10,pierre-gasly,toro-rosso,honda,pirelli,False,44.0,1:25:34.878,5134878.0,,,+1:49.168,109168.0,,+2.529,2529.0,,2.0,False,16.0,16,13.0,13,4.0,1.0,False,False,False
1010,2019,13,10,10.0,10,18,lance-stroll,racing-point,bwt-mercedes,pirelli,False,44.0,1:25:35.548,5135548.0,,,+1:49.838,109838.0,,+0.670,670.0,,1.0,False,13.0,13,16.0,16,6.0,2.0,False,False,False
1010,2019,13,11,11.0,11,4,lando-norris,mclaren,renault,pirelli,False,43.0,,,,,,,,,,Power loss,,False,12.0,12,11.0,11,0.0,1.0,False,True,False
1010,2019,13,12,12.0,12,20,kevin-magnussen,haas,ferrari,pirelli,False,43.0,,,,,+1 lap,,1.0,,,,,False,10.0,10,8.0,8,-4.0,1.0,False,False,False
1010,2019,13,13,13.0,13,8,romain-grosjean,haas,ferrari,pirelli,False,43.0,,,,,+1 lap,,1.0,,,,,False,11.0,11,9.0,9,-4.0,1.0,False,False,False
1010,2019,13,14,14.0,14,3,daniel-ricciardo,renault,renault,pirelli,False,43.0,,,,,+1 lap,,1.0,,,,,False,6.0,6,10.0,10,-4.0,1.0,False,False,False
1010,2019,13,15,15.0,15,63,george-russell,williams,mercedes,pirelli,False,43.0,,,,,+1 lap,,1.0,,,,,False,19.0,19,14.0,14,-1.0,1.0,False,False,False
1010,2019,13,16,16.0,16,7,kimi-raikkonen,alfa-romeo,ferrari,pirelli,False,43.0,,,,,+1 lap,,1.0,,,,,False,8.0,8,6.0,6,-10.0,3.0,False,False,False
1010,2019,13,17,17.0,17,88,robert-kubica,williams,mercedes,pirelli,False,43.0,,,,,+1 lap,,1.0,,,,,False,,NC,,PL,3.0,1.0,False,False,False
1010,2019,13,18,18.0,18,99,antonio-giovinazzi,alfa-romeo,ferrari,pirelli,False,42.0,,,,,,,,,,Accident,,False,15.0,15,18.0,18,0.0,1.0,False,False,False
1010,2019,13,19,,DNF,55,carlos-sainz-jr,mclaren,renault,pirelli,False,1.0,,,,,,,,,,Power loss,,False,17.0,17,15.0,15,,1.0,False,False,False
1010,2019,13,20,,DNF,33,max-verstappen,red-bull,honda,pirelli,False,0.0,,,,,,,,,,Accident,,False,5.0,5,5.0,5,,0.0,False,False,False
1011,2019,14,1,1.0,1,16,charles-leclerc,ferrari,ferrari,pirelli,False,53.0,1:15:26.665,4526665.0,,,,,,,,,25.0,True,1.0,1,1.0,1,0.0,1.0,False,True,False
1011,2019,14,2,2.0,2,77,valtteri-bottas,mercedes,mercedes,pirelli,False,53.0,1:15:27.500,4527500.0,,,+0.835,835.0,,+0.835,835.0,,18.0,False,3.0,3,3.0,3,1.0,1.0,False,False,False
1011,2019,14,3,3.0,3,44,lewis-hamilton,mercedes,mercedes,pirelli,False,53.0,1:16:01.864,4561864.0,,,+35.199,35199.0,,+34.364,34364.0,,16.0,False,2.0,2,2.0,2,-1.0,2.0,True,False,False
1011,2019,14,4,4.0,4,3,daniel-ricciardo,renault,renault,pirelli,False,53.0,1:16:12.180,4572180.0,,,+45.515,45515.0,,+10.316,10316.0,,12.0,False,5.0,5,5.0,5,1.0,1.0,False,False,False
1011,2019,14,5,5.0,5,27,nico-hulkenberg,renault,renault,pirelli,False,53.0,1:16:24.830,4584830.0,,,+58.165,58165.0,,+12.650,12650.0,,10.0,False,6.0,6,6.0,6,1.0,1.0,False,False,False
1011,2019,14,6,6.0,6,23,alexander-albon,red-bull,honda,pirelli,False,53.0,1:16:25.980,4585980.0,,,+59.315,59315.0,,+1.150,1150.0,,8.0,False,8.0,8,8.0,8,2.0,1.0,False,False,False
1011,2019,14,7,7.0,7,11,sergio-perez,racing-point,bwt-mercedes,pirelli,False,53.0,1:16:40.467,4600467.0,,,+1:13.802,73802.0,,+14.487,14487.0,,6.0,False,17.0,17,18.0,18,11.0,1.0,False,False,False
1011,2019,14,8,8.0,8,33,max-verstappen,red-bull,honda,pirelli,False,53.0,1:16:41.157,4601157.0,,,+1:14.492,74492.0,,+0.690,690.0,,4.0,False,,NC,19.0,19,11.0,2.0,False,False,False
1011,2019,14,9,9.0,9,99,antonio-giovinazzi,alfa-romeo,ferrari,pirelli,False,52.0,,,,,+1 lap,,1.0,,,,2.0,False,11.0,11,10.0,10,1.0,1.0,False,False,False
1011,2019,14,10,10.0,10,4,lando-norris,mclaren,renault,pirelli,False,52.0,,,,,+1 lap,,1.0,,,,1.0,False,14.0,14,16.0,16,6.0,1.0,False,False,False
1011,2019,14,11,11.0,11,10,pierre-gasly,toro-rosso,honda,pirelli,False,52.0,,,,,+1 lap,,1.0,,,,,False,15.0,15,17.0,17,6.0,1.0,False,False,False
1011,2019,14,12,12.0,12,18,lance-stroll,racing-point,bwt-mercedes,pirelli,False,52.0,,,,,+1 lap,,1.0,,,,,False,9.0,9,9.0,9,-3.0,2.0,False,False,False
1011,2019,14,13,13.0,13,5,sebastian-vettel,ferrari,ferrari,pirelli,False,52.0,,,,,+1 lap,,1.0,,,,,False,4.0,4,4.0,4,-9.0,3.0,False,False,False
1011,2019,14,14,14.0,14,63,george-russell,williams,mercedes,pirelli,False,52.0,,,,,+1 lap,,1.0,,,,,False,18.0,18,14.0,14,0.0,1.0,False,False,False
1011,2019,14,15,15.0,15,7,kimi-raikkonen,alfa-romeo,ferrari,pirelli,False,52.0,,,,,+1 lap,,1.0,,,,,False,10.0,10,,PL,5.0,2.0,False,False,False
1011,2019,14,16,16.0,16,8,romain-grosjean,haas,ferrari,pirelli,False,52.0,,,,,+1 lap,,1.0,,,,,False,16.0,16,13.0,13,-3.0,2.0,False,False,False
1011,2019,14,17,17.0,17,88,robert-kubica,williams,mercedes,pirelli,False,51.0,,,,,+2 laps,,2.0,,,,,False,19.0,19,15.0,15,-2.0,2.0,False,False,False
1011,2019,14,18,,DNF,20,kevin-magnussen,haas,ferrari,pirelli,False,43.0,,,,,,,,,,Hydraulics,,False,12.0,12,11.0,11,,2.0,False,False,False
1011,2019,14,19,,DNF,26,daniil-kvyat,toro-rosso,honda,pirelli,False,29.0,,,,,,,,,,Oil leak,,False,13.0,13,12.0,12,,1.0,False,False,False
1011,2019,14,20,,DNF,55,carlos-sainz-jr,mclaren,renault,pirelli,False,27.0,,,,,,,,,,Wheel,,False,7.0,7,7.0,7,,1.0,False,False,False
1012,2019,15,1,1.0,1,5,sebastian-vettel,ferrari,ferrari,pirelli,False,61.0,1:58:33.667,7113667.0,,,,,,,,,25.0,False,3.0,3,3.0,3,2.0,1.0,False,True,False
1012,2019,15,2,2.0,2,16,charles-leclerc,ferrari,ferrari,pirelli,False,61.0,1:58:36.308,7116308.0,,,+2.641,2641.0,,+2.641,2641.0,,18.0,True,1.0,1,1.0,1,-1.0,1.0,False,False,False
1012,2019,15,3,3.0,3,33,max-verstappen,red-bull,honda,pirelli,False,61.0,1:58:37.488,7117488.0,,,+3.821,3821.0,,+1.180,1180.0,,15.0,False,4.0,4,4.0,4,1.0,1.0,False,False,False
1012,2019,15,4,4.0,4,44,lewis-hamilton,mercedes,mercedes,pirelli,False,61.0,1:58:38.275,7118275.0,,,+4.608,4608.0,,+0.787,787.0,,12.0,False,2.0,2,2.0,2,-2.0,1.0,False,False,False
1012,2019,15,5,5.0,5,77,valtteri-bottas,mercedes,mercedes,pirelli,False,61.0,1:58:39.786,7119786.0,,,+6.119,6119.0,,+1.511,1511.0,,10.0,False,5.0,5,5.0,5,0.0,1.0,False,False,False
1012,2019,15,6,6.0,6,23,alexander-albon,red-bull,honda,pirelli,False,61.0,1:58:45.330,7125330.0,,,+11.663,11663.0,,+5.544,5544.0,,8.0,False,6.0,6,6.0,6,0.0,1.0,False,False,False
1012,2019,15,7,7.0,7,4,lando-norris,mclaren,renault,pirelli,False,61.0,1:58:48.436,7128436.0,,,+14.769,14769.0,,+3.106,3106.0,,6.0,False,9.0,9,9.0,9,2.0,1.0,False,False,False
1012,2019,15,8,8.0,8,10,pierre-gasly,toro-rosso,honda,pirelli,False,61.0,1:58:49.214,7129214.0,,,+15.547,15547.0,,+0.778,778.0,,4.0,False,12.0,12,11.0,11,3.0,1.0,False,False,False
1012,2019,15,9,9.0,9,27,nico-hulkenberg,renault,renault,pirelli,False,61.0,1:58:50.385,7130385.0,,,+16.718,16718.0,,+1.171,1171.0,,2.0,False,8.0,8,8.0,8,-1.0,2.0,False,False,False
1012,2019,15,10,10.0,10,99,antonio-giovinazzi,alfa-romeo,ferrari,pirelli,False,61.0,1:59:01.522,7141522.0,10.0,10000.0,+27.855,27855.0,,+11.137,11137.0,,1.0,False,11.0,11,10.0,10,0.0,2.0,False,False,False
1012,2019,15,11,11.0,11,8,romain-grosjean,haas,ferrari,pirelli,False,61.0,1:59:09.103,7149103.0,,,+35.436,35436.0,,+7.581,7581.0,,,False,17.0,17,17.0,17,6.0,2.0,False,False,False
1012,2019,15,12,12.0,12,55,carlos-sainz-jr,mclaren,renault,pirelli,False,61.0,1:59:09.641,7149641.0,,,+35.974,35974.0,,+0.538,538.0,,,False,7.0,7,7.0,7,-5.0,2.0,False,False,False
1012,2019,15,13,13.0,13,18,lance-stroll,racing-point,bwt-mercedes,pirelli,False,61.0,1:59:10.086,7150086.0,,,+36.419,36419.0,,+0.445,445.0,,,False,16.0,16,16.0,16,3.0,3.0,False,False,False
1012,2019,15,14,14.0,14,3,daniel-ricciardo,renault,renault,pirelli,False,61.0,1:59:11.327,7151327.0,,,+37.660,37660.0,,+1.241,1241.0,,,False,,EX,20.0,20,6.0,1.0,False,False,False
1012,2019,15,15,15.0,15,26,daniil-kvyat,toro-rosso,honda,pirelli,False,61.0,1:59:11.845,7151845.0,,,+38.178,38178.0,,+0.518,518.0,,,False,15.0,15,14.0,14,-1.0,2.0,False,False,False
1012,2019,15,16,16.0,16,88,robert-kubica,williams,mercedes,pirelli,False,61.0,1:59:20.691,7160691.0,,,+47.024,47024.0,,+8.846,8846.0,,,False,19.0,19,19.0,19,3.0,2.0,False,False,False
1012,2019,15,17,17.0,17,20,kevin-magnussen,haas,ferrari,pirelli,False,61.0,2:00:0.189,7200189.0,,,+1:26.522,86522.0,,+39.498,39498.0,,,False,14.0,14,13.0,13,-4.0,2.0,True,False,False
1012,2019,15,18,,DNF,7,kimi-raikkonen,alfa-romeo,ferrari,pirelli,False,49.0,,,,,,,,,,Collision,,False,13.0,13,12.0,12,,1.0,False,False,False
1012,2019,15,19,,DNF,11,sergio-perez,racing-point,bwt-mercedes,pirelli,False,42.0,,,,,,,,,,Oil leak,,False,10.0,10,15.0,15,,1.0,False,False,False
1012,2019,15,20,,DNF,63,george-russell,williams,mercedes,pirelli,False,34.0,,,,,,,,,,Collision,,False,18.0,18,18.0,18,,1.0,False,False,False
1013,2019,16,1,1.0,1,44,lewis-hamilton,mercedes,mercedes,pirelli,False,53.0,1:33:38.992,5618992.0,,,,,,,,,26.0,False,2.0,2,2.0,2,1.0,1.0,True,False,False
1013,2019,16,2,2.0,2,77,valtteri-bottas,mercedes,mercedes,pirelli,False,53.0,1:33:42.821,5622821.0,,,+3.829,3829.0,,+3.829,3829.0,,18.0,False,5.0,5,4.0,4,2.0,1.0,False,False,False
1013,2019,16,3,3.0,3,16,charles-leclerc,ferrari,ferrari,pirelli,False,53.0,1:33:44.204,5624204.0,,,+5.212,5212.0,,+1.383,1383.0,,15.0,True,1.0,1,1.0,1,-2.0,2.0,False,False,False
1013,2019,16,4,4.0,4,33,max-verstappen,red-bull,honda,pirelli,False,53.0,1:33:53.202,5633202.0,,,+14.210,14210.0,,+8.998,8998.0,,12.0,False,4.0,4,9.0,9,5.0,1.0,False,False,False
1013,2019,16,5,5.0,5,23,alexander-albon,red-bull,honda,pirelli,False,53.0,1:34:17.340,5657340.0,,,+38.348,38348.0,,+24.138,24138.0,,10.0,False,19.0,19,,PL,15.0,1.0,False,False,False
1013,2019,16,6,6.0,6,55,carlos-sainz-jr,mclaren,renault,pirelli,False,53.0,1:34:24.881,5664881.0,,,+45.889,45889.0,,+7.541,7541.0,,8.0,False,6.0,6,5.0,5,-1.0,1.0,False,False,False
1013,2019,16,7,7.0,7,11,sergio-perez,racing-point,bwt-mercedes,pirelli,False,53.0,1:34:27.720,5667720.0,,,+48.728,48728.0,,+2.839,2839.0,,6.0,False,12.0,12,11.0,11,4.0,1.0,False,False,False
1013,2019,16,8,8.0,8,4,lando-norris,mclaren,renault,pirelli,False,53.0,1:34:36.741,5676741.0,,,+57.749,57749.0,,+9.021,9021.0,,4.0,False,8.0,8,7.0,7,-1.0,1.0,False,False,False
1013,2019,16,9,9.0,9,20,kevin-magnussen,haas,ferrari,pirelli,False,53.0,1:34:37.771,5677771.0,5.0,5000.0,+58.779,58779.0,,+1.030,1030.0,,2.0,False,14.0,14,13.0,13,4.0,1.0,False,False,False
1013,2019,16,10,10.0,10,27,nico-hulkenberg,renault,renault,pirelli,False,53.0,1:34:38.833,5678833.0,,,+59.841,59841.0,,+1.062,1062.0,,1.0,False,7.0,7,6.0,6,-4.0,2.0,False,False,False
1013,2019,16,11,11.0,11,18,lance-stroll,racing-point,bwt-mercedes,pirelli,False,53.0,1:34:39.813,5679813.0,,,+1:00.821,60821.0,,+0.980,980.0,,,False,15.0,15,14.0,14,3.0,1.0,False,False,False
1013,2019,16,12,12.0,12,26,daniil-kvyat,toro-rosso,honda,pirelli,False,53.0,1:34:41.488,5681488.0,,,+1:02.496,62496.0,,+1.675,1675.0,,,False,,NC,19.0,19,7.0,2.0,False,False,False
1013,2019,16,13,13.0,13,7,kimi-raikkonen,alfa-romeo,ferrari,pirelli,False,53.0,1:34:47.902,5687902.0,,,+1:08.910,68910.0,,+6.414,6414.0,,,False,16.0,16,15.0,15,2.0,2.0,False,False,False
1013,2019,16,14,14.0,14,10,pierre-gasly,toro-rosso,honda,pirelli,False,53.0,1:34:49.068,5689068.0,,,+1:10.076,70076.0,,+1.166,1166.0,,,False,11.0,11,16.0,16,2.0,1.0,False,False,False
1013,2019,16,15,15.0,15,99,antonio-giovinazzi,alfa-romeo,ferrari,pirelli,False,53.0,1:34:52.338,5692338.0,,,+1:13.346,73346.0,,+3.270,3270.0,,,False,13.0,13,12.0,12,-3.0,2.0,False,False,False
1013,2019,16,16,,DNF,88,robert-kubica,williams,mercedes,pirelli,False,28.0,,,,,,,,,,Withdrew,,False,18.0,18,18.0,18,,2.0,False,False,False
1013,2019,16,17,,DNF,63,george-russell,williams,mercedes,pirelli,False,27.0,,,,,,,,,,Wheel nut,,False,17.0,17,17.0,17,,1.0,False,False,False
1013,2019,16,18,,DNF,5,sebastian-vettel,ferrari,ferrari,pirelli,False,26.0,,,,,,,,,,Power loss,,False,3.0,3,3.0,3,,1.0,False,True,False
1013,2019,16,19,,DNF,3,daniel-ricciardo,renault,renault,pirelli,False,24.0,,,,,,,,,,Collision damage,,False,10.0,10,10.0,10,,1.0,False,False,False
1013,2019,16,20,,DNF,8,romain-grosjean,haas,ferrari,pirelli,False,0.0,,,,,,,,,,Collision,,False,9.0,9,8.0,8,,0.0,False,False,False
1014,2019,17,1,1.0,1,77,valtteri-bottas,mercedes,mercedes,pirelli,False,52.0,1:21:46.755,4906755.0,,,,,,,,,25.0,False,3.0,3,3.0,3,2.0,2.0,False,True,False
1014,2019,17,2,2.0,2,5,sebastian-vettel,ferrari,ferrari,pirelli,False,52.0,1:22:00.098,4920098.0,,,+13.343,13343.0,,+13.343,13343.0,,18.0,True,1.0,1,1.0,1,-1.0,2.0,False,False,False
1014,2019,17,3,3.0,3,44,lewis-hamilton,mercedes,mercedes,pirelli,False,52.0,1:22:00.613,4920613.0,,,+13.858,13858.0,,+0.515,515.0,,16.0,False,4.0,4,4.0,4,1.0,2.0,True,False,False
1014,2019,17,4,4.0,4,23,alexander-albon,red-bull,honda,pirelli,False,52.0,1:22:46.292,4966292.0,,,+59.537,59537.0,,+45.679,45679.0,,12.0,False,6.0,6,6.0,6,2.0,2.0,False,False,False
1014,2019,17,5,5.0,5,55,carlos-sainz-jr,mclaren,renault,pirelli,False,52.0,1:22:55.856,4975856.0,,,+1:09.101,69101.0,,+9.564,9564.0,,10.0,False,7.0,7,7.0,7,2.0,1.0,False,False,False
1014,2019,17,6,6.0,6,16,charles-leclerc,ferrari,ferrari,pirelli,False,51.0,,,15.0,15000.0,+1 lap,,1.0,,,,8.0,False,2.0,2,2.0,2,-4.0,3.0,False,False,False
1014,2019,17,7,7.0,7,10,pierre-gasly,toro-rosso,honda,pirelli,False,51.0,,,,,+1 lap,,1.0,,,,6.0,False,9.0,9,9.0,9,2.0,1.0,False,False,False
1014,2019,17,8,8.0,8,11,sergio-perez,racing-point,bwt-mercedes,pirelli,False,51.0,,,,,+1 lap,,1.0,,,,4.0,False,17.0,17,17.0,17,9.0,2.0,False,False,False
1014,2019,17,9,9.0,9,18,lance-stroll,racing-point,bwt-mercedes,pirelli,False,51.0,,,,,+1 lap,,1.0,,,,2.0,False,12.0,12,12.0,12,3.0,1.0,False,False,False
1014,2019,17,10,10.0,10,26,daniil-kvyat,toro-rosso,honda,pirelli,False,51.0,,,,,+1 lap,,1.0,,,,1.0,False,14.0,14,14.0,14,4.0,1.0,False,False,False
1014,2019,17,11,11.0,11,4,lando-norris,mclaren,renault,pirelli,False,51.0,,,,,+1 lap,,1.0,,,,,False,8.0,8,8.0,8,-3.0,2.0,False,False,False
1014,2019,17,12,12.0,12,7,kimi-raikkonen,alfa-romeo,ferrari,pirelli,False,51.0,,,,,+1 lap,,1.0,,,,,False,13.0,13,13.0,13,1.0,2.0,False,False,False
1014,2019,17,13,13.0,13,8,romain-grosjean,haas,ferrari,pirelli,False,51.0,,,,,+1 lap,,1.0,,,,,False,10.0,10,10.0,10,-3.0,1.0,False,False,False
1014,2019,17,14,14.0,14,99,antonio-giovinazzi,alfa-romeo,ferrari,pirelli,False,51.0,,,,,+1 lap,,1.0,,,,,False,11.0,11,11.0,11,-3.0,2.0,False,False,False
1014,2019,17,15,15.0,15,20,kevin-magnussen,haas,ferrari,pirelli,False,51.0,,,,,+1 lap,,1.0,,,,,False,,NC,19.0,19,4.0,2.0,False,False,False
1014,2019,17,16,16.0,16,63,george-russell,williams,mercedes,pirelli,False,50.0,,,,,+2 laps,,2.0,,,,,False,18.0,18,18.0,18,2.0,1.0,False,False,False
1014,2019,17,17,17.0,17,88,robert-kubica,williams,mercedes,pirelli,False,50.0,,,,,+2 laps,,2.0,,,,,False,,NC,,PL,3.0,2.0,False,False,False
1014,2019,17,18,,DNF,33,max-verstappen,red-bull,honda,pirelli,False,14.0,,,,,,,,,,Collision damage,,False,5.0,5,5.0,5,,0.0,False,False,False
1014,2019,17,19,,DSQ,3,daniel-ricciardo,renault,renault,pirelli,False,51.0,,,,,+1 lap,,1.0,,,Brake bias,,False,16.0,16,16.0,16,,1.0,False,False,False
1014,2019,17,20,,DSQ,27,nico-hulkenberg,renault,renault,pirelli,False,51.0,,,,,+1 lap,,1.0,,,Brake bias,,False,15.0,15,15.0,15,,1.0,False,False,False
1015,2019,18,1,1.0,1,44,lewis-hamilton,mercedes,mercedes,pirelli,False,71.0,1:36:48.904,5808904.0,,,,,,,,,25.0,False,4.0,4,3.0,3,2.0,1.0,False,False,False
1015,2019,18,2,2.0,2,5,sebastian-vettel,ferrari,ferrari,pirelli,False,71.0,1:36:50.670,5810670.0,,,+1.766,1766.0,,+1.766,1766.0,,18.0,False,3.0,3,2.0,2,0.0,1.0,False,False,False
1015,2019,18,3,3.0,3,77,valtteri-bottas,mercedes,mercedes,pirelli,False,71.0,1:36:52.457,5812457.0,,,+3.553,3553.0,,+1.787,1787.0,,15.0,False,6.0,6,6.0,6,3.0,1.0,False,False,False
1015,2019,18,4,4.0,4,16,charles-leclerc,ferrari,ferrari,pirelli,False,71.0,1:36:55.272,5815272.0,,,+6.368,6368.0,,+2.815,2815.0,,13.0,True,2.0,2,1.0,1,-3.0,2.0,True,False,False
1015,2019,18,5,5.0,5,23,alexander-albon,red-bull,honda,pirelli,False,71.0,1:37:10.303,5830303.0,,,+21.399,21399.0,,+15.031,15031.0,,10.0,False,5.0,5,5.0,5,0.0,2.0,False,False,False
1015,2019,18,6,6.0,6,33,max-verstappen,red-bull,honda,pirelli,False,71.0,1:37:57.711,5877711.0,,,+1:08.807,68807.0,,+47.408,47408.0,,8.0,False,1.0,1,4.0,4,-2.0,1.0,False,True,False
1015,2019,18,7,7.0,7,11,sergio-perez,racing-point,bwt-mercedes,pirelli,False,71.0,1:38:02.723,5882723.0,,,+1:13.819,73819.0,,+5.012,5012.0,,6.0,False,11.0,11,11.0,11,4.0,1.0,False,False,False
1015,2019,18,8,8.0,8,3,daniel-ricciardo,renault,renault,pirelli,False,71.0,1:38:03.828,5883828.0,,,+1:14.924,74924.0,,+1.105,1105.0,,4.0,False,13.0,13,13.0,13,5.0,1.0,False,False,False
1015,2019,18,9,9.0,9,10,pierre-gasly,toro-rosso,honda,pirelli,False,70.0,,,,,+1 lap,,1.0,,,,2.0,False,10.0,10,10.0,10,1.0,2.0,False,False,False
1015,2019,18,10,10.0,10,27,nico-hulkenberg,renault,renault,pirelli,False,70.0,,,,,+1 lap,,1.0,,,,1.0,False,12.0,12,12.0,12,2.0,1.0,False,False,False
1015,2019,18,11,11.0,11,26,daniil-kvyat,toro-rosso,honda,pirelli,False,70.0,,,10.0,10000.0,+1 lap,,1.0,,,,,False,9.0,9,9.0,9,-2.0,2.0,False,False,False
1015,2019,18,12,12.0,12,18,lance-stroll,racing-point,bwt-mercedes,pirelli,False,70.0,,,,,+1 lap,,1.0,,,,,False,16.0,16,16.0,16,4.0,1.0,False,False,False
1015,2019,18,13,13.0,13,55,carlos-sainz-jr,mclaren,renault,pirelli,False,70.0,,,,,+1 lap,,1.0,,,,,False,7.0,7,7.0,7,-6.0,2.0,False,False,False
1015,2019,18,14,14.0,14,99,antonio-giovinazzi,alfa-romeo,ferrari,pirelli,False,70.0,,,,,+1 lap,,1.0,,,,,False,15.0,15,15.0,15,1.0,1.0,False,False,False
1015,2019,18,15,15.0,15,20,kevin-magnussen,haas,ferrari,pirelli,False,69.0,,,,,+2 laps,,2.0,,,,,False,17.0,17,17.0,17,2.0,1.0,False,False,False
1015,2019,18,16,16.0,16,63,george-russell,williams,mercedes,pirelli,False,69.0,,,,,+2 laps,,2.0,,,,,False,19.0,19,19.0,19,3.0,1.0,False,False,False
1015,2019,18,17,17.0,17,8,romain-grosjean,haas,ferrari,pirelli,False,69.0,,,,,+2 laps,,2.0,,,,,False,18.0,18,18.0,18,1.0,1.0,False,False,False
1015,2019,18,18,18.0,18,88,robert-kubica,williams,mercedes,pirelli,False,69.0,,,,,+2 laps,,2.0,,,,,False,20.0,20,20.0,20,2.0,2.0,False,False,False
1015,2019,18,19,,DNF,7,kimi-raikkonen,alfa-romeo,ferrari,pirelli,False,58.0,,,,,,,,,,Overheating,,False,14.0,14,14.0,14,,2.0,False,False,False
1015,2019,18,20,,DNF,4,lando-norris,mclaren,renault,pirelli,False,48.0,,,,,,,,,,Withdrew,,False,8.0,8,8.0,8,,1.0,False,False,False
1016,2019,19,1,1.0,1,77,valtteri-bottas,mercedes,mercedes,pirelli,False,56.0,1:33:55.653,5635653.0,,,,,,,,,25.0,True,1.0,1,1.0,1,0.0,2.0,False,False,False
1016,2019,19,2,2.0,2,44,lewis-hamilton,mercedes,mercedes,pirelli,False,56.0,1:33:59.801,5639801.0,,,+4.148,4148.0,,+4.148,4148.0,,18.0,False,5.0,5,5.0,5,3.0,1.0,False,False,False
1016,2019,19,3,3.0,3,33,max-verstappen,red-bull,honda,pirelli,False,56.0,1:34:00.655,5640655.0,,,+5.002,5002.0,,+0.854,854.0,,15.0,False,3.0,3,3.0,3,0.0,2.0,False,False,False
1016,2019,19,4,4.0,4,16,charles-leclerc,ferrari,ferrari,pirelli,False,56.0,1:34:47.892,5687892.0,,,+52.239,52239.0,,+47.237,47237.0,,13.0,False,4.0,4,4.0,4,0.0,2.0,True,False,False
1016,2019,19,5,5.0,5,23,alexander-albon,red-bull,honda,pirelli,False,56.0,1:35:13.691,5713691.0,,,+1:18.038,78038.0,,+25.799,25799.0,,10.0,False,6.0,6,6.0,6,1.0,3.0,False,True,False
1016,2019,19,6,6.0,6,3,daniel-ricciardo,renault,renault,pirelli,False,56.0,1:35:26.019,5726019.0,,,+1:30.366,90366.0,,+12.328,12328.0,,8.0,False,9.0,9,9.0,9,3.0,1.0,False,False,False
1016,2019,19,7,7.0,7,4,lando-norris,mclaren,renault,pirelli,False,56.0,1:35:26.417,5726417.0,,,+1:30.764,90764.0,,+0.398,398.0,,6.0,False,8.0,8,8.0,8,1.0,2.0,False,False,False
1016,2019,19,8,8.0,8,55,carlos-sainz-jr,mclaren,renault,pirelli,False,55.0,,,,,+1 lap,,1.0,,,,4.0,False,7.0,7,7.0,7,-1.0,1.0,False,False,False
1016,2019,19,9,9.0,9,27,nico-hulkenberg,renault,renault,pirelli,False,55.0,,,,,+1 lap,,1.0,,,,2.0,False,11.0,11,11.0,11,2.0,2.0,False,False,False
1016,2019,19,10,10.0,10,11,sergio-perez,racing-point,bwt-mercedes,pirelli,False,55.0,,,,,+1 lap,,1.0,,,,1.0,False,19.0,19,,PL,10.0,1.0,False,False,False
1016,2019,19,11,11.0,11,7,kimi-raikkonen,alfa-romeo,ferrari,pirelli,False,55.0,,,,,+1 lap,,1.0,,,,,False,17.0,17,17.0,17,6.0,2.0,False,False,False
1016,2019,19,12,12.0,12,26,daniil-kvyat,toro-rosso,honda,pirelli,False,55.0,,,5.0,5000.0,+1 lap,,1.0,,,,,False,13.0,13,13.0,13,1.0,2.0,False,False,False
1016,2019,19,13,13.0,13,18,lance-stroll,racing-point,bwt-mercedes,pirelli,False,55.0,,,,,+1 lap,,1.0,,,,,False,14.0,14,14.0,14,1.0,2.0,False,False,False
1016,2019,19,14,14.0,14,99,antonio-giovinazzi,alfa-romeo,ferrari,pirelli,False,55.0,,,,,+1 lap,,1.0,,,,,False,16.0,16,16.0,16,2.0,2.0,False,False,False
1016,2019,19,15,15.0,15,8,romain-grosjean,haas,ferrari,pirelli,False,55.0,,,,,+1 lap,,1.0,,,,,False,15.0,15,15.0,15,0.0,1.0,False,False,False
1016,2019,19,16,16.0,16,10,pierre-gasly,toro-rosso,honda,pirelli,False,54.0,,,,,,,,,,Suspension,,False,10.0,10,10.0,10,-6.0,2.0,False,False,False
1016,2019,19,17,17.0,17,63,george-russell,williams,mercedes,pirelli,False,54.0,,,,,+2 laps,,2.0,,,,,False,18.0,18,18.0,18,1.0,2.0,False,False,False
1016,2019,19,18,18.0,18,20,kevin-magnussen,haas,ferrari,pirelli,False,52.0,,,,,,,,,,Brakes,,False,12.0,12,12.0,12,-6.0,2.0,False,False,False
1016,2019,19,19,,DNF,88,robert-kubica,williams,mercedes,pirelli,False,31.0,,,,,,,,,,Oil leak,,False,20.0,20,19.0,19,,1.0,False,False,False
1016,2019,19,20,,DNF,5,sebastian-vettel,ferrari,ferrari,pirelli,False,7.0,,,,,,,,,,Suspension,,False,2.0,2,2.0,2,,0.0,False,False,False
1017,2019,20,1,1.0,1,33,max-verstappen,red-bull,honda,pirelli,False,71.0,1:33:14.678,5594678.0,,,,,,,,,25.0,True,1.0,1,1.0,1,0.0,3.0,False,True,False
1017,2019,20,2,2.0,2,10,pierre-gasly,toro-rosso,honda,pirelli,False,71.0,1:33:20.755,5600755.0,,,+6.077,6077.0,,+6.077,6077.0,,18.0,False,7.0,7,6.0,6,4.0,2.0,False,False,False
1017,2019,20,3,3.0,3,55,carlos-sainz-jr,mclaren,renault,pirelli,False,71.0,1:33:23.574,5603574.0,,,+8.896,8896.0,,+2.819,2819.0,,15.0,False,,NC,20.0,20,17.0,1.0,False,False,False
1017,2019,20,4,4.0,4,7,kimi-raikkonen,alfa-romeo,ferrari,pirelli,False,71.0,1:33:24.130,5604130.0,,,+9.452,9452.0,,+0.556,556.0,,12.0,False,9.0,9,8.0,8,4.0,2.0,False,False,False
1017,2019,20,5,5.0,5,99,antonio-giovinazzi,alfa-romeo,ferrari,pirelli,False,71.0,1:33:24.879,5604879.0,,,+10.201,10201.0,,+0.749,749.0,,10.0,False,13.0,13,12.0,12,7.0,2.0,False,False,False
1017,2019,20,6,6.0,6,3,daniel-ricciardo,renault,renault,pirelli,False,71.0,1:33:25.219,5605219.0,,,+10.541,10541.0,,+0.340,340.0,,8.0,False,12.0,12,11.0,11,5.0,2.0,False,False,False
1017,2019,20,7,7.0,7,44,lewis-hamilton,mercedes,mercedes,pirelli,False,71.0,1:33:25.817,5605817.0,5.0,5000.0,+11.139,11139.0,,+0.598,598.0,,6.0,False,3.0,3,3.0,3,-4.0,3.0,False,False,False
1017,2019,20,8,8.0,8,4,lando-norris,mclaren,renault,pirelli,False,71.0,1:33:25.882,5605882.0,,,+11.204,11204.0,,+0.065,65.0,,4.0,False,11.0,11,10.0,10,2.0,2.0,False,False,False
1017,2019,20,9,9.0,9,11,sergio-perez,racing-point,bwt-mercedes,pirelli,False,71.0,1:33:26.207,5606207.0,,,+11.529,11529.0,,+0.325,325.0,,2.0,False,15.0,15,15.0,15,6.0,2.0,False,False,False
1017,2019,20,10,10.0,10,26,daniil-kvyat,toro-rosso,honda,pirelli,False,71.0,1:33:26.609,5606609.0,,,+11.931,11931.0,,+0.402,402.0,,1.0,False,16.0,16,16.0,16,6.0,2.0,False,False,False
1017,2019,20,11,11.0,11,20,kevin-magnussen,haas,ferrari,pirelli,False,71.0,1:33:27.410,5607410.0,,,+12.732,12732.0,,+0.801,801.0,,,False,10.0,10,9.0,9,-2.0,2.0,False,False,False
1017,2019,20,12,12.0,12,63,george-russell,williams,mercedes,pirelli,False,71.0,1:33:28.277,5608277.0,,,+13.599,13599.0,,+0.867,867.0,,,False,18.0,18,18.0,18,6.0,3.0,False,False,False
1017,2019,20,13,13.0,13,8,romain-grosjean,haas,ferrari,pirelli,False,71.0,1:33:28.925,5608925.0,,,+14.247,14247.0,,+0.648,648.0,,,False,8.0,8,7.0,7,-6.0,2.0,False,False,False
1017,2019,20,14,14.0,14,23,alexander-albon,red-bull,honda,pirelli,False,71.0,1:33:29.605,5609605.0,,,+14.927,14927.0,,+0.680,680.0,,,False,6.0,6,5.0,5,-9.0,2.0,False,False,False
1017,2019,20,15,15.0,15,27,nico-hulkenberg,renault,renault,pirelli,False,71.0,1:33:32.737,5612737.0,5.0,5000.0,+18.059,18059.0,,+3.132,3132.0,,,False,14.0,14,13.0,13,-2.0,3.0,False,False,False
1017,2019,20,16,16.0,16,88,robert-kubica,williams,mercedes,pirelli,False,70.0,,,,,+1 lap,,1.0,,,,,False,19.0,19,19.0,19,3.0,4.0,False,False,False
1017,2019,20,17,17.0,17,5,sebastian-vettel,ferrari,ferrari,pirelli,False,65.0,,,,,,,,,,Collision,,False,2.0,2,2.0,2,-15.0,2.0,False,False,False
1017,2019,20,18,18.0,18,16,charles-leclerc,ferrari,ferrari,pirelli,False,65.0,,,,,,,,,,Collision,,False,4.0,4,14.0,14,-4.0,2.0,False,False,False
1017,2019,20,19,19.0,19,18,lance-stroll,racing-point,bwt-mercedes,pirelli,False,65.0,,,,,,,,,,Suspension,,False,17.0,17,17.0,17,-2.0,2.0,False,False,False
1017,2019,20,20,,DNF,77,valtteri-bottas,mercedes,mercedes,pirelli,False,51.0,,,,,,,,,,Oil pressure,,False,5.0,5,4.0,4,,2.0,True,False,False
1018,2019,21,1,1.0,1,44,lewis-hamilton,mercedes,mercedes,pirelli,False,55.0,1:34:05.715,5645715.0,,,,,,,,,26.0,True,1.0,1,1.0,1,0.0,1.0,True,False,True
1018,2019,21,2,2.0,2,33,max-verstappen,red-bull,honda,pirelli,False,55.0,1:34:22.487,5662487.0,,,+16.772,16772.0,,+16.772,16772.0,,18.0,False,3.0,3,2.0,2,0.0,1.0,False,False,False
1018,2019,21,3,3.0,3,16,charles-leclerc,ferrari,ferrari,pirelli,False,55.0,1:34:49.150,5689150.0,,,+43.435,43435.0,,+26.663,26663.0,,15.0,False,4.0,4,3.0,3,0.0,2.0,False,False,False
1018,2019,21,4,4.0,4,77,valtteri-bottas,mercedes,mercedes,pirelli,False,55.0,1:34:50.094,5690094.0,,,+44.379,44379.0,,+0.944,944.0,,12.0,False,2.0,2,20.0,20,16.0,1.0,False,False,False
1018,2019,21,5,5.0,5,5,sebastian-vettel,ferrari,ferrari,pirelli,False,55.0,1:35:10.072,5710072.0,,,+1:04.357,64357.0,,+19.978,19978.0,,10.0,False,5.0,5,4.0,4,-1.0,2.0,False,False,False
1018,2019,21,6,6.0,6,23,alexander-albon,red-bull,honda,pirelli,False,55.0,1:35:14.920,5714920.0,,,+1:09.205,69205.0,,+4.848,4848.0,,8.0,False,6.0,6,5.0,5,-1.0,1.0,False,False,False
1018,2019,21,7,7.0,7,11,sergio-perez,racing-point,bwt-mercedes,pirelli,False,54.0,,,,,+1 lap,,1.0,,,,6.0,False,11.0,11,10.0,10,3.0,1.0,False,False,False
1018,2019,21,8,8.0,8,4,lando-norris,mclaren,renault,pirelli,False,54.0,,,,,+1 lap,,1.0,,,,4.0,False,7.0,7,6.0,6,-2.0,1.0,False,False,False
1018,2019,21,9,9.0,9,26,daniil-kvyat,toro-rosso,honda,pirelli,False,54.0,,,,,+1 lap,,1.0,,,,2.0,False,14.0,14,13.0,13,4.0,1.0,False,False,False
1018,2019,21,10,10.0,10,55,carlos-sainz-jr,mclaren,renault,pirelli,False,54.0,,,,,+1 lap,,1.0,,,,1.0,False,9.0,9,8.0,8,-2.0,2.0,False,False,False
1018,2019,21,11,11.0,11,3,daniel-ricciardo,renault,renault,pirelli,False,54.0,,,,,+1 lap,,1.0,,,,,False,8.0,8,7.0,7,-4.0,2.0,False,False,False
1018,2019,21,12,12.0,12,27,nico-hulkenberg,renault,renault,pirelli,False,54.0,,,,,+1 lap,,1.0,,,,,False,10.0,10,9.0,9,-3.0,1.0,False,True,False
1018,2019,21,13,13.0,13,7,kimi-raikkonen,alfa-romeo,ferrari,pirelli,False,54.0,,,,,+1 lap,,1.0,,,,,False,18.0,18,17.0,17,4.0,1.0,False,False,False
1018,2019,21,14,14.0,14,20,kevin-magnussen,haas,ferrari,pirelli,False,54.0,,,,,+1 lap,,1.0,,,,,False,15.0,15,14.0,14,0.0,1.0,False,False,False
1018,2019,21,15,15.0,15,8,romain-grosjean,haas,ferrari,pirelli,False,54.0,,,,,+1 lap,,1.0,,,,,False,16.0,16,15.0,15,0.0,1.0,False,False,False
1018,2019,21,16,16.0,16,99,antonio-giovinazzi,alfa-romeo,ferrari,pirelli,False,54.0,,,,,+1 lap,,1.0,,,,,False,17.0,17,16.0,16,0.0,2.0,False,False,False
1018,2019,21,17,17.0,17,63,george-russell,williams,mercedes,pirelli,False,54.0,,,,,+1 lap,,1.0,,,,,False,19.0,19,18.0,18,1.0,1.0,False,False,False
1018,2019,21,18,18.0,18,10,pierre-gasly,toro-rosso,honda,pirelli,False,53.0,,,,,+2 laps,,2.0,,,,,False,12.0,12,11.0,11,-7.0,1.0,False,False,False
1018,2019,21,19,19.0,19,88,robert-kubica,williams,mercedes,pirelli,False,53.0,,,,,+2 laps,,2.0,,,,,False,20.0,20,19.0,19,0.0,1.0,False,False,False
1018,2019,21,20,,DNF,18,lance-stroll,racing-point,bwt-mercedes,pirelli,False,45.0,,,,,,,,,,Brakes,,False,13.0,13,12.0,12,,2.0,False,False,False
1019,2020,1,1,1.0,1,77,valtteri-bottas,mercedes,mercedes,pirelli,False,71.0,1:30:55.739,5455739.0,,,,,,,,,25.0,True,1.0,1,1.0,1,0.0,2.0,False,False,False
1019,2020,1,2,2.0,2,16,charles-leclerc,ferrari,ferrari,pirelli,False,71.0,1:30:58.439,5458439.0,,,+2.700,2700.0,,+2.700,2700.0,,18.0,False,7.0,7,7.0,7,5.0,3.0,False,False,False
1019,2020,1,3,3.0,3,4,lando-norris,mclaren,renault,pirelli,False,71.0,1:31:01.230,5461230.0,,,+5.491,5491.0,,+2.791,2791.0,,16.0,False,4.0,4,3.0,3,0.0,3.0,True,False,False
1019,2020,1,4,4.0,4,44,lewis-hamilton,mercedes,mercedes,pirelli,False,71.0,1:31:01.428,5461428.0,5.0,5000.0,+5.689,5689.0,,+0.198,198.0,,12.0,False,2.0,2,5.0,5,1.0,2.0,False,False,False
1019,2020,1,5,5.0,5,55,carlos-sainz-jr,mclaren,renault,pirelli,False,71.0,1:31:04.642,5464642.0,,,+8.903,8903.0,,+3.214,3214.0,,10.0,False,8.0,8,8.0,8,3.0,3.0,False,False,False
1019,2020,1,6,6.0,6,11,sergio-perez,racing-point,bwt-mercedes,pirelli,False,71.0,1:31:10.831,5470831.0,5.0,5000.0,+15.092,15092.0,,+6.189,6189.0,,8.0,False,6.0,6,6.0,6,0.0,2.0,False,False,False
1019,2020,1,7,7.0,7,10,pierre-gasly,alphatauri,honda,pirelli,False,71.0,1:31:12.421,5472421.0,,,+16.682,16682.0,,+1.590,1590.0,,6.0,False,12.0,12,12.0,12,5.0,2.0,False,False,False
1019,2020,1,8,8.0,8,31,esteban-ocon,renault,renault,pirelli,False,71.0,1:31:13.195,5473195.0,,,+17.456,17456.0,,+0.774,774.0,,4.0,False,14.0,14,14.0,14,6.0,2.0,False,False,False
1019,2020,1,9,9.0,9,99,antonio-giovinazzi,alfa-romeo,ferrari,pirelli,False,71.0,1:31:16.885,5476885.0,,,+21.146,21146.0,,+3.690,3690.0,,2.0,False,18.0,18,18.0,18,9.0,3.0,False,False,False
1019,2020,1,10,10.0,10,5,sebastian-vettel,ferrari,ferrari,pirelli,False,71.0,1:31:20.284,5480284.0,,,+24.545,24545.0,,+3.399,3399.0,,1.0,False,11.0,11,11.0,11,1.0,3.0,False,False,False
1019,2020,1,11,11.0,11,6,nicholas-latifi,williams,mercedes,pirelli,False,71.0,1:31:27.389,5487389.0,,,+31.650,31650.0,,+7.105,7105.0,,,False,20.0,20,20.0,20,9.0,3.0,False,False,False
1019,2020,1,12,12.0,12,26,daniil-kvyat,alphatauri,honda,pirelli,False,69.0,,,,,,,,,,Suspension,,False,13.0,13,13.0,13,1.0,3.0,False,False,False
1019,2020,1,13,13.0,13,23,alexander-albon,red-bull,honda,pirelli,False,67.0,,,,,,,,,,Electronics,,False,5.0,5,4.0,4,-9.0,3.0,False,True,False
1019,2020,1,14,,DNF,7,kimi-raikkonen,alfa-romeo,ferrari,pirelli,False,53.0,,,,,,,,,,Wheel,,False,19.0,19,19.0,19,,2.0,False,False,False
1019,2020,1,15,,DNF,63,george-russell,williams,mercedes,pirelli,False,49.0,,,,,,,,,,Fuel pressure,,False,17.0,17,17.0,17,,1.0,False,False,False
1019,2020,1,16,,DNF,8,romain-grosjean,haas,ferrari,pirelli,False,49.0,,,,,,,,,,Brakes,,False,15.0,15,15.0,15,,1.0,False,False,False
1019,2020,1,17,,DNF,20,kevin-magnussen,haas,ferrari,pirelli,False,24.0,,,,,,,,,,Brakes,,False,16.0,16,16.0,16,,0.0,False,False,False
1019,2020,1,18,,DNF,18,lance-stroll,racing-point,bwt-mercedes,pirelli,False,20.0,,,,,,,,,,Engine,,False,9.0,9,9.0,9,,0.0,False,False,False
1019,2020,1,19,,DNF,3,daniel-ricciardo,renault,renault,pirelli,False,17.0,,,,,,,,,,Overheating,,False,10.0,10,10.0,10,,0.0,False,False,False
1019,2020,1,20,,DNF,33,max-verstappen,red-bull,honda,pirelli,False,11.0,,,,,,,,,,Electronics,,False,3.0,3,2.0,2,,0.0,False,False,False
1020,2020,2,1,1.0,1,44,lewis-hamilton,mercedes,mercedes,pirelli,False,71.0,1:22:50.683,4970683.0,,,,,,,,,25.0,True,1.0,1,1.0,1,0.0,1.0,False,False,False
1020,2020,2,2,2.0,2,77,valtteri-bottas,mercedes,mercedes,pirelli,False,71.0,1:23:04.402,4984402.0,,,+13.719,13719.0,,+13.719,13719.0,,18.0,False,4.0,4,4.0,4,2.0,1.0,False,False,False
1020,2020,2,3,3.0,3,33,max-verstappen,red-bull,honda,pirelli,False,71.0,1:23:24.381,5004381.0,,,+33.698,33698.0,,+19.979,19979.0,,15.0,False,2.0,2,2.0,2,-1.0,2.0,False,False,False
1020,2020,2,4,4.0,4,23,alexander-albon,red-bull,honda,pirelli,False,71.0,1:23:35.083,5015083.0,,,+44.400,44400.0,,+10.702,10702.0,,12.0,False,7.0,7,6.0,6,2.0,1.0,False,False,False
1020,2020,2,5,5.0,5,4,lando-norris,mclaren,renault,pirelli,False,71.0,1:23:52.153,5032153.0,,,+1:01.470,61470.0,,+17.070,17070.0,,10.0,False,6.0,6,9.0,9,4.0,1.0,False,False,False
1020,2020,2,6,6.0,6,11,sergio-perez,racing-point,bwt-mercedes,pirelli,False,71.0,1:23:53.070,5033070.0,,,+1:02.387,62387.0,,+0.917,917.0,,8.0,False,17.0,17,17.0,17,11.0,1.0,False,True,False
1020,2020,2,7,7.0,7,18,lance-stroll,racing-point,bwt-mercedes,pirelli,False,71.0,1:23:53.136,5033136.0,,,+1:02.453,62453.0,,+0.066,66.0,,6.0,False,13.0,13,13.0,13,6.0,1.0,False,False,False
1020,2020,2,8,8.0,8,3,daniel-ricciardo,renault,renault,pirelli,False,71.0,1:23:53.274,5033274.0,,,+1:02.591,62591.0,,+0.138,138.0,,4.0,False,9.0,9,8.0,8,0.0,1.0,False,False,False
1020,2020,2,9,9.0,9,55,carlos-sainz-jr,mclaren,renault,pirelli,False,70.0,,,,,+1 lap,,1.0,,,,3.0,False,3.0,3,3.0,3,-6.0,2.0,True,False,False
1020,2020,2,10,10.0,10,26,daniil-kvyat,alphatauri,honda,pirelli,False,70.0,,,,,+1 lap,,1.0,,,,1.0,False,14.0,14,14.0,14,4.0,1.0,False,False,False
1020,2020,2,11,11.0,11,7,kimi-raikkonen,alfa-romeo,ferrari,pirelli,False,70.0,,,,,+1 lap,,1.0,,,,,False,16.0,16,16.0,16,5.0,1.0,False,False,False
1020,2020,2,12,12.0,12,20,kevin-magnussen,haas,ferrari,pirelli,False,70.0,,,,,+1 lap,,1.0,,,,,False,15.0,15,15.0,15,3.0,1.0,False,False,False
1020,2020,2,13,13.0,13,8,romain-grosjean,haas,ferrari,pirelli,False,70.0,,,,,+1 lap,,1.0,,,,,False,20.0,20,,PL,7.0,1.0,False,False,False
1020,2020,2,14,14.0,14,99,antonio-giovinazzi,alfa-romeo,ferrari,pirelli,False,70.0,,,,,+1 lap,,1.0,,,,,False,19.0,19,19.0,19,5.0,1.0,False,False,False
1020,2020,2,15,15.0,15,10,pierre-gasly,alphatauri,honda,pirelli,False,70.0,,,,,+1 lap,,1.0,,,,,False,8.0,8,7.0,7,-8.0,2.0,False,False,False
1020,2020,2,16,16.0,16,63,george-russell,williams,mercedes,pirelli,False,69.0,,,,,+2 laps,,2.0,,,,,False,12.0,12,12.0,12,-4.0,1.0,False,False,False
1020,2020,2,17,17.0,17,6,nicholas-latifi,williams,mercedes,pirelli,False,69.0,,,,,+2 laps,,2.0,,,,,False,18.0,18,18.0,18,1.0,1.0,False,False,False
1020,2020,2,18,,DNF,31,esteban-ocon,renault,renault,pirelli,False,25.0,,,,,,,,,,Overheating,,False,5.0,5,5.0,5,,0.0,False,False,False
1020,2020,2,19,,DNF,16,charles-leclerc,ferrari,ferrari,pirelli,False,4.0,,,,,,,,,,Collision damage,,False,11.0,11,11.0,11,,1.0,False,False,False
1020,2020,2,20,,DNF,5,sebastian-vettel,ferrari,ferrari,pirelli,False,1.0,,,,,,,,,,Collision damage,,False,10.0,10,10.0,10,,0.0,False,False,False
1021,2020,3,1,1.0,1,44,lewis-hamilton,mercedes,mercedes,pirelli,False,70.0,1:36:12.473,5772473.0,,,,,,,,,26.0,True,1.0,1,1.0,1,0.0,3.0,True,False,False
1021,2020,3,2,2.0,2,33,max-verstappen,red-bull,honda,pirelli,False,70.0,1:36:21.175,5781175.0,,,+8.702,8702.0,,+8.702,8702.0,,18.0,False,7.0,7,7.0,7,5.0,2.0,False,True,False
1021,2020,3,3,3.0,3,77,valtteri-bottas,mercedes,mercedes,pirelli,False,70.0,1:36:21.925,5781925.0,,,+9.452,9452.0,,+0.750,750.0,,15.0,False,2.0,2,2.0,2,-1.0,3.0,False,False,False
1021,2020,3,4,4.0,4,18,lance-stroll,racing-point,bwt-mercedes,pirelli,False,70.0,1:37:10.052,5830052.0,,,+57.579,57579.0,,+48.127,48127.0,,12.0,False,3.0,3,3.0,3,-1.0,3.0,False,False,False
1021,2020,3,5,5.0,5,23,alexander-albon,red-bull,honda,pirelli,False,70.0,1:37:30.789,5850789.0,,,+1:18.316,78316.0,,+20.737,20737.0,,10.0,False,13.0,13,13.0,13,8.0,2.0,False,False,False
1021,2020,3,6,6.0,6,5,sebastian-vettel,ferrari,ferrari,pirelli,False,69.0,,,,,+1 lap,,1.0,,,,8.0,False,5.0,5,5.0,5,-1.0,2.0,False,False,False
1021,2020,3,7,7.0,7,11,sergio-perez,racing-point,bwt-mercedes,pirelli,False,69.0,,,,,+1 lap,,1.0,,,,6.0,False,4.0,4,4.0,4,-3.0,2.0,False,False,False
1021,2020,3,8,8.0,8,3,daniel-ricciardo,renault,renault,pirelli,False,69.0,,,,,+1 lap,,1.0,,,,4.0,False,11.0,11,11.0,11,3.0,2.0,False,False,False
1021,2020,3,9,9.0,9,55,carlos-sainz-jr,mclaren,renault,pirelli,False,69.0,,,,,+1 lap,,1.0,,,,2.0,False,9.0,9,9.0,9,0.0,2.0,False,False,False
1021,2020,3,10,10.0,10,20,kevin-magnussen,haas,ferrari,pirelli,False,69.0,,,10.0,10000.0,+1 lap,,1.0,,,,1.0,False,16.0,16,,PL,6.0,1.0,False,False,False
1021,2020,3,11,11.0,11,16,charles-leclerc,ferrari,ferrari,pirelli,False,69.0,,,,,+1 lap,,1.0,,,,,False,6.0,6,6.0,6,-5.0,2.0,False,False,False
1021,2020,3,12,12.0,12,26,daniil-kvyat,alphatauri,honda,pirelli,False,69.0,,,,,+1 lap,,1.0,,,,,False,17.0,17,17.0,17,5.0,2.0,False,False,False
1021,2020,3,13,13.0,13,4,lando-norris,mclaren,renault,pirelli,False,69.0,,,,,+1 lap,,1.0,,,,,False,8.0,8,8.0,8,-5.0,2.0,False,False,False
1021,2020,3,14,14.0,14,31,esteban-ocon,renault,renault,pirelli,False,69.0,,,,,+1 lap,,1.0,,,,,False,14.0,14,14.0,14,0.0,2.0,False,False,False
1021,2020,3,15,15.0,15,7,kimi-raikkonen,alfa-romeo,ferrari,pirelli,False,69.0,,,,,+1 lap,,1.0,,,,,False,20.0,20,20.0,20,5.0,2.0,False,False,False
1021,2020,3,16,16.0,16,8,romain-grosjean,haas,ferrari,pirelli,False,69.0,,,10.0,10000.0,+1 lap,,1.0,,,,,False,18.0,18,,PL,2.0,1.0,False,False,False
1021,2020,3,17,17.0,17,99,antonio-giovinazzi,alfa-romeo,ferrari,pirelli,False,69.0,,,,,+1 lap,,1.0,,,,,False,19.0,19,19.0,19,2.0,3.0,False,False,False
1021,2020,3,18,18.0,18,63,george-russell,williams,mercedes,pirelli,False,69.0,,,,,+1 lap,,1.0,,,,,False,12.0,12,12.0,12,-6.0,3.0,False,False,False
1021,2020,3,19,19.0,19,6,nicholas-latifi,williams,mercedes,pirelli,False,65.0,,,,,+5 laps,,5.0,,,,,False,15.0,15,15.0,15,-4.0,5.0,False,False,False
1021,2020,3,20,,DNF,10,pierre-gasly,alphatauri,honda,pirelli,False,15.0,,,,,,,,,,Gearbox,,False,10.0,10,10.0,10,,1.0,False,False,False
1022,2020,4,1,1.0,1,44,lewis-hamilton,mercedes,mercedes,pirelli,False,52.0,1:28:01.283,5281283.0,,,,,,,,,25.0,True,1.0,1,1.0,1,0.0,1.0,False,False,False
1022,2020,4,2,2.0,2,33,max-verstappen,red-bull,honda,pirelli,False,52.0,1:28:07.139,5287139.0,,,+5.856,5856.0,,+5.856,5856.0,,19.0,False,3.0,3,3.0,3,1.0,2.0,True,False,False
1022,2020,4,3,3.0,3,16,charles-leclerc,ferrari,ferrari,pirelli,False,52.0,1:28:19.757,5299757.0,,,+18.474,18474.0,,+12.618,12618.0,,15.0,False,4.0,4,4.0,4,1.0,1.0,False,False,False
1022,2020,4,4,4.0,4,3,daniel-ricciardo,renault,renault,pirelli,False,52.0,1:28:20.933,5300933.0,,,+19.650,19650.0,,+1.176,1176.0,,12.0,False,8.0,8,8.0,8,4.0,1.0,False,False,False
1022,2020,4,5,5.0,5,4,lando-norris,mclaren,renault,pirelli,False,52.0,1:28:23.560,5303560.0,,,+22.277,22277.0,,+2.627,2627.0,,10.0,False,5.0,5,5.0,5,0.0,1.0,False,False,False
1022,2020,4,6,6.0,6,31,esteban-ocon,renault,renault,pirelli,False,52.0,1:28:28.220,5308220.0,,,+26.937,26937.0,,+4.660,4660.0,,8.0,False,9.0,9,9.0,9,3.0,1.0,False,False,False
1022,2020,4,7,7.0,7,10,pierre-gasly,alphatauri,honda,pirelli,False,52.0,1:28:32.471,5312471.0,,,+31.188,31188.0,,+4.251,4251.0,,6.0,False,11.0,11,11.0,11,4.0,1.0,False,False,False
1022,2020,4,8,8.0,8,23,alexander-albon,red-bull,honda,pirelli,False,52.0,1:28:33.953,5313953.0,,,+32.670,32670.0,,+1.482,1482.0,,4.0,False,12.0,12,12.0,12,4.0,2.0,False,False,False
1022,2020,4,9,9.0,9,18,lance-stroll,racing-point,bwt-mercedes,pirelli,False,52.0,1:28:38.594,5318594.0,,,+37.311,37311.0,,+4.641,4641.0,,2.0,False,6.0,6,6.0,6,-3.0,1.0,False,False,False
1022,2020,4,10,10.0,10,5,sebastian-vettel,ferrari,ferrari,pirelli,False,52.0,1:28:43.140,5323140.0,,,+41.857,41857.0,,+4.546,4546.0,,1.0,False,10.0,10,10.0,10,0.0,1.0,False,False,False
1022,2020,4,11,11.0,11,77,valtteri-bottas,mercedes,mercedes,pirelli,False,52.0,1:28:43.450,5323450.0,,,+42.167,42167.0,,+0.310,310.0,,,False,2.0,2,2.0,2,-9.0,2.0,False,False,False
1022,2020,4,12,12.0,12,63,george-russell,williams,mercedes,pirelli,False,52.0,1:28:53.287,5333287.0,,,+52.004,52004.0,,+9.837,9837.0,,,False,15.0,15,20.0,20,8.0,1.0,False,False,False
1022,2020,4,13,13.0,13,55,carlos-sainz-jr,mclaren,renault,pirelli,False,52.0,1:28:54.653,5334653.0,,,+53.370,53370.0,,+1.366,1366.0,,,False,7.0,7,7.0,7,-6.0,2.0,False,False,False
1022,2020,4,14,14.0,14,99,antonio-giovinazzi,alfa-romeo,ferrari,pirelli,False,52.0,1:28:55.488,5335488.0,5.0,5000.0,+54.205,54205.0,,+0.835,835.0,,,False,17.0,17,15.0,15,1.0,1.0,False,False,False
1022,2020,4,15,15.0,15,6,nicholas-latifi,williams,mercedes,pirelli,False,52.0,1:28:55.832,5335832.0,,,+54.549,54549.0,,+0.344,344.0,,,False,20.0,20,18.0,18,3.0,1.0,False,False,False
1022,2020,4,16,16.0,16,8,romain-grosjean,haas,ferrari,pirelli,False,52.0,1:28:56.333,5336333.0,,,+55.050,55050.0,,+0.501,501.0,,,False,19.0,19,17.0,17,1.0,1.0,False,False,False
1022,2020,4,17,17.0,17,7,kimi-raikkonen,alfa-romeo,ferrari,pirelli,False,51.0,,,,,+1 lap,,1.0,,,,,False,18.0,18,16.0,16,-1.0,2.0,False,False,False
1022,2020,4,18,,DNF,26,daniil-kvyat,alphatauri,honda,pirelli,False,11.0,,,,,,,,,,Puncture,,False,14.0,14,19.0,19,,0.0,False,False,False
1022,2020,4,19,,DNF,20,kevin-magnussen,haas,ferrari,pirelli,False,1.0,,,,,,,,,,Collision,,False,16.0,16,14.0,14,,0.0,False,False,False
1022,2020,4,20,,DNS,27,nico-hulkenberg,racing-point,bwt-mercedes,pirelli,False,,,,,,,,,,,Clutch,,False,13.0,13,13.0,13,,0.0,False,True,False
1023,2020,5,1,1.0,1,33,max-verstappen,red-bull,honda,pirelli,False,52.0,1:19:41.993,4781993.0,,,,,,,,,25.0,False,4.0,4,4.0,4,3.0,2.0,False,True,False
1023,2020,5,2,2.0,2,44,lewis-hamilton,mercedes,mercedes,pirelli,False,52.0,1:19:53.319,4793319.0,,,+11.326,11326.0,,+11.326,11326.0,,19.0,False,2.0,2,2.0,2,0.0,2.0,True,False,False
1023,2020,5,3,3.0,3,77,valtteri-bottas,mercedes,mercedes,pirelli,False,52.0,1:20:01.224,4801224.0,,,+19.231,19231.0,,+7.905,7905.0,,15.0,True,1.0,1,1.0,1,-2.0,2.0,False,False,False
1023,2020,5,4,4.0,4,16,charles-leclerc,ferrari,ferrari,pirelli,False,52.0,1:20:11.282,4811282.0,,,+29.289,29289.0,,+10.058,10058.0,,12.0,False,8.0,8,8.0,8,4.0,1.0,False,False,False
1023,2020,5,5,5.0,5,23,alexander-albon,red-bull,honda,pirelli,False,52.0,1:20:21.139,4821139.0,,,+39.146,39146.0,,+9.857,9857.0,,10.0,False,9.0,9,9.0,9,4.0,2.0,False,False,False
1023,2020,5,6,6.0,6,18,lance-stroll,racing-point,bwt-mercedes,pirelli,False,52.0,1:20:24.531,4824531.0,,,+42.538,42538.0,,+3.392,3392.0,,8.0,False,6.0,6,6.0,6,0.0,2.0,False,False,False
1023,2020,5,7,7.0,7,27,nico-hulkenberg,racing-point,bwt-mercedes,pirelli,False,52.0,1:20:37.944,4837944.0,,,+55.951,55951.0,,+13.413,13413.0,,6.0,False,3.0,3,3.0,3,-4.0,3.0,False,False,False
1023,2020,5,8,8.0,8,31,esteban-ocon,renault,renault,pirelli,False,52.0,1:20:46.766,4846766.0,,,+1:04.773,64773.0,,+8.822,8822.0,,4.0,False,11.0,11,14.0,14,6.0,1.0,False,False,False
1023,2020,5,9,9.0,9,4,lando-norris,mclaren,renault,pirelli,False,52.0,1:20:47.537,4847537.0,,,+1:05.544,65544.0,,+0.771,771.0,,2.0,False,10.0,10,10.0,10,1.0,2.0,False,False,False
1023,2020,5,10,10.0,10,26,daniil-kvyat,alphatauri,honda,pirelli,False,52.0,1:20:51.662,4851662.0,,,+1:09.669,69669.0,,+4.125,4125.0,,1.0,False,16.0,16,16.0,16,6.0,2.0,False,False,False
1023,2020,5,11,11.0,11,10,pierre-gasly,alphatauri,honda,pirelli,False,52.0,1:20:52.635,4852635.0,,,+1:10.642,70642.0,,+0.973,973.0,,,False,7.0,7,7.0,7,-4.0,2.0,False,False,False
1023,2020,5,12,12.0,12,5,sebastian-vettel,ferrari,ferrari,pirelli,False,52.0,1:20:55.363,4855363.0,,,+1:13.370,73370.0,,+2.728,2728.0,,,False,12.0,12,11.0,11,-1.0,2.0,False,False,False
1023,2020,5,13,13.0,13,55,carlos-sainz-jr,mclaren,renault,pirelli,False,52.0,1:20:56.063,4856063.0,,,+1:14.070,74070.0,,+0.700,700.0,,,False,13.0,13,12.0,12,-1.0,2.0,False,False,False
1023,2020,5,14,14.0,14,3,daniel-ricciardo,renault,renault,pirelli,False,51.0,,,,,+1 lap,,1.0,,,,,False,5.0,5,5.0,5,-9.0,3.0,False,False,False
1023,2020,5,15,15.0,15,7,kimi-raikkonen,alfa-romeo,ferrari,pirelli,False,51.0,,,,,+1 lap,,1.0,,,,,False,20.0,20,20.0,20,5.0,1.0,False,False,False
1023,2020,5,16,16.0,16,8,romain-grosjean,haas,ferrari,pirelli,False,51.0,,,,,+1 lap,,1.0,,,,,False,14.0,14,13.0,13,-3.0,2.0,False,False,False
1023,2020,5,17,17.0,17,99,antonio-giovinazzi,alfa-romeo,ferrari,pirelli,False,51.0,,,,,+1 lap,,1.0,,,,,False,19.0,19,19.0,19,2.0,2.0,False,False,False
1023,2020,5,18,18.0,18,63,george-russell,williams,mercedes,pirelli,False,51.0,,,,,+1 lap,,1.0,,,,,False,15.0,15,15.0,15,-3.0,3.0,False,False,False
1023,2020,5,19,19.0,19,6,nicholas-latifi,williams,mercedes,pirelli,False,51.0,,,,,+1 lap,,1.0,,,,,False,18.0,18,18.0,18,-1.0,3.0,False,False,False
1023,2020,5,20,,DNF,20,kevin-magnussen,haas,ferrari,pirelli,False,43.0,,,5.0,5000.0,,,,,,Tyre shortage,,False,17.0,17,17.0,17,,2.0,False,False,False
1024,2020,6,1,1.0,1,44,lewis-hamilton,mercedes,mercedes,pirelli,False,66.0,1:31:45.279,5505279.0,,,,,,,,,25.0,True,1.0,1,1.0,1,0.0,2.0,False,False,False
1024,2020,6,2,2.0,2,33,max-verstappen,red-bull,honda,pirelli,False,66.0,1:32:09.456,5529456.0,,,+24.177,24177.0,,+24.177,24177.0,,18.0,False,3.0,3,3.0,3,1.0,2.0,False,False,False
1024,2020,6,3,3.0,3,77,valtteri-bottas,mercedes,mercedes,pirelli,False,66.0,1:32:30.031,5550031.0,,,+44.752,44752.0,,+20.575,20575.0,,16.0,False,2.0,2,2.0,2,-1.0,3.0,True,False,False
1024,2020,6,4,4.0,4,18,lance-stroll,racing-point,bwt-mercedes,pirelli,False,65.0,,,,,+1 lap,,1.0,,,,12.0,False,5.0,5,5.0,5,1.0,2.0,False,False,False
1024,2020,6,5,5.0,5,11,sergio-perez,racing-point,bwt-mercedes,pirelli,False,65.0,,,5.0,5000.0,+1 lap,,1.0,,,,10.0,False,4.0,4,4.0,4,-1.0,1.0,False,False,False
1024,2020,6,6,6.0,6,55,carlos-sainz-jr,mclaren,renault,pirelli,False,65.0,,,,,+1 lap,,1.0,,,,8.0,False,7.0,7,7.0,7,1.0,2.0,False,False,False
1024,2020,6,7,7.0,7,5,sebastian-vettel,ferrari,ferrari,pirelli,False,65.0,,,,,+1 lap,,1.0,,,,6.0,False,11.0,11,11.0,11,4.0,1.0,False,True,False
1024,2020,6,8,8.0,8,23,alexander-albon,red-bull,honda,pirelli,False,65.0,,,,,+1 lap,,1.0,,,,4.0,False,6.0,6,6.0,6,-2.0,2.0,False,False,False
1024,2020,6,9,9.0,9,10,pierre-gasly,alphatauri,honda,pirelli,False,65.0,,,,,+1 lap,,1.0,,,,2.0,False,10.0,10,10.0,10,1.0,2.0,False,False,False
1024,2020,6,10,10.0,10,4,lando-norris,mclaren,renault,pirelli,False,65.0,,,,,+1 lap,,1.0,,,,1.0,False,8.0,8,8.0,8,-2.0,2.0,False,False,False
1024,2020,6,11,11.0,11,3,daniel-ricciardo,renault,renault,pirelli,False,65.0,,,,,+1 lap,,1.0,,,,,False,13.0,13,13.0,13,2.0,1.0,False,False,False
1024,2020,6,12,12.0,12,26,daniil-kvyat,alphatauri,honda,pirelli,False,65.0,,,5.0,5000.0,+1 lap,,1.0,,,,,False,12.0,12,12.0,12,0.0,2.0,False,False,False
1024,2020,6,13,13.0,13,31,esteban-ocon,renault,renault,pirelli,False,65.0,,,,,+1 lap,,1.0,,,,,False,15.0,15,15.0,15,2.0,1.0,False,False,False
1024,2020,6,14,14.0,14,7,kimi-raikkonen,alfa-romeo,ferrari,pirelli,False,65.0,,,,,+1 lap,,1.0,,,,,False,14.0,14,14.0,14,0.0,2.0,False,False,False
1024,2020,6,15,15.0,15,20,kevin-magnussen,haas,ferrari,pirelli,False,65.0,,,,,+1 lap,,1.0,,,,,False,16.0,16,16.0,16,1.0,1.0,False,False,False
1024,2020,6,16,16.0,16,99,antonio-giovinazzi,alfa-romeo,ferrari,pirelli,False,65.0,,,,,+1 lap,,1.0,,,,,False,20.0,20,20.0,20,4.0,2.0,False,False,False
1024,2020,6,17,17.0,17,63,george-russell,williams,mercedes,pirelli,False,65.0,,,,,+1 lap,,1.0,,,,,False,18.0,18,18.0,18,1.0,2.0,False,False,False
1024,2020,6,18,18.0,18,6,nicholas-latifi,williams,mercedes,pirelli,False,64.0,,,,,+2 laps,,2.0,,,,,False,19.0,19,19.0,19,1.0,2.0,False,False,False
1024,2020,6,19,19.0,19,8,romain-grosjean,haas,ferrari,pirelli,False,64.0,,,,,+2 laps,,2.0,,,,,False,17.0,17,17.0,17,-2.0,2.0,False,False,False
1024,2020,6,20,,DNF,16,charles-leclerc,ferrari,ferrari,pirelli,False,38.0,,,,,,,,,,Electrical,,False,9.0,9,9.0,9,,1.0,False,False,False
1025,2020,7,1,1.0,1,44,lewis-hamilton,mercedes,mercedes,pirelli,False,44.0,1:24:08.761,5048761.0,,,,,,,,,25.0,True,1.0,1,1.0,1,0.0,1.0,False,False,False
1025,2020,7,2,2.0,2,77,valtteri-bottas,mercedes,mercedes,pirelli,False,44.0,1:24:17.209,5057209.0,,,+8.448,8448.0,,+8.448,8448.0,,18.0,False,2.0,2,2.0,2,0.0,1.0,False,False,False
1025,2020,7,3,3.0,3,33,max-verstappen,red-bull,honda,pirelli,False,44.0,1:24:24.216,5064216.0,,,+15.455,15455.0,,+7.007,7007.0,,15.0,False,3.0,3,3.0,3,0.0,1.0,False,False,False
1025,2020,7,4,4.0,4,3,daniel-ricciardo,renault,renault,pirelli,False,44.0,1:24:27.638,5067638.0,,,+18.877,18877.0,,+3.422,3422.0,,13.0,False,4.0,4,4.0,4,0.0,1.0,True,False,False
1025,2020,7,5,5.0,5,31,esteban-ocon,renault,renault,pirelli,False,44.0,1:24:49.411,5089411.0,,,+40.650,40650.0,,+21.773,21773.0,,10.0,False,6.0,6,6.0,6,1.0,1.0,False,False,False
1025,2020,7,6,6.0,6,23,alexander-albon,red-bull,honda,pirelli,False,44.0,1:24:51.473,5091473.0,,,+42.712,42712.0,,+2.062,2062.0,,8.0,False,5.0,5,5.0,5,-1.0,1.0,False,False,False
1025,2020,7,7,7.0,7,4,lando-norris,mclaren,renault,pirelli,False,44.0,1:24:52.535,5092535.0,,,+43.774,43774.0,,+1.062,1062.0,,6.0,False,10.0,10,10.0,10,3.0,1.0,False,False,False
1025,2020,7,8,8.0,8,10,pierre-gasly,alphatauri,honda,pirelli,False,44.0,1:24:56.132,5096132.0,,,+47.371,47371.0,,+3.597,3597.0,,4.0,False,12.0,12,12.0,12,4.0,1.0,False,True,False
1025,2020,7,9,9.0,9,18,lance-stroll,racing-point,bwt-mercedes,pirelli,False,44.0,1:25:01.364,5101364.0,,,+52.603,52603.0,,+5.232,5232.0,,2.0,False,9.0,9,9.0,9,0.0,1.0,False,False,False
1025,2020,7,10,10.0,10,11,sergio-perez,racing-point,bwt-mercedes,pirelli,False,44.0,1:25:01.940,5101940.0,,,+53.179,53179.0,,+0.576,576.0,,1.0,False,8.0,8,8.0,8,-2.0,1.0,False,False,False
1025,2020,7,11,11.0,11,26,daniil-kvyat,alphatauri,honda,pirelli,False,44.0,1:25:18.961,5118961.0,,,+1:10.200,70200.0,,+17.021,17021.0,,,False,11.0,11,11.0,11,0.0,1.0,False,False,False
1025,2020,7,12,12.0,12,7,kimi-raikkonen,alfa-romeo,ferrari,pirelli,False,44.0,1:25:20.265,5120265.0,,,+1:11.504,71504.0,,+1.304,1304.0,,,False,16.0,16,16.0,16,4.0,1.0,False,False,False
1025,2020,7,13,13.0,13,5,sebastian-vettel,ferrari,ferrari,pirelli,False,44.0,1:25:21.655,5121655.0,,,+1:12.894,72894.0,,+1.390,1390.0,,,False,14.0,14,14.0,14,1.0,1.0,False,False,False
1025,2020,7,14,14.0,14,16,charles-leclerc,ferrari,ferrari,pirelli,False,44.0,1:25:23.681,5123681.0,,,+1:14.920,74920.0,,+2.026,2026.0,,,False,13.0,13,13.0,13,-1.0,2.0,False,False,False
1025,2020,7,15,15.0,15,8,romain-grosjean,haas,ferrari,pirelli,False,44.0,1:25:25.554,5125554.0,,,+1:16.793,76793.0,,+1.873,1873.0,,,False,17.0,17,17.0,17,2.0,1.0,False,False,False
1025,2020,7,16,16.0,16,6,nicholas-latifi,williams,mercedes,pirelli,False,44.0,1:25:26.556,5126556.0,,,+1:17.795,77795.0,,+1.002,1002.0,,,False,19.0,19,19.0,19,3.0,2.0,False,False,False
1025,2020,7,17,17.0,17,20,kevin-magnussen,haas,ferrari,pirelli,False,44.0,1:25:34.301,5134301.0,,,+1:25.540,85540.0,,+7.745,7745.0,,,False,20.0,20,20.0,20,3.0,2.0,False,False,False
1025,2020,7,18,,DNF,99,antonio-giovinazzi,alfa-romeo,ferrari,pirelli,False,9.0,,,,,,,,,,Accident,,False,18.0,18,18.0,18,,0.0,False,False,False
1025,2020,7,19,,DNF,63,george-russell,williams,mercedes,pirelli,False,9.0,,,,,,,,,,Collision,,False,15.0,15,15.0,15,,0.0,False,False,False
1025,2020,7,20,,DNS,55,carlos-sainz-jr,mclaren,renault,pirelli,False,,,,,,,,,,,Power unit,,False,7.0,7,,,,0.0,False,False,False
1026,2020,8,1,1.0,1,10,pierre-gasly,alphatauri,honda,pirelli,False,53.0,1:47:06.056,6426056.0,,,,,,,,,25.0,False,10.0,10,10.0,10,9.0,2.0,False,True,False
1026,2020,8,2,2.0,2,55,carlos-sainz-jr,mclaren,renault,pirelli,False,53.0,1:47:06.471,6426471.0,,,+0.415,415.0,,+0.415,415.0,,18.0,False,3.0,3,3.0,3,1.0,2.0,False,False,False
1026,2020,8,3,3.0,3,18,lance-stroll,racing-point,bwt-mercedes,pirelli,False,53.0,1:47:09.414,6429414.0,,,+3.358,3358.0,,+2.943,2943.0,,15.0,False,8.0,8,8.0,8,5.0,1.0,False,False,False
1026,2020,8,4,4.0,4,4,lando-norris,mclaren,renault,pirelli,False,53.0,1:47:12.056,6432056.0,,,+6.000,6000.0,,+2.642,2642.0,,12.0,False,6.0,6,6.0,6,2.0,2.0,False,False,False
1026,2020,8,5,5.0,5,77,valtteri-bottas,mercedes,mercedes,pirelli,False,53.0,1:47:13.164,6433164.0,,,+7.108,7108.0,,+1.108,1108.0,,10.0,False,2.0,2,2.0,2,-3.0,2.0,False,False,False
1026,2020,8,6,6.0,6,3,daniel-ricciardo,renault,renault,pirelli,False,53.0,1:47:14.447,6434447.0,,,+8.391,8391.0,,+1.283,1283.0,,8.0,False,7.0,7,7.0,7,1.0,2.0,False,False,False
1026,2020,8,7,7.0,7,44,lewis-hamilton,mercedes,mercedes,pirelli,False,53.0,1:47:23.301,6443301.0,,,+17.245,17245.0,,+8.854,8854.0,,7.0,True,1.0,1,1.0,1,-6.0,3.0,True,False,False
1026,2020,8,8,8.0,8,31,esteban-ocon,renault,renault,pirelli,False,53.0,1:47:24.747,6444747.0,,,+18.691,18691.0,,+1.446,1446.0,,4.0,False,12.0,12,12.0,12,4.0,2.0,False,False,False
1026,2020,8,9,9.0,9,26,daniil-kvyat,alphatauri,honda,pirelli,False,53.0,1:47:28.264,6448264.0,,,+22.208,22208.0,,+3.517,3517.0,,2.0,False,11.0,11,11.0,11,2.0,2.0,False,False,False
1026,2020,8,10,10.0,10,11,sergio-perez,racing-point,bwt-mercedes,pirelli,False,53.0,1:47:29.280,6449280.0,,,+23.224,23224.0,,+1.016,1016.0,,1.0,False,4.0,4,4.0,4,-6.0,2.0,False,False,False
1026,2020,8,11,11.0,11,6,nicholas-latifi,williams,mercedes,pirelli,False,53.0,1:47:38.932,6458932.0,,,+32.876,32876.0,,+9.652,9652.0,,,False,20.0,20,20.0,20,9.0,2.0,False,False,False
1026,2020,8,12,12.0,12,8,romain-grosjean,haas,ferrari,pirelli,False,53.0,1:47:41.220,6461220.0,,,+35.164,35164.0,,+2.288,2288.0,,,False,16.0,16,16.0,16,4.0,2.0,False,False,False
1026,2020,8,13,13.0,13,7,kimi-raikkonen,alfa-romeo,ferrari,pirelli,False,53.0,1:47:42.368,6462368.0,,,+36.312,36312.0,,+1.148,1148.0,,,False,14.0,14,14.0,14,1.0,2.0,False,False,False
1026,2020,8,14,14.0,14,63,george-russell,williams,mercedes,pirelli,False,53.0,1:47:42.649,6462649.0,,,+36.593,36593.0,,+0.281,281.0,,,False,19.0,19,19.0,19,5.0,2.0,False,False,False
1026,2020,8,15,15.0,15,23,alexander-albon,red-bull,honda,pirelli,False,53.0,1:47:43.589,6463589.0,,,+37.533,37533.0,,+0.940,940.0,,,False,9.0,9,9.0,9,-6.0,2.0,False,False,False
1026,2020,8,16,16.0,16,99,antonio-giovinazzi,alfa-romeo,ferrari,pirelli,False,53.0,1:48:01.255,6481255.0,,,+55.199,55199.0,,+17.666,17666.0,,,False,18.0,18,18.0,18,2.0,3.0,False,False,False
1026,2020,8,17,,DNF,33,max-verstappen,red-bull,honda,pirelli,False,30.0,,,,,,,,,,Power unit,,False,5.0,5,5.0,5,,2.0,False,False,False
1026,2020,8,18,,DNF,16,charles-leclerc,ferrari,ferrari,pirelli,False,23.0,,,,,,,,,,Accident,,False,13.0,13,13.0,13,,1.0,False,False,False
1026,2020,8,19,,DNF,20,kevin-magnussen,haas,ferrari,pirelli,False,17.0,,,,,,,,,,Power unit,,False,15.0,15,15.0,15,,1.0,False,False,False
1026,2020,8,20,,DNF,5,sebastian-vettel,ferrari,ferrari,pirelli,False,6.0,,,,,,,,,,Brakes,,False,17.0,17,17.0,17,,0.0,False,False,False
1027,2020,9,1,1.0,1,44,lewis-hamilton,mercedes,mercedes,pirelli,False,59.0,2:19:35.060,8375060.0,,,,,,,,,26.0,True,1.0,1,1.0,1,0.0,5.0,True,False,False
1027,2020,9,2,2.0,2,77,valtteri-bottas,mercedes,mercedes,pirelli,False,59.0,2:19:39.940,8379940.0,,,+4.880,4880.0,,+4.880,4880.0,,18.0,False,2.0,2,2.0,2,0.0,5.0,False,False,False
1027,2020,9,3,3.0,3,23,alexander-albon,red-bull,honda,pirelli,False,59.0,2:19:43.124,8383124.0,,,+8.064,8064.0,,+3.184,3184.0,,15.0,False,4.0,4,4.0,4,1.0,5.0,False,False,False
1027,2020,9,4,4.0,4,3,daniel-ricciardo,renault,renault,pirelli,False,59.0,2:19:45.477,8385477.0,,,+10.417,10417.0,,+2.353,2353.0,,12.0,False,8.0,8,8.0,8,4.0,5.0,False,True,False
1027,2020,9,5,5.0,5,11,sergio-perez,racing-point,bwt-mercedes,pirelli,False,59.0,2:19:50.710,8390710.0,,,+15.650,15650.0,,+5.233,5233.0,,10.0,False,6.0,6,7.0,7,2.0,5.0,False,False,False
1027,2020,9,6,6.0,6,4,lando-norris,mclaren,renault,pirelli,False,59.0,2:19:53.943,8393943.0,,,+18.883,18883.0,,+3.233,3233.0,,8.0,False,11.0,11,11.0,11,5.0,5.0,False,False,False
1027,2020,9,7,7.0,7,26,daniil-kvyat,alphatauri,honda,pirelli,False,59.0,2:19:56.816,8396816.0,,,+21.756,21756.0,,+2.873,2873.0,,6.0,False,12.0,12,12.0,12,5.0,5.0,False,False,False
1027,2020,9,8,8.0,8,16,charles-leclerc,ferrari,ferrari,pirelli,False,59.0,2:20:03.405,8403405.0,,,+28.345,28345.0,,+6.589,6589.0,,4.0,False,5.0,5,5.0,5,-3.0,5.0,False,False,False
1027,2020,9,9,9.0,9,7,kimi-raikkonen,alfa-romeo,ferrari,pirelli,False,59.0,2:20:04.830,8404830.0,5.0,5000.0,+29.770,29770.0,,+1.425,1425.0,,2.0,False,13.0,13,13.0,13,4.0,6.0,False,False,False
1027,2020,9,10,10.0,10,5,sebastian-vettel,ferrari,ferrari,pirelli,False,59.0,2:20:05.043,8405043.0,,,+29.983,29983.0,,+0.213,213.0,,1.0,False,14.0,14,14.0,14,4.0,6.0,False,False,False
1027,2020,9,11,11.0,11,63,george-russell,williams,mercedes,pirelli,False,59.0,2:20:07.464,8407464.0,,,+32.404,32404.0,,+2.421,2421.0,,,False,18.0,18,18.0,18,7.0,5.0,False,False,False
1027,2020,9,12,12.0,12,8,romain-grosjean,haas,ferrari,pirelli,False,59.0,2:20:17.096,8417096.0,,,+42.036,42036.0,,+9.632,9632.0,,,False,15.0,15,15.0,15,3.0,5.0,False,False,False
1027,2020,9,13,,DNF,18,lance-stroll,racing-point,bwt-mercedes,pirelli,False,42.0,,,,,,,,,,Accident,,False,7.0,7,6.0,6,,3.0,False,False,False
1027,2020,9,14,,DNF,31,esteban-ocon,renault,renault,pirelli,False,7.0,,,,,,,,,,Brakes,,False,10.0,10,10.0,10,,1.0,False,False,False
1027,2020,9,15,,DNF,6,nicholas-latifi,williams,mercedes,pirelli,False,6.0,,,,,,,,,,Collision damage,,False,19.0,19,19.0,19,,0.0,False,False,False
1027,2020,9,16,,DNF,20,kevin-magnussen,haas,ferrari,pirelli,False,5.0,,,,,,,,,,Collision,,False,20.0,20,20.0,20,,0.0,False,False,False
1027,2020,9,17,,DNF,99,antonio-giovinazzi,alfa-romeo,ferrari,pirelli,False,5.0,,,,,,,,,,Collision,,False,17.0,17,17.0,17,,0.0,False,False,False
1027,2020,9,18,,DNF,55,carlos-sainz-jr,mclaren,renault,pirelli,False,5.0,,,,,,,,,,Collision,,False,9.0,9,9.0,9,,0.0,False,False,False
1027,2020,9,19,,DNF,33,max-verstappen,red-bull,honda,pirelli,False,0.0,,,,,,,,,,Collision,,False,3.0,3,3.0,3,,0.0,False,False,False
1027,2020,9,20,,DNF,10,pierre-gasly,alphatauri,honda,pirelli,False,0.0,,,,,,,,,,Collision,,False,16.0,16,16.0,16,,0.0,False,False,False
1028,2020,10,1,1.0,1,77,valtteri-bottas,mercedes,mercedes,pirelli,False,53.0,1:34:00.364,5640364.0,,,,,,,,,26.0,False,3.0,3,3.0,3,2.0,1.0,True,False,False
1028,2020,10,2,2.0,2,33,max-verstappen,red-bull,honda,pirelli,False,53.0,1:34:08.093,5648093.0,,,+7.729,7729.0,,+7.729,7729.0,,18.0,False,2.0,2,2.0,2,0.0,1.0,False,True,False
1028,2020,10,3,3.0,3,44,lewis-hamilton,mercedes,mercedes,pirelli,False,53.0,1:34:23.093,5663093.0,,,+22.729,22729.0,,+15.000,15000.0,,15.0,True,1.0,1,1.0,1,-2.0,1.0,False,False,False
1028,2020,10,4,4.0,4,11,sergio-perez,racing-point,bwt-mercedes,pirelli,False,53.0,1:34:30.922,5670922.0,,,+30.558,30558.0,,+7.829,7829.0,,12.0,False,4.0,4,4.0,4,0.0,1.0,False,False,False
1028,2020,10,5,5.0,5,3,daniel-ricciardo,renault,renault,pirelli,False,53.0,1:34:52.429,5692429.0,5.0,5000.0,+52.065,52065.0,,+21.507,21507.0,,10.0,False,5.0,5,5.0,5,0.0,1.0,False,False,False
1028,2020,10,6,6.0,6,16,charles-leclerc,ferrari,ferrari,pirelli,False,53.0,1:35:02.550,5702550.0,,,+1:02.186,62186.0,,+10.121,10121.0,,8.0,False,11.0,11,10.0,10,4.0,1.0,False,False,False
1028,2020,10,7,7.0,7,31,esteban-ocon,renault,renault,pirelli,False,53.0,1:35:08.370,5708370.0,,,+1:08.006,68006.0,,+5.820,5820.0,,6.0,False,7.0,7,7.0,7,0.0,1.0,False,False,False
1028,2020,10,8,8.0,8,26,daniil-kvyat,alphatauri,honda,pirelli,False,53.0,1:35:09.104,5709104.0,,,+1:08.740,68740.0,,+0.734,734.0,,4.0,False,12.0,12,11.0,11,3.0,1.0,False,False,False
1028,2020,10,9,9.0,9,10,pierre-gasly,alphatauri,honda,pirelli,False,53.0,1:35:30.130,5730130.0,,,+1:29.766,89766.0,,+21.026,21026.0,,2.0,False,9.0,9,9.0,9,0.0,2.0,False,False,False
1028,2020,10,10,10.0,10,23,alexander-albon,red-bull,honda,pirelli,False,53.0,1:35:38.224,5738224.0,5.0,5000.0,+1:37.860,97860.0,,+8.094,8094.0,,1.0,False,10.0,10,15.0,15,5.0,2.0,False,False,False
1028,2020,10,11,11.0,11,99,antonio-giovinazzi,alfa-romeo,ferrari,pirelli,False,52.0,,,,,+1 lap,,1.0,,,,,False,17.0,17,17.0,17,6.0,1.0,False,False,False
1028,2020,10,12,12.0,12,20,kevin-magnussen,haas,ferrari,pirelli,False,52.0,,,,,+1 lap,,1.0,,,,,False,18.0,18,18.0,18,6.0,1.0,False,False,False
1028,2020,10,13,13.0,13,5,sebastian-vettel,ferrari,ferrari,pirelli,False,52.0,,,,,+1 lap,,1.0,,,,,False,15.0,15,14.0,14,1.0,1.0,False,False,False
1028,2020,10,14,14.0,14,7,kimi-raikkonen,alfa-romeo,ferrari,pirelli,False,52.0,,,,,+1 lap,,1.0,,,,,False,20.0,20,19.0,19,5.0,1.0,False,False,False
1028,2020,10,15,15.0,15,4,lando-norris,mclaren,renault,pirelli,False,52.0,,,,,+1 lap,,1.0,,,,,False,8.0,8,8.0,8,-7.0,2.0,False,False,False
1028,2020,10,16,16.0,16,6,nicholas-latifi,williams,mercedes,pirelli,False,52.0,,,,,+1 lap,,1.0,,,,,False,19.0,19,20.0,20,4.0,1.0,False,False,False
1028,2020,10,17,17.0,17,8,romain-grosjean,haas,ferrari,pirelli,False,52.0,,,,,+1 lap,,1.0,,,,,False,16.0,16,16.0,16,-1.0,2.0,False,False,False
1028,2020,10,18,18.0,18,63,george-russell,williams,mercedes,pirelli,False,52.0,,,,,+1 lap,,1.0,,,,,False,14.0,14,13.0,13,-5.0,3.0,False,False,False
1028,2020,10,19,,DNF,55,carlos-sainz-jr,mclaren,renault,pirelli,False,0.0,,,,,,,,,,Accident,,False,6.0,6,6.0,6,,0.0,False,False,False
1028,2020,10,20,,DNF,18,lance-stroll,racing-point,bwt-mercedes,pirelli,False,0.0,,,,,,,,,,Collision,,False,13.0,13,12.0,12,,0.0,False,False,False
1029,2020,11,1,1.0,1,44,lewis-hamilton,mercedes,mercedes,pirelli,False,60.0,1:35:49.641,5749641.0,,,,,,,,,25.0,False,2.0,2,2.0,2,1.0,2.0,False,False,False
1029,2020,11,2,2.0,2,33,max-verstappen,red-bull,honda,pirelli,False,60.0,1:35:54.111,5754111.0,,,+4.470,4470.0,,+4.470,4470.0,,19.0,False,3.0,3,3.0,3,1.0,2.0,True,False,False
1029,2020,11,3,3.0,3,3,daniel-ricciardo,renault,renault,pirelli,False,60.0,1:36:04.254,5764254.0,,,+14.613,14613.0,,+10.143,10143.0,,15.0,False,6.0,6,6.0,6,3.0,2.0,False,False,False
1029,2020,11,4,4.0,4,11,sergio-perez,racing-point,bwt-mercedes,pirelli,False,60.0,1:36:05.711,5765711.0,,,+16.070,16070.0,,+1.457,1457.0,,12.0,False,9.0,9,9.0,9,5.0,2.0,False,False,False
1029,2020,11,5,5.0,5,55,carlos-sainz-jr,mclaren,renault,pirelli,False,60.0,1:36:11.546,5771546.0,,,+21.905,21905.0,,+5.835,5835.0,,10.0,False,10.0,10,10.0,10,5.0,2.0,False,False,False
1029,2020,11,6,6.0,6,10,pierre-gasly,alphatauri,honda,pirelli,False,60.0,1:36:12.407,5772407.0,,,+22.766,22766.0,,+0.861,861.0,,8.0,False,12.0,12,12.0,12,6.0,2.0,False,False,False
1029,2020,11,7,7.0,7,16,charles-leclerc,ferrari,ferrari,pirelli,False,60.0,1:36:20.455,5780455.0,,,+30.814,30814.0,,+8.048,8048.0,,6.0,False,4.0,4,4.0,4,-3.0,2.0,False,False,False
1029,2020,11,8,8.0,8,27,nico-hulkenberg,racing-point,bwt-mercedes,pirelli,False,60.0,1:36:22.237,5782237.0,,,+32.596,32596.0,,+1.782,1782.0,,4.0,False,20.0,20,20.0,20,12.0,2.0,False,True,False
1029,2020,11,9,9.0,9,8,romain-grosjean,haas,ferrari,pirelli,False,60.0,1:36:28.722,5788722.0,,,+39.081,39081.0,,+6.485,6485.0,,2.0,False,16.0,16,16.0,16,7.0,1.0,False,False,False
1029,2020,11,10,10.0,10,99,antonio-giovinazzi,alfa-romeo,ferrari,pirelli,False,60.0,1:36:29.676,5789676.0,,,+40.035,40035.0,,+0.954,954.0,,1.0,False,14.0,14,14.0,14,4.0,2.0,False,False,False
1029,2020,11,11,11.0,11,5,sebastian-vettel,ferrari,ferrari,pirelli,False,60.0,1:36:30.451,5790451.0,,,+40.810,40810.0,,+0.775,775.0,,,False,11.0,11,11.0,11,0.0,2.0,False,False,False
1029,2020,11,12,12.0,12,7,kimi-raikkonen,alfa-romeo,ferrari,pirelli,False,60.0,1:36:31.117,5791117.0,,,+41.476,41476.0,,+0.666,666.0,,,False,19.0,19,19.0,19,7.0,2.0,False,False,False
1029,2020,11,13,13.0,13,20,kevin-magnussen,haas,ferrari,pirelli,False,60.0,1:36:39.226,5799226.0,,,+49.585,49585.0,,+8.109,8109.0,,,False,15.0,15,15.0,15,2.0,2.0,False,False,False
1029,2020,11,14,14.0,14,6,nicholas-latifi,williams,mercedes,pirelli,False,60.0,1:36:44.090,5804090.0,,,+54.449,54449.0,,+4.864,4864.0,,,False,18.0,18,18.0,18,4.0,2.0,False,False,False
1029,2020,11,15,15.0,15,26,daniil-kvyat,alphatauri,honda,pirelli,False,60.0,1:36:45.229,5805229.0,,,+55.588,55588.0,,+1.139,1139.0,,,False,13.0,13,13.0,13,-2.0,2.0,False,False,False
1029,2020,11,16,,DNF,4,lando-norris,mclaren,renault,pirelli,False,42.0,,,,,,,,,,Power unit,,False,8.0,8,8.0,8,,1.0,False,False,False
1029,2020,11,17,,DNF,23,alexander-albon,red-bull,honda,pirelli,False,23.0,,,5.0,5000.0,,,,,,Radiator,,False,5.0,5,5.0,5,,1.0,False,False,False
1029,2020,11,18,,DNF,31,esteban-ocon,renault,renault,pirelli,False,22.0,,,,,,,,,,Hydraulics,,False,7.0,7,7.0,7,,0.0,False,False,False
1029,2020,11,19,,DNF,77,valtteri-bottas,mercedes,mercedes,pirelli,False,18.0,,,,,,,,,,Power unit,,True,1.0,1,1.0,1,,1.0,False,False,False
1029,2020,11,20,,DNF,63,george-russell,williams,mercedes,pirelli,False,12.0,,,,,,,,,,Collision,,False,17.0,17,17.0,17,,1.0,False,False,False
1030,2020,12,1,1.0,1,44,lewis-hamilton,mercedes,mercedes,pirelli,False,66.0,1:29:56.828,5396828.0,,,,,,,,,26.0,True,1.0,1,1.0,1,0.0,1.0,True,False,False
1030,2020,12,2,2.0,2,77,valtteri-bottas,mercedes,mercedes,pirelli,False,66.0,1:30:22.420,5422420.0,,,+25.592,25592.0,,+25.592,25592.0,,18.0,False,2.0,2,2.0,2,0.0,1.0,False,False,False
1030,2020,12,3,3.0,3,33,max-verstappen,red-bull,honda,pirelli,False,66.0,1:30:31.336,5431336.0,,,+34.508,34508.0,,+8.916,8916.0,,15.0,False,3.0,3,3.0,3,0.0,1.0,False,False,False
1030,2020,12,4,4.0,4,16,charles-leclerc,ferrari,ferrari,pirelli,False,66.0,1:31:02.140,5462140.0,,,+1:05.312,65312.0,,+30.804,30804.0,,12.0,False,4.0,4,4.0,4,0.0,1.0,False,False,False
1030,2020,12,5,5.0,5,10,pierre-gasly,alphatauri,honda,pirelli,False,65.0,,,,,+1 lap,,1.0,,,,10.0,False,9.0,9,9.0,9,4.0,1.0,False,False,False
1030,2020,12,6,6.0,6,55,carlos-sainz-jr,mclaren,renault,pirelli,False,65.0,,,,,+1 lap,,1.0,,,,8.0,False,7.0,7,7.0,7,1.0,1.0,False,False,False
1030,2020,12,7,7.0,7,11,sergio-perez,racing-point,bwt-mercedes,pirelli,False,65.0,,,,,+1 lap,,1.0,,,,6.0,False,5.0,5,5.0,5,-2.0,2.0,False,True,False
1030,2020,12,8,8.0,8,31,esteban-ocon,renault,renault,pirelli,False,65.0,,,,,+1 lap,,1.0,,,,4.0,False,11.0,11,11.0,11,3.0,1.0,False,False,False
1030,2020,12,9,9.0,9,3,daniel-ricciardo,renault,renault,pirelli,False,65.0,,,,,+1 lap,,1.0,,,,2.0,False,10.0,10,10.0,10,1.0,1.0,False,False,False
1030,2020,12,10,10.0,10,5,sebastian-vettel,ferrari,ferrari,pirelli,False,65.0,,,,,+1 lap,,1.0,,,,1.0,False,15.0,15,15.0,15,5.0,1.0,False,False,False
1030,2020,12,11,11.0,11,7,kimi-raikkonen,alfa-romeo,ferrari,pirelli,False,65.0,,,,,+1 lap,,1.0,,,,,False,16.0,16,16.0,16,5.0,1.0,False,False,False
1030,2020,12,12,12.0,12,23,alexander-albon,red-bull,honda,pirelli,False,65.0,,,,,+1 lap,,1.0,,,,,False,6.0,6,6.0,6,-6.0,2.0,False,False,False
1030,2020,12,13,13.0,13,4,lando-norris,mclaren,renault,pirelli,False,65.0,,,,,+1 lap,,1.0,,,,,False,8.0,8,8.0,8,-5.0,2.0,False,False,False
1030,2020,12,14,14.0,14,63,george-russell,williams,mercedes,pirelli,False,65.0,,,,,+1 lap,,1.0,,,,,False,14.0,14,14.0,14,0.0,1.0,False,False,False
1030,2020,12,15,15.0,15,99,antonio-giovinazzi,alfa-romeo,ferrari,pirelli,False,65.0,,,,,+1 lap,,1.0,,,,,False,17.0,17,17.0,17,2.0,1.0,False,False,False
1030,2020,12,16,16.0,16,20,kevin-magnussen,haas,ferrari,pirelli,False,65.0,,,,,+1 lap,,1.0,,,,,False,19.0,19,19.0,19,3.0,1.0,False,False,False
1030,2020,12,17,17.0,17,8,romain-grosjean,haas,ferrari,pirelli,False,65.0,,,5.0,5000.0,+1 lap,,1.0,,,,,False,18.0,18,18.0,18,1.0,1.0,False,False,False
1030,2020,12,18,18.0,18,6,nicholas-latifi,williams,mercedes,pirelli,False,64.0,,,,,+2 laps,,2.0,,,,,False,20.0,20,20.0,20,2.0,1.0,False,False,False
1030,2020,12,19,19.0,19,26,daniil-kvyat,alphatauri,honda,pirelli,False,64.0,,,,,+2 laps,,2.0,,,,,False,13.0,13,13.0,13,-6.0,2.0,False,False,False
1030,2020,12,20,,DNF,18,lance-stroll,racing-point,bwt-mercedes,pirelli,False,51.0,,,,,,,,,,Collision damage,,False,12.0,12,12.0,12,,2.0,False,False,False
1031,2020,13,1,1.0,1,44,lewis-hamilton,mercedes,mercedes,pirelli,False,63.0,1:28:32.430,5312430.0,,,,,,,,,26.0,False,2.0,2,2.0,2,1.0,2.0,True,False,False
1031,2020,13,2,2.0,2,77,valtteri-bottas,mercedes,mercedes,pirelli,False,63.0,1:28:38.213,5318213.0,,,+5.783,5783.0,,+5.783,5783.0,,18.0,True,1.0,1,1.0,1,-1.0,2.0,False,False,False
1031,2020,13,3,3.0,3,3,daniel-ricciardo,renault,renault,pirelli,False,63.0,1:28:46.750,5326750.0,,,+14.320,14320.0,,+8.537,8537.0,,15.0,False,5.0,5,5.0,5,2.0,1.0,False,False,False
1031,2020,13,4,4.0,4,26,daniil-kvyat,alphatauri,honda,pirelli,False,63.0,1:28:47.571,5327571.0,,,+15.141,15141.0,,+0.821,821.0,,12.0,False,8.0,8,8.0,8,4.0,2.0,False,False,False
1031,2020,13,5,5.0,5,16,charles-leclerc,ferrari,ferrari,pirelli,False,63.0,1:28:51.541,5331541.0,,,+19.111,19111.0,,+3.970,3970.0,,10.0,False,7.0,7,7.0,7,2.0,1.0,False,False,False
1031,2020,13,6,6.0,6,11,sergio-perez,racing-point,bwt-mercedes,pirelli,False,63.0,1:28:52.082,5332082.0,,,+19.652,19652.0,,+0.541,541.0,,8.0,False,11.0,11,11.0,11,5.0,2.0,False,False,False
1031,2020,13,7,7.0,7,55,carlos-sainz-jr,mclaren,renault,pirelli,False,63.0,1:28:52.660,5332660.0,,,+20.230,20230.0,,+0.578,578.0,,6.0,False,10.0,10,10.0,10,3.0,2.0,False,False,False
1031,2020,13,8,8.0,8,4,lando-norris,mclaren,renault,pirelli,False,63.0,1:28:53.561,5333561.0,,,+21.131,21131.0,,+0.901,901.0,,4.0,False,9.0,9,9.0,9,1.0,2.0,False,False,False
1031,2020,13,9,9.0,9,7,kimi-raikkonen,alfa-romeo,ferrari,pirelli,False,63.0,1:28:54.654,5334654.0,,,+22.224,22224.0,,+1.093,1093.0,,2.0,False,18.0,18,18.0,18,9.0,1.0,False,True,False
1031,2020,13,10,10.0,10,99,antonio-giovinazzi,alfa-romeo,ferrari,pirelli,False,63.0,1:28:58.828,5338828.0,,,+26.398,26398.0,,+4.174,4174.0,,1.0,False,20.0,20,20.0,20,10.0,1.0,False,False,False
1031,2020,13,11,11.0,11,6,nicholas-latifi,williams,mercedes,pirelli,False,63.0,1:28:59.565,5339565.0,,,+27.135,27135.0,,+0.737,737.0,,,False,19.0,19,19.0,19,8.0,1.0,False,False,False
1031,2020,13,12,12.0,12,5,sebastian-vettel,ferrari,ferrari,pirelli,False,63.0,1:29:00.883,5340883.0,,,+28.453,28453.0,,+1.318,1318.0,,,False,14.0,14,14.0,14,2.0,2.0,False,False,False
1031,2020,13,13,13.0,13,18,lance-stroll,racing-point,bwt-mercedes,pirelli,False,63.0,1:29:01.593,5341593.0,,,+29.163,29163.0,,+0.710,710.0,,,False,15.0,15,15.0,15,2.0,3.0,False,False,False
1031,2020,13,14,14.0,14,8,romain-grosjean,haas,ferrari,pirelli,False,63.0,1:29:05.365,5345365.0,5.0,5000.0,+32.935,32935.0,,+3.772,3772.0,,,False,16.0,16,16.0,16,2.0,2.0,False,False,False
1031,2020,13,15,15.0,15,23,alexander-albon,red-bull,honda,pirelli,False,63.0,1:29:29.714,5369714.0,,,+57.284,57284.0,,+24.349,24349.0,,,False,6.0,6,6.0,6,-9.0,2.0,False,False,False
1031,2020,13,16,,DNF,63,george-russell,williams,mercedes,pirelli,False,51.0,,,,,,,,,,Accident,,False,13.0,13,13.0,13,,1.0,False,False,False
1031,2020,13,17,,DNF,33,max-verstappen,red-bull,honda,pirelli,False,50.0,,,,,,,,,,Puncture,,False,3.0,3,3.0,3,,1.0,False,False,False
1031,2020,13,18,,DNF,20,kevin-magnussen,haas,ferrari,pirelli,False,47.0,,,,,,,,,,Gearbox,,False,17.0,17,17.0,17,,1.0,False,False,False
1031,2020,13,19,,DNF,31,esteban-ocon,renault,renault,pirelli,False,27.0,,,,,,,,,,Gearbox,,False,12.0,12,12.0,12,,1.0,False,False,False
1031,2020,13,20,,DNF,10,pierre-gasly,alphatauri,honda,pirelli,False,8.0,,,,,,,,,,Coolant leak,,False,4.0,4,4.0,4,,0.0,False,False,False
1032,2020,14,1,1.0,1,44,lewis-hamilton,mercedes,mercedes,pirelli,False,58.0,1:42:19.313,6139313.0,,,,,,,,,25.0,False,6.0,6,6.0,6,5.0,1.0,False,False,False
1032,2020,14,2,2.0,2,11,sergio-perez,racing-point,bwt-mercedes,pirelli,False,58.0,1:42:50.946,6170946.0,,,+31.633,31633.0,,+31.633,31633.0,,18.0,False,3.0,3,3.0,3,1.0,1.0,False,False,False
1032,2020,14,3,3.0,3,5,sebastian-vettel,ferrari,ferrari,pirelli,False,58.0,1:42:51.273,6171273.0,,,+31.960,31960.0,,+0.327,327.0,,15.0,False,12.0,12,11.0,11,8.0,2.0,False,True,False
1032,2020,14,4,4.0,4,16,charles-leclerc,ferrari,ferrari,pirelli,False,58.0,1:42:53.171,6173171.0,,,+33.858,33858.0,,+1.898,1898.0,,12.0,False,14.0,14,12.0,12,8.0,2.0,False,False,False
1032,2020,14,5,5.0,5,55,carlos-sainz-jr,mclaren,renault,pirelli,False,58.0,1:42:53.676,6173676.0,,,+34.363,34363.0,,+0.505,505.0,,10.0,False,13.0,13,15.0,15,10.0,2.0,False,False,False
1032,2020,14,6,6.0,6,33,max-verstappen,red-bull,honda,pirelli,False,58.0,1:43:04.186,6184186.0,,,+44.873,44873.0,,+10.510,10510.0,,8.0,False,2.0,2,2.0,2,-4.0,3.0,False,False,False
1032,2020,14,7,7.0,7,23,alexander-albon,red-bull,honda,pirelli,False,58.0,1:43:05.797,6185797.0,,,+46.484,46484.0,,+1.611,1611.0,,6.0,False,4.0,4,4.0,4,-3.0,2.0,False,False,False
1032,2020,14,8,8.0,8,4,lando-norris,mclaren,renault,pirelli,False,58.0,1:43:20.572,6200572.0,,,+1:01.259,61259.0,,+14.775,14775.0,,5.0,False,11.0,11,14.0,14,6.0,2.0,True,False,False
1032,2020,14,9,9.0,9,18,lance-stroll,racing-point,bwt-mercedes,pirelli,False,58.0,1:43:31.666,6211666.0,,,+1:12.353,72353.0,,+11.094,11094.0,,2.0,True,1.0,1,1.0,1,-8.0,2.0,False,False,False
1032,2020,14,10,10.0,10,3,daniel-ricciardo,renault,renault,pirelli,False,58.0,1:43:54.773,6234773.0,,,+1:35.460,95460.0,,+23.107,23107.0,,1.0,False,5.0,5,5.0,5,-5.0,2.0,False,False,False
1032,2020,14,11,11.0,11,31,esteban-ocon,renault,renault,pirelli,False,57.0,,,,,+1 lap,,1.0,,,,,False,7.0,7,7.0,7,-4.0,2.0,False,False,False
1032,2020,14,12,12.0,12,26,daniil-kvyat,alphatauri,honda,pirelli,False,57.0,,,,,+1 lap,,1.0,,,,,False,17.0,17,16.0,16,4.0,1.0,False,False,False
1032,2020,14,13,13.0,13,10,pierre-gasly,alphatauri,honda,pirelli,False,57.0,,,,,+1 lap,,1.0,,,,,False,15.0,15,19.0,19,6.0,2.0,False,False,False
1032,2020,14,14,14.0,14,77,valtteri-bottas,mercedes,mercedes,pirelli,False,57.0,,,,,+1 lap,,1.0,,,,,False,9.0,9,9.0,9,-5.0,2.0,False,False,False
1032,2020,14,15,15.0,15,7,kimi-raikkonen,alfa-romeo,ferrari,pirelli,False,57.0,,,,,+1 lap,,1.0,,,,,False,8.0,8,8.0,8,-7.0,3.0,False,False,False
1032,2020,14,16,16.0,16,63,george-russell,williams,mercedes,pirelli,False,57.0,,,,,+1 lap,,1.0,,,,,False,18.0,18,,PL,4.0,2.0,False,False,False
1032,2020,14,17,17.0,17,20,kevin-magnussen,haas,ferrari,pirelli,False,55.0,,,,,,,,,,Withdrew,,False,16.0,16,13.0,13,-4.0,2.0,False,False,False
1032,2020,14,18,,DNF,8,romain-grosjean,haas,ferrari,pirelli,False,49.0,,,,,,,,,,Collision damage,,False,19.0,19,17.0,17,,2.0,False,False,False
1032,2020,14,19,,DNF,6,nicholas-latifi,williams,mercedes,pirelli,False,39.0,,,,,,,,,,Collision damage,,False,20.0,20,,PL,,2.0,False,False,False
1032,2020,14,20,,DNF,99,antonio-giovinazzi,alfa-romeo,ferrari,pirelli,False,11.0,,,,,,,,,,Gearbox,,False,10.0,10,10.0,10,,1.0,False,False,False
1033,2020,15,1,1.0,1,44,lewis-hamilton,mercedes,mercedes,pirelli,False,57.0,2:59:47.515,10787515.0,,,,,,,,,25.0,True,1.0,1,1.0,1,0.0,3.0,False,False,False
1033,2020,15,2,2.0,2,33,max-verstappen,red-bull,honda,pirelli,False,57.0,2:59:48.769,10788769.0,,,+1.254,1254.0,,+1.254,1254.0,,19.0,False,3.0,3,3.0,3,1.0,4.0,True,False,False
1033,2020,15,3,3.0,3,23,alexander-albon,red-bull,honda,pirelli,False,57.0,2:59:55.520,10795520.0,,,+8.005,8005.0,,+6.751,6751.0,,15.0,False,4.0,4,4.0,4,1.0,3.0,False,False,False
1033,2020,15,4,4.0,4,4,lando-norris,mclaren,renault,pirelli,False,57.0,2:59:58.852,10798852.0,,,+11.337,11337.0,,+3.332,3332.0,,12.0,False,9.0,9,9.0,9,5.0,3.0,False,False,False
1033,2020,15,5,5.0,5,55,carlos-sainz-jr,mclaren,renault,pirelli,False,57.0,2:59:59.302,10799302.0,,,+11.787,11787.0,,+0.450,450.0,,10.0,False,15.0,15,15.0,15,10.0,3.0,False,False,False
1033,2020,15,6,6.0,6,10,pierre-gasly,alphatauri,honda,pirelli,False,57.0,2:59:59.457,10799457.0,,,+11.942,11942.0,,+0.155,155.0,,8.0,False,8.0,8,8.0,8,2.0,2.0,False,False,False
1033,2020,15,7,7.0,7,3,daniel-ricciardo,renault,renault,pirelli,False,57.0,3:00:6.883,10806883.0,,,+19.368,19368.0,,+7.426,7426.0,,6.0,False,6.0,6,6.0,6,-1.0,3.0,False,False,False
1033,2020,15,8,8.0,8,77,valtteri-bottas,mercedes,mercedes,pirelli,False,57.0,3:00:7.195,10807195.0,,,+19.680,19680.0,,+0.312,312.0,,4.0,False,2.0,2,2.0,2,-6.0,4.0,False,False,False
1033,2020,15,9,9.0,9,31,esteban-ocon,renault,renault,pirelli,False,57.0,3:00:10.318,10810318.0,,,+22.803,22803.0,,+3.123,3123.0,,2.0,False,7.0,7,7.0,7,-2.0,3.0,False,False,False
1033,2020,15,10,10.0,10,16,charles-leclerc,ferrari,ferrari,pirelli,False,56.0,,,,,+1 lap,,1.0,,,,1.0,False,12.0,12,12.0,12,2.0,3.0,False,False,False
1033,2020,15,11,11.0,11,26,daniil-kvyat,alphatauri,honda,pirelli,False,56.0,,,,,+1 lap,,1.0,,,,,False,10.0,10,10.0,10,-1.0,3.0,False,False,False
1033,2020,15,12,12.0,12,63,george-russell,williams,mercedes,pirelli,False,56.0,,,,,+1 lap,,1.0,,,,,False,14.0,14,14.0,14,2.0,3.0,False,False,False
1033,2020,15,13,13.0,13,5,sebastian-vettel,ferrari,ferrari,pirelli,False,56.0,,,,,+1 lap,,1.0,,,,,False,11.0,11,11.0,11,-2.0,3.0,False,False,False
1033,2020,15,14,14.0,14,6,nicholas-latifi,williams,mercedes,pirelli,False,56.0,,,,,+1 lap,,1.0,,,,,False,20.0,20,20.0,20,6.0,3.0,False,False,False
1033,2020,15,15,15.0,15,7,kimi-raikkonen,alfa-romeo,ferrari,pirelli,False,56.0,,,,,+1 lap,,1.0,,,,,False,17.0,17,17.0,17,2.0,3.0,False,False,False
1033,2020,15,16,16.0,16,99,antonio-giovinazzi,alfa-romeo,ferrari,pirelli,False,56.0,,,,,+1 lap,,1.0,,,,,False,16.0,16,16.0,16,0.0,3.0,False,False,False
1033,2020,15,17,17.0,17,20,kevin-magnussen,haas,ferrari,pirelli,False,56.0,,,,,+1 lap,,1.0,,,,,False,18.0,18,18.0,18,1.0,4.0,False,False,False
1033,2020,15,18,18.0,18,11,sergio-perez,racing-point,bwt-mercedes,pirelli,False,53.0,,,,,,,,,,Power unit,,False,5.0,5,5.0,5,-13.0,3.0,False,False,False
1033,2020,15,19,,DNF,18,lance-stroll,racing-point,bwt-mercedes,pirelli,False,2.0,,,,,,,,,,Collision,,False,13.0,13,13.0,13,,1.0,False,False,False
1033,2020,15,20,,DNF,8,romain-grosjean,haas,ferrari,pirelli,False,0.0,,,,,,,,,,Collision,,False,19.0,19,19.0,19,,0.0,False,True,False
1034,2020,16,1,1.0,1,11,sergio-perez,racing-point,bwt-mercedes,pirelli,False,87.0,1:31:15.114,5475114.0,,,,,,,,,25.0,False,5.0,5,5.0,5,4.0,2.0,False,False,False
1034,2020,16,2,2.0,2,31,esteban-ocon,renault,renault,pirelli,False,87.0,1:31:25.632,5485632.0,,,+10.518,10518.0,,+10.518,10518.0,,18.0,False,11.0,11,11.0,11,9.0,1.0,False,False,False
1034,2020,16,3,3.0,3,18,lance-stroll,racing-point,bwt-mercedes,pirelli,False,87.0,1:31:26.983,5486983.0,,,+11.869,11869.0,,+1.351,1351.0,,15.0,False,10.0,10,10.0,10,7.0,1.0,False,False,False
1034,2020,16,4,4.0,4,55,carlos-sainz-jr,mclaren,renault,pirelli,False,87.0,1:31:27.694,5487694.0,,,+12.580,12580.0,,+0.711,711.0,,12.0,False,8.0,8,8.0,8,4.0,2.0,False,False,False
1034,2020,16,5,5.0,5,3,daniel-ricciardo,renault,renault,pirelli,False,87.0,1:31:28.444,5488444.0,,,+13.330,13330.0,,+0.750,750.0,,10.0,False,7.0,7,7.0,7,2.0,2.0,False,False,False
1034,2020,16,6,6.0,6,23,alexander-albon,red-bull,honda,pirelli,False,87.0,1:31:28.956,5488956.0,,,+13.842,13842.0,,+0.512,512.0,,8.0,False,12.0,12,12.0,12,6.0,2.0,False,False,False
1034,2020,16,7,7.0,7,26,daniil-kvyat,alphatauri,honda,pirelli,False,87.0,1:31:29.648,5489648.0,,,+14.534,14534.0,,+0.692,692.0,,6.0,False,6.0,6,6.0,6,-1.0,2.0,False,False,False
1034,2020,16,8,8.0,8,77,valtteri-bottas,mercedes,mercedes,pirelli,False,87.0,1:31:30.503,5490503.0,,,+15.389,15389.0,,+0.855,855.0,,4.0,True,1.0,1,1.0,1,-7.0,2.0,False,False,False
1034,2020,16,9,9.0,9,63,george-russell,mercedes,mercedes,pirelli,False,87.0,1:31:33.670,5493670.0,,,+18.556,18556.0,,+3.167,3167.0,,3.0,False,2.0,2,2.0,2,-7.0,4.0,True,True,False
1034,2020,16,10,10.0,10,4,lando-norris,mclaren,renault,pirelli,False,87.0,1:31:34.655,5494655.0,,,+19.541,19541.0,,+0.985,985.0,,1.0,False,15.0,15,19.0,19,9.0,2.0,False,False,False
1034,2020,16,11,11.0,11,10,pierre-gasly,alphatauri,honda,pirelli,False,87.0,1:31:35.641,5495641.0,,,+20.527,20527.0,,+0.986,986.0,,,False,9.0,9,9.0,9,-2.0,2.0,False,False,False
1034,2020,16,12,12.0,12,5,sebastian-vettel,ferrari,ferrari,pirelli,False,87.0,1:31:37.725,5497725.0,,,+22.611,22611.0,,+2.084,2084.0,,,False,13.0,13,13.0,13,1.0,3.0,False,False,False
1034,2020,16,13,13.0,13,99,antonio-giovinazzi,alfa-romeo,ferrari,pirelli,False,87.0,1:31:39.225,5499225.0,,,+24.111,24111.0,,+1.500,1500.0,,,False,14.0,14,14.0,14,1.0,2.0,False,False,False
1034,2020,16,14,14.0,14,7,kimi-raikkonen,alfa-romeo,ferrari,pirelli,False,87.0,1:31:41.267,5501267.0,,,+26.153,26153.0,,+2.042,2042.0,,,False,19.0,19,18.0,18,4.0,3.0,False,False,False
1034,2020,16,15,15.0,15,20,kevin-magnussen,haas,ferrari,pirelli,False,87.0,1:31:47.484,5507484.0,,,+32.370,32370.0,,+6.217,6217.0,,,False,16.0,16,15.0,15,0.0,2.0,False,False,False
1034,2020,16,16,16.0,16,89,jack-aitken,williams,mercedes,pirelli,False,87.0,1:31:48.788,5508788.0,,,+33.674,33674.0,,+1.304,1304.0,,,False,18.0,18,17.0,17,1.0,3.0,False,False,False
1034,2020,16,17,17.0,17,51,pietro-fittipaldi,haas,ferrari,pirelli,False,87.0,1:31:51.972,5511972.0,,,+36.858,36858.0,,+3.184,3184.0,,,False,20.0,20,20.0,20,3.0,3.0,False,False,False
1034,2020,16,18,,DNF,6,nicholas-latifi,williams,mercedes,pirelli,False,52.0,,,,,,,,,,Oil leak,,False,17.0,17,16.0,16,,1.0,False,False,False
1034,2020,16,19,,DNF,33,max-verstappen,red-bull,honda,pirelli,False,0.0,,,,,,,,,,Collision,,False,3.0,3,3.0,3,,0.0,False,False,False
1034,2020,16,20,,DNF,16,charles-leclerc,ferrari,ferrari,pirelli,False,0.0,,,,,,,,,,Collision,,False,4.0,4,4.0,4,,0.0,False,False,False
1035,2020,17,1,1.0,1,33,max-verstappen,red-bull,honda,pirelli,False,55.0,1:36:28.645,5788645.0,,,,,,,,,25.0,True,1.0,1,1.0,1,0.0,1.0,False,True,False
1035,2020,17,2,2.0,2,77,valtteri-bottas,mercedes,mercedes,pirelli,False,55.0,1:36:44.621,5804621.0,,,+15.976,15976.0,,+15.976,15976.0,,18.0,False,2.0,2,2.0,2,0.0,1.0,False,False,False
1035,2020,17,3,3.0,3,44,lewis-hamilton,mercedes,mercedes,pirelli,False,55.0,1:36:47.060,5807060.0,,,+18.415,18415.0,,+2.439,2439.0,,15.0,False,3.0,3,3.0,3,0.0,1.0,False,False,False
1035,2020,17,4,4.0,4,23,alexander-albon,red-bull,honda,pirelli,False,55.0,1:36:48.632,5808632.0,,,+19.987,19987.0,,+1.572,1572.0,,12.0,False,5.0,5,5.0,5,1.0,1.0,False,False,False
1035,2020,17,5,5.0,5,4,lando-norris,mclaren,renault,pirelli,False,55.0,1:37:29.374,5849374.0,,,+1:00.729,60729.0,,+40.742,40742.0,,10.0,False,4.0,4,4.0,4,-1.0,1.0,False,False,False
1035,2020,17,6,6.0,6,55,carlos-sainz-jr,mclaren,renault,pirelli,False,55.0,1:37:34.307,5854307.0,,,+1:05.662,65662.0,,+4.933,4933.0,,8.0,False,6.0,6,6.0,6,0.0,1.0,False,False,False
1035,2020,17,7,7.0,7,3,daniel-ricciardo,renault,renault,pirelli,False,55.0,1:37:42.393,5862393.0,,,+1:13.748,73748.0,,+8.086,8086.0,,7.0,False,12.0,12,11.0,11,4.0,1.0,True,False,False
1035,2020,17,8,8.0,8,10,pierre-gasly,alphatauri,honda,pirelli,False,55.0,1:37:58.363,5878363.0,,,+1:29.718,89718.0,,+15.970,15970.0,,4.0,False,10.0,10,9.0,9,1.0,1.0,False,False,False
1035,2020,17,9,9.0,9,31,esteban-ocon,renault,renault,pirelli,False,55.0,1:38:09.714,5889714.0,,,+1:41.069,101069.0,,+11.351,11351.0,,2.0,False,11.0,11,10.0,10,1.0,1.0,False,False,False
1035,2020,17,10,10.0,10,18,lance-stroll,racing-point,bwt-mercedes,pirelli,False,55.0,1:38:11.383,5891383.0,,,+1:42.738,102738.0,,+1.669,1669.0,,1.0,False,8.0,8,8.0,8,-2.0,1.0,False,False,False
1035,2020,17,11,11.0,11,26,daniil-kvyat,alphatauri,honda,pirelli,False,54.0,,,,,+1 lap,,1.0,,,,,False,7.0,7,7.0,7,-4.0,1.0,False,False,False
1035,2020,17,12,12.0,12,7,kimi-raikkonen,alfa-romeo,ferrari,pirelli,False,54.0,,,,,+1 lap,,1.0,,,,,False,16.0,16,15.0,15,3.0,1.0,False,False,False
1035,2020,17,13,13.0,13,16,charles-leclerc,ferrari,ferrari,pirelli,False,54.0,,,,,+1 lap,,1.0,,,,,False,9.0,9,12.0,12,-1.0,1.0,False,False,False
1035,2020,17,14,14.0,14,5,sebastian-vettel,ferrari,ferrari,pirelli,False,54.0,,,,,+1 lap,,1.0,,,,,False,13.0,13,13.0,13,-1.0,1.0,False,False,False
1035,2020,17,15,15.0,15,63,george-russell,williams,mercedes,pirelli,False,54.0,,,,,+1 lap,,1.0,,,,,False,18.0,18,16.0,16,1.0,1.0,False,False,False
1035,2020,17,16,16.0,16,99,antonio-giovinazzi,alfa-romeo,ferrari,pirelli,False,54.0,,,,,+1 lap,,1.0,,,,,False,14.0,14,14.0,14,-2.0,1.0,False,False,False
1035,2020,17,17,17.0,17,6,nicholas-latifi,williams,mercedes,pirelli,False,54.0,,,,,+1 lap,,1.0,,,,,False,20.0,20,18.0,18,1.0,2.0,False,False,False
1035,2020,17,18,18.0,18,20,kevin-magnussen,haas,ferrari,pirelli,False,54.0,,,,,+1 lap,,1.0,,,,,False,17.0,17,20.0,20,2.0,2.0,False,False,False
1035,2020,17,19,19.0,19,51,pietro-fittipaldi,haas,ferrari,pirelli,False,53.0,,,,,+2 laps,,2.0,,,,,False,19.0,19,17.0,17,-2.0,3.0,False,False,False
1035,2020,17,20,,DNF,11,sergio-perez,racing-point,bwt-mercedes,pirelli,False,8.0,,,,,,,,,,Power unit,,False,15.0,15,19.0,19,,0.0,False,False,False
1036,2021,1,1,1.0,1,44,lewis-hamilton,mercedes,mercedes,pirelli,False,56.0,1:32:03.897,5523897.0,,,,,,,,,25.0,False,2.0,2,2.0,2,1.0,2.0,False,False,False
1036,2021,1,2,2.0,2,33,max-verstappen,red-bull,honda,pirelli,False,56.0,1:32:04.642,5524642.0,,,+0.745,745.0,,+0.745,745.0,,18.0,True,1.0,1,1.0,1,-1.0,2.0,False,False,False
1036,2021,1,3,3.0,3,77,valtteri-bottas,mercedes,mercedes,pirelli,False,56.0,1:32:41.280,5561280.0,,,+37.383,37383.0,,+36.638,36638.0,,16.0,False,3.0,3,3.0,3,0.0,3.0,True,False,False
1036,2021,1,4,4.0,4,4,lando-norris,mclaren,mercedes,pirelli,False,56.0,1:32:50.363,5570363.0,,,+46.466,46466.0,,+9.083,9083.0,,12.0,False,7.0,7,7.0,7,3.0,2.0,False,False,False
1036,2021,1,5,5.0,5,11,sergio-perez,red-bull,honda,pirelli,False,56.0,1:32:55.944,5575944.0,,,+52.047,52047.0,,+5.581,5581.0,,10.0,False,11.0,11,,PL,6.0,3.0,False,True,False
1036,2021,1,6,6.0,6,16,charles-leclerc,ferrari,ferrari,pirelli,False,56.0,1:33:02.987,5582987.0,,,+59.090,59090.0,,+7.043,7043.0,,8.0,False,4.0,4,4.0,4,-2.0,2.0,False,False,False
1036,2021,1,7,7.0,7,3,daniel-ricciardo,mclaren,mercedes,pirelli,False,56.0,1:33:09.901,5589901.0,,,+1:06.004,66004.0,,+6.914,6914.0,,6.0,False,6.0,6,6.0,6,-1.0,2.0,False,False,False
1036,2021,1,8,8.0,8,55,carlos-sainz-jr,ferrari,ferrari,pirelli,False,56.0,1:33:10.997,5590997.0,,,+1:07.100,67100.0,,+1.096,1096.0,,4.0,False,8.0,8,8.0,8,0.0,2.0,False,False,False
1036,2021,1,9,9.0,9,22,yuki-tsunoda,alphatauri,honda,pirelli,False,56.0,1:33:29.589,5609589.0,,,+1:25.692,85692.0,,+18.592,18592.0,,2.0,False,13.0,13,13.0,13,4.0,2.0,False,False,False
1036,2021,1,10,10.0,10,18,lance-stroll,aston-martin,mercedes,pirelli,False,56.0,1:33:30.610,5610610.0,,,+1:26.713,86713.0,,+1.021,1021.0,,1.0,False,10.0,10,10.0,10,0.0,2.0,False,False,False
1036,2021,1,11,11.0,11,7,kimi-raikkonen,alfa-romeo,ferrari,pirelli,False,56.0,1:33:32.761,5612761.0,,,+1:28.864,88864.0,,+2.151,2151.0,,,False,14.0,14,14.0,14,3.0,2.0,False,False,False
1036,2021,1,12,12.0,12,99,antonio-giovinazzi,alfa-romeo,ferrari,pirelli,False,55.0,,,,,+1 lap,,1.0,,,,,False,12.0,12,12.0,12,0.0,2.0,False,False,False
1036,2021,1,13,13.0,13,31,esteban-ocon,alpine,renault,pirelli,False,55.0,,,,,+1 lap,,1.0,,,,,False,16.0,16,16.0,16,3.0,2.0,False,False,False
1036,2021,1,14,14.0,14,63,george-russell,williams,mercedes,pirelli,False,55.0,,,,,+1 lap,,1.0,,,,,False,15.0,15,15.0,15,1.0,2.0,False,False,False
1036,2021,1,15,15.0,15,5,sebastian-vettel,aston-martin,mercedes,pirelli,False,55.0,,,10.0,10000.0,+1 lap,,1.0,,,,,False,18.0,18,20.0,20,5.0,1.0,False,False,False
1036,2021,1,16,16.0,16,47,mick-schumacher,haas,ferrari,pirelli,False,55.0,,,,,+1 lap,,1.0,,,,,False,19.0,19,18.0,18,2.0,2.0,False,False,False
1036,2021,1,17,17.0,17,10,pierre-gasly,alphatauri,honda,pirelli,False,52.0,,,,,,,,,,Suspension,,False,5.0,5,5.0,5,-12.0,3.0,False,False,False
1036,2021,1,18,18.0,18,6,nicholas-latifi,williams,mercedes,pirelli,False,51.0,,,,,,,,,,Fuel system,,False,17.0,17,17.0,17,-1.0,2.0,False,False,False
1036,2021,1,19,,DNF,14,fernando-alonso,alpine,renault,pirelli,False,32.0,,,,,,,,,,Brakes,,False,9.0,9,9.0,9,,2.0,False,False,False
1036,2021,1,20,,DNF,9,nikita-mazepin,haas,ferrari,pirelli,False,0.0,,,,,,,,,,Accident,,False,20.0,20,19.0,19,,0.0,False,False,False
1037,2021,2,1,1.0,1,33,max-verstappen,red-bull,honda,pirelli,False,63.0,2:02:34.598,7354598.0,,,,,,,,,25.0,False,3.0,3,3.0,3,2.0,2.0,False,False,False
1037,2021,2,2,2.0,2,44,lewis-hamilton,mercedes,mercedes,pirelli,False,63.0,2:02:56.598,7376598.0,,,+22.000,22000.0,,+22.000,22000.0,,19.0,True,1.0,1,1.0,1,-1.0,4.0,True,False,False
1037,2021,2,3,3.0,3,4,lando-norris,mclaren,mercedes,pirelli,False,63.0,2:02:58.300,7378300.0,,,+23.702,23702.0,,+1.702,1702.0,,15.0,False,7.0,7,7.0,7,4.0,2.0,False,True,False
1037,2021,2,4,4.0,4,16,charles-leclerc,ferrari,ferrari,pirelli,False,63.0,2:03:00.177,7380177.0,,,+25.579,25579.0,,+1.877,1877.0,,12.0,False,4.0,4,4.0,4,0.0,2.0,False,False,False
1037,2021,2,5,5.0,5,55,carlos-sainz-jr,ferrari,ferrari,pirelli,False,63.0,2:03:01.634,7381634.0,,,+27.036,27036.0,,+1.457,1457.0,,10.0,False,11.0,11,11.0,11,6.0,2.0,False,False,False
1037,2021,2,6,6.0,6,3,daniel-ricciardo,mclaren,mercedes,pirelli,False,63.0,2:03:25.818,7405818.0,,,+51.220,51220.0,,+24.184,24184.0,,8.0,False,6.0,6,6.0,6,0.0,2.0,False,False,False
1037,2021,2,7,7.0,7,10,pierre-gasly,alphatauri,honda,pirelli,False,63.0,2:03:27.416,7407416.0,,,+52.818,52818.0,,+1.598,1598.0,,6.0,False,5.0,5,5.0,5,-2.0,4.0,False,False,False
1037,2021,2,8,8.0,8,18,lance-stroll,aston-martin,mercedes,pirelli,False,63.0,2:03:31.507,7411507.0,5.0,5000.0,+56.909,56909.0,,+4.091,4091.0,,4.0,False,10.0,10,10.0,10,2.0,3.0,False,False,False
1037,2021,2,9,9.0,9,31,esteban-ocon,alpine,renault,pirelli,False,63.0,2:03:40.302,7420302.0,,,+1:05.704,65704.0,,+8.795,8795.0,,2.0,False,9.0,9,9.0,9,0.0,5.0,False,False,False
1037,2021,2,10,10.0,10,14,fernando-alonso,alpine,renault,pirelli,False,63.0,2:03:41.159,7421159.0,,,+1:06.561,66561.0,,+0.857,857.0,,1.0,False,15.0,15,15.0,15,5.0,3.0,False,False,False
1037,2021,2,11,11.0,11,11,sergio-perez,red-bull,honda,pirelli,False,63.0,2:03:41.749,7421749.0,,,+1:07.151,67151.0,,+0.590,590.0,,,False,2.0,2,2.0,2,-9.0,2.0,False,False,False
1037,2021,2,12,12.0,12,22,yuki-tsunoda,alphatauri,honda,pirelli,False,63.0,2:03:47.782,7427782.0,5.0,5000.0,+1:13.184,73184.0,,+6.033,6033.0,,,False,,NC,20.0,20,8.0,3.0,False,False,False
1037,2021,2,13,13.0,13,7,kimi-raikkonen,alfa-romeo,ferrari,pirelli,False,63.0,2:04:09.371,7449371.0,30.0,30000.0,+1:34.773,94773.0,,+21.589,21589.0,,,False,16.0,16,16.0,16,3.0,3.0,False,False,False
1037,2021,2,14,14.0,14,99,antonio-giovinazzi,alfa-romeo,ferrari,pirelli,False,62.0,,,,,+1 lap,,1.0,,,,,False,17.0,17,17.0,17,3.0,4.0,False,False,False
1037,2021,2,15,15.0,15,5,sebastian-vettel,aston-martin,mercedes,pirelli,False,61.0,,,,,,,,,,Gearbox,,False,13.0,13,,PL,-2.0,5.0,False,False,False
1037,2021,2,16,16.0,16,47,mick-schumacher,haas,ferrari,pirelli,False,61.0,,,,,+2 laps,,2.0,,,,,False,18.0,18,18.0,18,2.0,4.0,False,False,False
1037,2021,2,17,17.0,17,9,nikita-mazepin,haas,ferrari,pirelli,False,61.0,,,,,+2 laps,,2.0,,,,,False,19.0,19,19.0,19,2.0,4.0,False,False,False
1037,2021,2,18,,DNF,77,valtteri-bottas,mercedes,mercedes,pirelli,False,30.0,,,,,,,,,,Collision,,False,8.0,8,8.0,8,,1.0,False,False,False
1037,2021,2,19,,DNF,63,george-russell,williams,mercedes,pirelli,False,30.0,,,,,,,,,,Collision,,False,12.0,12,12.0,12,,1.0,False,False,False
1037,2021,2,20,,DNF,6,nicholas-latifi,williams,mercedes,pirelli,False,0.0,,,,,,,,,,Accident,,False,14.0,14,14.0,14,,0.0,False,False,False
1038,2021,3,1,1.0,1,44,lewis-hamilton,mercedes,mercedes,pirelli,False,66.0,1:34:31.421,5671421.0,,,,,,,,,25.0,False,2.0,2,2.0,2,1.0,3.0,False,False,False
1038,2021,3,2,2.0,2,33,max-verstappen,red-bull,honda,pirelli,False,66.0,1:35:00.569,5700569.0,,,+29.148,29148.0,,+29.148,29148.0,,18.0,False,3.0,3,3.0,3,1.0,4.0,False,False,False
1038,2021,3,3,3.0,3,77,valtteri-bottas,mercedes,mercedes,pirelli,False,66.0,1:35:04.951,5704951.0,,,+33.530,33530.0,,+4.382,4382.0,,16.0,True,1.0,1,1.0,1,-2.0,4.0,True,False,False
1038,2021,3,4,4.0,4,11,sergio-perez,red-bull,honda,pirelli,False,66.0,1:35:11.156,5711156.0,,,+39.735,39735.0,,+6.205,6205.0,,12.0,False,4.0,4,4.0,4,0.0,3.0,False,False,False
1038,2021,3,5,5.0,5,4,lando-norris,mclaren,mercedes,pirelli,False,66.0,1:35:22.790,5722790.0,,,+51.369,51369.0,,+11.634,11634.0,,10.0,False,7.0,7,7.0,7,2.0,3.0,False,False,False
1038,2021,3,6,6.0,6,16,charles-leclerc,ferrari,ferrari,pirelli,False,66.0,1:35:27.202,5727202.0,,,+55.781,55781.0,,+4.412,4412.0,,8.0,False,8.0,8,8.0,8,2.0,3.0,False,False,False
1038,2021,3,7,7.0,7,31,esteban-ocon,alpine,renault,pirelli,False,66.0,1:35:35.170,5735170.0,,,+1:03.749,63749.0,,+7.968,7968.0,,6.0,False,6.0,6,6.0,6,-1.0,3.0,False,False,False
1038,2021,3,8,8.0,8,14,fernando-alonso,alpine,renault,pirelli,False,66.0,1:35:36.229,5736229.0,,,+1:04.808,64808.0,,+1.059,1059.0,,4.0,False,13.0,13,13.0,13,5.0,3.0,False,False,False
1038,2021,3,9,9.0,9,3,daniel-ricciardo,mclaren,mercedes,pirelli,False,66.0,1:35:46.790,5746790.0,,,+1:15.369,75369.0,,+10.561,10561.0,,2.0,False,16.0,16,16.0,16,7.0,3.0,False,False,False
1038,2021,3,10,10.0,10,10,pierre-gasly,alphatauri,honda,pirelli,False,66.0,1:35:47.884,5747884.0,,,+1:16.463,76463.0,,+1.094,1094.0,,1.0,False,9.0,9,9.0,9,-1.0,3.0,False,False,False
1038,2021,3,11,11.0,11,55,carlos-sainz-jr,ferrari,ferrari,pirelli,False,66.0,1:35:50.376,5750376.0,,,+1:18.955,78955.0,,+2.492,2492.0,,,False,5.0,5,5.0,5,-6.0,3.0,False,False,False
1038,2021,3,12,12.0,12,99,antonio-giovinazzi,alfa-romeo,ferrari,pirelli,False,65.0,,,,,+1 lap,,1.0,,,,,False,12.0,12,12.0,12,0.0,3.0,False,False,False
1038,2021,3,13,13.0,13,5,sebastian-vettel,aston-martin,mercedes,pirelli,False,65.0,,,,,+1 lap,,1.0,,,,,False,10.0,10,10.0,10,-3.0,3.0,False,False,False
1038,2021,3,14,14.0,14,18,lance-stroll,aston-martin,mercedes,pirelli,False,65.0,,,,,+1 lap,,1.0,,,,,False,17.0,17,17.0,17,3.0,3.0,False,False,False
1038,2021,3,15,15.0,15,22,yuki-tsunoda,alphatauri,honda,pirelli,False,65.0,,,,,+1 lap,,1.0,,,,,False,14.0,14,14.0,14,-1.0,3.0,False,False,False
1038,2021,3,16,16.0,16,63,george-russell,williams,mercedes,pirelli,False,65.0,,,,,+1 lap,,1.0,,,,,False,11.0,11,11.0,11,-5.0,3.0,False,False,False
1038,2021,3,17,17.0,17,47,mick-schumacher,haas,ferrari,pirelli,False,64.0,,,,,+2 laps,,2.0,,,,,False,19.0,19,19.0,19,2.0,3.0,False,False,False
1038,2021,3,18,18.0,18,6,nicholas-latifi,williams,mercedes,pirelli,False,64.0,,,,,+2 laps,,2.0,,,,,False,18.0,18,18.0,18,0.0,3.0,False,False,False
1038,2021,3,19,19.0,19,9,nikita-mazepin,haas,ferrari,pirelli,False,64.0,,,5.0,5000.0,+2 laps,,2.0,,,,,False,20.0,20,20.0,20,1.0,4.0,False,True,False
1038,2021,3,20,,DNF,7,kimi-raikkonen,alfa-romeo,ferrari,pirelli,False,1.0,,,,,,,,,,Collision,,False,15.0,15,15.0,15,,0.0,False,False,False
1039,2021,4,1,1.0,1,44,lewis-hamilton,mercedes,mercedes,pirelli,False,66.0,1:33:07.680,5587680.0,,,,,,,,,25.0,True,1.0,1,1.0,1,0.0,2.0,False,True,False
1039,2021,4,2,2.0,2,33,max-verstappen,red-bull,honda,pirelli,False,66.0,1:33:23.521,5603521.0,,,+15.841,15841.0,,+15.841,15841.0,,19.0,False,2.0,2,2.0,2,0.0,2.0,True,False,False
1039,2021,4,3,3.0,3,77,valtteri-bottas,mercedes,mercedes,pirelli,False,66.0,1:33:34.290,5614290.0,,,+26.610,26610.0,,+10.769,10769.0,,15.0,False,3.0,3,3.0,3,0.0,2.0,False,False,False
1039,2021,4,4,4.0,4,16,charles-leclerc,ferrari,ferrari,pirelli,False,66.0,1:34:02.296,5642296.0,,,+54.616,54616.0,,+28.006,28006.0,,12.0,False,4.0,4,4.0,4,0.0,2.0,False,False,False
1039,2021,4,5,5.0,5,11,sergio-perez,red-bull,honda,pirelli,False,66.0,1:34:11.351,5651351.0,,,+1:03.671,63671.0,,+9.055,9055.0,,10.0,False,8.0,8,8.0,8,3.0,2.0,False,False,False
1039,2021,4,6,6.0,6,3,daniel-ricciardo,mclaren,mercedes,pirelli,False,66.0,1:34:21.448,5661448.0,,,+1:13.768,73768.0,,+10.097,10097.0,,8.0,False,7.0,7,7.0,7,1.0,2.0,False,False,False
1039,2021,4,7,7.0,7,55,carlos-sainz-jr,ferrari,ferrari,pirelli,False,66.0,1:34:22.350,5662350.0,,,+1:14.670,74670.0,,+0.902,902.0,,6.0,False,6.0,6,6.0,6,-1.0,2.0,False,False,False
1039,2021,4,8,8.0,8,4,lando-norris,mclaren,mercedes,pirelli,False,65.0,,,,,+1 lap,,1.0,,,,4.0,False,9.0,9,9.0,9,1.0,2.0,False,False,False
1039,2021,4,9,9.0,9,31,esteban-ocon,alpine,renault,pirelli,False,65.0,,,,,+1 lap,,1.0,,,,2.0,False,5.0,5,5.0,5,-4.0,1.0,False,False,False
1039,2021,4,10,10.0,10,10,pierre-gasly,alphatauri,honda,pirelli,False,65.0,,,,,+1 lap,,1.0,,,,1.0,False,12.0,12,12.0,12,2.0,2.0,False,False,False
1039,2021,4,11,11.0,11,18,lance-stroll,aston-martin,mercedes,pirelli,False,65.0,,,,,+1 lap,,1.0,,,,,False,11.0,11,11.0,11,0.0,2.0,False,False,False
1039,2021,4,12,12.0,12,7,kimi-raikkonen,alfa-romeo,ferrari,pirelli,False,65.0,,,,,+1 lap,,1.0,,,,,False,17.0,17,17.0,17,5.0,1.0,False,False,False
1039,2021,4,13,13.0,13,5,sebastian-vettel,aston-martin,mercedes,pirelli,False,65.0,,,,,+1 lap,,1.0,,,,,False,13.0,13,13.0,13,0.0,2.0,False,False,False
1039,2021,4,14,14.0,14,63,george-russell,williams,mercedes,pirelli,False,65.0,,,,,+1 lap,,1.0,,,,,False,15.0,15,15.0,15,1.0,2.0,False,False,False
1039,2021,4,15,15.0,15,99,antonio-giovinazzi,alfa-romeo,ferrari,pirelli,False,65.0,,,,,+1 lap,,1.0,,,,,False,14.0,14,14.0,14,-1.0,2.0,False,False,False
1039,2021,4,16,16.0,16,6,nicholas-latifi,williams,mercedes,pirelli,False,65.0,,,,,+1 lap,,1.0,,,,,False,19.0,19,19.0,19,3.0,3.0,False,False,False
1039,2021,4,17,17.0,17,14,fernando-alonso,alpine,renault,pirelli,False,65.0,,,,,+1 lap,,1.0,,,,,False,10.0,10,10.0,10,-7.0,2.0,False,False,False
1039,2021,4,18,18.0,18,47,mick-schumacher,haas,ferrari,pirelli,False,64.0,,,,,+2 laps,,2.0,,,,,False,18.0,18,18.0,18,0.0,2.0,False,False,False
1039,2021,4,19,19.0,19,9,nikita-mazepin,haas,ferrari,pirelli,False,64.0,,,,,+2 laps,,2.0,,,,,False,20.0,20,20.0,20,1.0,2.0,False,False,False
1039,2021,4,20,,DNF,22,yuki-tsunoda,alphatauri,honda,pirelli,False,6.0,,,,,,,,,,Electrical,,False,16.0,16,16.0,16,,0.0,False,False,False
1040,2021,5,1,1.0,1,33,max-verstappen,red-bull,honda,pirelli,False,78.0,1:38:56.820,5936820.0,,,,,,,,,25.0,False,2.0,2,2.0,2,1.0,1.0,False,False,False
1040,2021,5,2,2.0,2,55,carlos-sainz-jr,ferrari,ferrari,pirelli,False,78.0,1:39:05.788,5945788.0,,,+8.968,8968.0,,+8.968,8968.0,,18.0,False,4.0,4,4.0,4,2.0,1.0,False,False,False
1040,2021,5,3,3.0,3,4,lando-norris,mclaren,mercedes,pirelli,False,78.0,1:39:16.247,5956247.0,,,+19.427,19427.0,,+10.459,10459.0,,15.0,False,5.0,5,5.0,5,2.0,1.0,False,False,False
1040,2021,5,4,4.0,4,11,sergio-perez,red-bull,honda,pirelli,False,78.0,1:39:17.310,5957310.0,,,+20.490,20490.0,,+1.063,1063.0,,12.0,False,9.0,9,9.0,9,5.0,1.0,False,False,False
1040,2021,5,5,5.0,5,5,sebastian-vettel,aston-martin,mercedes,pirelli,False,78.0,1:39:49.411,5989411.0,,,+52.591,52591.0,,+32.101,32101.0,,10.0,False,8.0,8,8.0,8,3.0,1.0,False,True,False
1040,2021,5,6,6.0,6,10,pierre-gasly,alphatauri,honda,pirelli,False,78.0,1:39:50.716,5990716.0,,,+53.896,53896.0,,+1.305,1305.0,,8.0,False,6.0,6,6.0,6,0.0,1.0,False,False,False
1040,2021,5,7,7.0,7,44,lewis-hamilton,mercedes,mercedes,pirelli,False,78.0,1:40:05.051,6005051.0,,,+1:08.231,68231.0,,+14.335,14335.0,,7.0,False,7.0,7,7.0,7,0.0,2.0,True,False,False
1040,2021,5,8,8.0,8,18,lance-stroll,aston-martin,mercedes,pirelli,False,77.0,,,,,+1 lap,,1.0,,,,4.0,False,13.0,13,13.0,13,5.0,1.0,False,False,False
1040,2021,5,9,9.0,9,31,esteban-ocon,alpine,renault,pirelli,False,77.0,,,,,+1 lap,,1.0,,,,2.0,False,11.0,11,11.0,11,2.0,1.0,False,False,False
1040,2021,5,10,10.0,10,99,antonio-giovinazzi,alfa-romeo,ferrari,pirelli,False,77.0,,,,,+1 lap,,1.0,,,,1.0,False,10.0,10,10.0,10,0.0,1.0,False,False,False
1040,2021,5,11,11.0,11,7,kimi-raikkonen,alfa-romeo,ferrari,pirelli,False,77.0,,,,,+1 lap,,1.0,,,,,False,14.0,14,14.0,14,3.0,1.0,False,False,False
1040,2021,5,12,12.0,12,3,daniel-ricciardo,mclaren,mercedes,pirelli,False,77.0,,,,,+1 lap,,1.0,,,,,False,12.0,12,12.0,12,0.0,1.0,False,False,False
1040,2021,5,13,13.0,13,14,fernando-alonso,alpine,renault,pirelli,False,77.0,,,,,+1 lap,,1.0,,,,,False,17.0,17,17.0,17,4.0,1.0,False,False,False
1040,2021,5,14,14.0,14,63,george-russell,williams,mercedes,pirelli,False,77.0,,,,,+1 lap,,1.0,,,,,False,15.0,15,15.0,15,1.0,1.0,False,False,False
1040,2021,5,15,15.0,15,6,nicholas-latifi,williams,mercedes,pirelli,False,77.0,,,,,+1 lap,,1.0,,,,,False,18.0,18,18.0,18,3.0,1.0,False,False,False
1040,2021,5,16,16.0,16,22,yuki-tsunoda,alphatauri,honda,pirelli,False,77.0,,,,,+1 lap,,1.0,,,,,False,16.0,16,16.0,16,0.0,1.0,False,False,False
1040,2021,5,17,17.0,17,9,nikita-mazepin,haas,ferrari,pirelli,False,75.0,,,,,+3 laps,,3.0,,,,,False,19.0,19,19.0,19,2.0,1.0,False,False,False
1040,2021,5,18,18.0,18,47,mick-schumacher,haas,ferrari,pirelli,False,75.0,,,,,+3 laps,,3.0,,,,,False,,,20.0,20,2.0,1.0,False,False,False
1040,2021,5,19,,DNF,77,valtteri-bottas,mercedes,mercedes,pirelli,False,29.0,,,,,,,,,,Wheel nut,,False,3.0,3,3.0,3,,0.0,False,False,False
1040,2021,5,20,,DNS,16,charles-leclerc,ferrari,ferrari,pirelli,False,,,,,,,,,,,Driveshaft hub,,True,1.0,1,,,,0.0,False,False,False
1041,2021,6,1,1.0,1,11,sergio-perez,red-bull,honda,pirelli,False,51.0,2:13:36.410,8016410.0,,,,,,,,,25.0,False,7.0,7,6.0,6,5.0,3.0,False,False,False
1041,2021,6,2,2.0,2,5,sebastian-vettel,aston-martin,mercedes,pirelli,False,51.0,2:13:37.795,8017795.0,,,+1.385,1385.0,,+1.385,1385.0,,18.0,False,11.0,11,11.0,11,9.0,3.0,False,True,False
1041,2021,6,3,3.0,3,10,pierre-gasly,alphatauri,honda,pirelli,False,51.0,2:13:39.172,8019172.0,,,+2.762,2762.0,,+1.377,1377.0,,15.0,False,4.0,4,4.0,4,1.0,3.0,False,False,False
1041,2021,6,4,4.0,4,16,charles-leclerc,ferrari,ferrari,pirelli,False,51.0,2:13:40.238,8020238.0,,,+3.828,3828.0,,+1.066,1066.0,,12.0,True,1.0,1,1.0,1,-3.0,3.0,False,False,False
1041,2021,6,5,5.0,5,4,lando-norris,mclaren,mercedes,pirelli,False,51.0,2:13:41.164,8021164.0,,,+4.754,4754.0,,+0.926,926.0,,10.0,False,6.0,6,9.0,9,4.0,3.0,False,False,False
1041,2021,6,6,6.0,6,14,fernando-alonso,alpine,renault,pirelli,False,51.0,2:13:42.792,8022792.0,,,+6.382,6382.0,,+1.628,1628.0,,8.0,False,9.0,9,8.0,8,2.0,4.0,False,False,False
1041,2021,6,7,7.0,7,22,yuki-tsunoda,alphatauri,honda,pirelli,False,51.0,2:13:43.034,8023034.0,,,+6.624,6624.0,,+0.242,242.0,,6.0,False,8.0,8,7.0,7,0.0,3.0,False,False,False
1041,2021,6,8,8.0,8,55,carlos-sainz-jr,ferrari,ferrari,pirelli,False,51.0,2:13:44.119,8024119.0,,,+7.709,7709.0,,+1.085,1085.0,,4.0,False,5.0,5,5.0,5,-3.0,3.0,False,False,False
1041,2021,6,9,9.0,9,3,daniel-ricciardo,mclaren,mercedes,pirelli,False,51.0,2:13:45.284,8025284.0,,,+8.874,8874.0,,+1.165,1165.0,,2.0,False,13.0,13,13.0,13,4.0,3.0,False,False,False
1041,2021,6,10,10.0,10,7,kimi-raikkonen,alfa-romeo,ferrari,pirelli,False,51.0,2:13:45.986,8025986.0,,,+9.576,9576.0,,+0.702,702.0,,1.0,False,14.0,14,14.0,14,4.0,3.0,False,False,False
1041,2021,6,11,11.0,11,99,antonio-giovinazzi,alfa-romeo,ferrari,pirelli,False,51.0,2:13:46.664,8026664.0,,,+10.254,10254.0,,+0.678,678.0,,,False,,NC,20.0,20,9.0,4.0,False,False,False
1041,2021,6,12,12.0,12,77,valtteri-bottas,mercedes,mercedes,pirelli,False,51.0,2:13:47.674,8027674.0,,,+11.264,11264.0,,+1.010,1010.0,,,False,10.0,10,10.0,10,-2.0,3.0,False,False,False
1041,2021,6,13,13.0,13,47,mick-schumacher,haas,ferrari,pirelli,False,51.0,2:13:50.651,8030651.0,,,+14.241,14241.0,,+2.977,2977.0,,,False,17.0,17,17.0,17,4.0,5.0,False,False,False
1041,2021,6,14,14.0,14,9,nikita-mazepin,haas,ferrari,pirelli,False,51.0,2:13:50.725,8030725.0,,,+14.315,14315.0,,+0.074,74.0,,,False,18.0,18,18.0,18,4.0,6.0,False,False,False
1041,2021,6,15,15.0,15,44,lewis-hamilton,mercedes,mercedes,pirelli,False,51.0,2:13:54.078,8034078.0,,,+17.668,17668.0,,+3.353,3353.0,,,False,2.0,2,2.0,2,-13.0,3.0,False,False,False
1041,2021,6,16,16.0,16,6,nicholas-latifi,williams,mercedes,pirelli,False,51.0,2:14:18.789,8058789.0,30.0,30000.0,+42.379,42379.0,,+24.711,24711.0,,,False,16.0,16,16.0,16,0.0,2.0,False,False,False
1041,2021,6,17,17.0,17,63,george-russell,williams,mercedes,pirelli,False,48.0,,,,,,,,,,Gearbox,,False,15.0,15,15.0,15,-2.0,4.0,False,False,False
1041,2021,6,18,18.0,18,33,max-verstappen,red-bull,honda,pirelli,False,45.0,,,,,,,,,,Tyre,,False,3.0,3,3.0,3,-15.0,1.0,True,False,False
1041,2021,6,19,,DNF,18,lance-stroll,aston-martin,mercedes,pirelli,False,29.0,,,,,,,,,,Tyre,,False,,NC,19.0,19,,0.0,False,False,False
1041,2021,6,20,,DNF,31,esteban-ocon,alpine,renault,pirelli,False,3.0,,,,,,,,,,Turbocharger,,False,12.0,12,12.0,12,,0.0,False,False,False
1042,2021,7,1,1.0,1,33,max-verstappen,red-bull,honda,pirelli,False,53.0,1:27:25.770,5245770.0,,,,,,,,,26.0,True,1.0,1,1.0,1,0.0,2.0,True,True,False
1042,2021,7,2,2.0,2,44,lewis-hamilton,mercedes,mercedes,pirelli,False,53.0,1:27:28.674,5248674.0,,,+2.904,2904.0,,+2.904,2904.0,,18.0,False,2.0,2,2.0,2,0.0,1.0,False,False,False
1042,2021,7,3,3.0,3,11,sergio-perez,red-bull,honda,pirelli,False,53.0,1:27:34.581,5254581.0,,,+8.811,8811.0,,+5.907,5907.0,,15.0,False,4.0,4,4.0,4,1.0,1.0,False,False,False
1042,2021,7,4,4.0,4,77,valtteri-bottas,mercedes,mercedes,pirelli,False,53.0,1:27:40.388,5260388.0,,,+14.618,14618.0,,+5.807,5807.0,,12.0,False,3.0,3,3.0,3,-1.0,1.0,False,False,False
1042,2021,7,5,5.0,5,4,lando-norris,mclaren,mercedes,pirelli,False,53.0,1:28:29.802,5309802.0,,,+1:04.032,64032.0,,+49.414,49414.0,,10.0,False,8.0,8,8.0,8,3.0,1.0,False,False,False
1042,2021,7,6,6.0,6,3,daniel-ricciardo,mclaren,mercedes,pirelli,False,53.0,1:28:41.627,5321627.0,,,+1:15.857,75857.0,,+11.825,11825.0,,8.0,False,10.0,10,10.0,10,4.0,1.0,False,False,False
1042,2021,7,7,7.0,7,10,pierre-gasly,alphatauri,honda,pirelli,False,53.0,1:28:42.366,5322366.0,,,+1:16.596,76596.0,,+0.739,739.0,,6.0,False,6.0,6,6.0,6,-1.0,1.0,False,False,False
1042,2021,7,8,8.0,8,14,fernando-alonso,alpine,renault,pirelli,False,53.0,1:28:43.465,5323465.0,,,+1:17.695,77695.0,,+1.099,1099.0,,4.0,False,9.0,9,9.0,9,1.0,1.0,False,False,False
1042,2021,7,9,9.0,9,5,sebastian-vettel,aston-martin,mercedes,pirelli,False,53.0,1:28:45.436,5325436.0,,,+1:19.666,79666.0,,+1.971,1971.0,,2.0,False,12.0,12,12.0,12,3.0,1.0,False,False,False
1042,2021,7,10,10.0,10,18,lance-stroll,aston-martin,mercedes,pirelli,False,53.0,1:28:57.716,5337716.0,,,+1:31.946,91946.0,,+12.280,12280.0,,1.0,False,,NC,19.0,19,9.0,1.0,False,False,False
1042,2021,7,11,11.0,11,55,carlos-sainz-jr,ferrari,ferrari,pirelli,False,53.0,1:29:05.107,5345107.0,,,+1:39.337,99337.0,,+7.391,7391.0,,,False,5.0,5,5.0,5,-6.0,1.0,False,False,False
1042,2021,7,12,12.0,12,63,george-russell,williams,mercedes,pirelli,False,52.0,,,,,+1 lap,,1.0,,,,,False,14.0,14,14.0,14,2.0,1.0,False,False,False
1042,2021,7,13,13.0,13,22,yuki-tsunoda,alphatauri,honda,pirelli,False,52.0,,,,,+1 lap,,1.0,,,,,False,,NC,,PL,7.0,1.0,False,False,False
1042,2021,7,14,14.0,14,31,esteban-ocon,alpine,renault,pirelli,False,52.0,,,,,+1 lap,,1.0,,,,,False,11.0,11,11.0,11,-3.0,1.0,False,False,False
1042,2021,7,15,15.0,15,99,antonio-giovinazzi,alfa-romeo,ferrari,pirelli,False,52.0,,,,,+1 lap,,1.0,,,,,False,13.0,13,13.0,13,-2.0,1.0,False,False,False
1042,2021,7,16,16.0,16,16,charles-leclerc,ferrari,ferrari,pirelli,False,52.0,,,,,+1 lap,,1.0,,,,,False,7.0,7,7.0,7,-9.0,2.0,False,False,False
1042,2021,7,17,17.0,17,7,kimi-raikkonen,alfa-romeo,ferrari,pirelli,False,52.0,,,,,+1 lap,,1.0,,,,,False,17.0,17,17.0,17,0.0,1.0,False,False,False
1042,2021,7,18,18.0,18,6,nicholas-latifi,williams,mercedes,pirelli,False,52.0,,,,,+1 lap,,1.0,,,,,False,16.0,16,16.0,16,-2.0,1.0,False,False,False
1042,2021,7,19,19.0,19,47,mick-schumacher,haas,ferrari,pirelli,False,52.0,,,,,+1 lap,,1.0,,,,,False,15.0,15,15.0,15,-4.0,1.0,False,False,False
1042,2021,7,20,20.0,20,9,nikita-mazepin,haas,ferrari,pirelli,False,52.0,,,,,+1 lap,,1.0,,,,,False,18.0,18,18.0,18,-2.0,1.0,False,False,False
1043,2021,8,1,1.0,1,33,max-verstappen,red-bull,honda,pirelli,False,71.0,1:22:18.925,4938925.0,,,,,,,,,25.0,True,1.0,1,1.0,1,0.0,1.0,False,False,False
1043,2021,8,2,2.0,2,44,lewis-hamilton,mercedes,mercedes,pirelli,False,71.0,1:22:54.668,4974668.0,,,+35.743,35743.0,,+35.743,35743.0,,19.0,False,3.0,3,2.0,2,0.0,2.0,True,False,False
1043,2021,8,3,3.0,3,77,valtteri-bottas,mercedes,mercedes,pirelli,False,71.0,1:23:05.832,4985832.0,,,+46.907,46907.0,,+11.164,11164.0,,15.0,False,2.0,2,5.0,5,2.0,1.0,False,False,False
1043,2021,8,4,4.0,4,11,sergio-perez,red-bull,honda,pirelli,False,71.0,1:23:06.359,4986359.0,,,+47.434,47434.0,,+0.527,527.0,,12.0,False,5.0,5,4.0,4,0.0,2.0,False,False,False
1043,2021,8,5,5.0,5,4,lando-norris,mclaren,mercedes,pirelli,False,70.0,,,,,+1 lap,,1.0,,,,10.0,False,4.0,4,3.0,3,-2.0,1.0,False,False,False
1043,2021,8,6,6.0,6,55,carlos-sainz-jr,ferrari,ferrari,pirelli,False,70.0,,,,,+1 lap,,1.0,,,,8.0,False,12.0,12,12.0,12,6.0,1.0,False,False,False
1043,2021,8,7,7.0,7,16,charles-leclerc,ferrari,ferrari,pirelli,False,70.0,,,,,+1 lap,,1.0,,,,6.0,False,7.0,7,7.0,7,0.0,2.0,False,True,False
1043,2021,8,8,8.0,8,18,lance-stroll,aston-martin,mercedes,pirelli,False,70.0,,,,,+1 lap,,1.0,,,,4.0,False,10.0,10,9.0,9,1.0,1.0,False,False,False
1043,2021,8,9,9.0,9,14,fernando-alonso,alpine,renault,pirelli,False,70.0,,,,,+1 lap,,1.0,,,,2.0,False,9.0,9,8.0,8,-1.0,1.0,False,False,False
1043,2021,8,10,10.0,10,22,yuki-tsunoda,alphatauri,honda,pirelli,False,70.0,,,,,+1 lap,,1.0,,,,1.0,False,8.0,8,11.0,11,1.0,1.0,False,False,False
1043,2021,8,11,11.0,11,7,kimi-raikkonen,alfa-romeo,ferrari,pirelli,False,70.0,,,,,+1 lap,,1.0,,,,,False,18.0,18,18.0,18,7.0,1.0,False,False,False
1043,2021,8,12,12.0,12,5,sebastian-vettel,aston-martin,mercedes,pirelli,False,70.0,,,,,+1 lap,,1.0,,,,,False,14.0,14,14.0,14,2.0,1.0,False,False,False
1043,2021,8,13,13.0,13,3,daniel-ricciardo,mclaren,mercedes,pirelli,False,70.0,,,,,+1 lap,,1.0,,,,,False,13.0,13,13.0,13,0.0,1.0,False,False,False
1043,2021,8,14,14.0,14,31,esteban-ocon,alpine,renault,pirelli,False,70.0,,,,,+1 lap,,1.0,,,,,False,17.0,17,17.0,17,3.0,1.0,False,False,False
1043,2021,8,15,15.0,15,99,antonio-giovinazzi,alfa-romeo,ferrari,pirelli,False,70.0,,,,,+1 lap,,1.0,,,,,False,15.0,15,15.0,15,0.0,1.0,False,False,False
1043,2021,8,16,16.0,16,47,mick-schumacher,haas,ferrari,pirelli,False,69.0,,,,,+2 laps,,2.0,,,,,False,19.0,19,19.0,19,3.0,1.0,False,False,False
1043,2021,8,17,17.0,17,6,nicholas-latifi,williams,mercedes,pirelli,False,68.0,,,,,+3 laps,,3.0,,,,,False,16.0,16,16.0,16,-1.0,2.0,False,False,False
1043,2021,8,18,18.0,18,9,nikita-mazepin,haas,ferrari,pirelli,False,68.0,,,,,+3 laps,,3.0,,,,,False,20.0,20,20.0,20,2.0,1.0,False,False,False
1043,2021,8,19,,DNF,63,george-russell,williams,mercedes,pirelli,False,36.0,,,,,,,,,,Power unit,,False,11.0,11,10.0,10,,2.0,False,False,False
1043,2021,8,20,,DNF,10,pierre-gasly,alphatauri,honda,pirelli,False,1.0,,,,,,,,,,Collision,,False,6.0,6,6.0,6,,0.0,False,False,False
1044,2021,9,1,1.0,1,33,max-verstappen,red-bull,honda,pirelli,False,71.0,1:23:54.543,5034543.0,,,,,,,,,26.0,True,1.0,1,1.0,1,0.0,2.0,True,False,True
1044,2021,9,2,2.0,2,77,valtteri-bottas,mercedes,mercedes,pirelli,False,71.0,1:24:12.516,5052516.0,,,+17.973,17973.0,,+17.973,17973.0,,18.0,False,5.0,5,5.0,5,3.0,1.0,False,False,False
1044,2021,9,3,3.0,3,4,lando-norris,mclaren,mercedes,pirelli,False,71.0,1:24:14.562,5054562.0,,,+20.019,20019.0,,+2.046,2046.0,,15.0,False,2.0,2,2.0,2,-1.0,1.0,False,True,False
1044,2021,9,4,4.0,4,44,lewis-hamilton,mercedes,mercedes,pirelli,False,71.0,1:24:40.995,5080995.0,,,+46.452,46452.0,,+26.433,26433.0,,12.0,False,4.0,4,4.0,4,0.0,2.0,False,False,False
1044,2021,9,5,5.0,5,55,carlos-sainz-jr,ferrari,ferrari,pirelli,False,71.0,1:24:51.687,5091687.0,,,+57.144,57144.0,,+10.692,10692.0,,10.0,False,11.0,11,10.0,10,5.0,1.0,False,False,False
1044,2021,9,6,6.0,6,11,sergio-perez,red-bull,honda,pirelli,False,71.0,1:24:52.458,5092458.0,10.0,10000.0,+57.915,57915.0,,+0.771,771.0,,8.0,False,3.0,3,3.0,3,-3.0,1.0,False,False,False
1044,2021,9,7,7.0,7,3,daniel-ricciardo,mclaren,mercedes,pirelli,False,71.0,1:24:54.938,5094938.0,,,+1:00.395,60395.0,,+2.480,2480.0,,6.0,False,13.0,13,13.0,13,6.0,1.0,False,False,False
1044,2021,9,8,8.0,8,16,charles-leclerc,ferrari,ferrari,pirelli,False,71.0,1:24:55.738,5095738.0,,,+1:01.195,61195.0,,+0.800,800.0,,4.0,False,12.0,12,12.0,12,4.0,1.0,False,False,False
1044,2021,9,9,9.0,9,10,pierre-gasly,alphatauri,honda,pirelli,False,71.0,1:24:56.387,5096387.0,,,+1:01.844,61844.0,,+0.649,649.0,,2.0,False,6.0,6,6.0,6,-3.0,2.0,False,False,False
1044,2021,9,10,10.0,10,14,fernando-alonso,alpine,renault,pirelli,False,70.0,,,,,+1 lap,,1.0,,,,1.0,False,14.0,14,14.0,14,4.0,1.0,False,False,False
1044,2021,9,11,11.0,11,63,george-russell,williams,mercedes,pirelli,False,70.0,,,,,+1 lap,,1.0,,,,,False,9.0,9,8.0,8,-3.0,1.0,False,False,False
1044,2021,9,12,12.0,12,22,yuki-tsunoda,alphatauri,honda,pirelli,False,70.0,,,5.0,5000.0,+1 lap,,1.0,,,,,False,7.0,7,7.0,7,-5.0,2.0,False,False,False
1044,2021,9,13,13.0,13,18,lance-stroll,aston-martin,mercedes,pirelli,False,70.0,,,5.0,5000.0,+1 lap,,1.0,,,,,False,10.0,10,9.0,9,-4.0,2.0,False,False,False
1044,2021,9,14,14.0,14,99,antonio-giovinazzi,alfa-romeo,ferrari,pirelli,False,70.0,,,,,+1 lap,,1.0,,,,,False,15.0,15,15.0,15,1.0,2.0,False,False,False
1044,2021,9,15,15.0,15,7,kimi-raikkonen,alfa-romeo,ferrari,pirelli,False,70.0,,,20.0,20000.0,+1 lap,,1.0,,,,,False,16.0,16,16.0,16,1.0,1.0,False,False,False
1044,2021,9,16,16.0,16,6,nicholas-latifi,williams,mercedes,pirelli,False,70.0,,,30.0,30000.0,+1 lap,,1.0,,,,,False,18.0,18,18.0,18,2.0,1.0,False,False,False
1044,2021,9,17,17.0,17,5,sebastian-vettel,aston-martin,mercedes,pirelli,False,69.0,,,,,,,,,,,,False,8.0,8,11.0,11,-6.0,2.0,False,False,False
1044,2021,9,18,18.0,18,47,mick-schumacher,haas,ferrari,pirelli,False,69.0,,,,,+2 laps,,2.0,,,,,False,19.0,19,19.0,19,1.0,1.0,False,False,False
1044,2021,9,19,19.0,19,9,nikita-mazepin,haas,ferrari,pirelli,False,69.0,,,30.0,30000.0,+2 laps,,2.0,,,,,False,20.0,20,20.0,20,1.0,2.0,False,False,False
1044,2021,9,20,,DNF,31,esteban-ocon,alpine,renault,pirelli,False,0.0,,,,,,,,,,Collision,,False,17.0,17,17.0,17,,0.0,False,False,False
1045,2021,10,1,1.0,1,44,lewis-hamilton,mercedes,mercedes,pirelli,False,52.0,1:58:23.284,7103284.0,,,,,,,,,25.0,False,2.0,2,2.0,2,1.0,2.0,False,False,False
1045,2021,10,2,2.0,2,16,charles-leclerc,ferrari,ferrari,pirelli,False,52.0,1:58:27.155,7107155.0,,,+3.871,3871.0,,+3.871,3871.0,,18.0,False,4.0,4,4.0,4,2.0,2.0,False,True,False
1045,2021,10,3,3.0,3,77,valtteri-bottas,mercedes,mercedes,pirelli,False,52.0,1:58:34.409,7114409.0,,,+11.125,11125.0,,+7.254,7254.0,,15.0,False,3.0,3,3.0,3,0.0,2.0,False,False,False
1045,2021,10,4,4.0,4,4,lando-norris,mclaren,mercedes,pirelli,False,52.0,1:58:51.857,7131857.0,,,+28.573,28573.0,,+17.448,17448.0,,12.0,False,5.0,5,5.0,5,1.0,2.0,False,False,False
1045,2021,10,5,5.0,5,3,daniel-ricciardo,mclaren,mercedes,pirelli,False,52.0,1:59:05.908,7145908.0,,,+42.624,42624.0,,+14.051,14051.0,,10.0,False,6.0,6,6.0,6,1.0,2.0,False,False,False
1045,2021,10,6,6.0,6,55,carlos-sainz-jr,ferrari,ferrari,pirelli,False,52.0,1:59:06.738,7146738.0,,,+43.454,43454.0,,+0.830,830.0,,8.0,False,11.0,11,10.0,10,4.0,2.0,False,False,False
1045,2021,10,7,7.0,7,14,fernando-alonso,alpine,renault,pirelli,False,52.0,1:59:35.377,7175377.0,,,+1:12.093,72093.0,,+28.639,28639.0,,6.0,False,7.0,7,7.0,7,0.0,2.0,False,False,False
1045,2021,10,8,8.0,8,18,lance-stroll,aston-martin,mercedes,pirelli,False,52.0,1:59:37.573,7177573.0,,,+1:14.289,74289.0,,+2.196,2196.0,,4.0,False,14.0,14,14.0,14,6.0,2.0,False,False,False
1045,2021,10,9,9.0,9,31,esteban-ocon,alpine,renault,pirelli,False,52.0,1:59:39.446,7179446.0,,,+1:16.162,76162.0,,+1.873,1873.0,,2.0,False,10.0,10,9.0,9,0.0,2.0,False,False,False
1045,2021,10,10,10.0,10,22,yuki-tsunoda,alphatauri,honda,pirelli,False,52.0,1:59:45.349,7185349.0,,,+1:22.065,82065.0,,+5.903,5903.0,,1.0,False,16.0,16,16.0,16,6.0,2.0,False,False,False
1045,2021,10,11,11.0,11,10,pierre-gasly,alphatauri,honda,pirelli,False,52.0,1:59:48.611,7188611.0,,,+1:25.327,85327.0,,+3.262,3262.0,,,False,12.0,12,11.0,11,0.0,3.0,False,False,False
1045,2021,10,12,12.0,12,63,george-russell,williams,mercedes,pirelli,False,51.0,,,,,+1 lap,,1.0,,,,,False,9.0,9,12.0,12,0.0,2.0,False,False,False
1045,2021,10,13,13.0,13,99,antonio-giovinazzi,alfa-romeo,ferrari,pirelli,False,51.0,,,,,+1 lap,,1.0,,,,,False,15.0,15,15.0,15,2.0,2.0,False,False,False
1045,2021,10,14,14.0,14,6,nicholas-latifi,williams,mercedes,pirelli,False,51.0,,,,,+1 lap,,1.0,,,,,False,17.0,17,17.0,17,3.0,2.0,False,False,False
1045,2021,10,15,15.0,15,7,kimi-raikkonen,alfa-romeo,ferrari,pirelli,False,51.0,,,,,+1 lap,,1.0,,,,,False,13.0,13,13.0,13,-2.0,2.0,False,False,False
1045,2021,10,16,16.0,16,11,sergio-perez,red-bull,honda,pirelli,False,51.0,,,,,+1 lap,,1.0,,,,,False,20.0,20,,PL,4.0,4.0,True,False,False
1045,2021,10,17,17.0,17,9,nikita-mazepin,haas,ferrari,pirelli,False,51.0,,,,,+1 lap,,1.0,,,,,False,19.0,19,19.0,19,2.0,2.0,False,False,False
1045,2021,10,18,18.0,18,47,mick-schumacher,haas,ferrari,pirelli,False,51.0,,,,,+1 lap,,1.0,,,,,False,18.0,18,18.0,18,0.0,2.0,False,False,False
1045,2021,10,19,,DNF,5,sebastian-vettel,aston-martin,mercedes,pirelli,False,40.0,,,,,,,,,,Overheating,,False,8.0,8,8.0,8,,2.0,False,False,False
1045,2021,10,20,,DNF,33,max-verstappen,red-bull,honda,pirelli,False,0.0,,,,,,,,,,Collision,,True,1.0,1,1.0,1,,0.0,False,False,False
1046,2021,11,1,1.0,1,31,esteban-ocon,alpine,renault,pirelli,False,70.0,2:04:43.199,7483199.0,,,,,,,,,25.0,False,8.0,8,8.0,8,7.0,3.0,False,False,False
1046,2021,11,2,2.0,2,44,lewis-hamilton,mercedes,mercedes,pirelli,False,70.0,2:04:45.935,7485935.0,,,+2.736,2736.0,,+0.877,877.0,,18.0,True,1.0,1,1.0,1,-1.0,4.0,False,False,False
1046,2021,11,3,3.0,3,55,carlos-sainz-jr,ferrari,ferrari,pirelli,False,70.0,2:04:58.217,7498217.0,,,+15.018,15018.0,,+12.282,12282.0,,15.0,False,15.0,15,15.0,15,12.0,3.0,False,False,False
1046,2021,11,4,4.0,4,14,fernando-alonso,alpine,renault,pirelli,False,70.0,2:04:58.850,7498850.0,,,+15.651,15651.0,,+0.633,633.0,,12.0,False,9.0,9,9.0,9,5.0,3.0,False,True,False
1046,2021,11,5,5.0,5,10,pierre-gasly,alphatauri,honda,pirelli,False,70.0,2:05:46.813,7546813.0,,,+1:03.614,63614.0,,+47.963,47963.0,,11.0,False,5.0,5,5.0,5,0.0,4.0,True,False,False
1046,2021,11,6,6.0,6,22,yuki-tsunoda,alphatauri,honda,pirelli,False,70.0,2:05:59.002,7559002.0,,,+1:15.803,75803.0,,+12.189,12189.0,,8.0,False,16.0,16,16.0,16,10.0,3.0,False,False,False
1046,2021,11,7,7.0,7,6,nicholas-latifi,williams,mercedes,pirelli,False,70.0,2:06:01.109,7561109.0,,,+1:17.910,77910.0,,+2.107,2107.0,,6.0,False,18.0,18,18.0,18,11.0,3.0,False,False,False
1046,2021,11,8,8.0,8,63,george-russell,williams,mercedes,pirelli,False,70.0,2:06:02.293,7562293.0,,,+1:19.094,79094.0,,+1.184,1184.0,,4.0,False,17.0,17,17.0,17,9.0,3.0,False,False,False
1046,2021,11,9,9.0,9,33,max-verstappen,red-bull,honda,pirelli,False,70.0,2:06:03.443,7563443.0,,,+1:20.244,80244.0,,+1.150,1150.0,,2.0,False,3.0,3,3.0,3,-6.0,5.0,False,False,False
1046,2021,11,10,10.0,10,7,kimi-raikkonen,alfa-romeo,ferrari,pirelli,False,69.0,,,,,+1 lap,,1.0,,,,1.0,False,13.0,13,13.0,13,3.0,4.0,False,False,False
1046,2021,11,11,11.0,11,3,daniel-ricciardo,mclaren,mercedes,pirelli,False,69.0,,,,,+1 lap,,1.0,,,,,False,11.0,11,11.0,11,0.0,3.0,False,False,False
1046,2021,11,12,12.0,12,47,mick-schumacher,haas,ferrari,pirelli,False,69.0,,,,,+1 lap,,1.0,,,,,False,,,20.0,20,8.0,3.0,False,False,False
1046,2021,11,13,13.0,13,99,antonio-giovinazzi,alfa-romeo,ferrari,pirelli,False,69.0,,,,,+1 lap,,1.0,,,,,False,14.0,14,,PL,1.0,5.0,False,False,False
1046,2021,11,14,,DNF,9,nikita-mazepin,haas,ferrari,pirelli,False,3.0,,,,,,,,,,Collision,,False,19.0,19,19.0,19,,2.0,False,False,False
1046,2021,11,15,,DNF,4,lando-norris,mclaren,mercedes,pirelli,False,2.0,,,,,,,,,,Collision damage,,False,6.0,6,6.0,6,,1.0,False,False,False
1046,2021,11,16,,DNF,77,valtteri-bottas,mercedes,mercedes,pirelli,False,0.0,,,,,,,,,,Collision,,False,2.0,2,2.0,2,,0.0,False,False,False
1046,2021,11,17,,DNF,11,sergio-perez,red-bull,honda,pirelli,False,0.0,,,,,,,,,,Collision,,False,4.0,4,4.0,4,,0.0,False,False,False
1046,2021,11,18,,DNF,16,charles-leclerc,ferrari,ferrari,pirelli,False,0.0,,,,,,,,,,Collision,,False,7.0,7,7.0,7,,0.0,False,False,False
1046,2021,11,19,,DNF,18,lance-stroll,aston-martin,mercedes,pirelli,False,0.0,,,,,,,,,,Collision,,False,12.0,12,12.0,12,,0.0,False,False,False
1046,2021,11,20,,DSQ,5,sebastian-vettel,aston-martin,mercedes,pirelli,False,70.0,2:04:45.058,7485058.0,,,+1.859,1859.0,,+1.859,1859.0,Fuel sample,,False,10.0,10,10.0,10,,3.0,False,False,False
1047,2021,12,1,1.0,1,33,max-verstappen,red-bull,honda,pirelli,False,1.0,3:27.071,207071.0,,,,,,,,,12.5,True,1.0,1,1.0,1,0.0,,,,False
1047,2021,12,2,2.0,2,63,george-russell,williams,mercedes,pirelli,False,1.0,3:29.066,209066.0,,,+1.995,1995.0,,+1.995,1995.0,,9.0,False,2.0,2,2.0,2,0.0,,,,False
1047,2021,12,3,3.0,3,44,lewis-hamilton,mercedes,mercedes,pirelli,False,1.0,3:29.672,209672.0,,,+2.601,2601.0,,+0.606,606.0,,7.5,False,3.0,3,3.0,3,0.0,,,,False
1047,2021,12,4,4.0,4,3,daniel-ricciardo,mclaren,mercedes,pirelli,False,1.0,3:31.567,211567.0,,,+4.496,4496.0,,+1.895,1895.0,,6.0,False,4.0,4,4.0,4,0.0,,,,False
1047,2021,12,5,5.0,5,5,sebastian-vettel,aston-martin,mercedes,pirelli,False,1.0,3:34.550,214550.0,,,+7.479,7479.0,,+2.983,2983.0,,5.0,False,5.0,5,5.0,5,0.0,,,,False
1047,2021,12,6,6.0,6,10,pierre-gasly,alphatauri,honda,pirelli,False,1.0,3:37.248,217248.0,,,+10.177,10177.0,,+2.698,2698.0,,4.0,False,6.0,6,6.0,6,0.0,,,,False
1047,2021,12,7,7.0,7,31,esteban-ocon,alpine,renault,pirelli,False,1.0,3:38.650,218650.0,,,+11.579,11579.0,,+1.402,1402.0,,3.0,False,9.0,9,8.0,8,1.0,,,,False
1047,2021,12,8,8.0,8,16,charles-leclerc,ferrari,ferrari,pirelli,False,1.0,3:39.679,219679.0,,,+12.608,12608.0,,+1.029,1029.0,,2.0,False,11.0,11,9.0,9,1.0,,,,False
1047,2021,12,9,9.0,9,6,nicholas-latifi,williams,mercedes,pirelli,False,1.0,3:42.555,222555.0,,,+15.484,15484.0,,+2.876,2876.0,,1.0,False,12.0,12,10.0,10,1.0,,,,False
1047,2021,12,10,10.0,10,55,carlos-sainz-jr,ferrari,ferrari,pirelli,False,1.0,3:43.237,223237.0,,,+16.166,16166.0,,+0.682,682.0,,0.5,False,13.0,13,11.0,11,1.0,,,,False
1047,2021,12,11,11.0,11,14,fernando-alonso,alpine,renault,pirelli,False,1.0,3:47.661,227661.0,,,+20.590,20590.0,,+4.424,4424.0,,,False,14.0,14,12.0,12,1.0,,,,False
1047,2021,12,12,12.0,12,77,valtteri-bottas,mercedes,mercedes,pirelli,False,1.0,3:49.485,229485.0,,,+22.414,22414.0,,+1.824,1824.0,,,False,8.0,8,13.0,13,1.0,,,,False
1047,2021,12,13,13.0,13,99,antonio-giovinazzi,alfa-romeo,ferrari,pirelli,False,1.0,3:51.234,231234.0,,,+24.163,24163.0,,+1.749,1749.0,,,False,16.0,16,14.0,14,1.0,,,,False
1047,2021,12,14,14.0,14,4,lando-norris,mclaren,mercedes,pirelli,False,1.0,3:54.180,234180.0,,,+27.109,27109.0,,+2.946,2946.0,,,False,10.0,10,15.0,15,1.0,,,,False
1047,2021,12,15,15.0,15,22,yuki-tsunoda,alphatauri,honda,pirelli,False,1.0,3:55.400,235400.0,,,+28.329,28329.0,,+1.220,1220.0,,,False,17.0,17,16.0,16,1.0,,,,False
1047,2021,12,16,16.0,16,47,mick-schumacher,haas,ferrari,pirelli,False,1.0,3:56.578,236578.0,,,+29.507,29507.0,,+1.178,1178.0,,,False,18.0,18,17.0,17,1.0,,,,False
1047,2021,12,17,17.0,17,9,nikita-mazepin,haas,ferrari,pirelli,False,1.0,3:59.064,239064.0,,,+31.993,31993.0,,+2.486,2486.0,,,False,20.0,20,18.0,18,1.0,,,,False
1047,2021,12,18,18.0,18,7,kimi-raikkonen,alfa-romeo,ferrari,pirelli,False,1.0,4:03.125,243125.0,,,+36.054,36054.0,,+4.061,4061.0,,,False,19.0,19,,PL,2.0,,,,False
1047,2021,12,19,19.0,19,11,sergio-perez,red-bull,honda,pirelli,False,1.0,4:05.276,245276.0,,,+38.205,38205.0,,+2.151,2151.0,,,False,7.0,7,,PL,-12.0,,,,False
1047,2021,12,20,20.0,20,18,lance-stroll,aston-martin,mercedes,pirelli,False,1.0,4:11.179,251179.0,10.0,10000.0,+44.108,44108.0,,+5.903,5903.0,,,False,15.0,15,19.0,19,-1.0,,,,False
1048,2021,13,1,1.0,1,33,max-verstappen,red-bull,honda,pirelli,False,72.0,1:30:05.395,5405395.0,,,,,,,,,25.0,True,1.0,1,1.0,1,0.0,2.0,False,False,False
1048,2021,13,2,2.0,2,44,lewis-hamilton,mercedes,mercedes,pirelli,False,72.0,1:30:26.327,5426327.0,,,+20.932,20932.0,,+20.932,20932.0,,19.0,False,2.0,2,2.0,2,0.0,3.0,True,False,False
1048,2021,13,3,3.0,3,77,valtteri-bottas,mercedes,mercedes,pirelli,False,72.0,1:31:01.855,5461855.0,,,+56.460,56460.0,,+35.528,35528.0,,15.0,False,3.0,3,3.0,3,0.0,2.0,False,False,False
1048,2021,13,4,4.0,4,10,pierre-gasly,alphatauri,honda,pirelli,False,71.0,,,,,+1 lap,,1.0,,,,12.0,False,4.0,4,4.0,4,0.0,1.0,False,False,False
1048,2021,13,5,5.0,5,16,charles-leclerc,ferrari,ferrari,pirelli,False,71.0,,,,,+1 lap,,1.0,,,,10.0,False,5.0,5,5.0,5,0.0,1.0,False,False,False
1048,2021,13,6,6.0,6,14,fernando-alonso,alpine,renault,pirelli,False,71.0,,,,,+1 lap,,1.0,,,,8.0,False,9.0,9,9.0,9,3.0,1.0,False,False,False
1048,2021,13,7,7.0,7,55,carlos-sainz-jr,ferrari,ferrari,pirelli,False,71.0,,,,,+1 lap,,1.0,,,,6.0,False,6.0,6,6.0,6,-1.0,1.0,False,False,False
1048,2021,13,8,8.0,8,11,sergio-perez,red-bull,honda,pirelli,False,71.0,,,,,+1 lap,,1.0,,,,4.0,False,16.0,16,,PL,11.0,2.0,False,True,False
1048,2021,13,9,9.0,9,31,esteban-ocon,alpine,renault,pirelli,False,71.0,,,,,+1 lap,,1.0,,,,2.0,False,8.0,8,8.0,8,-1.0,1.0,False,False,False
1048,2021,13,10,10.0,10,4,lando-norris,mclaren,mercedes,pirelli,False,71.0,,,,,+1 lap,,1.0,,,,1.0,False,13.0,13,13.0,13,3.0,1.0,False,False,False
1048,2021,13,11,11.0,11,3,daniel-ricciardo,mclaren,mercedes,pirelli,False,71.0,,,,,+1 lap,,1.0,,,,,False,10.0,10,10.0,10,-1.0,1.0,False,False,False
1048,2021,13,12,12.0,12,18,lance-stroll,aston-martin,mercedes,pirelli,False,70.0,,,,,+2 laps,,2.0,,,,,False,12.0,12,12.0,12,0.0,1.0,False,False,False
1048,2021,13,13,13.0,13,5,sebastian-vettel,aston-martin,mercedes,pirelli,False,70.0,,,,,+2 laps,,2.0,,,,,False,17.0,17,15.0,15,2.0,2.0,False,False,False
1048,2021,13,14,14.0,14,99,antonio-giovinazzi,alfa-romeo,ferrari,pirelli,False,70.0,,,,,+2 laps,,2.0,,,,,False,7.0,7,7.0,7,-7.0,2.0,False,False,False
1048,2021,13,15,15.0,15,88,robert-kubica,alfa-romeo,ferrari,pirelli,False,70.0,,,,,+2 laps,,2.0,,,,,False,18.0,18,16.0,16,1.0,1.0,False,False,False
1048,2021,13,16,16.0,16,6,nicholas-latifi,williams,mercedes,pirelli,False,70.0,,,,,+2 laps,,2.0,,,,,False,14.0,14,,PL,4.0,1.0,False,False,False
1048,2021,13,17,17.0,17,63,george-russell,williams,mercedes,pirelli,False,69.0,,,,,,,,,,Battery,,False,11.0,11,11.0,11,-6.0,2.0,False,False,False
1048,2021,13,18,18.0,18,47,mick-schumacher,haas,ferrari,pirelli,False,69.0,,,,,+3 laps,,3.0,,,,,False,19.0,19,17.0,17,-1.0,2.0,False,False,False
1048,2021,13,19,,DNF,22,yuki-tsunoda,alphatauri,honda,pirelli,False,48.0,,,,,,,,,,Engine,,False,15.0,15,14.0,14,,1.0,False,False,False
1048,2021,13,20,,DNF,9,nikita-mazepin,haas,ferrari,pirelli,False,41.0,,,,,,,,,,Water leak,,False,20.0,20,18.0,18,,1.0,False,False,False
1049,2021,14,1,1.0,1,3,daniel-ricciardo,mclaren,mercedes,pirelli,False,53.0,1:21:54.365,4914365.0,,,,,,,,,26.0,False,3.0,3,2.0,2,1.0,1.0,True,True,False
1049,2021,14,2,2.0,2,4,lando-norris,mclaren,mercedes,pirelli,False,53.0,1:21:56.112,4916112.0,,,+1.747,1747.0,,+1.747,1747.0,,18.0,False,4.0,4,3.0,3,1.0,1.0,False,False,False
1049,2021,14,3,3.0,3,77,valtteri-bottas,mercedes,mercedes,pirelli,False,53.0,1:21:59.286,4919286.0,,,+4.921,4921.0,,+3.174,3174.0,,15.0,False,1.0,1,19.0,19,16.0,1.0,False,False,False
1049,2021,14,4,4.0,4,16,charles-leclerc,ferrari,ferrari,pirelli,False,53.0,1:22:01.674,4921674.0,,,+7.309,7309.0,,+2.388,2388.0,,12.0,False,6.0,6,5.0,5,1.0,1.0,False,False,False
1049,2021,14,5,5.0,5,11,sergio-perez,red-bull,honda,pirelli,False,53.0,1:22:03.088,4923088.0,5.0,5000.0,+8.723,8723.0,,+1.414,1414.0,,10.0,False,9.0,9,8.0,8,3.0,1.0,False,False,False
1049,2021,14,6,6.0,6,55,carlos-sainz-jr,ferrari,ferrari,pirelli,False,53.0,1:22:04.900,4924900.0,,,+10.535,10535.0,,+1.812,1812.0,,8.0,False,7.0,7,6.0,6,0.0,1.0,False,False,False
1049,2021,14,7,7.0,7,18,lance-stroll,aston-martin,mercedes,pirelli,False,53.0,1:22:10.169,4930169.0,,,+15.804,15804.0,,+5.269,5269.0,,6.0,False,10.0,10,9.0,9,2.0,1.0,False,False,False
1049,2021,14,8,8.0,8,14,fernando-alonso,alpine,renault,pirelli,False,53.0,1:22:11.566,4931566.0,,,+17.201,17201.0,,+1.397,1397.0,,4.0,False,11.0,11,10.0,10,2.0,1.0,False,False,False
1049,2021,14,9,9.0,9,63,george-russell,williams,mercedes,pirelli,False,53.0,1:22:14.107,4934107.0,,,+19.742,19742.0,,+2.541,2541.0,,2.0,False,15.0,15,14.0,14,5.0,1.0,False,False,False
1049,2021,14,10,10.0,10,31,esteban-ocon,alpine,renault,pirelli,False,53.0,1:22:15.233,4935233.0,,,+20.868,20868.0,,+1.126,1126.0,,1.0,False,13.0,13,12.0,12,2.0,1.0,False,False,False
1049,2021,14,11,11.0,11,6,nicholas-latifi,williams,mercedes,pirelli,False,53.0,1:22:18.108,4938108.0,,,+23.743,23743.0,,+2.875,2875.0,,,False,14.0,14,13.0,13,2.0,1.0,False,False,False
1049,2021,14,12,12.0,12,5,sebastian-vettel,aston-martin,mercedes,pirelli,False,53.0,1:22:18.986,4938986.0,,,+24.621,24621.0,,+0.878,878.0,,,False,12.0,12,11.0,11,-1.0,2.0,False,False,False
1049,2021,14,13,13.0,13,99,antonio-giovinazzi,alfa-romeo,ferrari,pirelli,False,53.0,1:22:21.581,4941581.0,,,+27.216,27216.0,,+2.595,2595.0,,,False,8.0,8,7.0,7,-6.0,2.0,False,False,False
1049,2021,14,14,14.0,14,88,robert-kubica,alfa-romeo,ferrari,pirelli,False,53.0,1:22:24.134,4944134.0,,,+29.769,29769.0,,+2.553,2553.0,,,False,18.0,18,17.0,17,3.0,1.0,False,False,False
1049,2021,14,15,15.0,15,47,mick-schumacher,haas,ferrari,pirelli,False,53.0,1:22:45.453,4965453.0,,,+51.088,51088.0,,+21.319,21319.0,,,False,19.0,19,18.0,18,3.0,1.0,False,False,False
1049,2021,14,16,,DNF,9,nikita-mazepin,haas,ferrari,pirelli,False,41.0,,,,,,,,,,Power unit,,False,17.0,17,16.0,16,,3.0,False,False,False
1049,2021,14,17,,DNF,44,lewis-hamilton,mercedes,mercedes,pirelli,False,25.0,,,,,,,,,,Collision,,False,5.0,5,4.0,4,,1.0,False,False,False
1049,2021,14,18,,DNF,33,max-verstappen,red-bull,honda,pirelli,False,25.0,,,,,,,,,,Collision,,True,2.0,2,1.0,1,,1.0,False,False,False
1049,2021,14,19,,DNF,10,pierre-gasly,alphatauri,honda,pirelli,False,3.0,,,,,,,,,,Suspension,,False,,DNF,,,,0.0,False,False,False
1049,2021,14,20,,DNS,22,yuki-tsunoda,alphatauri,honda,pirelli,False,0.0,,,,,,,,,,Brakes,,False,16.0,16,15.0,15,,0.0,False,False,False
1050,2021,15,1,1.0,1,44,lewis-hamilton,mercedes,mercedes,pirelli,False,53.0,1:30:41.001,5441001.0,,,,,,,,,25.0,False,4.0,4,4.0,4,3.0,2.0,False,False,False
1050,2021,15,2,2.0,2,33,max-verstappen,red-bull,honda,pirelli,False,53.0,1:31:34.272,5494272.0,,,+53.271,53271.0,,+53.271,53271.0,,18.0,False,20.0,20,20.0,20,18.0,2.0,False,False,False
1050,2021,15,3,3.0,3,55,carlos-sainz-jr,ferrari,ferrari,pirelli,False,53.0,1:31:43.476,5503476.0,,,+1:02.475,62475.0,,+9.204,9204.0,,15.0,False,2.0,2,2.0,2,-1.0,2.0,False,False,False
1050,2021,15,4,4.0,4,3,daniel-ricciardo,mclaren,mercedes,pirelli,False,53.0,1:31:46.608,5506608.0,,,+1:05.607,65607.0,,+3.132,3132.0,,12.0,False,5.0,5,5.0,5,1.0,2.0,False,False,False
1050,2021,15,5,5.0,5,77,valtteri-bottas,mercedes,mercedes,pirelli,False,53.0,1:31:48.534,5508534.0,,,+1:07.533,67533.0,,+1.926,1926.0,,10.0,False,7.0,7,16.0,16,11.0,2.0,False,False,False
1050,2021,15,6,6.0,6,14,fernando-alonso,alpine,renault,pirelli,False,53.0,1:32:02.322,5522322.0,,,+1:21.321,81321.0,,+13.788,13788.0,,8.0,False,6.0,6,6.0,6,0.0,2.0,False,False,False
1050,2021,15,7,7.0,7,4,lando-norris,mclaren,mercedes,pirelli,False,53.0,1:32:08.225,5528225.0,,,+1:27.224,87224.0,,+5.903,5903.0,,7.0,True,1.0,1,1.0,1,-6.0,2.0,True,True,False
1050,2021,15,8,8.0,8,7,kimi-raikkonen,alfa-romeo,ferrari,pirelli,False,53.0,1:32:09.956,5529956.0,,,+1:28.955,88955.0,,+1.731,1731.0,,4.0,False,16.0,16,13.0,13,5.0,2.0,False,False,False
1050,2021,15,9,9.0,9,11,sergio-perez,red-bull,honda,pirelli,False,53.0,1:32:11.077,5531077.0,,,+1:30.076,90076.0,,+1.121,1121.0,,2.0,False,9.0,9,8.0,8,-1.0,2.0,False,False,False
1050,2021,15,10,10.0,10,63,george-russell,williams,mercedes,pirelli,False,53.0,1:32:21.552,5541552.0,,,+1:40.551,100551.0,,+10.475,10475.0,,1.0,False,3.0,3,3.0,3,-7.0,2.0,False,False,False
1050,2021,15,11,11.0,11,18,lance-stroll,aston-martin,mercedes,pirelli,False,53.0,1:32:37.199,5557199.0,10.0,10000.0,+1:56.198,116198.0,,+15.647,15647.0,,,False,8.0,8,7.0,7,-4.0,2.0,False,False,False
1050,2021,15,12,12.0,12,5,sebastian-vettel,aston-martin,mercedes,pirelli,False,52.0,,,,,+1 lap,,1.0,,,,,False,11.0,11,10.0,10,-2.0,2.0,False,False,False
1050,2021,15,13,13.0,13,10,pierre-gasly,alphatauri,honda,pirelli,False,52.0,,,,,+1 lap,,1.0,,,,,False,12.0,12,11.0,11,-2.0,2.0,False,False,False
1050,2021,15,14,14.0,14,31,esteban-ocon,alpine,renault,pirelli,False,52.0,,,,,+1 lap,,1.0,,,,,False,10.0,10,9.0,9,-5.0,2.0,False,False,False
1050,2021,15,15,15.0,15,16,charles-leclerc,ferrari,ferrari,pirelli,False,52.0,,,,,+1 lap,,1.0,,,,,False,15.0,15,19.0,19,4.0,2.0,False,False,False
1050,2021,15,16,16.0,16,99,antonio-giovinazzi,alfa-romeo,ferrari,pirelli,False,52.0,,,,,+1 lap,,1.0,,,,,False,18.0,18,17.0,17,1.0,2.0,False,False,False
1050,2021,15,17,17.0,17,22,yuki-tsunoda,alphatauri,honda,pirelli,False,52.0,,,,,+1 lap,,1.0,,,,,False,13.0,13,12.0,12,-5.0,3.0,False,False,False
1050,2021,15,18,18.0,18,9,nikita-mazepin,haas,ferrari,pirelli,False,51.0,,,,,+2 laps,,2.0,,,,,False,19.0,19,15.0,15,-3.0,2.0,False,False,False
1050,2021,15,19,19.0,19,6,nicholas-latifi,williams,mercedes,pirelli,False,47.0,,,,,,,,,,Accident damage,,False,14.0,14,18.0,18,-1.0,1.0,False,False,False
1050,2021,15,20,,DNF,47,mick-schumacher,haas,ferrari,pirelli,False,32.0,,,,,,,,,,Oil leak,,False,17.0,17,14.0,14,,1.0,False,False,False
1051,2021,16,1,1.0,1,77,valtteri-bottas,mercedes,mercedes,pirelli,False,58.0,1:31:04.103,5464103.0,,,,,,,,,26.0,True,2.0,2,1.0,1,0.0,1.0,True,False,False
1051,2021,16,2,2.0,2,33,max-verstappen,red-bull,honda,pirelli,False,58.0,1:31:18.687,5478687.0,,,+14.584,14584.0,,+14.584,14584.0,,18.0,False,3.0,3,2.0,2,0.0,1.0,False,False,False
1051,2021,16,3,3.0,3,11,sergio-perez,red-bull,honda,pirelli,False,58.0,1:31:37.574,5497574.0,,,+33.471,33471.0,,+18.887,18887.0,,15.0,False,7.0,7,6.0,6,3.0,1.0,False,False,False
1051,2021,16,4,4.0,4,16,charles-leclerc,ferrari,ferrari,pirelli,False,58.0,1:31:41.917,5501917.0,,,+37.814,37814.0,,+4.343,4343.0,,12.0,False,4.0,4,3.0,3,-1.0,1.0,False,False,False
1051,2021,16,5,5.0,5,44,lewis-hamilton,mercedes,mercedes,pirelli,False,58.0,1:31:45.915,5505915.0,,,+41.812,41812.0,,+3.998,3998.0,,10.0,False,1.0,1,11.0,11,6.0,1.0,False,False,False
1051,2021,16,6,6.0,6,10,pierre-gasly,alphatauri,honda,pirelli,False,58.0,1:31:48.395,5508395.0,,,+44.292,44292.0,,+2.480,2480.0,,8.0,False,5.0,5,4.0,4,-2.0,1.0,False,False,False
1051,2021,16,7,7.0,7,4,lando-norris,mclaren,mercedes,pirelli,False,58.0,1:31:51.316,5511316.0,,,+47.213,47213.0,,+2.921,2921.0,,6.0,False,8.0,8,7.0,7,0.0,1.0,False,False,False
1051,2021,16,8,8.0,8,55,carlos-sainz-jr,ferrari,ferrari,pirelli,False,58.0,1:31:55.629,5515629.0,,,+51.526,51526.0,,+4.313,4313.0,,4.0,False,15.0,15,19.0,19,11.0,1.0,False,True,False
1051,2021,16,9,9.0,9,18,lance-stroll,aston-martin,mercedes,pirelli,False,58.0,1:32:26.121,5546121.0,,,+1:22.018,82018.0,,+30.492,30492.0,,2.0,False,9.0,9,8.0,8,-1.0,1.0,False,False,False
1051,2021,16,10,10.0,10,31,esteban-ocon,alpine,renault,pirelli,False,57.0,,,,,+1 lap,,1.0,,,,1.0,False,12.0,12,12.0,12,2.0,0.0,False,False,False
1051,2021,16,11,11.0,11,99,antonio-giovinazzi,alfa-romeo,ferrari,pirelli,False,57.0,,,,,+1 lap,,1.0,,,,,False,18.0,18,16.0,16,5.0,1.0,False,False,False
1051,2021,16,12,12.0,12,7,kimi-raikkonen,alfa-romeo,ferrari,pirelli,False,57.0,,,,,+1 lap,,1.0,,,,,False,19.0,19,17.0,17,5.0,1.0,False,False,False
1051,2021,16,13,13.0,13,3,daniel-ricciardo,mclaren,mercedes,pirelli,False,57.0,,,,,+1 lap,,1.0,,,,,False,16.0,16,20.0,20,7.0,1.0,False,False,False
1051,2021,16,14,14.0,14,22,yuki-tsunoda,alphatauri,honda,pirelli,False,57.0,,,,,+1 lap,,1.0,,,,,False,10.0,10,9.0,9,-5.0,1.0,False,False,False
1051,2021,16,15,15.0,15,63,george-russell,williams,mercedes,pirelli,False,57.0,,,,,+1 lap,,1.0,,,,,False,13.0,13,13.0,13,-2.0,1.0,False,False,False
1051,2021,16,16,16.0,16,14,fernando-alonso,alpine,renault,pirelli,False,57.0,,,,,+1 lap,,1.0,,,,,False,6.0,6,5.0,5,-11.0,1.0,False,False,False
1051,2021,16,17,17.0,17,6,nicholas-latifi,williams,mercedes,pirelli,False,57.0,,,,,+1 lap,,1.0,,,,,False,17.0,17,15.0,15,-2.0,1.0,False,False,False
1051,2021,16,18,18.0,18,5,sebastian-vettel,aston-martin,mercedes,pirelli,False,57.0,,,,,+1 lap,,1.0,,,,,False,11.0,11,10.0,10,-8.0,2.0,False,False,False
1051,2021,16,19,19.0,19,47,mick-schumacher,haas,ferrari,pirelli,False,56.0,,,,,+2 laps,,2.0,,,,,False,14.0,14,14.0,14,-5.0,1.0,False,False,False
1051,2021,16,20,20.0,20,9,nikita-mazepin,haas,ferrari,pirelli,False,56.0,,,,,+2 laps,,2.0,,,,,False,20.0,20,18.0,18,-2.0,1.0,False,False,False
1052,2021,17,1,1.0,1,33,max-verstappen,red-bull,honda,pirelli,False,56.0,1:34:36.552,5676552.0,,,,,,,,,25.0,True,1.0,1,1.0,1,0.0,2.0,False,True,False
1052,2021,17,2,2.0,2,44,lewis-hamilton,mercedes,mercedes,pirelli,False,56.0,1:34:37.885,5677885.0,,,+1.333,1333.0,,+1.333,1333.0,,19.0,False,2.0,2,2.0,2,0.0,2.0,True,False,False
1052,2021,17,3,3.0,3,11,sergio-perez,red-bull,honda,pirelli,False,56.0,1:35:18.775,5718775.0,,,+42.223,42223.0,,+40.890,40890.0,,15.0,False,3.0,3,3.0,3,0.0,2.0,False,False,False
1052,2021,17,4,4.0,4,16,charles-leclerc,ferrari,ferrari,pirelli,False,56.0,1:35:28.798,5728798.0,,,+52.246,52246.0,,+10.023,10023.0,,12.0,False,5.0,5,4.0,4,0.0,2.0,False,False,False
1052,2021,17,5,5.0,5,3,daniel-ricciardo,mclaren,mercedes,pirelli,False,56.0,1:35:53.406,5753406.0,,,+1:16.854,76854.0,,+24.608,24608.0,,10.0,False,7.0,7,6.0,6,1.0,2.0,False,False,False
1052,2021,17,6,6.0,6,77,valtteri-bottas,mercedes,mercedes,pirelli,False,56.0,1:35:56.680,5756680.0,,,+1:20.128,80128.0,,+3.274,3274.0,,8.0,False,4.0,4,9.0,9,3.0,2.0,False,False,False
1052,2021,17,7,7.0,7,55,carlos-sainz-jr,ferrari,ferrari,pirelli,False,56.0,1:36:00.097,5760097.0,,,+1:23.545,83545.0,,+3.417,3417.0,,6.0,False,6.0,6,5.0,5,-2.0,2.0,False,False,False
1052,2021,17,8,8.0,8,4,lando-norris,mclaren,mercedes,pirelli,False,56.0,1:36:00.947,5760947.0,,,+1:24.395,84395.0,,+0.850,850.0,,4.0,False,8.0,8,7.0,7,-1.0,2.0,False,False,False
1052,2021,17,9,9.0,9,22,yuki-tsunoda,alphatauri,honda,pirelli,False,55.0,,,,,+1 lap,,1.0,,,,2.0,False,10.0,10,10.0,10,1.0,2.0,False,False,False
1052,2021,17,10,10.0,10,5,sebastian-vettel,aston-martin,mercedes,pirelli,False,55.0,,,,,+1 lap,,1.0,,,,1.0,False,12.0,12,18.0,18,8.0,2.0,False,False,False
1052,2021,17,11,11.0,11,99,antonio-giovinazzi,alfa-romeo,ferrari,pirelli,False,55.0,,,,,+1 lap,,1.0,,,,,False,13.0,13,12.0,12,1.0,2.0,False,False,False
1052,2021,17,12,12.0,12,18,lance-stroll,aston-martin,mercedes,pirelli,False,55.0,,,,,+1 lap,,1.0,,,,,False,16.0,16,13.0,13,1.0,2.0,False,False,False
1052,2021,17,13,13.0,13,7,kimi-raikkonen,alfa-romeo,ferrari,pirelli,False,55.0,,,,,+1 lap,,1.0,,,,,False,18.0,18,15.0,15,2.0,2.0,False,False,False
1052,2021,17,14,14.0,14,63,george-russell,williams,mercedes,pirelli,False,55.0,,,,,+1 lap,,1.0,,,,,False,15.0,15,20.0,20,6.0,2.0,False,False,False
1052,2021,17,15,15.0,15,6,nicholas-latifi,williams,mercedes,pirelli,False,55.0,,,,,+1 lap,,1.0,,,,,False,17.0,17,14.0,14,-1.0,2.0,False,False,False
1052,2021,17,16,16.0,16,47,mick-schumacher,haas,ferrari,pirelli,False,54.0,,,,,+2 laps,,2.0,,,,,False,19.0,19,16.0,16,0.0,2.0,False,False,False
1052,2021,17,17,17.0,17,9,nikita-mazepin,haas,ferrari,pirelli,False,54.0,,,,,+2 laps,,2.0,,,,,False,20.0,20,17.0,17,0.0,3.0,False,False,False
1052,2021,17,18,,DNF,14,fernando-alonso,alpine,renault,pirelli,False,49.0,,,,,,,,,,Rear wing,,False,14.0,14,19.0,19,,3.0,False,False,False
1052,2021,17,19,,DNF,31,esteban-ocon,alpine,renault,pirelli,False,40.0,,,,,,,,,,Mechanical,,False,11.0,11,11.0,11,,2.0,False,False,False
1052,2021,17,20,,DNF,10,pierre-gasly,alphatauri,honda,pirelli,False,14.0,,,,,,,,,,Suspension,,False,9.0,9,8.0,8,,1.0,False,False,False
1053,2021,18,1,1.0,1,33,max-verstappen,red-bull,honda,pirelli,False,71.0,1:38:39.086,5919086.0,,,,,,,,,25.0,False,3.0,3,3.0,3,2.0,1.0,False,False,False
1053,2021,18,2,2.0,2,44,lewis-hamilton,mercedes,mercedes,pirelli,False,71.0,1:38:55.641,5935641.0,,,+16.555,16555.0,,+16.555,16555.0,,18.0,False,2.0,2,2.0,2,0.0,1.0,False,False,False
1053,2021,18,3,3.0,3,11,sergio-perez,red-bull,honda,pirelli,False,71.0,1:38:56.838,5936838.0,,,+17.752,17752.0,,+1.197,1197.0,,15.0,False,4.0,4,4.0,4,1.0,1.0,False,True,False
1053,2021,18,4,4.0,4,10,pierre-gasly,alphatauri,honda,pirelli,False,71.0,1:39:42.931,5982931.0,,,+1:03.845,63845.0,,+46.093,46093.0,,12.0,False,5.0,5,5.0,5,1.0,1.0,False,False,False
1053,2021,18,5,5.0,5,16,charles-leclerc,ferrari,ferrari,pirelli,False,71.0,1:40:00.123,6000123.0,,,+1:21.037,81037.0,,+17.192,17192.0,,10.0,False,8.0,8,8.0,8,3.0,1.0,False,False,False
1053,2021,18,6,6.0,6,55,carlos-sainz-jr,ferrari,ferrari,pirelli,False,70.0,,,,,+1 lap,,1.0,,,,8.0,False,6.0,6,6.0,6,0.0,1.0,False,False,False
1053,2021,18,7,7.0,7,5,sebastian-vettel,aston-martin,mercedes,pirelli,False,70.0,,,,,+1 lap,,1.0,,,,6.0,False,11.0,11,9.0,9,2.0,1.0,False,False,False
1053,2021,18,8,8.0,8,7,kimi-raikkonen,alfa-romeo,ferrari,pirelli,False,70.0,,,,,+1 lap,,1.0,,,,4.0,False,12.0,12,10.0,10,2.0,1.0,False,False,False
1053,2021,18,9,9.0,9,14,fernando-alonso,alpine,renault,pirelli,False,70.0,,,,,+1 lap,,1.0,,,,2.0,False,16.0,16,12.0,12,3.0,1.0,False,False,False
1053,2021,18,10,10.0,10,4,lando-norris,mclaren,mercedes,pirelli,False,70.0,,,,,+1 lap,,1.0,,,,1.0,False,10.0,10,18.0,18,8.0,1.0,False,False,False
1053,2021,18,11,11.0,11,99,antonio-giovinazzi,alfa-romeo,ferrari,pirelli,False,70.0,,,,,+1 lap,,1.0,,,,,False,14.0,14,11.0,11,0.0,1.0,False,False,False
1053,2021,18,12,12.0,12,3,daniel-ricciardo,mclaren,mercedes,pirelli,False,70.0,,,,,+1 lap,,1.0,,,,,False,7.0,7,7.0,7,-5.0,2.0,False,False,False
1053,2021,18,13,13.0,13,31,esteban-ocon,alpine,renault,pirelli,False,70.0,,,,,+1 lap,,1.0,,,,,False,15.0,15,19.0,19,6.0,1.0,False,False,False
1053,2021,18,14,14.0,14,18,lance-stroll,aston-martin,mercedes,pirelli,False,69.0,,,,,+2 laps,,2.0,,,,,False,20.0,20,20.0,20,6.0,2.0,False,False,False
1053,2021,18,15,15.0,15,77,valtteri-bottas,mercedes,mercedes,pirelli,False,69.0,,,,,+2 laps,,2.0,,,,,True,1.0,1,1.0,1,-14.0,4.0,True,False,False
1053,2021,18,16,16.0,16,63,george-russell,williams,mercedes,pirelli,False,69.0,,,,,+2 laps,,2.0,,,,,False,13.0,13,16.0,16,0.0,1.0,False,False,False
1053,2021,18,17,17.0,17,6,nicholas-latifi,williams,mercedes,pirelli,False,69.0,,,,,+2 laps,,2.0,,,,,False,17.0,17,13.0,13,-4.0,2.0,False,False,False
1053,2021,18,18,18.0,18,9,nikita-mazepin,haas,ferrari,pirelli,False,68.0,,,,,+3 laps,,3.0,,,,,False,19.0,19,15.0,15,-3.0,2.0,False,False,False
1053,2021,18,19,,DNF,47,mick-schumacher,haas,ferrari,pirelli,False,0.0,,,,,,,,,,Collision,,False,18.0,18,14.0,14,,0.0,False,False,False
1053,2021,18,20,,DNF,22,yuki-tsunoda,alphatauri,honda,pirelli,False,0.0,,,,,,,,,,Collision,,False,9.0,9,17.0,17,,0.0,False,False,False
1054,2021,19,1,1.0,1,44,lewis-hamilton,mercedes,mercedes,pirelli,False,71.0,1:32:22.851,5542851.0,,,,,,,,,25.0,False,5.0,5,10.0,10,9.0,4.0,False,True,False
1054,2021,19,2,2.0,2,33,max-verstappen,red-bull,honda,pirelli,False,71.0,1:32:33.347,5553347.0,,,+10.496,10496.0,,+10.496,10496.0,,18.0,False,2.0,2,2.0,2,0.0,4.0,False,False,False
1054,2021,19,3,3.0,3,77,valtteri-bottas,mercedes,mercedes,pirelli,False,71.0,1:32:36.427,5556427.0,,,+13.576,13576.0,,+3.080,3080.0,,15.0,True,1.0,1,1.0,1,-2.0,4.0,False,False,False
1054,2021,19,4,4.0,4,11,sergio-perez,red-bull,honda,pirelli,False,71.0,1:33:02.791,5582791.0,,,+39.940,39940.0,,+26.364,26364.0,,13.0,False,4.0,4,4.0,4,0.0,5.0,True,False,False
1054,2021,19,5,5.0,5,16,charles-leclerc,ferrari,ferrari,pirelli,False,71.0,1:33:12.368,5592368.0,,,+49.517,49517.0,,+9.577,9577.0,,10.0,False,7.0,7,6.0,6,1.0,4.0,False,False,False
1054,2021,19,6,6.0,6,55,carlos-sainz-jr,ferrari,ferrari,pirelli,False,71.0,1:33:14.671,5594671.0,,,+51.820,51820.0,,+2.303,2303.0,,8.0,False,3.0,3,3.0,3,-3.0,4.0,False,False,False
1054,2021,19,7,7.0,7,10,pierre-gasly,alphatauri,honda,pirelli,False,70.0,,,,,+1 lap,,1.0,,,,6.0,False,8.0,8,7.0,7,0.0,4.0,False,False,False
1054,2021,19,8,8.0,8,31,esteban-ocon,alpine,renault,pirelli,False,70.0,,,,,+1 lap,,1.0,,,,4.0,False,9.0,9,8.0,8,0.0,3.0,False,False,False
1054,2021,19,9,9.0,9,14,fernando-alonso,alpine,renault,pirelli,False,70.0,,,,,+1 lap,,1.0,,,,2.0,False,12.0,12,12.0,12,3.0,3.0,False,False,False
1054,2021,19,10,10.0,10,4,lando-norris,mclaren,mercedes,pirelli,False,70.0,,,,,+1 lap,,1.0,,,,1.0,False,6.0,6,5.0,5,-5.0,5.0,False,False,False
1054,2021,19,11,11.0,11,5,sebastian-vettel,aston-martin,mercedes,pirelli,False,70.0,,,,,+1 lap,,1.0,,,,,False,10.0,10,9.0,9,-2.0,4.0,False,False,False
1054,2021,19,12,12.0,12,7,kimi-raikkonen,alfa-romeo,ferrari,pirelli,False,70.0,,,,,+1 lap,,1.0,,,,,False,18.0,18,,PL,8.0,4.0,False,False,False
1054,2021,19,13,13.0,13,63,george-russell,williams,mercedes,pirelli,False,70.0,,,,,+1 lap,,1.0,,,,,False,17.0,17,17.0,17,4.0,4.0,False,False,False
1054,2021,19,14,14.0,14,99,antonio-giovinazzi,alfa-romeo,ferrari,pirelli,False,70.0,,,,,+1 lap,,1.0,,,,,False,13.0,13,13.0,13,-1.0,4.0,False,False,False
1054,2021,19,15,15.0,15,22,yuki-tsunoda,alphatauri,honda,pirelli,False,70.0,,,,,+1 lap,,1.0,,,,,False,15.0,15,15.0,15,0.0,5.0,False,False,False
1054,2021,19,16,16.0,16,6,nicholas-latifi,williams,mercedes,pirelli,False,70.0,,,,,+1 lap,,1.0,,,,,False,16.0,16,16.0,16,0.0,4.0,False,False,False
1054,2021,19,17,17.0,17,9,nikita-mazepin,haas,ferrari,pirelli,False,69.0,,,,,+2 laps,,2.0,,,,,False,20.0,20,19.0,19,2.0,3.0,False,False,False
1054,2021,19,18,18.0,18,47,mick-schumacher,haas,ferrari,pirelli,False,69.0,,,,,+2 laps,,2.0,,,,,False,19.0,19,18.0,18,0.0,5.0,False,False,False
1054,2021,19,19,,DNF,3,daniel-ricciardo,mclaren,mercedes,pirelli,False,49.0,,,,,,,,,,Power loss,,False,11.0,11,11.0,11,,3.0,False,False,False
1054,2021,19,20,,DNF,18,lance-stroll,aston-martin,mercedes,pirelli,False,47.0,,,,,,,,,,Collision damage,,False,14.0,14,14.0,14,,3.0,False,False,False
1055,2021,20,1,1.0,1,44,lewis-hamilton,mercedes,mercedes,pirelli,False,57.0,1:24:28.471,5068471.0,,,,,,,,,25.0,True,1.0,1,1.0,1,0.0,2.0,False,False,False
1055,2021,20,2,2.0,2,33,max-verstappen,red-bull,honda,pirelli,False,57.0,1:24:54.214,5094214.0,,,+25.743,25743.0,,+25.743,25743.0,,19.0,False,2.0,2,7.0,7,5.0,3.0,True,False,False
1055,2021,20,3,3.0,3,14,fernando-alonso,alpine,renault,pirelli,False,57.0,1:25:27.928,5127928.0,,,+59.457,59457.0,,+33.714,33714.0,,15.0,False,5.0,5,3.0,3,0.0,1.0,False,True,False
1055,2021,20,4,4.0,4,11,sergio-perez,red-bull,honda,pirelli,False,57.0,1:25:30.777,5130777.0,,,+1:02.306,62306.0,,+2.849,2849.0,,12.0,False,11.0,11,11.0,11,7.0,2.0,False,False,False
1055,2021,20,5,5.0,5,31,esteban-ocon,alpine,renault,pirelli,False,57.0,1:25:49.041,5149041.0,,,+1:20.570,80570.0,,+18.264,18264.0,,10.0,False,9.0,9,9.0,9,4.0,1.0,False,False,False
1055,2021,20,6,6.0,6,18,lance-stroll,aston-martin,mercedes,pirelli,False,57.0,1:25:49.745,5149745.0,,,+1:21.274,81274.0,,+0.704,704.0,,8.0,False,12.0,12,12.0,12,6.0,1.0,False,False,False
1055,2021,20,7,7.0,7,55,carlos-sainz-jr,ferrari,ferrari,pirelli,False,57.0,1:25:50.382,5150382.0,,,+1:21.911,81911.0,,+0.637,637.0,,6.0,False,7.0,7,5.0,5,-2.0,1.0,False,False,False
1055,2021,20,8,8.0,8,16,charles-leclerc,ferrari,ferrari,pirelli,False,57.0,1:25:51.597,5151597.0,,,+1:23.126,83126.0,,+1.215,1215.0,,4.0,False,13.0,13,13.0,13,5.0,1.0,False,False,False
1055,2021,20,9,9.0,9,4,lando-norris,mclaren,mercedes,pirelli,False,56.0,,,,,+1 lap,,1.0,,,,2.0,False,6.0,6,4.0,4,-5.0,2.0,False,False,False
1055,2021,20,10,10.0,10,5,sebastian-vettel,aston-martin,mercedes,pirelli,False,56.0,,,,,+1 lap,,1.0,,,,1.0,False,10.0,10,10.0,10,0.0,1.0,False,False,False
1055,2021,20,11,11.0,11,10,pierre-gasly,alphatauri,honda,pirelli,False,56.0,,,,,+1 lap,,1.0,,,,,False,4.0,4,2.0,2,-9.0,2.0,False,False,False
1055,2021,20,12,12.0,12,3,daniel-ricciardo,mclaren,mercedes,pirelli,False,56.0,,,,,+1 lap,,1.0,,,,,False,14.0,14,14.0,14,2.0,1.0,False,False,False
1055,2021,20,13,13.0,13,22,yuki-tsunoda,alphatauri,honda,pirelli,False,56.0,,,,,+1 lap,,1.0,,,,,False,8.0,8,8.0,8,-5.0,2.0,False,False,False
1055,2021,20,14,14.0,14,7,kimi-raikkonen,alfa-romeo,ferrari,pirelli,False,56.0,,,,,+1 lap,,1.0,,,,,False,16.0,16,16.0,16,2.0,2.0,False,False,False
1055,2021,20,15,15.0,15,99,antonio-giovinazzi,alfa-romeo,ferrari,pirelli,False,56.0,,,,,+1 lap,,1.0,,,,,False,18.0,18,18.0,18,3.0,2.0,False,False,False
1055,2021,20,16,16.0,16,47,mick-schumacher,haas,ferrari,pirelli,False,56.0,,,,,+1 lap,,1.0,,,,,False,19.0,19,19.0,19,3.0,1.0,False,False,False
1055,2021,20,17,17.0,17,63,george-russell,williams,mercedes,pirelli,False,55.0,,,,,+2 laps,,2.0,,,,,False,15.0,15,15.0,15,-2.0,2.0,False,False,False
1055,2021,20,18,18.0,18,9,nikita-mazepin,haas,ferrari,pirelli,False,55.0,,,,,+2 laps,,2.0,,,,,False,20.0,20,20.0,20,2.0,1.0,False,False,False
1055,2021,20,19,,DNF,6,nicholas-latifi,williams,mercedes,pirelli,False,50.0,,,,,,,,,,Puncture,,False,17.0,17,17.0,17,,1.0,False,False,False
1055,2021,20,20,,DNF,77,valtteri-bottas,mercedes,mercedes,pirelli,False,48.0,,,,,,,,,,Puncture damage,,False,3.0,3,6.0,6,,1.0,False,False,False
1056,2021,21,1,1.0,1,44,lewis-hamilton,mercedes,mercedes,pirelli,False,50.0,2:06:15.118,7575118.0,,,,,,,,,26.0,True,1.0,1,1.0,1,0.0,3.0,True,False,False
1056,2021,21,2,2.0,2,33,max-verstappen,red-bull,honda,pirelli,False,50.0,2:06:36.943,7596943.0,15.0,15000.0,+21.825,21825.0,,+21.825,21825.0,,18.0,False,3.0,3,3.0,3,1.0,2.0,False,True,False
1056,2021,21,3,3.0,3,77,valtteri-bottas,mercedes,mercedes,pirelli,False,50.0,2:06:42.649,7602649.0,,,+27.531,27531.0,,+5.706,5706.0,,15.0,False,2.0,2,2.0,2,-1.0,3.0,False,False,False
1056,2021,21,4,4.0,4,31,esteban-ocon,alpine,renault,pirelli,False,50.0,2:06:42.751,7602751.0,,,+27.633,27633.0,,+0.102,102.0,,12.0,False,9.0,9,9.0,9,5.0,2.0,False,False,False
1056,2021,21,5,5.0,5,3,daniel-ricciardo,mclaren,mercedes,pirelli,False,50.0,2:06:55.239,7615239.0,,,+40.121,40121.0,,+12.488,12488.0,,10.0,False,11.0,11,11.0,11,6.0,2.0,False,False,False
1056,2021,21,6,6.0,6,10,pierre-gasly,alphatauri,honda,pirelli,False,50.0,2:06:56.731,7616731.0,,,+41.613,41613.0,,+1.492,1492.0,,8.0,False,6.0,6,6.0,6,0.0,2.0,False,False,False
1056,2021,21,7,7.0,7,16,charles-leclerc,ferrari,ferrari,pirelli,False,50.0,2:06:59.593,7619593.0,,,+44.475,44475.0,,+2.862,2862.0,,6.0,False,4.0,4,4.0,4,-3.0,3.0,False,False,False
1056,2021,21,8,8.0,8,55,carlos-sainz-jr,ferrari,ferrari,pirelli,False,50.0,2:07:01.724,7621724.0,,,+46.606,46606.0,,+2.131,2131.0,,4.0,False,15.0,15,15.0,15,7.0,2.0,False,False,False
1056,2021,21,9,9.0,9,99,antonio-giovinazzi,alfa-romeo,ferrari,pirelli,False,50.0,2:07:13.623,7633623.0,,,+58.505,58505.0,,+11.899,11899.0,,2.0,False,10.0,10,10.0,10,1.0,2.0,False,False,False
1056,2021,21,10,10.0,10,4,lando-norris,mclaren,mercedes,pirelli,False,50.0,2:07:16.476,7636476.0,,,+1:01.358,61358.0,,+2.853,2853.0,,1.0,False,7.0,7,7.0,7,-3.0,3.0,False,False,False
1056,2021,21,11,11.0,11,18,lance-stroll,aston-martin,mercedes,pirelli,False,50.0,2:07:32.330,7652330.0,,,+1:17.212,77212.0,,+15.854,15854.0,,,False,18.0,18,18.0,18,7.0,3.0,False,False,False
1056,2021,21,12,12.0,12,6,nicholas-latifi,williams,mercedes,pirelli,False,50.0,2:07:38.367,7658367.0,,,+1:23.249,83249.0,,+6.037,6037.0,,,False,16.0,16,16.0,16,4.0,3.0,False,False,False
1056,2021,21,13,13.0,13,14,fernando-alonso,alpine,renault,pirelli,False,49.0,,,,,+1 lap,,1.0,,,,,False,13.0,13,13.0,13,0.0,4.0,False,False,False
1056,2021,21,14,14.0,14,22,yuki-tsunoda,alphatauri,honda,pirelli,False,49.0,,,5.0,5000.0,+1 lap,,1.0,,,,,False,8.0,8,8.0,8,-6.0,3.0,False,False,False
1056,2021,21,15,15.0,15,7,kimi-raikkonen,alfa-romeo,ferrari,pirelli,False,49.0,,,,,+1 lap,,1.0,,,,,False,12.0,12,12.0,12,-3.0,3.0,False,False,False
1056,2021,21,16,,DNF,5,sebastian-vettel,aston-martin,mercedes,pirelli,False,44.0,,,,,,,,,,Collision damage,,False,17.0,17,17.0,17,,2.0,False,False,False
1056,2021,21,17,,DNF,11,sergio-perez,red-bull,honda,pirelli,False,14.0,,,,,,,,,,Collision,,False,5.0,5,5.0,5,,2.0,False,False,False
1056,2021,21,18,,DNF,9,nikita-mazepin,haas,ferrari,pirelli,False,14.0,,,,,,,,,,Collision,,False,20.0,20,20.0,20,,1.0,False,False,False
1056,2021,21,19,,DNF,63,george-russell,williams,mercedes,pirelli,False,14.0,,,,,,,,,,Collision,,False,14.0,14,14.0,14,,2.0,False,False,False
1056,2021,21,20,,DNF,47,mick-schumacher,haas,ferrari,pirelli,False,8.0,,,,,,,,,,Accident,,False,19.0,19,19.0,19,,0.0,False,False,False
1057,2021,22,1,1.0,1,33,max-verstappen,red-bull,honda,pirelli,False,58.0,1:30:17.345,5417345.0,,,,,,,,,26.0,True,1.0,1,1.0,1,0.0,3.0,True,False,False
1057,2021,22,2,2.0,2,44,lewis-hamilton,mercedes,mercedes,pirelli,False,58.0,1:30:19.601,5419601.0,,,+2.256,2256.0,,+2.256,2256.0,,18.0,False,2.0,2,2.0,2,0.0,1.0,False,False,False
1057,2021,22,3,3.0,3,55,carlos-sainz-jr,ferrari,ferrari,pirelli,False,58.0,1:30:22.518,5422518.0,,,+5.173,5173.0,,+2.917,2917.0,,15.0,False,5.0,5,5.0,5,2.0,1.0,False,False,False
1057,2021,22,4,4.0,4,22,yuki-tsunoda,alphatauri,honda,pirelli,False,58.0,1:30:23.037,5423037.0,,,+5.692,5692.0,,+0.519,519.0,,12.0,False,8.0,8,8.0,8,4.0,2.0,False,False,False
1057,2021,22,5,5.0,5,10,pierre-gasly,alphatauri,honda,pirelli,False,58.0,1:30:23.876,5423876.0,,,+6.531,6531.0,,+0.839,839.0,,10.0,False,12.0,12,12.0,12,7.0,2.0,False,False,False
1057,2021,22,6,6.0,6,77,valtteri-bottas,mercedes,mercedes,pirelli,False,58.0,1:30:24.808,5424808.0,,,+7.463,7463.0,,+0.932,932.0,,8.0,False,6.0,6,6.0,6,0.0,1.0,False,False,False
1057,2021,22,7,7.0,7,4,lando-norris,mclaren,mercedes,pirelli,False,58.0,1:31:16.545,5476545.0,,,+59.200,59200.0,,+51.737,51737.0,,6.0,False,3.0,3,3.0,3,-4.0,2.0,False,False,False
1057,2021,22,8,8.0,8,14,fernando-alonso,alpine,renault,pirelli,False,58.0,1:31:19.053,5479053.0,,,+1:01.708,61708.0,,+2.508,2508.0,,4.0,False,11.0,11,11.0,11,3.0,1.0,False,False,False
1057,2021,22,9,9.0,9,31,esteban-ocon,alpine,renault,pirelli,False,58.0,1:31:21.371,5481371.0,,,+1:04.026,64026.0,,+2.318,2318.0,,2.0,False,9.0,9,9.0,9,0.0,1.0,False,False,False
1057,2021,22,10,10.0,10,16,charles-leclerc,ferrari,ferrari,pirelli,False,58.0,1:31:23.402,5483402.0,,,+1:06.057,66057.0,,+2.031,2031.0,,1.0,False,7.0,7,7.0,7,-3.0,2.0,False,False,False
1057,2021,22,11,11.0,11,5,sebastian-vettel,aston-martin,mercedes,pirelli,False,58.0,1:31:24.872,5484872.0,,,+1:07.527,67527.0,,+1.470,1470.0,,,False,15.0,15,15.0,15,4.0,1.0,False,False,False
1057,2021,22,12,12.0,12,3,daniel-ricciardo,mclaren,mercedes,pirelli,False,57.0,,,,,+1 lap,,1.0,,,,,False,10.0,10,10.0,10,-2.0,2.0,False,False,False
1057,2021,22,13,13.0,13,18,lance-stroll,aston-martin,mercedes,pirelli,False,57.0,,,,,+1 lap,,1.0,,,,,False,13.0,13,13.0,13,0.0,2.0,False,False,False
1057,2021,22,14,14.0,14,47,mick-schumacher,haas,ferrari,pirelli,False,57.0,,,,,+1 lap,,1.0,,,,,False,19.0,19,19.0,19,5.0,2.0,False,False,False
1057,2021,22,15,15.0,15,11,sergio-perez,red-bull,honda,pirelli,False,55.0,,,,,,,,,,Oil pressure,,False,4.0,4,4.0,4,-11.0,3.0,False,False,False
1057,2021,22,16,,DNF,6,nicholas-latifi,williams,mercedes,pirelli,False,50.0,,,,,,,,,,Accident,,False,16.0,16,16.0,16,,1.0,False,False,False
1057,2021,22,17,,DNF,99,antonio-giovinazzi,alfa-romeo,ferrari,pirelli,False,33.0,,,,,,,,,,Hydraulics,,False,14.0,14,14.0,14,,1.0,False,False,False
1057,2021,22,18,,DNF,63,george-russell,williams,mercedes,pirelli,False,26.0,,,,,,,,,,Gearbox,,False,17.0,17,17.0,17,,0.0,False,False,False
1057,2021,22,19,,DNF,7,kimi-raikkonen,alfa-romeo,ferrari,pirelli,False,25.0,,,,,,,,,,Brakes,,False,18.0,18,18.0,18,,1.0,False,True,False
1057,2021,22,20,,DNS,9,nikita-mazepin,haas,ferrari,pirelli,False,,,,,,,,,,,Withdrew,,False,20.0,20,,,,0.0,False,False,False
1058,2022,1,1,1.0,1,16,charles-leclerc,ferrari,ferrari,pirelli,False,57.0,1:37:33.584,5853584.0,,,,,,,,,26.0,True,1.0,1,1.0,1,0.0,3.0,True,True,False
1058,2022,1,2,2.0,2,55,carlos-sainz-jr,ferrari,ferrari,pirelli,False,57.0,1:37:39.182,5859182.0,,,+5.598,5598.0,,+5.598,5598.0,,18.0,False,3.0,3,3.0,3,1.0,3.0,False,False,False
1058,2022,1,3,3.0,3,44,lewis-hamilton,mercedes,mercedes,pirelli,False,57.0,1:37:43.259,5863259.0,,,+9.675,9675.0,,+4.077,4077.0,,15.0,False,5.0,5,5.0,5,2.0,3.0,False,False,False
1058,2022,1,4,4.0,4,63,george-russell,mercedes,mercedes,pirelli,False,57.0,1:37:44.795,5864795.0,,,+11.211,11211.0,,+1.536,1536.0,,12.0,False,9.0,9,9.0,9,5.0,3.0,False,False,False
1058,2022,1,5,5.0,5,20,kevin-magnussen,haas,ferrari,pirelli,False,57.0,1:37:48.338,5868338.0,,,+14.754,14754.0,,+3.543,3543.0,,10.0,False,7.0,7,7.0,7,2.0,3.0,False,False,False
1058,2022,1,6,6.0,6,77,valtteri-bottas,alfa-romeo,ferrari,pirelli,False,57.0,1:37:49.703,5869703.0,,,+16.119,16119.0,,+1.365,1365.0,,8.0,False,6.0,6,6.0,6,0.0,3.0,False,False,False
1058,2022,1,7,7.0,7,31,esteban-ocon,alpine,renault,pirelli,False,57.0,1:37:53.007,5873007.0,,,+19.423,19423.0,,+3.304,3304.0,,6.0,False,11.0,11,11.0,11,4.0,3.0,False,False,False
1058,2022,1,8,8.0,8,22,yuki-tsunoda,alphatauri,rbpt,pirelli,False,57.0,1:37:53.970,5873970.0,,,+20.386,20386.0,,+0.963,963.0,,4.0,False,16.0,16,16.0,16,8.0,3.0,False,False,False
1058,2022,1,9,9.0,9,14,fernando-alonso,alpine,renault,pirelli,False,57.0,1:37:55.974,5875974.0,,,+22.390,22390.0,,+2.004,2004.0,,2.0,False,8.0,8,8.0,8,-1.0,3.0,False,False,False
1058,2022,1,10,10.0,10,24,guanyu-zhou,alfa-romeo,ferrari,pirelli,False,57.0,1:37:56.648,5876648.0,,,+23.064,23064.0,,+0.674,674.0,,1.0,False,15.0,15,15.0,15,5.0,3.0,False,False,False
1058,2022,1,11,11.0,11,47,mick-schumacher,haas,ferrari,pirelli,False,57.0,1:38:06.158,5886158.0,,,+32.574,32574.0,,+9.510,9510.0,,,False,12.0,12,12.0,12,1.0,2.0,False,False,False
1058,2022,1,12,12.0,12,18,lance-stroll,aston-martin,mercedes,pirelli,False,57.0,1:38:19.457,5899457.0,,,+45.873,45873.0,,+13.299,13299.0,,,False,19.0,19,19.0,19,7.0,3.0,False,False,False
1058,2022,1,13,13.0,13,23,alexander-albon,williams,mercedes,pirelli,False,57.0,1:38:27.516,5907516.0,,,+53.932,53932.0,,+8.059,8059.0,,,False,14.0,14,14.0,14,1.0,3.0,False,False,False
1058,2022,1,14,14.0,14,3,daniel-ricciardo,mclaren,mercedes,pirelli,False,57.0,1:38:28.559,5908559.0,,,+54.975,54975.0,,+1.043,1043.0,,,False,18.0,18,18.0,18,4.0,3.0,False,False,False
1058,2022,1,15,15.0,15,4,lando-norris,mclaren,mercedes,pirelli,False,57.0,1:38:29.919,5909919.0,,,+56.335,56335.0,,+1.360,1360.0,,,False,13.0,13,13.0,13,-2.0,3.0,False,False,False
1058,2022,1,16,16.0,16,6,nicholas-latifi,williams,mercedes,pirelli,False,57.0,1:38:35.379,5915379.0,,,+1:01.795,61795.0,,+5.460,5460.0,,,False,20.0,20,20.0,20,4.0,3.0,False,False,False
1058,2022,1,17,17.0,17,27,nico-hulkenberg,aston-martin,mercedes,pirelli,False,57.0,1:38:37.413,5917413.0,,,+1:03.829,63829.0,,+2.034,2034.0,,,False,17.0,17,17.0,17,0.0,3.0,False,False,False
1058,2022,1,18,18.0,18,11,sergio-perez,red-bull,rbpt,pirelli,False,56.0,,,,,,,,,,Fuel system,,False,4.0,4,4.0,4,-14.0,3.0,False,False,False
1058,2022,1,19,19.0,19,1,max-verstappen,red-bull,rbpt,pirelli,False,54.0,,,,,,,,,,Fuel system,,False,2.0,2,2.0,2,-17.0,3.0,False,False,False
1058,2022,1,20,,DNF,10,pierre-gasly,alphatauri,rbpt,pirelli,False,44.0,,,,,,,,,,Power unit,,False,10.0,10,10.0,10,,2.0,False,False,False
1059,2022,2,1,1.0,1,1,max-verstappen,red-bull,rbpt,pirelli,False,50.0,1:24:19.293,5059293.0,,,,,,,,,25.0,False,4.0,4,4.0,4,3.0,1.0,False,False,False
1059,2022,2,2,2.0,2,16,charles-leclerc,ferrari,ferrari,pirelli,False,50.0,1:24:19.842,5059842.0,,,+0.549,549.0,,+0.549,549.0,,19.0,False,2.0,2,2.0,2,0.0,1.0,True,True,False
1059,2022,2,3,3.0,3,55,carlos-sainz-jr,ferrari,ferrari,pirelli,False,50.0,1:24:27.390,5067390.0,,,+8.097,8097.0,,+7.548,7548.0,,15.0,False,3.0,3,3.0,3,0.0,1.0,False,False,False
1059,2022,2,4,4.0,4,11,sergio-perez,red-bull,rbpt,pirelli,False,50.0,1:24:30.093,5070093.0,,,+10.800,10800.0,,+2.703,2703.0,,12.0,True,1.0,1,1.0,1,-3.0,1.0,False,False,False
1059,2022,2,5,5.0,5,63,george-russell,mercedes,mercedes,pirelli,False,50.0,1:24:52.025,5092025.0,,,+32.732,32732.0,,+21.932,21932.0,,10.0,False,6.0,6,6.0,6,1.0,1.0,False,False,False
1059,2022,2,6,6.0,6,31,esteban-ocon,alpine,renault,pirelli,False,50.0,1:25:15.310,5115310.0,,,+56.017,56017.0,,+23.285,23285.0,,8.0,False,5.0,5,5.0,5,-1.0,1.0,False,False,False
1059,2022,2,7,7.0,7,4,lando-norris,mclaren,mercedes,pirelli,False,50.0,1:25:15.417,5115417.0,,,+56.124,56124.0,,+0.107,107.0,,6.0,False,11.0,11,11.0,11,4.0,1.0,False,False,False
1059,2022,2,8,8.0,8,10,pierre-gasly,alphatauri,rbpt,pirelli,False,50.0,1:25:22.239,5122239.0,,,+1:02.946,62946.0,,+6.822,6822.0,,4.0,False,9.0,9,9.0,9,1.0,1.0,False,False,False
1059,2022,2,9,9.0,9,20,kevin-magnussen,haas,ferrari,pirelli,False,50.0,1:25:23.601,5123601.0,,,+1:04.308,64308.0,,+1.362,1362.0,,2.0,False,10.0,10,10.0,10,1.0,1.0,False,False,False
1059,2022,2,10,10.0,10,44,lewis-hamilton,mercedes,mercedes,pirelli,False,50.0,1:25:33.241,5133241.0,,,+1:13.948,73948.0,,+9.640,9640.0,,1.0,False,16.0,16,15.0,15,5.0,1.0,False,False,False
1059,2022,2,11,11.0,11,24,guanyu-zhou,alfa-romeo,ferrari,pirelli,False,50.0,1:25:41.508,5141508.0,,,+1:22.215,82215.0,,+8.267,8267.0,,,False,13.0,13,12.0,12,1.0,2.0,False,False,False
1059,2022,2,12,12.0,12,27,nico-hulkenberg,aston-martin,mercedes,pirelli,False,50.0,1:25:51.035,5151035.0,,,+1:31.742,91742.0,,+9.527,9527.0,,,False,18.0,18,17.0,17,5.0,1.0,False,False,False
1059,2022,2,13,13.0,13,18,lance-stroll,aston-martin,mercedes,pirelli,False,49.0,,,,,+1 lap,,1.0,,,,,False,15.0,15,13.0,13,0.0,1.0,False,False,False
1059,2022,2,14,14.0,14,23,alexander-albon,williams,mercedes,pirelli,False,47.0,,,,,,,,,,Collision damage,,False,17.0,17,16.0,16,2.0,1.0,False,False,False
1059,2022,2,15,,DNF,77,valtteri-bottas,alfa-romeo,ferrari,pirelli,False,36.0,,,,,,,,,,Cooling system,,False,8.0,8,8.0,8,,2.0,False,False,False
1059,2022,2,16,,DNF,14,fernando-alonso,alpine,renault,pirelli,False,35.0,,,,,,,,,,Water pressure,,False,7.0,7,7.0,7,,1.0,False,False,False
1059,2022,2,17,,DNF,3,daniel-ricciardo,mclaren,mercedes,pirelli,False,35.0,,,,,,,,,,Gearbox,,False,12.0,12,14.0,14,,1.0,False,False,False
1059,2022,2,18,,DNF,6,nicholas-latifi,williams,mercedes,pirelli,False,14.0,,,,,,,,,,Accident,,False,19.0,19,18.0,18,,0.0,False,False,False
1059,2022,2,19,,DNS,22,yuki-tsunoda,alphatauri,rbpt,pirelli,False,,,,,,,,,,,Power unit,,False,,NC,,,,0.0,False,False,False
1059,2022,2,20,,DNS,47,mick-schumacher,haas,ferrari,pirelli,False,,,,,,,,,,,Accident in qualifying,,False,14.0,14,,,,0.0,False,False,False
1060,2022,3,1,1.0,1,16,charles-leclerc,ferrari,ferrari,pirelli,False,58.0,1:27:46.548,5266548.0,,,,,,,,,26.0,True,1.0,1,1.0,1,0.0,1.0,True,True,True
1060,2022,3,2,2.0,2,11,sergio-perez,red-bull,rbpt,pirelli,False,58.0,1:28:07.072,5287072.0,,,+20.524,20524.0,,+20.524,20524.0,,18.0,False,3.0,3,3.0,3,1.0,1.0,False,False,False
1060,2022,3,3,3.0,3,63,george-russell,mercedes,mercedes,pirelli,False,58.0,1:28:12.141,5292141.0,,,+25.593,25593.0,,+5.069,5069.0,,15.0,False,6.0,6,6.0,6,3.0,1.0,False,False,False
1060,2022,3,4,4.0,4,44,lewis-hamilton,mercedes,mercedes,pirelli,False,58.0,1:28:15.091,5295091.0,,,+28.543,28543.0,,+2.950,2950.0,,12.0,False,5.0,5,5.0,5,1.0,1.0,False,False,False
1060,2022,3,5,5.0,5,4,lando-norris,mclaren,mercedes,pirelli,False,58.0,1:28:39.851,5319851.0,,,+53.303,53303.0,,+24.760,24760.0,,10.0,False,4.0,4,4.0,4,-1.0,1.0,False,False,False
1060,2022,3,6,6.0,6,3,daniel-ricciardo,mclaren,mercedes,pirelli,False,58.0,1:28:40.285,5320285.0,,,+53.737,53737.0,,+0.434,434.0,,8.0,False,7.0,7,7.0,7,1.0,1.0,False,False,False
1060,2022,3,7,7.0,7,31,esteban-ocon,alpine,renault,pirelli,False,58.0,1:28:48.231,5328231.0,,,+1:01.683,61683.0,,+7.946,7946.0,,6.0,False,8.0,8,8.0,8,1.0,1.0,False,False,False
1060,2022,3,8,8.0,8,77,valtteri-bottas,alfa-romeo,ferrari,pirelli,False,58.0,1:28:54.987,5334987.0,,,+1:08.439,68439.0,,+6.756,6756.0,,4.0,False,12.0,12,12.0,12,4.0,1.0,False,False,False
1060,2022,3,9,9.0,9,10,pierre-gasly,alphatauri,rbpt,pirelli,False,58.0,1:29:02.769,5342769.0,,,+1:16.221,76221.0,,+7.782,7782.0,,2.0,False,11.0,11,11.0,11,2.0,1.0,False,False,False
1060,2022,3,10,10.0,10,23,alexander-albon,williams,mercedes,pirelli,False,58.0,1:29:05.930,5345930.0,,,+1:19.382,79382.0,,+3.161,3161.0,,1.0,False,,DSQ,20.0,20,10.0,1.0,False,False,False
1060,2022,3,11,11.0,11,24,guanyu-zhou,alfa-romeo,ferrari,pirelli,False,58.0,1:29:08.243,5348243.0,,,+1:21.695,81695.0,,+2.313,2313.0,,,False,14.0,14,14.0,14,3.0,1.0,False,False,False
1060,2022,3,12,12.0,12,18,lance-stroll,aston-martin,mercedes,pirelli,False,58.0,1:29:15.146,5355146.0,5.0,5000.0,+1:28.598,88598.0,,+6.903,6903.0,,,False,,NC,19.0,19,7.0,3.0,False,False,False
1060,2022,3,13,13.0,13,47,mick-schumacher,haas,ferrari,pirelli,False,57.0,,,,,+1 lap,,1.0,,,,,False,15.0,15,15.0,15,2.0,1.0,False,False,False
1060,2022,3,14,14.0,14,20,kevin-magnussen,haas,ferrari,pirelli,False,57.0,,,,,+1 lap,,1.0,,,,,False,16.0,16,16.0,16,2.0,1.0,False,False,False
1060,2022,3,15,15.0,15,22,yuki-tsunoda,alphatauri,rbpt,pirelli,False,57.0,,,,,+1 lap,,1.0,,,,,False,13.0,13,13.0,13,-2.0,1.0,False,False,False
1060,2022,3,16,16.0,16,6,nicholas-latifi,williams,mercedes,pirelli,False,57.0,,,,,+1 lap,,1.0,,,,,False,18.0,18,18.0,18,2.0,2.0,False,False,False
1060,2022,3,17,17.0,17,14,fernando-alonso,alpine,renault,pirelli,False,57.0,,,,,+1 lap,,1.0,,,,,False,10.0,10,10.0,10,-7.0,2.0,False,False,False
1060,2022,3,18,,DNF,1,max-verstappen,red-bull,rbpt,pirelli,False,38.0,,,,,,,,,,Fuel leak,,False,2.0,2,2.0,2,,1.0,False,False,False
1060,2022,3,19,,DNF,5,sebastian-vettel,aston-martin,mercedes,pirelli,False,22.0,,,,,,,,,,Accident,,False,17.0,17,17.0,17,,0.0,False,False,False
1060,2022,3,20,,DNF,55,carlos-sainz-jr,ferrari,ferrari,pirelli,False,1.0,,,,,,,,,,Spun off,,False,9.0,9,9.0,9,,0.0,False,False,False
1061,2022,4,1,1.0,1,1,max-verstappen,red-bull,rbpt,pirelli,False,63.0,1:32:07.986,5527986.0,,,,,,,,,26.0,True,1.0,1,1.0,1,0.0,2.0,True,True,True
1061,2022,4,2,2.0,2,11,sergio-perez,red-bull,rbpt,pirelli,False,63.0,1:32:24.513,5544513.0,,,+16.527,16527.0,,+16.527,16527.0,,18.0,False,3.0,3,3.0,3,1.0,2.0,False,False,False
1061,2022,4,3,3.0,3,4,lando-norris,mclaren,mercedes,pirelli,False,63.0,1:32:42.820,5562820.0,,,+34.834,34834.0,,+18.307,18307.0,,15.0,False,5.0,5,5.0,5,2.0,1.0,False,False,False
1061,2022,4,4,4.0,4,63,george-russell,mercedes,mercedes,pirelli,False,63.0,1:32:50.492,5570492.0,,,+42.506,42506.0,,+7.672,7672.0,,12.0,False,11.0,11,11.0,11,7.0,1.0,False,False,False
1061,2022,4,5,5.0,5,77,valtteri-bottas,alfa-romeo,ferrari,pirelli,False,63.0,1:32:51.167,5571167.0,,,+43.181,43181.0,,+0.675,675.0,,10.0,False,7.0,7,7.0,7,2.0,1.0,False,False,False
1061,2022,4,6,6.0,6,16,charles-leclerc,ferrari,ferrari,pirelli,False,63.0,1:33:04.058,5584058.0,,,+56.072,56072.0,,+12.891,12891.0,,8.0,False,2.0,2,2.0,2,-4.0,3.0,False,False,False
1061,2022,4,7,7.0,7,22,yuki-tsunoda,alphatauri,rbpt,pirelli,False,63.0,1:33:09.096,5589096.0,,,+1:01.110,61110.0,,+5.038,5038.0,,6.0,False,12.0,12,12.0,12,5.0,1.0,False,False,False
1061,2022,4,8,8.0,8,5,sebastian-vettel,aston-martin,mercedes,pirelli,False,63.0,1:33:18.878,5598878.0,,,+1:10.892,70892.0,,+9.782,9782.0,,4.0,False,13.0,13,13.0,13,5.0,1.0,False,False,False
1061,2022,4,9,9.0,9,20,kevin-magnussen,haas,ferrari,pirelli,False,63.0,1:33:23.246,5603246.0,,,+1:15.260,75260.0,,+4.368,4368.0,,2.0,False,8.0,8,8.0,8,-1.0,1.0,False,False,False
1061,2022,4,10,10.0,10,18,lance-stroll,aston-martin,mercedes,pirelli,False,62.0,,,,,+1 lap,,1.0,,,,1.0,False,15.0,15,15.0,15,5.0,1.0,False,False,False
1061,2022,4,11,11.0,11,23,alexander-albon,williams,mercedes,pirelli,False,62.0,,,,,+1 lap,,1.0,,,,,False,18.0,18,18.0,18,7.0,1.0,False,False,False
1061,2022,4,12,12.0,12,10,pierre-gasly,alphatauri,rbpt,pirelli,False,62.0,,,,,+1 lap,,1.0,,,,,False,17.0,17,17.0,17,5.0,1.0,False,False,False
1061,2022,4,13,13.0,13,44,lewis-hamilton,mercedes,mercedes,pirelli,False,62.0,,,,,+1 lap,,1.0,,,,,False,14.0,14,14.0,14,1.0,1.0,False,False,False
1061,2022,4,14,14.0,14,31,esteban-ocon,alpine,renault,pirelli,False,62.0,,,5.0,5000.0,+1 lap,,1.0,,,,,False,16.0,16,16.0,16,2.0,1.0,False,False,False
1061,2022,4,15,15.0,15,24,guanyu-zhou,alfa-romeo,ferrari,pirelli,False,62.0,,,,,+1 lap,,1.0,,,,,False,,DNF,,PL,5.0,1.0,False,False,False
1061,2022,4,16,16.0,16,6,nicholas-latifi,williams,mercedes,pirelli,False,62.0,,,,,+1 lap,,1.0,,,,,False,19.0,19,19.0,19,3.0,1.0,False,False,False
1061,2022,4,17,17.0,17,47,mick-schumacher,haas,ferrari,pirelli,False,62.0,,,,,+1 lap,,1.0,,,,,False,10.0,10,10.0,10,-7.0,2.0,False,False,False
1061,2022,4,18,18.0,18,3,daniel-ricciardo,mclaren,mercedes,pirelli,False,62.0,,,,,+1 lap,,1.0,,,,,False,6.0,6,6.0,6,-12.0,3.0,False,False,False
1061,2022,4,19,,DNF,14,fernando-alonso,alpine,renault,pirelli,False,6.0,,,,,,,,,,Collision damage,,False,9.0,9,9.0,9,,0.0,False,False,False
1061,2022,4,20,,DNF,55,carlos-sainz-jr,ferrari,ferrari,pirelli,False,0.0,,,,,,,,,,Collision,,False,4.0,4,4.0,4,,0.0,False,False,False
1062,2022,5,1,1.0,1,1,max-verstappen,red-bull,rbpt,pirelli,False,57.0,1:34:24.258,5664258.0,,,,,,,,,26.0,False,3.0,3,3.0,3,2.0,1.0,True,True,False
1062,2022,5,2,2.0,2,16,charles-leclerc,ferrari,ferrari,pirelli,False,57.0,1:34:28.044,5668044.0,,,+3.786,3786.0,,+3.786,3786.0,,18.0,True,1.0,1,1.0,1,-1.0,1.0,False,False,False
1062,2022,5,3,3.0,3,55,carlos-sainz-jr,ferrari,ferrari,pirelli,False,57.0,1:34:32.487,5672487.0,,,+8.229,8229.0,,+4.443,4443.0,,15.0,False,2.0,2,2.0,2,-1.0,1.0,False,False,False
1062,2022,5,4,4.0,4,11,sergio-perez,red-bull,rbpt,pirelli,False,57.0,1:34:34.896,5674896.0,,,+10.638,10638.0,,+2.409,2409.0,,12.0,False,4.0,4,4.0,4,0.0,2.0,False,False,False
1062,2022,5,5,5.0,5,63,george-russell,mercedes,mercedes,pirelli,False,57.0,1:34:42.840,5682840.0,,,+18.582,18582.0,,+7.944,7944.0,,10.0,False,12.0,12,12.0,12,7.0,1.0,False,False,False
1062,2022,5,6,6.0,6,44,lewis-hamilton,mercedes,mercedes,pirelli,False,57.0,1:34:45.626,5685626.0,,,+21.368,21368.0,,+2.786,2786.0,,8.0,False,6.0,6,6.0,6,0.0,1.0,False,False,False
1062,2022,5,7,7.0,7,77,valtteri-bottas,alfa-romeo,ferrari,pirelli,False,57.0,1:34:49.331,5689331.0,,,+25.073,25073.0,,+3.705,3705.0,,6.0,False,5.0,5,5.0,5,-2.0,1.0,False,False,False
1062,2022,5,8,8.0,8,31,esteban-ocon,alpine,renault,pirelli,False,57.0,1:34:52.644,5692644.0,,,+28.386,28386.0,,+3.313,3313.0,,4.0,False,,,20.0,20,12.0,1.0,False,False,False
1062,2022,5,9,9.0,9,23,alexander-albon,williams,mercedes,pirelli,False,57.0,1:34:56.623,5696623.0,,,+32.365,32365.0,,+3.979,3979.0,,2.0,False,18.0,18,18.0,18,9.0,1.0,False,False,False
1062,2022,5,10,10.0,10,18,lance-stroll,aston-martin,mercedes,pirelli,False,57.0,1:35:01.284,5701284.0,,,+37.026,37026.0,,+4.661,4661.0,,1.0,False,10.0,10,,PL,0.0,1.0,False,False,False
1062,2022,5,11,11.0,11,14,fernando-alonso,alpine,renault,pirelli,False,57.0,1:35:01.386,5701386.0,10.0,10000.0,+37.128,37128.0,,+0.102,102.0,,,False,11.0,11,11.0,11,0.0,1.0,False,False,False
1062,2022,5,12,12.0,12,22,yuki-tsunoda,alphatauri,rbpt,pirelli,False,57.0,1:35:04.404,5704404.0,,,+40.146,40146.0,,+3.018,3018.0,,,False,9.0,9,9.0,9,-3.0,2.0,False,False,False
1062,2022,5,13,13.0,13,3,daniel-ricciardo,mclaren,mercedes,pirelli,False,57.0,1:35:05.160,5705160.0,5.0,5000.0,+40.902,40902.0,,+0.756,756.0,,,False,14.0,14,14.0,14,1.0,2.0,False,False,False
1062,2022,5,14,14.0,14,6,nicholas-latifi,williams,mercedes,pirelli,False,57.0,1:35:14.194,5714194.0,,,+49.936,49936.0,,+9.034,9034.0,,,False,19.0,19,19.0,19,5.0,1.0,False,False,False
1062,2022,5,15,15.0,15,47,mick-schumacher,haas,ferrari,pirelli,False,57.0,1:35:37.563,5737563.0,,,+1:13.305,73305.0,,+23.369,23369.0,,,False,15.0,15,15.0,15,0.0,2.0,False,False,False
1062,2022,5,16,16.0,16,20,kevin-magnussen,haas,ferrari,pirelli,False,56.0,,,5.0,5000.0,,,,,,Front wing,,False,16.0,16,16.0,16,0.0,2.0,False,False,False
1062,2022,5,17,17.0,17,5,sebastian-vettel,aston-martin,mercedes,pirelli,False,54.0,,,,,,,,,,Collision,,False,13.0,13,,PL,-4.0,1.0,False,False,False
1062,2022,5,18,,DNF,10,pierre-gasly,alphatauri,rbpt,pirelli,False,45.0,,,,,,,,,,Suspension,,False,7.0,7,7.0,7,,2.0,False,False,False
1062,2022,5,19,,DNF,4,lando-norris,mclaren,mercedes,pirelli,False,39.0,,,,,,,,,,Collision,,False,8.0,8,8.0,8,,1.0,False,False,False
1062,2022,5,20,,DNF,24,guanyu-zhou,alfa-romeo,ferrari,pirelli,False,6.0,,,,,,,,,,Water leak,,False,17.0,17,17.0,17,,0.0,False,False,False
1063,2022,6,1,1.0,1,1,max-verstappen,red-bull,rbpt,pirelli,False,66.0,1:37:20.475,5840475.0,,,,,,,,,25.0,False,2.0,2,2.0,2,1.0,3.0,False,False,False
1063,2022,6,2,2.0,2,11,sergio-perez,red-bull,rbpt,pirelli,False,66.0,1:37:33.547,5853547.0,,,+13.072,13072.0,,+13.072,13072.0,,19.0,False,5.0,5,5.0,5,3.0,3.0,True,False,False
1063,2022,6,3,3.0,3,63,george-russell,mercedes,mercedes,pirelli,False,66.0,1:37:53.402,5873402.0,,,+32.927,32927.0,,+19.855,19855.0,,15.0,False,4.0,4,4.0,4,1.0,3.0,False,False,False
1063,2022,6,4,4.0,4,55,carlos-sainz-jr,ferrari,ferrari,pirelli,False,66.0,1:38:05.683,5885683.0,,,+45.208,45208.0,,+12.281,12281.0,,12.0,False,3.0,3,3.0,3,-1.0,3.0,False,False,False
1063,2022,6,5,5.0,5,44,lewis-hamilton,mercedes,mercedes,pirelli,False,66.0,1:38:15.009,5895009.0,,,+54.534,54534.0,,+9.326,9326.0,,10.0,False,6.0,6,6.0,6,1.0,3.0,False,True,False
1063,2022,6,6,6.0,6,77,valtteri-bottas,alfa-romeo,ferrari,pirelli,False,66.0,1:38:20.451,5900451.0,,,+59.976,59976.0,,+5.442,5442.0,,8.0,False,7.0,7,7.0,7,1.0,2.0,False,False,False
1063,2022,6,7,7.0,7,31,esteban-ocon,alpine,renault,pirelli,False,66.0,1:38:35.872,5915872.0,,,+1:15.397,75397.0,,+15.421,15421.0,,6.0,False,12.0,12,12.0,12,5.0,3.0,False,False,False
1063,2022,6,8,8.0,8,4,lando-norris,mclaren,mercedes,pirelli,False,66.0,1:38:43.710,5923710.0,,,+1:23.235,83235.0,,+7.838,7838.0,,4.0,False,11.0,11,11.0,11,3.0,3.0,False,False,False
1063,2022,6,9,9.0,9,14,fernando-alonso,alpine,renault,pirelli,False,65.0,,,,,+1 lap,,1.0,,,,2.0,False,17.0,17,20.0,20,11.0,3.0,False,False,False
1063,2022,6,10,10.0,10,22,yuki-tsunoda,alphatauri,rbpt,pirelli,False,65.0,,,,,+1 lap,,1.0,,,,1.0,False,13.0,13,13.0,13,3.0,3.0,False,False,False
1063,2022,6,11,11.0,11,5,sebastian-vettel,aston-martin,mercedes,pirelli,False,65.0,,,,,+1 lap,,1.0,,,,,False,16.0,16,16.0,16,5.0,2.0,False,False,False
1063,2022,6,12,12.0,12,3,daniel-ricciardo,mclaren,mercedes,pirelli,False,65.0,,,,,+1 lap,,1.0,,,,,False,9.0,9,9.0,9,-3.0,3.0,False,False,False
1063,2022,6,13,13.0,13,10,pierre-gasly,alphatauri,rbpt,pirelli,False,65.0,,,,,+1 lap,,1.0,,,,,False,14.0,14,14.0,14,1.0,3.0,False,False,False
1063,2022,6,14,14.0,14,47,mick-schumacher,haas,ferrari,pirelli,False,65.0,,,,,+1 lap,,1.0,,,,,False,10.0,10,10.0,10,-4.0,2.0,False,False,False
1063,2022,6,15,15.0,15,18,lance-stroll,aston-martin,mercedes,pirelli,False,65.0,,,,,+1 lap,,1.0,,,,,False,18.0,18,17.0,17,2.0,3.0,False,False,False
1063,2022,6,16,16.0,16,6,nicholas-latifi,williams,mercedes,pirelli,False,64.0,,,,,+2 laps,,2.0,,,,,False,20.0,20,19.0,19,3.0,3.0,False,False,False
1063,2022,6,17,17.0,17,20,kevin-magnussen,haas,ferrari,pirelli,False,64.0,,,,,+2 laps,,2.0,,,,,False,8.0,8,8.0,8,-9.0,2.0,False,False,False
1063,2022,6,18,18.0,18,23,alexander-albon,williams,mercedes,pirelli,False,64.0,,,5.0,5000.0,+2 laps,,2.0,,,,,False,19.0,19,18.0,18,0.0,4.0,False,False,False
1063,2022,6,19,,DNF,24,guanyu-zhou,alfa-romeo,ferrari,pirelli,False,28.0,,,,,,,,,,Power loss,,False,15.0,15,15.0,15,,1.0,False,False,False
1063,2022,6,20,,DNF,16,charles-leclerc,ferrari,ferrari,pirelli,False,27.0,,,,,,,,,,Turbo,,True,1.0,1,1.0,1,,1.0,False,False,False
1064,2022,7,1,1.0,1,11,sergio-perez,red-bull,rbpt,pirelli,False,64.0,1:56:30.265,6990265.0,,,,,,,,,25.0,False,3.0,3,3.0,3,2.0,3.0,False,True,False
1064,2022,7,2,2.0,2,55,carlos-sainz-jr,ferrari,ferrari,pirelli,False,64.0,1:56:31.419,6991419.0,,,+1.154,1154.0,,+1.154,1154.0,,18.0,False,2.0,2,2.0,2,0.0,2.0,False,False,False
1064,2022,7,3,3.0,3,1,max-verstappen,red-bull,rbpt,pirelli,False,64.0,1:56:31.756,6991756.0,,,+1.491,1491.0,,+0.337,337.0,,15.0,False,4.0,4,4.0,4,1.0,3.0,False,False,False
1064,2022,7,4,4.0,4,16,charles-leclerc,ferrari,ferrari,pirelli,False,64.0,1:56:33.187,6993187.0,,,+2.922,2922.0,,+1.431,1431.0,,12.0,True,1.0,1,1.0,1,-3.0,3.0,False,False,False
1064,2022,7,5,5.0,5,63,george-russell,mercedes,mercedes,pirelli,False,64.0,1:56:42.233,7002233.0,,,+11.968,11968.0,,+9.046,9046.0,,10.0,False,6.0,6,6.0,6,1.0,2.0,False,False,False
1064,2022,7,6,6.0,6,4,lando-norris,mclaren,mercedes,pirelli,False,64.0,1:56:42.496,7002496.0,,,+12.231,12231.0,,+0.263,263.0,,9.0,False,5.0,5,5.0,5,-1.0,4.0,True,False,False
1064,2022,7,7,7.0,7,14,fernando-alonso,alpine,renault,pirelli,False,64.0,1:57:16.623,7036623.0,,,+46.358,46358.0,,+34.127,34127.0,,6.0,False,7.0,7,7.0,7,0.0,2.0,False,False,False
1064,2022,7,8,8.0,8,44,lewis-hamilton,mercedes,mercedes,pirelli,False,64.0,1:57:20.653,7040653.0,,,+50.388,50388.0,,+4.030,4030.0,,4.0,False,8.0,8,8.0,8,0.0,3.0,False,False,False
1064,2022,7,9,9.0,9,77,valtteri-bottas,alfa-romeo,ferrari,pirelli,False,64.0,1:57:22.790,7042790.0,,,+52.525,52525.0,,+2.137,2137.0,,2.0,False,12.0,12,12.0,12,3.0,2.0,False,False,False
1064,2022,7,10,10.0,10,5,sebastian-vettel,aston-martin,mercedes,pirelli,False,64.0,1:57:23.801,7043801.0,,,+53.536,53536.0,,+1.011,1011.0,,1.0,False,9.0,9,9.0,9,-1.0,3.0,False,False,False
1064,2022,7,11,11.0,11,10,pierre-gasly,alphatauri,rbpt,pirelli,False,64.0,1:57:24.554,7044554.0,,,+54.289,54289.0,,+0.753,753.0,,,False,17.0,17,17.0,17,6.0,3.0,False,False,False
1064,2022,7,12,12.0,12,31,esteban-ocon,alpine,renault,pirelli,False,64.0,1:57:25.909,7045909.0,5.0,5000.0,+55.644,55644.0,,+1.355,1355.0,,,False,10.0,10,10.0,10,-2.0,2.0,False,False,False
1064,2022,7,13,13.0,13,3,daniel-ricciardo,mclaren,mercedes,pirelli,False,64.0,1:57:27.900,7047900.0,,,+57.635,57635.0,,+1.991,1991.0,,,False,14.0,14,14.0,14,1.0,2.0,False,False,False
1064,2022,7,14,14.0,14,18,lance-stroll,aston-martin,mercedes,pirelli,False,64.0,1:57:31.067,7051067.0,,,+1:00.802,60802.0,,+3.167,3167.0,,,False,18.0,18,18.0,18,4.0,4.0,False,False,False
1064,2022,7,15,15.0,15,6,nicholas-latifi,williams,mercedes,pirelli,False,63.0,,,,,+1 lap,,1.0,,,,,False,19.0,19,19.0,19,4.0,4.0,False,False,False
1064,2022,7,16,16.0,16,24,guanyu-zhou,alfa-romeo,ferrari,pirelli,False,63.0,,,,,+1 lap,,1.0,,,,,False,20.0,20,20.0,20,4.0,2.0,False,False,False
1064,2022,7,17,17.0,17,22,yuki-tsunoda,alphatauri,rbpt,pirelli,False,63.0,,,,,+1 lap,,1.0,,,,,False,11.0,11,11.0,11,-6.0,4.0,False,False,False
1064,2022,7,18,,DNF,23,alexander-albon,williams,mercedes,pirelli,False,48.0,,,5.0,5000.0,,,,,,Mechanical,,False,16.0,16,16.0,16,,3.0,False,False,False
1064,2022,7,19,,DNF,47,mick-schumacher,haas,ferrari,pirelli,False,24.0,,,,,,,,,,Accident,,False,15.0,15,15.0,15,,2.0,False,False,False
1064,2022,7,20,,DNF,20,kevin-magnussen,haas,ferrari,pirelli,False,19.0,,,,,,,,,,Water pressure,,False,13.0,13,13.0,13,,0.0,False,False,False
1065,2022,8,1,1.0,1,1,max-verstappen,red-bull,rbpt,pirelli,False,51.0,1:34:05.941,5645941.0,,,,,,,,,25.0,False,3.0,3,3.0,3,2.0,2.0,False,False,False
1065,2022,8,2,2.0,2,11,sergio-perez,red-bull,rbpt,pirelli,False,51.0,1:34:26.764,5666764.0,,,+20.823,20823.0,,+20.823,20823.0,,19.0,False,2.0,2,2.0,2,0.0,2.0,True,False,False
1065,2022,8,3,3.0,3,63,george-russell,mercedes,mercedes,pirelli,False,51.0,1:34:51.936,5691936.0,,,+45.995,45995.0,,+25.172,25172.0,,15.0,False,5.0,5,5.0,5,2.0,2.0,False,False,False
1065,2022,8,4,4.0,4,44,lewis-hamilton,mercedes,mercedes,pirelli,False,51.0,1:35:17.620,5717620.0,,,+1:11.679,71679.0,,+25.684,25684.0,,12.0,False,7.0,7,7.0,7,3.0,2.0,False,True,False
1065,2022,8,5,5.0,5,10,pierre-gasly,alphatauri,rbpt,pirelli,False,51.0,1:35:23.240,5723240.0,,,+1:17.299,77299.0,,+5.620,5620.0,,10.0,False,6.0,6,6.0,6,1.0,1.0,False,False,False
1065,2022,8,6,6.0,6,5,sebastian-vettel,aston-martin,mercedes,pirelli,False,51.0,1:35:30.040,5730040.0,,,+1:24.099,84099.0,,+6.800,6800.0,,8.0,False,9.0,9,9.0,9,3.0,1.0,False,False,False
1065,2022,8,7,7.0,7,14,fernando-alonso,alpine,renault,pirelli,False,51.0,1:35:34.537,5734537.0,,,+1:28.596,88596.0,,+4.497,4497.0,,6.0,False,10.0,10,10.0,10,3.0,1.0,False,False,False
1065,2022,8,8,8.0,8,3,daniel-ricciardo,mclaren,mercedes,pirelli,False,51.0,1:35:38.148,5738148.0,,,+1:32.207,92207.0,,+3.611,3611.0,,4.0,False,12.0,12,12.0,12,4.0,1.0,False,False,False
1065,2022,8,9,9.0,9,4,lando-norris,mclaren,mercedes,pirelli,False,51.0,1:35:38.497,5738497.0,,,+1:32.556,92556.0,,+0.349,349.0,,2.0,False,11.0,11,11.0,11,2.0,1.0,False,False,False
1065,2022,8,10,10.0,10,31,esteban-ocon,alpine,renault,pirelli,False,51.0,1:35:54.125,5754125.0,,,+1:48.184,108184.0,,+15.628,15628.0,,1.0,False,13.0,13,13.0,13,3.0,1.0,False,False,False
1065,2022,8,11,11.0,11,77,valtteri-bottas,alfa-romeo,ferrari,pirelli,False,50.0,,,,,+1 lap,,1.0,,,,,False,15.0,15,15.0,15,4.0,1.0,False,False,False
1065,2022,8,12,12.0,12,23,alexander-albon,williams,mercedes,pirelli,False,50.0,,,,,+1 lap,,1.0,,,,,False,17.0,17,17.0,17,5.0,2.0,False,False,False
1065,2022,8,13,13.0,13,22,yuki-tsunoda,alphatauri,rbpt,pirelli,False,50.0,,,,,+1 lap,,1.0,,,,,False,8.0,8,8.0,8,-5.0,2.0,False,False,False
1065,2022,8,14,14.0,14,47,mick-schumacher,haas,ferrari,pirelli,False,50.0,,,,,+1 lap,,1.0,,,,,False,20.0,20,20.0,20,6.0,2.0,False,False,False
1065,2022,8,15,15.0,15,6,nicholas-latifi,williams,mercedes,pirelli,False,50.0,,,5.0,5000.0,+1 lap,,1.0,,,,,False,18.0,18,18.0,18,3.0,2.0,False,False,False
1065,2022,8,16,16.0,16,18,lance-stroll,aston-martin,mercedes,pirelli,False,46.0,,,,,,,,,,Vibrations,,False,19.0,19,19.0,19,3.0,1.0,False,False,False
1065,2022,8,17,,DNF,20,kevin-magnussen,haas,ferrari,pirelli,False,31.0,,,,,,,,,,Power unit,,False,16.0,16,16.0,16,,1.0,False,False,False
1065,2022,8,18,,DNF,24,guanyu-zhou,alfa-romeo,ferrari,pirelli,False,23.0,,,,,,,,,,Hydraulics,,False,14.0,14,14.0,14,,1.0,False,False,False
1065,2022,8,19,,DNF,16,charles-leclerc,ferrari,ferrari,pirelli,False,21.0,,,,,,,,,,Power unit,,True,1.0,1,1.0,1,,1.0,False,False,False
1065,2022,8,20,,DNF,55,carlos-sainz-jr,ferrari,ferrari,pirelli,False,8.0,,,,,,,,,,Hydraulics,,False,4.0,4,4.0,4,,0.0,False,False,False
1066,2022,9,1,1.0,1,1,max-verstappen,red-bull,rbpt,pirelli,False,70.0,1:36:21.757,5781757.0,,,,,,,,,25.0,True,1.0,1,1.0,1,0.0,2.0,False,False,False
1066,2022,9,2,2.0,2,55,carlos-sainz-jr,ferrari,ferrari,pirelli,False,70.0,1:36:22.750,5782750.0,,,+0.993,993.0,,+0.993,993.0,,19.0,False,3.0,3,3.0,3,1.0,2.0,True,False,False
1066,2022,9,3,3.0,3,44,lewis-hamilton,mercedes,mercedes,pirelli,False,70.0,1:36:28.763,5788763.0,,,+7.006,7006.0,,+6.013,6013.0,,15.0,False,4.0,4,4.0,4,1.0,2.0,False,False,False
1066,2022,9,4,4.0,4,63,george-russell,mercedes,mercedes,pirelli,False,70.0,1:36:34.070,5794070.0,,,+12.313,12313.0,,+5.307,5307.0,,12.0,False,8.0,8,8.0,8,4.0,2.0,False,False,False
1066,2022,9,5,5.0,5,16,charles-leclerc,ferrari,ferrari,pirelli,False,70.0,1:36:36.925,5796925.0,,,+15.168,15168.0,,+2.855,2855.0,,10.0,False,15.0,15,19.0,19,14.0,1.0,False,False,False
1066,2022,9,6,6.0,6,31,esteban-ocon,alpine,renault,pirelli,False,70.0,1:36:45.647,5805647.0,,,+23.890,23890.0,,+8.722,8722.0,,8.0,False,7.0,7,7.0,7,1.0,2.0,False,False,False
1066,2022,9,7,7.0,7,77,valtteri-bottas,alfa-romeo,ferrari,pirelli,False,70.0,1:36:47.004,5807004.0,,,+25.247,25247.0,,+1.357,1357.0,,6.0,False,11.0,11,11.0,11,4.0,1.0,False,False,False
1066,2022,9,8,8.0,8,24,guanyu-zhou,alfa-romeo,ferrari,pirelli,False,70.0,1:36:48.709,5808709.0,,,+26.952,26952.0,,+1.705,1705.0,,4.0,False,10.0,10,10.0,10,2.0,2.0,False,False,False
1066,2022,9,9,9.0,9,14,fernando-alonso,alpine,renault,pirelli,False,70.0,1:36:51.702,5811702.0,5.0,5000.0,+29.945,29945.0,,+2.993,2993.0,,2.0,False,2.0,2,2.0,2,-7.0,2.0,False,False,False
1066,2022,9,10,10.0,10,18,lance-stroll,aston-martin,mercedes,pirelli,False,70.0,1:36:59.979,5819979.0,,,+38.222,38222.0,,+8.277,8277.0,,1.0,False,18.0,18,17.0,17,7.0,1.0,False,False,False
1066,2022,9,11,11.0,11,3,daniel-ricciardo,mclaren,mercedes,pirelli,False,70.0,1:37:04.804,5824804.0,,,+43.047,43047.0,,+4.825,4825.0,,,False,9.0,9,9.0,9,-2.0,2.0,False,False,False
1066,2022,9,12,12.0,12,5,sebastian-vettel,aston-martin,mercedes,pirelli,False,70.0,1:37:06.002,5826002.0,,,+44.245,44245.0,,+1.198,1198.0,,,False,17.0,17,16.0,16,4.0,2.0,False,False,False
1066,2022,9,13,13.0,13,23,alexander-albon,williams,mercedes,pirelli,False,70.0,1:37:06.650,5826650.0,,,+44.893,44893.0,,+0.648,648.0,,,False,12.0,12,12.0,12,-1.0,2.0,False,False,False
1066,2022,9,14,14.0,14,10,pierre-gasly,alphatauri,rbpt,pirelli,False,70.0,1:37:06.940,5826940.0,,,+45.183,45183.0,,+0.290,290.0,,,False,16.0,16,15.0,15,1.0,2.0,False,False,False
1066,2022,9,15,15.0,15,4,lando-norris,mclaren,mercedes,pirelli,False,70.0,1:37:13.902,5833902.0,5.0,5000.0,+52.145,52145.0,,+6.962,6962.0,,,False,14.0,14,14.0,14,-1.0,2.0,False,False,False
1066,2022,9,16,16.0,16,6,nicholas-latifi,williams,mercedes,pirelli,False,70.0,1:37:21.735,5841735.0,,,+59.978,59978.0,,+7.833,7833.0,,,False,19.0,19,18.0,18,2.0,2.0,False,True,False
1066,2022,9,17,17.0,17,20,kevin-magnussen,haas,ferrari,pirelli,False,70.0,1:37:29.937,5849937.0,,,+1:08.180,68180.0,,+8.202,8202.0,,,False,5.0,5,5.0,5,-12.0,1.0,False,False,False
1066,2022,9,18,,DNF,22,yuki-tsunoda,alphatauri,rbpt,pirelli,False,47.0,,,,,,,,,,Accident,,False,20.0,20,20.0,20,,2.0,False,False,False
1066,2022,9,19,,DNF,47,mick-schumacher,haas,ferrari,pirelli,False,18.0,,,,,,,,,,Hydraulics,,False,6.0,6,6.0,6,,0.0,False,False,False
1066,2022,9,20,,DNF,11,sergio-perez,red-bull,rbpt,pirelli,False,7.0,,,,,,,,,,Gearbox,,False,13.0,13,13.0,13,,0.0,False,False,False
1067,2022,10,1,1.0,1,55,carlos-sainz-jr,ferrari,ferrari,pirelli,False,52.0,2:17:50.311,8270311.0,,,,,,,,,25.0,True,1.0,1,1.0,1,0.0,3.0,False,False,False
1067,2022,10,2,2.0,2,11,sergio-perez,red-bull,rbpt,pirelli,False,52.0,2:17:54.090,8274090.0,,,+3.779,3779.0,,+3.779,3779.0,,18.0,False,4.0,4,4.0,4,2.0,3.0,False,True,False
1067,2022,10,3,3.0,3,44,lewis-hamilton,mercedes,mercedes,pirelli,False,52.0,2:17:56.536,8276536.0,,,+6.225,6225.0,,+2.446,2446.0,,16.0,False,5.0,5,5.0,5,2.0,3.0,True,False,False
1067,2022,10,4,4.0,4,16,charles-leclerc,ferrari,ferrari,pirelli,False,52.0,2:17:58.857,8278857.0,,,+8.546,8546.0,,+2.321,2321.0,,12.0,False,3.0,3,3.0,3,-1.0,2.0,False,False,False
1067,2022,10,5,5.0,5,14,fernando-alonso,alpine,renault,pirelli,False,52.0,2:17:59.882,8279882.0,,,+9.571,9571.0,,+1.025,1025.0,,10.0,False,7.0,7,7.0,7,2.0,3.0,False,False,False
1067,2022,10,6,6.0,6,4,lando-norris,mclaren,mercedes,pirelli,False,52.0,2:18:02.254,8282254.0,,,+11.943,11943.0,,+2.372,2372.0,,8.0,False,6.0,6,6.0,6,0.0,3.0,False,False,False
1067,2022,10,7,7.0,7,1,max-verstappen,red-bull,rbpt,pirelli,False,52.0,2:18:09.088,8289088.0,,,+18.777,18777.0,,+6.834,6834.0,,6.0,False,2.0,2,2.0,2,-5.0,4.0,False,False,False
1067,2022,10,8,8.0,8,47,mick-schumacher,haas,ferrari,pirelli,False,52.0,2:18:09.306,8289306.0,,,+18.995,18995.0,,+0.218,218.0,,4.0,False,19.0,19,19.0,19,11.0,3.0,False,False,False
1067,2022,10,9,9.0,9,5,sebastian-vettel,aston-martin,mercedes,pirelli,False,52.0,2:18:12.667,8292667.0,,,+22.356,22356.0,,+3.361,3361.0,,2.0,False,18.0,18,18.0,18,9.0,3.0,False,False,False
1067,2022,10,10,10.0,10,20,kevin-magnussen,haas,ferrari,pirelli,False,52.0,2:18:14.901,8294901.0,,,+24.590,24590.0,,+2.234,2234.0,,1.0,False,17.0,17,17.0,17,7.0,2.0,False,False,False
1067,2022,10,11,11.0,11,18,lance-stroll,aston-martin,mercedes,pirelli,False,52.0,2:18:16.458,8296458.0,,,+26.147,26147.0,,+1.557,1557.0,,,False,20.0,20,20.0,20,9.0,3.0,False,False,False
1067,2022,10,12,12.0,12,6,nicholas-latifi,williams,mercedes,pirelli,False,52.0,2:18:22.822,8302822.0,,,+32.511,32511.0,,+6.364,6364.0,,,False,10.0,10,10.0,10,-2.0,3.0,False,False,False
1067,2022,10,13,13.0,13,3,daniel-ricciardo,mclaren,mercedes,pirelli,False,52.0,2:18:23.128,8303128.0,,,+32.817,32817.0,,+0.306,306.0,,,False,14.0,14,14.0,14,1.0,4.0,False,False,False
1067,2022,10,14,14.0,14,22,yuki-tsunoda,alphatauri,rbpt,pirelli,False,52.0,2:18:31.221,8311221.0,5.0,5000.0,+40.910,40910.0,,+8.093,8093.0,,,False,13.0,13,13.0,13,-1.0,3.0,False,False,False
1067,2022,10,15,,DNF,31,esteban-ocon,alpine,renault,pirelli,False,37.0,,,,,,,,,,Fuel pump,,False,15.0,15,15.0,15,,2.0,False,False,False
1067,2022,10,16,,DNF,10,pierre-gasly,alphatauri,rbpt,pirelli,False,26.0,,,,,,,,,,Collision damage,,False,11.0,11,11.0,11,,2.0,False,False,False
1067,2022,10,17,,DNF,77,valtteri-bottas,alfa-romeo,ferrari,pirelli,False,20.0,,,,,,,,,,Gearbox,,False,12.0,12,12.0,12,,1.0,False,False,False
1067,2022,10,18,,DNF,63,george-russell,mercedes,mercedes,pirelli,False,0.0,,,,,,,,,,Collision,,False,8.0,8,8.0,8,,0.0,False,False,False
1067,2022,10,19,,DNF,24,guanyu-zhou,alfa-romeo,ferrari,pirelli,False,0.0,,,,,,,,,,Collision,,False,9.0,9,9.0,9,,0.0,False,False,False
1067,2022,10,20,,DNF,23,alexander-albon,williams,mercedes,pirelli,False,0.0,,,,,,,,,,Collision,,False,16.0,16,16.0,16,,0.0,False,False,False
1068,2022,11,1,1.0,1,16,charles-leclerc,ferrari,ferrari,pirelli,False,71.0,1:24:24.312,5064312.0,,,,,,,,,25.0,False,2.0,2,2.0,2,1.0,3.0,False,False,False
1068,2022,11,2,2.0,2,1,max-verstappen,red-bull,rbpt,pirelli,False,71.0,1:24:25.844,5065844.0,,,+1.532,1532.0,,+1.532,1532.0,,19.0,True,1.0,1,1.0,1,-1.0,3.0,True,False,False
1068,2022,11,3,3.0,3,44,lewis-hamilton,mercedes,mercedes,pirelli,False,71.0,1:25:05.529,5105529.0,,,+41.217,41217.0,,+39.685,39685.0,,15.0,False,8.0,8,8.0,8,5.0,2.0,False,False,False
1068,2022,11,4,4.0,4,63,george-russell,mercedes,mercedes,pirelli,False,71.0,1:25:23.284,5123284.0,,,+58.972,58972.0,,+17.755,17755.0,,12.0,False,4.0,4,4.0,4,0.0,2.0,False,False,False
1068,2022,11,5,5.0,5,31,esteban-ocon,alpine,renault,pirelli,False,71.0,1:25:32.748,5132748.0,,,+1:08.436,68436.0,,+9.464,9464.0,,10.0,False,6.0,6,6.0,6,1.0,2.0,False,False,False
1068,2022,11,6,6.0,6,47,mick-schumacher,haas,ferrari,pirelli,False,70.0,,,,,+1 lap,,1.0,,,,8.0,False,9.0,9,9.0,9,3.0,2.0,False,True,False
1068,2022,11,7,7.0,7,4,lando-norris,mclaren,mercedes,pirelli,False,70.0,,,,,+1 lap,,1.0,,,,6.0,False,11.0,11,10.0,10,3.0,2.0,False,False,False
1068,2022,11,8,8.0,8,20,kevin-magnussen,haas,ferrari,pirelli,False,70.0,,,,,+1 lap,,1.0,,,,4.0,False,7.0,7,7.0,7,-1.0,2.0,False,False,False
1068,2022,11,9,9.0,9,3,daniel-ricciardo,mclaren,mercedes,pirelli,False,70.0,,,,,+1 lap,,1.0,,,,2.0,False,12.0,12,11.0,11,2.0,2.0,False,False,False
1068,2022,11,10,10.0,10,14,fernando-alonso,alpine,renault,pirelli,False,70.0,,,,,+1 lap,,1.0,,,,1.0,False,,DNS,19.0,19,9.0,3.0,False,False,False
1068,2022,11,11,11.0,11,77,valtteri-bottas,alfa-romeo,ferrari,pirelli,False,70.0,,,,,+1 lap,,1.0,,,,,False,10.0,10,,PL,9.0,2.0,False,False,False
1068,2022,11,12,12.0,12,23,alexander-albon,williams,mercedes,pirelli,False,70.0,,,,,+1 lap,,1.0,,,,,False,16.0,16,15.0,15,3.0,2.0,False,False,False
1068,2022,11,13,13.0,13,18,lance-stroll,aston-martin,mercedes,pirelli,False,70.0,,,,,+1 lap,,1.0,,,,,False,13.0,13,12.0,12,-1.0,2.0,False,False,False
1068,2022,11,14,14.0,14,24,guanyu-zhou,alfa-romeo,ferrari,pirelli,False,70.0,,,,,+1 lap,,1.0,,,,,False,14.0,14,13.0,13,-1.0,2.0,False,False,False
1068,2022,11,15,15.0,15,10,pierre-gasly,alphatauri,rbpt,pirelli,False,70.0,,,5.0,5000.0,+1 lap,,1.0,,,,,False,15.0,15,14.0,14,-1.0,2.0,False,False,False
1068,2022,11,16,16.0,16,22,yuki-tsunoda,alphatauri,rbpt,pirelli,False,70.0,,,,,+1 lap,,1.0,,,,,False,17.0,17,16.0,16,0.0,2.0,False,False,False
1068,2022,11,17,17.0,17,5,sebastian-vettel,aston-martin,mercedes,pirelli,False,70.0,,,5.0,5000.0,+1 lap,,1.0,,,,,False,19.0,19,18.0,18,1.0,2.0,False,False,False
1068,2022,11,18,,DNF,55,carlos-sainz-jr,ferrari,ferrari,pirelli,False,56.0,,,,,,,,,,Power unit,,False,3.0,3,3.0,3,,2.0,False,False,False
1068,2022,11,19,,DNF,6,nicholas-latifi,williams,mercedes,pirelli,False,48.0,,,,,,,,,,Undertray,,False,18.0,18,17.0,17,,2.0,False,False,False
1068,2022,11,20,,DNF,11,sergio-perez,red-bull,rbpt,pirelli,False,24.0,,,,,,,,,,Collision damage,,False,5.0,5,5.0,5,,1.0,False,False,False
1069,2022,12,1,1.0,1,1,max-verstappen,red-bull,rbpt,pirelli,False,53.0,1:30:02.112,5402112.0,,,,,,,,,25.0,False,2.0,2,2.0,2,1.0,1.0,False,False,False
1069,2022,12,2,2.0,2,44,lewis-hamilton,mercedes,mercedes,pirelli,False,53.0,1:30:12.699,5412699.0,,,+10.587,10587.0,,+10.587,10587.0,,18.0,False,4.0,4,4.0,4,2.0,1.0,False,False,False
1069,2022,12,3,3.0,3,63,george-russell,mercedes,mercedes,pirelli,False,53.0,1:30:18.607,5418607.0,,,+16.495,16495.0,,+5.908,5908.0,,15.0,False,6.0,6,6.0,6,3.0,1.0,False,False,False
1069,2022,12,4,4.0,4,11,sergio-perez,red-bull,rbpt,pirelli,False,53.0,1:30:19.422,5419422.0,,,+17.310,17310.0,,+0.815,815.0,,12.0,False,3.0,3,3.0,3,-1.0,1.0,False,False,False
1069,2022,12,5,5.0,5,55,carlos-sainz-jr,ferrari,ferrari,pirelli,False,53.0,1:30:30.984,5430984.0,,,+28.872,28872.0,,+11.562,11562.0,,11.0,False,9.0,9,19.0,19,14.0,2.0,True,True,False
1069,2022,12,6,6.0,6,14,fernando-alonso,alpine,renault,pirelli,False,53.0,1:30:44.991,5444991.0,,,+42.879,42879.0,,+14.007,14007.0,,8.0,False,7.0,7,7.0,7,1.0,1.0,False,False,False
1069,2022,12,7,7.0,7,4,lando-norris,mclaren,mercedes,pirelli,False,53.0,1:30:54.138,5454138.0,,,+52.026,52026.0,,+9.147,9147.0,,6.0,False,5.0,5,5.0,5,-2.0,1.0,False,False,False
1069,2022,12,8,8.0,8,31,esteban-ocon,alpine,renault,pirelli,False,53.0,1:30:59.071,5459071.0,,,+56.959,56959.0,,+4.933,4933.0,,4.0,False,12.0,12,10.0,10,2.0,1.0,False,False,False
1069,2022,12,9,9.0,9,3,daniel-ricciardo,mclaren,mercedes,pirelli,False,53.0,1:31:02.484,5462484.0,,,+1:00.372,60372.0,,+3.413,3413.0,,2.0,False,11.0,11,9.0,9,0.0,1.0,False,False,False
1069,2022,12,10,10.0,10,18,lance-stroll,aston-martin,mercedes,pirelli,False,53.0,1:31:04.661,5464661.0,,,+1:02.549,62549.0,,+2.177,2177.0,,1.0,False,17.0,17,15.0,15,5.0,1.0,False,False,False
1069,2022,12,11,11.0,11,5,sebastian-vettel,aston-martin,mercedes,pirelli,False,53.0,1:31:06.606,5466606.0,,,+1:04.494,64494.0,,+1.945,1945.0,,,False,14.0,14,12.0,12,1.0,1.0,False,False,False
1069,2022,12,12,12.0,12,10,pierre-gasly,alphatauri,rbpt,pirelli,False,53.0,1:31:07.560,5467560.0,,,+1:05.448,65448.0,,+0.954,954.0,,,False,16.0,16,14.0,14,2.0,1.0,False,False,False
1069,2022,12,13,13.0,13,23,alexander-albon,williams,mercedes,pirelli,False,53.0,1:31:10.677,5470677.0,,,+1:08.565,68565.0,,+3.117,3117.0,,,False,15.0,15,13.0,13,0.0,1.0,False,False,False
1069,2022,12,14,14.0,14,77,valtteri-bottas,alfa-romeo,ferrari,pirelli,False,53.0,1:31:18.778,5478778.0,,,+1:16.666,76666.0,,+8.101,8101.0,,,False,13.0,13,11.0,11,-3.0,2.0,False,False,False
1069,2022,12,15,15.0,15,47,mick-schumacher,haas,ferrari,pirelli,False,53.0,1:31:22.506,5482506.0,,,+1:20.394,80394.0,,+3.728,3728.0,,,False,19.0,19,17.0,17,2.0,2.0,False,False,False
1069,2022,12,16,16.0,16,24,guanyu-zhou,alfa-romeo,ferrari,pirelli,False,47.0,,,5.0,5000.0,+6 laps,,6.0,,,Power unit,,False,18.0,18,16.0,16,0.0,2.0,False,False,False
1069,2022,12,17,,DNF,6,nicholas-latifi,williams,mercedes,pirelli,False,40.0,,,,,,,,,,Collision damage,,False,20.0,20,18.0,18,,2.0,False,False,False
1069,2022,12,18,,DNF,20,kevin-magnussen,haas,ferrari,pirelli,False,37.0,,,,,,,,,,Collision damage,,False,10.0,10,20.0,20,,2.0,False,False,False
1069,2022,12,19,,DNF,16,charles-leclerc,ferrari,ferrari,pirelli,False,17.0,,,,,,,,,,Accident,,True,1.0,1,1.0,1,,0.0,False,False,False
1069,2022,12,20,,DNF,22,yuki-tsunoda,alphatauri,rbpt,pirelli,False,17.0,,,,,,,,,,Undertray,,False,8.0,8,8.0,8,,1.0,False,False,False
1070,2022,13,1,1.0,1,1,max-verstappen,red-bull,rbpt,pirelli,False,70.0,1:39:35.912,5975912.0,,,,,,,,,25.0,False,10.0,10,10.0,10,9.0,2.0,False,True,False
1070,2022,13,2,2.0,2,44,lewis-hamilton,mercedes,mercedes,pirelli,False,70.0,1:39:43.746,5983746.0,,,+7.834,7834.0,,+7.834,7834.0,,19.0,False,7.0,7,7.0,7,5.0,2.0,True,False,False
1070,2022,13,3,3.0,3,63,george-russell,mercedes,mercedes,pirelli,False,70.0,1:39:48.249,5988249.0,,,+12.337,12337.0,,+4.503,4503.0,,15.0,True,1.0,1,1.0,1,-2.0,2.0,False,False,False
1070,2022,13,4,4.0,4,55,carlos-sainz-jr,ferrari,ferrari,pirelli,False,70.0,1:39:50.491,5990491.0,,,+14.579,14579.0,,+2.242,2242.0,,12.0,False,2.0,2,2.0,2,-2.0,2.0,False,False,False
1070,2022,13,5,5.0,5,11,sergio-perez,red-bull,rbpt,pirelli,False,70.0,1:39:51.600,5991600.0,,,+15.688,15688.0,,+1.109,1109.0,,10.0,False,11.0,11,11.0,11,6.0,2.0,False,False,False
1070,2022,13,6,6.0,6,16,charles-leclerc,ferrari,ferrari,pirelli,False,70.0,1:39:51.959,5991959.0,,,+16.047,16047.0,,+0.359,359.0,,8.0,False,3.0,3,3.0,3,-3.0,3.0,False,False,False
1070,2022,13,7,7.0,7,4,lando-norris,mclaren,mercedes,pirelli,False,70.0,1:40:54.212,6054212.0,,,+1:18.300,78300.0,,+1:02.253,62253.0,,6.0,False,4.0,4,4.0,4,-3.0,2.0,False,False,False
1070,2022,13,8,8.0,8,14,fernando-alonso,alpine,renault,pirelli,False,69.0,,,,,+1 lap,,1.0,,,,4.0,False,6.0,6,6.0,6,-2.0,1.0,False,False,False
1070,2022,13,9,9.0,9,31,esteban-ocon,alpine,renault,pirelli,False,69.0,,,,,+1 lap,,1.0,,,,2.0,False,5.0,5,5.0,5,-4.0,1.0,False,False,False
1070,2022,13,10,10.0,10,5,sebastian-vettel,aston-martin,mercedes,pirelli,False,69.0,,,,,+1 lap,,1.0,,,,1.0,False,18.0,18,18.0,18,8.0,2.0,False,False,False
1070,2022,13,11,11.0,11,18,lance-stroll,aston-martin,mercedes,pirelli,False,69.0,,,,,+1 lap,,1.0,,,,,False,14.0,14,14.0,14,3.0,2.0,False,False,False
1070,2022,13,12,12.0,12,10,pierre-gasly,alphatauri,rbpt,pirelli,False,69.0,,,,,+1 lap,,1.0,,,,,False,19.0,19,20.0,20,8.0,2.0,False,False,False
1070,2022,13,13,13.0,13,24,guanyu-zhou,alfa-romeo,ferrari,pirelli,False,69.0,,,,,+1 lap,,1.0,,,,,False,12.0,12,12.0,12,-1.0,2.0,False,False,False
1070,2022,13,14,14.0,14,47,mick-schumacher,haas,ferrari,pirelli,False,69.0,,,,,+1 lap,,1.0,,,,,False,15.0,15,15.0,15,1.0,2.0,False,False,False
1070,2022,13,15,15.0,15,3,daniel-ricciardo,mclaren,mercedes,pirelli,False,69.0,,,5.0,5000.0,+1 lap,,1.0,,,,,False,9.0,9,9.0,9,-6.0,2.0,False,False,False
1070,2022,13,16,16.0,16,20,kevin-magnussen,haas,ferrari,pirelli,False,69.0,,,,,+1 lap,,1.0,,,,,False,13.0,13,13.0,13,-3.0,3.0,False,False,False
1070,2022,13,17,17.0,17,23,alexander-albon,williams,mercedes,pirelli,False,69.0,,,,,+1 lap,,1.0,,,,,False,17.0,17,17.0,17,0.0,3.0,False,False,False
1070,2022,13,18,18.0,18,6,nicholas-latifi,williams,mercedes,pirelli,False,69.0,,,,,+1 lap,,1.0,,,,,False,20.0,20,19.0,19,1.0,3.0,False,False,False
1070,2022,13,19,19.0,19,22,yuki-tsunoda,alphatauri,rbpt,pirelli,False,68.0,,,,,+2 laps,,2.0,,,,,False,16.0,16,16.0,16,-3.0,3.0,False,False,False
1070,2022,13,20,20.0,20,77,valtteri-bottas,alfa-romeo,ferrari,pirelli,False,65.0,,,,,,,,,,Fuel system,,False,8.0,8,8.0,8,-12.0,1.0,False,False,False
1071,2022,14,1,1.0,1,1,max-verstappen,red-bull,rbpt,pirelli,False,44.0,1:25:52.894,5152894.0,,,,,,,,,26.0,False,1.0,1,14.0,14,13.0,2.0,True,True,False
1071,2022,14,2,2.0,2,11,sergio-perez,red-bull,rbpt,pirelli,False,44.0,1:26:10.735,5170735.0,,,+17.841,17841.0,,+17.841,17841.0,,18.0,False,3.0,3,2.0,2,0.0,2.0,False,False,False
1071,2022,14,3,3.0,3,55,carlos-sainz-jr,ferrari,ferrari,pirelli,False,44.0,1:26:19.780,5179780.0,,,+26.886,26886.0,,+9.045,9045.0,,15.0,True,2.0,2,1.0,1,-2.0,2.0,False,False,False
1071,2022,14,4,4.0,4,63,george-russell,mercedes,mercedes,pirelli,False,44.0,1:26:22.034,5182034.0,,,+29.140,29140.0,,+2.254,2254.0,,12.0,False,8.0,8,5.0,5,1.0,2.0,False,False,False
1071,2022,14,5,5.0,5,14,fernando-alonso,alpine,renault,pirelli,False,44.0,1:27:06.150,5226150.0,,,+1:13.256,73256.0,,+44.116,44116.0,,10.0,False,6.0,6,3.0,3,-2.0,2.0,False,False,False
1071,2022,14,6,6.0,6,16,charles-leclerc,ferrari,ferrari,pirelli,False,44.0,1:27:07.830,5227830.0,5.0,5000.0,+1:14.936,74936.0,,+1.680,1680.0,,8.0,False,4.0,4,15.0,15,9.0,3.0,False,False,False
1071,2022,14,7,7.0,7,31,esteban-ocon,alpine,renault,pirelli,False,44.0,1:27:08.534,5228534.0,,,+1:15.640,75640.0,,+0.704,704.0,,6.0,False,5.0,5,16.0,16,9.0,2.0,False,False,False
1071,2022,14,8,8.0,8,5,sebastian-vettel,aston-martin,mercedes,pirelli,False,44.0,1:27:11.001,5231001.0,,,+1:18.107,78107.0,,+2.467,2467.0,,4.0,False,16.0,16,10.0,10,2.0,2.0,False,False,False
1071,2022,14,9,9.0,9,10,pierre-gasly,alphatauri,rbpt,pirelli,False,44.0,1:27:25.075,5245075.0,,,+1:32.181,92181.0,,+14.074,14074.0,,2.0,False,12.0,12,,PL,11.0,2.0,False,False,False
1071,2022,14,10,10.0,10,23,alexander-albon,williams,mercedes,pirelli,False,44.0,1:27:34.794,5254794.0,,,+1:41.900,101900.0,,+9.719,9719.0,,1.0,False,9.0,9,6.0,6,-4.0,2.0,False,False,False
1071,2022,14,11,11.0,11,18,lance-stroll,aston-martin,mercedes,pirelli,False,44.0,1:27:35.972,5255972.0,,,+1:43.078,103078.0,,+1.178,1178.0,,,False,14.0,14,9.0,9,-2.0,2.0,False,False,False
1071,2022,14,12,12.0,12,4,lando-norris,mclaren,mercedes,pirelli,False,44.0,1:27:37.633,5257633.0,,,+1:44.739,104739.0,,+1.661,1661.0,,,False,10.0,10,17.0,17,5.0,2.0,False,False,False
1071,2022,14,13,13.0,13,22,yuki-tsunoda,alphatauri,rbpt,pirelli,False,44.0,1:27:38.111,5258111.0,,,+1:45.217,105217.0,,+0.478,478.0,,,False,19.0,19,20.0,20,7.0,2.0,False,False,False
1071,2022,14,14,14.0,14,24,guanyu-zhou,alfa-romeo,ferrari,pirelli,False,44.0,1:27:39.146,5259146.0,,,+1:46.252,106252.0,,+1.035,1035.0,,,False,13.0,13,18.0,18,4.0,2.0,False,False,False
1071,2022,14,15,15.0,15,3,daniel-ricciardo,mclaren,mercedes,pirelli,False,44.0,1:27:40.057,5260057.0,,,+1:47.163,107163.0,,+0.911,911.0,,,False,11.0,11,7.0,7,-8.0,2.0,False,False,False
1071,2022,14,16,16.0,16,20,kevin-magnussen,haas,ferrari,pirelli,False,43.0,,,,,+1 lap,,1.0,,,,,False,18.0,18,12.0,12,-4.0,2.0,False,False,False
1071,2022,14,17,17.0,17,47,mick-schumacher,haas,ferrari,pirelli,False,43.0,,,,,+1 lap,,1.0,,,,,False,15.0,15,19.0,19,2.0,2.0,False,False,False
1071,2022,14,18,18.0,18,6,nicholas-latifi,williams,mercedes,pirelli,False,43.0,,,,,+1 lap,,1.0,,,,,False,17.0,17,11.0,11,-7.0,3.0,False,False,False
1071,2022,14,19,,DNF,77,valtteri-bottas,alfa-romeo,ferrari,pirelli,False,1.0,,,,,,,,,,Accident,,False,20.0,20,13.0,13,,0.0,False,False,False
1071,2022,14,20,,DNF,44,lewis-hamilton,mercedes,mercedes,pirelli,False,0.0,,,,,,,,,,Collision damage,,False,7.0,7,4.0,4,,0.0,False,False,False
1072,2022,15,1,1.0,1,1,max-verstappen,red-bull,rbpt,pirelli,False,72.0,1:36:42.773,5802773.0,,,,,,,,,26.0,True,1.0,1,1.0,1,0.0,4.0,True,True,False
1072,2022,15,2,2.0,2,63,george-russell,mercedes,mercedes,pirelli,False,72.0,1:36:46.844,5806844.0,,,+4.071,4071.0,,+4.071,4071.0,,18.0,False,6.0,6,6.0,6,4.0,3.0,False,False,False
1072,2022,15,3,3.0,3,16,charles-leclerc,ferrari,ferrari,pirelli,False,72.0,1:36:53.702,5813702.0,,,+10.929,10929.0,,+6.858,6858.0,,15.0,False,2.0,2,2.0,2,-1.0,4.0,False,False,False
1072,2022,15,4,4.0,4,44,lewis-hamilton,mercedes,mercedes,pirelli,False,72.0,1:36:55.789,5815789.0,,,+13.016,13016.0,,+2.087,2087.0,,12.0,False,4.0,4,4.0,4,0.0,3.0,False,False,False
1072,2022,15,5,5.0,5,11,sergio-perez,red-bull,rbpt,pirelli,False,72.0,1:37:00.941,5820941.0,,,+18.168,18168.0,,+5.152,5152.0,,10.0,False,5.0,5,5.0,5,0.0,4.0,False,False,False
1072,2022,15,6,6.0,6,14,fernando-alonso,alpine,renault,pirelli,False,72.0,1:37:01.527,5821527.0,,,+18.754,18754.0,,+0.586,586.0,,8.0,False,13.0,13,13.0,13,7.0,3.0,False,False,False
1072,2022,15,7,7.0,7,4,lando-norris,mclaren,mercedes,pirelli,False,72.0,1:37:02.079,5822079.0,,,+19.306,19306.0,,+0.552,552.0,,6.0,False,7.0,7,7.0,7,0.0,3.0,False,False,False
1072,2022,15,8,8.0,8,55,carlos-sainz-jr,ferrari,ferrari,pirelli,False,72.0,1:37:03.689,5823689.0,5.0,5000.0,+20.916,20916.0,,+1.610,1610.0,,4.0,False,3.0,3,3.0,3,-5.0,3.0,False,False,False
1072,2022,15,9,9.0,9,31,esteban-ocon,alpine,renault,pirelli,False,72.0,1:37:03.890,5823890.0,,,+21.117,21117.0,,+0.201,201.0,,2.0,False,12.0,12,12.0,12,3.0,3.0,False,False,False
1072,2022,15,10,10.0,10,18,lance-stroll,aston-martin,mercedes,pirelli,False,72.0,1:37:05.232,5825232.0,,,+22.459,22459.0,,+1.342,1342.0,,1.0,False,10.0,10,10.0,10,0.0,4.0,False,False,False
1072,2022,15,11,11.0,11,10,pierre-gasly,alphatauri,rbpt,pirelli,False,72.0,1:37:09.782,5829782.0,,,+27.009,27009.0,,+4.550,4550.0,,,False,11.0,11,11.0,11,0.0,4.0,False,False,False
1072,2022,15,12,12.0,12,23,alexander-albon,williams,mercedes,pirelli,False,72.0,1:37:13.163,5833163.0,,,+30.390,30390.0,,+3.381,3381.0,,,False,15.0,15,15.0,15,3.0,4.0,False,False,False
1072,2022,15,13,13.0,13,47,mick-schumacher,haas,ferrari,pirelli,False,72.0,1:37:15.768,5835768.0,,,+32.995,32995.0,,+2.605,2605.0,,,False,8.0,8,8.0,8,-5.0,4.0,False,False,False
1072,2022,15,14,14.0,14,5,sebastian-vettel,aston-martin,mercedes,pirelli,False,72.0,1:37:18.780,5838780.0,5.0,5000.0,+36.007,36007.0,,+3.012,3012.0,,,False,19.0,19,19.0,19,5.0,4.0,False,False,False
1072,2022,15,15,15.0,15,20,kevin-magnussen,haas,ferrari,pirelli,False,72.0,1:37:19.642,5839642.0,,,+36.869,36869.0,,+0.862,862.0,,,False,18.0,18,18.0,18,3.0,4.0,False,False,False
1072,2022,15,16,16.0,16,24,guanyu-zhou,alfa-romeo,ferrari,pirelli,False,72.0,1:37:20.093,5840093.0,,,+37.320,37320.0,,+0.451,451.0,,,False,14.0,14,14.0,14,-2.0,4.0,False,False,False
1072,2022,15,17,17.0,17,3,daniel-ricciardo,mclaren,mercedes,pirelli,False,72.0,1:37:20.537,5840537.0,,,+37.764,37764.0,,+0.444,444.0,,,False,17.0,17,17.0,17,0.0,5.0,False,False,False
1072,2022,15,18,18.0,18,6,nicholas-latifi,williams,mercedes,pirelli,False,71.0,,,,,+1 lap,,1.0,,,,,False,20.0,20,20.0,20,2.0,4.0,False,False,False
1072,2022,15,19,,DNF,77,valtteri-bottas,alfa-romeo,ferrari,pirelli,False,53.0,,,,,,,,,,Engine,,False,16.0,16,16.0,16,,2.0,False,False,False
1072,2022,15,20,,DNF,22,yuki-tsunoda,alphatauri,rbpt,pirelli,False,43.0,,,,,,,,,,Differential,,False,9.0,9,9.0,9,,3.0,False,False,False
1073,2022,16,1,1.0,1,1,max-verstappen,red-bull,rbpt,pirelli,False,53.0,1:20:27.511,4827511.0,,,,,,,,,25.0,False,2.0,2,7.0,7,6.0,2.0,False,False,False
1073,2022,16,2,2.0,2,16,charles-leclerc,ferrari,ferrari,pirelli,False,53.0,1:20:29.957,4829957.0,,,+2.446,2446.0,,+2.446,2446.0,,18.0,True,1.0,1,1.0,1,-1.0,3.0,False,False,False
1073,2022,16,3,3.0,3,63,george-russell,mercedes,mercedes,pirelli,False,53.0,1:20:30.916,4830916.0,,,+3.405,3405.0,,+0.959,959.0,,15.0,False,6.0,6,2.0,2,-1.0,2.0,False,False,False
1073,2022,16,4,4.0,4,55,carlos-sainz-jr,ferrari,ferrari,pirelli,False,53.0,1:20:32.572,4832572.0,,,+5.061,5061.0,,+1.656,1656.0,,12.0,False,3.0,3,18.0,18,14.0,2.0,False,False,False
1073,2022,16,5,5.0,5,44,lewis-hamilton,mercedes,mercedes,pirelli,False,53.0,1:20:32.891,4832891.0,,,+5.380,5380.0,,+0.319,319.0,,10.0,False,5.0,5,19.0,19,14.0,1.0,False,False,False
1073,2022,16,6,6.0,6,11,sergio-perez,red-bull,rbpt,pirelli,False,53.0,1:20:33.602,4833602.0,,,+6.091,6091.0,,+0.711,711.0,,9.0,False,4.0,4,13.0,13,7.0,2.0,True,False,False
1073,2022,16,7,7.0,7,4,lando-norris,mclaren,mercedes,pirelli,False,53.0,1:20:33.718,4833718.0,,,+6.207,6207.0,,+0.116,116.0,,6.0,False,7.0,7,3.0,3,-4.0,2.0,False,False,False
1073,2022,16,8,8.0,8,10,pierre-gasly,alphatauri,rbpt,pirelli,False,53.0,1:20:33.907,4833907.0,,,+6.396,6396.0,,+0.189,189.0,,4.0,False,9.0,9,5.0,5,-3.0,1.0,False,False,False
1073,2022,16,9,9.0,9,45,nyck-de-vries,williams,mercedes,pirelli,False,53.0,1:20:34.633,4834633.0,,,+7.122,7122.0,,+0.726,726.0,,2.0,False,13.0,13,8.0,8,-1.0,1.0,False,True,False
1073,2022,16,10,10.0,10,24,guanyu-zhou,alfa-romeo,ferrari,pirelli,False,53.0,1:20:35.421,4835421.0,,,+7.910,7910.0,,+0.788,788.0,,1.0,False,14.0,14,9.0,9,-1.0,1.0,False,False,False
1073,2022,16,11,11.0,11,31,esteban-ocon,alpine,renault,pirelli,False,53.0,1:20:35.834,4835834.0,,,+8.323,8323.0,,+0.413,413.0,,,False,11.0,11,14.0,14,3.0,1.0,False,False,False
1073,2022,16,12,12.0,12,47,mick-schumacher,haas,ferrari,pirelli,False,53.0,1:20:36.060,4836060.0,,,+8.549,8549.0,,+0.226,226.0,,,False,20.0,20,17.0,17,5.0,1.0,False,False,False
1073,2022,16,13,13.0,13,77,valtteri-bottas,alfa-romeo,ferrari,pirelli,False,52.0,,,,,+1 lap,,1.0,,,,,False,12.0,12,15.0,15,2.0,1.0,False,False,False
1073,2022,16,14,14.0,14,22,yuki-tsunoda,alphatauri,rbpt,pirelli,False,52.0,,,,,+1 lap,,1.0,,,,,False,15.0,15,20.0,20,6.0,2.0,False,False,False
1073,2022,16,15,15.0,15,6,nicholas-latifi,williams,mercedes,pirelli,False,52.0,,,,,+1 lap,,1.0,,,,,False,16.0,16,10.0,10,-5.0,2.0,False,False,False
1073,2022,16,16,16.0,16,20,kevin-magnussen,haas,ferrari,pirelli,False,52.0,,,,,+1 lap,,1.0,,,,,False,19.0,19,16.0,16,0.0,2.0,False,False,False
1073,2022,16,17,,DNF,3,daniel-ricciardo,mclaren,mercedes,pirelli,False,45.0,,,,,,,,,,Oil leak,,False,8.0,8,4.0,4,,1.0,False,False,False
1073,2022,16,18,,DNF,18,lance-stroll,aston-martin,mercedes,pirelli,False,39.0,,,,,,,,,,Engine,,False,18.0,18,12.0,12,,1.0,False,False,False
1073,2022,16,19,,DNF,14,fernando-alonso,alpine,renault,pirelli,False,31.0,,,,,,,,,,Water pressure,,False,10.0,10,6.0,6,,0.0,False,False,False
1073,2022,16,20,,DNF,5,sebastian-vettel,aston-martin,mercedes,pirelli,False,10.0,,,,,,,,,,Engine,,False,17.0,17,11.0,11,,0.0,False,False,False
1074,2022,17,1,1.0,1,11,sergio-perez,red-bull,rbpt,pirelli,False,59.0,2:02:20.238,7340238.0,5.0,5000.0,,,,,,,25.0,False,2.0,2,2.0,2,1.0,1.0,False,True,False
1074,2022,17,2,2.0,2,16,charles-leclerc,ferrari,ferrari,pirelli,False,59.0,2:02:22.833,7342833.0,,,+2.595,2595.0,,+2.595,2595.0,,18.0,True,1.0,1,1.0,1,-1.0,1.0,False,False,False
1074,2022,17,3,3.0,3,55,carlos-sainz-jr,ferrari,ferrari,pirelli,False,59.0,2:02:30.543,7350543.0,,,+10.305,10305.0,,+7.710,7710.0,,15.0,False,4.0,4,4.0,4,1.0,1.0,False,False,False
1074,2022,17,4,4.0,4,4,lando-norris,mclaren,mercedes,pirelli,False,59.0,2:02:41.371,7361371.0,,,+21.133,21133.0,,+10.828,10828.0,,12.0,False,6.0,6,6.0,6,2.0,1.0,False,False,False
1074,2022,17,5,5.0,5,3,daniel-ricciardo,mclaren,mercedes,pirelli,False,59.0,2:03:13.520,7393520.0,,,+53.282,53282.0,,+32.149,32149.0,,10.0,False,17.0,17,16.0,16,11.0,1.0,False,False,False
1074,2022,17,6,6.0,6,18,lance-stroll,aston-martin,mercedes,pirelli,False,59.0,2:03:16.568,7396568.0,,,+56.330,56330.0,,+3.048,3048.0,,8.0,False,12.0,12,11.0,11,5.0,1.0,False,False,False
1074,2022,17,7,7.0,7,1,max-verstappen,red-bull,rbpt,pirelli,False,59.0,2:03:19.063,7399063.0,,,+58.825,58825.0,,+2.495,2495.0,,6.0,False,8.0,8,8.0,8,1.0,2.0,False,False,False
1074,2022,17,8,8.0,8,5,sebastian-vettel,aston-martin,mercedes,pirelli,False,59.0,2:03:20.270,7400270.0,,,+1:00.032,60032.0,,+1.207,1207.0,,4.0,False,14.0,14,13.0,13,5.0,1.0,False,False,False
1074,2022,17,9,9.0,9,44,lewis-hamilton,mercedes,mercedes,pirelli,False,59.0,2:03:21.753,7401753.0,,,+1:01.515,61515.0,,+1.483,1483.0,,2.0,False,3.0,3,3.0,3,-6.0,1.0,False,False,False
1074,2022,17,10,10.0,10,10,pierre-gasly,alphatauri,rbpt,pirelli,False,59.0,2:03:29.814,7409814.0,,,+1:09.576,69576.0,,+8.061,8061.0,,1.0,False,7.0,7,7.0,7,-3.0,1.0,False,False,False
1074,2022,17,11,11.0,11,77,valtteri-bottas,alfa-romeo,ferrari,pirelli,False,59.0,2:03:49.082,7429082.0,,,+1:28.844,88844.0,,+19.268,19268.0,,,False,16.0,16,15.0,15,4.0,1.0,False,False,False
1074,2022,17,12,12.0,12,20,kevin-magnussen,haas,ferrari,pirelli,False,59.0,2:03:52.848,7432848.0,,,+1:32.610,92610.0,,+3.766,3766.0,,,False,9.0,9,9.0,9,-3.0,2.0,False,False,False
1074,2022,17,13,13.0,13,47,mick-schumacher,haas,ferrari,pirelli,False,58.0,,,,,+1 lap,,1.0,,,,,False,13.0,13,12.0,12,-1.0,2.0,False,False,False
1074,2022,17,14,14.0,14,63,george-russell,mercedes,mercedes,pirelli,False,57.0,,,,,+2 laps,,2.0,,,,,False,11.0,11,,PL,6.0,4.0,True,False,False
1074,2022,17,15,,DNF,22,yuki-tsunoda,alphatauri,rbpt,pirelli,False,34.0,,,,,,,,,,Accident,,False,10.0,10,10.0,10,,1.0,False,False,False
1074,2022,17,16,,DNF,31,esteban-ocon,alpine,renault,pirelli,False,26.0,,,,,,,,,,Engine,,False,18.0,18,17.0,17,,0.0,False,False,False
1074,2022,17,17,,DNF,23,alexander-albon,williams,mercedes,pirelli,False,25.0,,,,,,,,,,Collision damage,,False,19.0,19,18.0,18,,0.0,False,False,False
1074,2022,17,18,,DNF,14,fernando-alonso,alpine,renault,pirelli,False,20.0,,,,,,,,,,Engine,,False,5.0,5,5.0,5,,0.0,False,False,False
1074,2022,17,19,,DNF,6,nicholas-latifi,williams,mercedes,pirelli,False,7.0,,,,,,,,,,Collision damage,,False,20.0,20,19.0,19,,0.0,False,False,False
1074,2022,17,20,,DNF,24,guanyu-zhou,alfa-romeo,ferrari,pirelli,False,6.0,,,,,,,,,,Collision,,False,15.0,15,14.0,14,,0.0,False,False,False
1075,2022,18,1,1.0,1,1,max-verstappen,red-bull,rbpt,pirelli,False,28.0,3:01:44.004,10904004.0,,,,,,,,,25.0,True,1.0,1,1.0,1,0.0,2.0,False,False,False
1075,2022,18,2,2.0,2,11,sergio-perez,red-bull,rbpt,pirelli,False,28.0,3:02:11.070,10931070.0,,,+27.066,27066.0,,+27.066,27066.0,,18.0,False,4.0,4,4.0,4,2.0,2.0,False,False,False
1075,2022,18,3,3.0,3,16,charles-leclerc,ferrari,ferrari,pirelli,False,28.0,3:02:15.767,10935767.0,5.0,5000.0,+31.763,31763.0,,+4.697,4697.0,,15.0,False,2.0,2,2.0,2,-1.0,2.0,False,False,False
1075,2022,18,4,4.0,4,31,esteban-ocon,alpine,renault,pirelli,False,28.0,3:02:23.689,10943689.0,,,+39.685,39685.0,,+7.922,7922.0,,12.0,False,5.0,5,5.0,5,1.0,2.0,False,False,False
1075,2022,18,5,5.0,5,44,lewis-hamilton,mercedes,mercedes,pirelli,False,28.0,3:02:24.330,10944330.0,,,+40.326,40326.0,,+0.641,641.0,,10.0,False,6.0,6,6.0,6,1.0,2.0,False,False,False
1075,2022,18,6,6.0,6,5,sebastian-vettel,aston-martin,mercedes,pirelli,False,28.0,3:02:30.362,10950362.0,,,+46.358,46358.0,,+6.032,6032.0,,8.0,False,9.0,9,9.0,9,3.0,2.0,False,True,False
1075,2022,18,7,7.0,7,14,fernando-alonso,alpine,renault,pirelli,False,28.0,3:02:30.373,10950373.0,,,+46.369,46369.0,,+0.011,11.0,,6.0,False,7.0,7,7.0,7,0.0,3.0,False,False,False
1075,2022,18,8,8.0,8,63,george-russell,mercedes,mercedes,pirelli,False,28.0,3:02:31.665,10951665.0,,,+47.661,47661.0,,+1.292,1292.0,,4.0,False,8.0,8,8.0,8,0.0,2.0,False,False,False
1075,2022,18,9,9.0,9,6,nicholas-latifi,williams,mercedes,pirelli,False,28.0,3:02:54.147,10974147.0,,,+1:10.143,70143.0,,+22.482,22482.0,,2.0,False,20.0,20,19.0,19,10.0,2.0,False,False,False
1075,2022,18,10,10.0,10,4,lando-norris,mclaren,mercedes,pirelli,False,28.0,3:02:54.786,10974786.0,,,+1:10.782,70782.0,,+0.639,639.0,,1.0,False,10.0,10,10.0,10,0.0,2.0,False,False,False
1075,2022,18,11,11.0,11,3,daniel-ricciardo,mclaren,mercedes,pirelli,False,28.0,3:02:56.881,10976881.0,,,+1:12.877,72877.0,,+2.095,2095.0,,,False,11.0,11,11.0,11,0.0,2.0,False,False,False
1075,2022,18,12,12.0,12,18,lance-stroll,aston-martin,mercedes,pirelli,False,28.0,3:02:57.908,10977908.0,,,+1:13.904,73904.0,,+1.027,1027.0,,,False,19.0,19,18.0,18,6.0,3.0,False,False,False
1075,2022,18,13,13.0,13,22,yuki-tsunoda,alphatauri,rbpt,pirelli,False,28.0,3:02:59.603,10979603.0,,,+1:15.599,75599.0,,+1.695,1695.0,,,False,13.0,13,13.0,13,0.0,3.0,False,False,False
1075,2022,18,14,14.0,14,20,kevin-magnussen,haas,ferrari,pirelli,False,28.0,3:03:10.020,10990020.0,,,+1:26.016,86016.0,,+10.417,10417.0,,,False,18.0,18,17.0,17,3.0,2.0,False,False,False
1075,2022,18,15,15.0,15,77,valtteri-bottas,alfa-romeo,ferrari,pirelli,False,28.0,3:03:10.500,10990500.0,,,+1:26.496,86496.0,,+0.480,480.0,,,False,12.0,12,12.0,12,-3.0,2.0,False,False,False
1075,2022,18,16,16.0,16,24,guanyu-zhou,alfa-romeo,ferrari,pirelli,False,28.0,3:03:11.047,10991047.0,,,+1:27.043,87043.0,,+0.547,547.0,,,False,14.0,14,14.0,14,-2.0,3.0,True,False,False
1075,2022,18,17,17.0,17,47,mick-schumacher,haas,ferrari,pirelli,False,28.0,3:03:16.527,10996527.0,,,+1:32.523,92523.0,,+5.480,5480.0,,,False,15.0,15,15.0,15,-2.0,2.0,False,False,False
1075,2022,18,18,18.0,18,10,pierre-gasly,alphatauri,rbpt,pirelli,False,28.0,3:03:32.095,11012095.0,20.0,20000.0,+1:48.091,108091.0,,+15.568,15568.0,,,False,17.0,17,,PL,2.0,4.0,False,False,False
1075,2022,18,19,,DNF,55,carlos-sainz-jr,ferrari,ferrari,pirelli,False,0.0,,,,,,,,,,Accident,,False,3.0,3,3.0,3,,0.0,False,False,False
1075,2022,18,20,,DNF,23,alexander-albon,williams,mercedes,pirelli,False,0.0,,,,,,,,,,Collision damage,,False,16.0,16,16.0,16,,0.0,False,False,False
1076,2022,19,1,1.0,1,1,max-verstappen,red-bull,rbpt,pirelli,False,56.0,1:42:11.687,6131687.0,,,,,,,,,25.0,False,3.0,3,2.0,2,1.0,2.0,False,False,False
1076,2022,19,2,2.0,2,44,lewis-hamilton,mercedes,mercedes,pirelli,False,56.0,1:42:16.710,6136710.0,,,+5.023,5023.0,,+5.023,5023.0,,18.0,False,5.0,5,3.0,3,1.0,2.0,False,False,False
1076,2022,19,3,3.0,3,16,charles-leclerc,ferrari,ferrari,pirelli,False,56.0,1:42:19.188,6139188.0,,,+7.501,7501.0,,+2.478,2478.0,,15.0,False,2.0,2,12.0,12,9.0,2.0,False,False,False
1076,2022,19,4,4.0,4,11,sergio-perez,red-bull,rbpt,pirelli,False,56.0,1:42:19.980,6139980.0,,,+8.293,8293.0,,+0.792,792.0,,12.0,False,4.0,4,9.0,9,5.0,2.0,False,False,False
1076,2022,19,5,5.0,5,63,george-russell,mercedes,mercedes,pirelli,False,56.0,1:42:56.502,6176502.0,,,+44.815,44815.0,,+36.522,36522.0,,11.0,False,6.0,6,4.0,4,-1.0,3.0,True,False,False
1076,2022,19,6,6.0,6,4,lando-norris,mclaren,mercedes,pirelli,False,56.0,1:43:05.472,6185472.0,,,+53.785,53785.0,,+8.970,8970.0,,8.0,False,8.0,8,6.0,6,0.0,2.0,False,False,False
1076,2022,19,7,7.0,7,14,fernando-alonso,alpine,renault,pirelli,False,56.0,1:43:06.765,6186765.0,,,+55.078,55078.0,,+1.293,1293.0,,6.0,False,9.0,9,14.0,14,7.0,2.0,False,False,False
1076,2022,19,8,8.0,8,5,sebastian-vettel,aston-martin,mercedes,pirelli,False,56.0,1:43:17.041,6197041.0,,,+1:05.354,65354.0,,+10.276,10276.0,,4.0,False,12.0,12,10.0,10,2.0,2.0,False,True,False
1076,2022,19,9,9.0,9,20,kevin-magnussen,haas,ferrari,pirelli,False,56.0,1:43:17.521,6197521.0,,,+1:05.834,65834.0,,+0.480,480.0,,2.0,False,16.0,16,13.0,13,4.0,1.0,False,False,False
1076,2022,19,10,10.0,10,22,yuki-tsunoda,alphatauri,rbpt,pirelli,False,56.0,1:43:22.606,6202606.0,,,+1:10.919,70919.0,,+5.085,5085.0,,1.0,False,15.0,15,19.0,19,9.0,2.0,False,False,False
1076,2022,19,11,11.0,11,31,esteban-ocon,alpine,renault,pirelli,False,56.0,1:43:24.562,6204562.0,,,+1:12.875,72875.0,,+1.956,1956.0,,,False,18.0,18,,PL,9.0,2.0,False,False,False
1076,2022,19,12,12.0,12,24,guanyu-zhou,alfa-romeo,ferrari,pirelli,False,56.0,1:43:27.851,6207851.0,,,+1:16.164,76164.0,,+3.289,3289.0,,,False,14.0,14,18.0,18,6.0,2.0,False,False,False
1076,2022,19,13,13.0,13,23,alexander-albon,williams,mercedes,pirelli,False,56.0,1:43:31.744,6211744.0,5.0,5000.0,+1:20.057,80057.0,,+3.893,3893.0,,,False,11.0,11,8.0,8,-5.0,2.0,False,False,False
1076,2022,19,14,14.0,14,10,pierre-gasly,alphatauri,rbpt,pirelli,False,56.0,1:43:33.450,6213450.0,10.0,10000.0,+1:21.763,81763.0,,+1.706,1706.0,,,False,13.0,13,11.0,11,-3.0,2.0,False,False,False
1076,2022,19,15,15.0,15,47,mick-schumacher,haas,ferrari,pirelli,False,56.0,1:43:36.177,6216177.0,5.0,5000.0,+1:24.490,84490.0,,+2.727,2727.0,,,False,19.0,19,16.0,16,1.0,2.0,False,False,False
1076,2022,19,16,16.0,16,3,daniel-ricciardo,mclaren,mercedes,pirelli,False,56.0,1:43:42.174,6222174.0,,,+1:30.487,90487.0,,+5.997,5997.0,,,False,17.0,17,15.0,15,-1.0,2.0,False,False,False
1076,2022,19,17,17.0,17,6,nicholas-latifi,williams,mercedes,pirelli,False,56.0,1:43:55.275,6235275.0,5.0,5000.0,+1:43.588,103588.0,,+13.101,13101.0,,,False,20.0,20,17.0,17,0.0,2.0,False,False,False
1076,2022,19,18,,DNF,18,lance-stroll,aston-martin,mercedes,pirelli,False,21.0,,,,,,,,,,Collision,,False,7.0,7,5.0,5,,1.0,False,False,False
1076,2022,19,19,,DNF,77,valtteri-bottas,alfa-romeo,ferrari,pirelli,False,16.0,,,,,,,,,,Spun off,,False,10.0,10,7.0,7,,1.0,False,False,False
1076,2022,19,20,,DNF,55,carlos-sainz-jr,ferrari,ferrari,pirelli,False,1.0,,,,,,,,,,Collision damage,,True,1.0,1,1.0,1,,0.0,False,False,False
1077,2022,20,1,1.0,1,1,max-verstappen,red-bull,rbpt,pirelli,False,71.0,1:38:36.729,5916729.0,,,,,,,,,25.0,True,1.0,1,1.0,1,0.0,1.0,False,False,False
1077,2022,20,2,2.0,2,44,lewis-hamilton,mercedes,mercedes,pirelli,False,71.0,1:38:51.915,5931915.0,,,+15.186,15186.0,,+15.186,15186.0,,18.0,False,3.0,3,3.0,3,1.0,1.0,False,False,False
1077,2022,20,3,3.0,3,11,sergio-perez,red-bull,rbpt,pirelli,False,71.0,1:38:54.826,5934826.0,,,+18.097,18097.0,,+2.911,2911.0,,15.0,False,4.0,4,4.0,4,1.0,1.0,False,False,False
1077,2022,20,4,4.0,4,63,george-russell,mercedes,mercedes,pirelli,False,71.0,1:39:26.160,5966160.0,,,+49.431,49431.0,,+31.334,31334.0,,13.0,False,2.0,2,2.0,2,-2.0,2.0,True,False,False
1077,2022,20,5,5.0,5,55,carlos-sainz-jr,ferrari,ferrari,pirelli,False,71.0,1:39:34.852,5974852.0,,,+58.123,58123.0,,+8.692,8692.0,,10.0,False,5.0,5,5.0,5,0.0,1.0,False,False,False
1077,2022,20,6,6.0,6,16,charles-leclerc,ferrari,ferrari,pirelli,False,71.0,1:39:45.503,5985503.0,,,+1:08.774,68774.0,,+10.651,10651.0,,8.0,False,7.0,7,7.0,7,1.0,1.0,False,False,False
1077,2022,20,7,7.0,7,3,daniel-ricciardo,mclaren,mercedes,pirelli,False,70.0,,,10.0,10000.0,+1 lap,,1.0,,,,6.0,False,11.0,11,11.0,11,4.0,1.0,False,True,False
1077,2022,20,8,8.0,8,31,esteban-ocon,alpine,renault,pirelli,False,70.0,,,,,+1 lap,,1.0,,,,4.0,False,10.0,10,10.0,10,2.0,1.0,False,False,False
1077,2022,20,9,9.0,9,4,lando-norris,mclaren,mercedes,pirelli,False,70.0,,,,,+1 lap,,1.0,,,,2.0,False,8.0,8,8.0,8,-1.0,1.0,False,False,False
1077,2022,20,10,10.0,10,77,valtteri-bottas,alfa-romeo,ferrari,pirelli,False,70.0,,,,,+1 lap,,1.0,,,,1.0,False,6.0,6,6.0,6,-4.0,1.0,False,False,False
1077,2022,20,11,11.0,11,10,pierre-gasly,alphatauri,rbpt,pirelli,False,70.0,,,,,+1 lap,,1.0,,,,,False,14.0,14,14.0,14,3.0,1.0,False,False,False
1077,2022,20,12,12.0,12,23,alexander-albon,williams,mercedes,pirelli,False,70.0,,,,,+1 lap,,1.0,,,,,False,19.0,19,17.0,17,5.0,1.0,False,False,False
1077,2022,20,13,13.0,13,24,guanyu-zhou,alfa-romeo,ferrari,pirelli,False,70.0,,,,,+1 lap,,1.0,,,,,False,12.0,12,12.0,12,-1.0,1.0,False,False,False
1077,2022,20,14,14.0,14,5,sebastian-vettel,aston-martin,mercedes,pirelli,False,70.0,,,,,+1 lap,,1.0,,,,,False,17.0,17,16.0,16,2.0,1.0,False,False,False
1077,2022,20,15,15.0,15,18,lance-stroll,aston-martin,mercedes,pirelli,False,70.0,,,,,+1 lap,,1.0,,,,,False,18.0,18,20.0,20,5.0,2.0,False,False,False
1077,2022,20,16,16.0,16,47,mick-schumacher,haas,ferrari,pirelli,False,70.0,,,,,+1 lap,,1.0,,,,,False,16.0,16,15.0,15,-1.0,1.0,False,False,False
1077,2022,20,17,17.0,17,20,kevin-magnussen,haas,ferrari,pirelli,False,70.0,,,,,+1 lap,,1.0,,,,,False,15.0,15,19.0,19,2.0,1.0,False,False,False
1077,2022,20,18,18.0,18,6,nicholas-latifi,williams,mercedes,pirelli,False,69.0,,,,,+2 laps,,2.0,,,,,False,20.0,20,18.0,18,0.0,2.0,False,False,False
1077,2022,20,19,19.0,19,14,fernando-alonso,alpine,renault,pirelli,False,63.0,,,,,,,,,,Engine,,False,9.0,9,9.0,9,-10.0,1.0,False,False,False
1077,2022,20,20,,DNF,22,yuki-tsunoda,alphatauri,rbpt,pirelli,False,50.0,,,,,,,,,,Collision damage,,False,13.0,13,13.0,13,,1.0,False,False,False
1078,2022,21,1,1.0,1,63,george-russell,mercedes,mercedes,pirelli,False,71.0,1:38:34.044,5914044.0,,,,,,,,,26.0,False,1.0,1,1.0,1,0.0,2.0,True,False,False
1078,2022,21,2,2.0,2,44,lewis-hamilton,mercedes,mercedes,pirelli,False,71.0,1:38:35.573,5915573.0,,,+1.529,1529.0,,+1.529,1529.0,,18.0,False,3.0,3,2.0,2,0.0,2.0,False,True,False
1078,2022,21,3,3.0,3,55,carlos-sainz-jr,ferrari,ferrari,pirelli,False,71.0,1:38:38.095,5918095.0,,,+4.051,4051.0,,+2.522,2522.0,,15.0,False,2.0,2,7.0,7,4.0,3.0,False,False,False
1078,2022,21,4,4.0,4,16,charles-leclerc,ferrari,ferrari,pirelli,False,71.0,1:38:42.485,5922485.0,,,+8.441,8441.0,,+4.390,4390.0,,12.0,False,6.0,6,5.0,5,1.0,3.0,False,False,False
1078,2022,21,5,5.0,5,14,fernando-alonso,alpine,renault,pirelli,False,71.0,1:38:43.605,5923605.0,,,+9.561,9561.0,,+1.120,1120.0,,10.0,False,18.0,18,17.0,17,12.0,3.0,False,False,False
1078,2022,21,6,6.0,6,1,max-verstappen,red-bull,rbpt,pirelli,False,71.0,1:38:44.100,5924100.0,,,+10.056,10056.0,,+0.495,495.0,,8.0,False,4.0,4,3.0,3,-3.0,3.0,False,False,False
1078,2022,21,7,7.0,7,11,sergio-perez,red-bull,rbpt,pirelli,False,71.0,1:38:48.124,5928124.0,,,+14.080,14080.0,,+4.024,4024.0,,6.0,False,5.0,5,4.0,4,-3.0,2.0,False,False,False
1078,2022,21,8,8.0,8,31,esteban-ocon,alpine,renault,pirelli,False,71.0,1:38:52.734,5932734.0,,,+18.690,18690.0,,+4.610,4610.0,,4.0,False,17.0,17,16.0,16,8.0,2.0,False,False,False
1078,2022,21,9,9.0,9,77,valtteri-bottas,alfa-romeo,ferrari,pirelli,False,71.0,1:38:56.596,5936596.0,,,+22.552,22552.0,,+3.862,3862.0,,2.0,False,14.0,14,14.0,14,5.0,2.0,False,False,False
1078,2022,21,10,10.0,10,18,lance-stroll,aston-martin,mercedes,pirelli,False,71.0,1:38:57.596,5937596.0,,,+23.552,23552.0,,+1.000,1000.0,,1.0,False,16.0,16,15.0,15,5.0,2.0,False,False,False
1078,2022,21,11,11.0,11,5,sebastian-vettel,aston-martin,mercedes,pirelli,False,71.0,1:39:00.227,5940227.0,,,+26.183,26183.0,,+2.631,2631.0,,,False,9.0,9,9.0,9,-2.0,2.0,False,False,False
1078,2022,21,12,12.0,12,24,guanyu-zhou,alfa-romeo,ferrari,pirelli,False,71.0,1:39:03.369,5943369.0,,,+29.325,29325.0,,+3.142,3142.0,,,False,13.0,13,13.0,13,1.0,2.0,False,False,False
1078,2022,21,13,13.0,13,47,mick-schumacher,haas,ferrari,pirelli,False,71.0,1:39:03.943,5943943.0,,,+29.899,29899.0,,+0.574,574.0,,,False,12.0,12,12.0,12,-1.0,2.0,False,False,False
1078,2022,21,14,14.0,14,10,pierre-gasly,alphatauri,rbpt,pirelli,False,71.0,1:39:05.911,5945911.0,5.0,5000.0,+31.867,31867.0,,+1.968,1968.0,,,False,10.0,10,10.0,10,-4.0,3.0,False,False,False
1078,2022,21,15,15.0,15,23,alexander-albon,williams,mercedes,pirelli,False,71.0,1:39:10.060,5950060.0,,,+36.016,36016.0,,+4.149,4149.0,,,False,,DNF,19.0,19,4.0,3.0,False,False,False
1078,2022,21,16,16.0,16,6,nicholas-latifi,williams,mercedes,pirelli,False,71.0,1:39:11.082,5951082.0,,,+37.038,37038.0,,+1.022,1022.0,,,False,19.0,19,18.0,18,2.0,3.0,False,False,False
1078,2022,21,17,17.0,17,22,yuki-tsunoda,alphatauri,rbpt,pirelli,False,70.0,,,,,+1 lap,,1.0,,,,,False,15.0,15,,PL,3.0,3.0,False,False,False
1078,2022,21,18,,DNF,4,lando-norris,mclaren,mercedes,pirelli,False,50.0,,,,,,,,,,Gearbox,,False,7.0,7,6.0,6,,2.0,False,False,False
1078,2022,21,19,,DNF,20,kevin-magnussen,haas,ferrari,pirelli,False,0.0,,,,,,,,,,Collision,,True,8.0,8,8.0,8,,0.0,False,False,False
1078,2022,21,20,,DNF,3,daniel-ricciardo,mclaren,mercedes,pirelli,False,0.0,,,,,,,,,,Collision,,False,11.0,11,11.0,11,,0.0,False,False,False
1079,2022,22,1,1.0,1,1,max-verstappen,red-bull,rbpt,pirelli,False,58.0,1:27:45.914,5265914.0,,,,,,,,,25.0,True,1.0,1,1.0,1,0.0,1.0,False,False,False
1079,2022,22,2,2.0,2,16,charles-leclerc,ferrari,ferrari,pirelli,False,58.0,1:27:54.685,5274685.0,,,+8.771,8771.0,,+8.771,8771.0,,18.0,False,3.0,3,3.0,3,1.0,1.0,False,False,False
1079,2022,22,3,3.0,3,11,sergio-perez,red-bull,rbpt,pirelli,False,58.0,1:27:56.007,5276007.0,,,+10.093,10093.0,,+1.322,1322.0,,15.0,False,2.0,2,2.0,2,-1.0,2.0,False,False,False
1079,2022,22,4,4.0,4,55,carlos-sainz-jr,ferrari,ferrari,pirelli,False,58.0,1:28:10.806,5290806.0,,,+24.892,24892.0,,+14.799,14799.0,,12.0,False,4.0,4,4.0,4,0.0,2.0,False,False,False
1079,2022,22,5,5.0,5,63,george-russell,mercedes,mercedes,pirelli,False,58.0,1:28:21.802,5301802.0,,,+35.888,35888.0,,+10.996,10996.0,,10.0,False,6.0,6,6.0,6,1.0,2.0,False,False,False
1079,2022,22,6,6.0,6,4,lando-norris,mclaren,mercedes,pirelli,False,58.0,1:28:42.148,5322148.0,,,+56.234,56234.0,,+20.346,20346.0,,9.0,False,7.0,7,7.0,7,1.0,2.0,True,False,False
1079,2022,22,7,7.0,7,31,esteban-ocon,alpine,renault,pirelli,False,58.0,1:28:43.154,5323154.0,,,+57.240,57240.0,,+1.006,1006.0,,6.0,False,8.0,8,8.0,8,1.0,2.0,False,False,False
1079,2022,22,8,8.0,8,18,lance-stroll,aston-martin,mercedes,pirelli,False,58.0,1:29:02.845,5342845.0,,,+1:16.931,76931.0,,+19.691,19691.0,,4.0,False,14.0,14,14.0,14,6.0,2.0,False,False,False
1079,2022,22,9,9.0,9,3,daniel-ricciardo,mclaren,mercedes,pirelli,False,58.0,1:29:09.182,5349182.0,,,+1:23.268,83268.0,,+6.337,6337.0,,2.0,False,10.0,10,13.0,13,4.0,1.0,False,False,False
1079,2022,22,10,10.0,10,5,sebastian-vettel,aston-martin,mercedes,pirelli,False,58.0,1:29:09.812,5349812.0,,,+1:23.898,83898.0,,+0.630,630.0,,1.0,False,9.0,9,9.0,9,-1.0,1.0,False,True,False
1079,2022,22,11,11.0,11,22,yuki-tsunoda,alphatauri,rbpt,pirelli,False,58.0,1:29:15.285,5355285.0,,,+1:29.371,89371.0,,+5.473,5473.0,,,False,12.0,12,11.0,11,0.0,2.0,False,False,False
1079,2022,22,12,12.0,12,24,guanyu-zhou,alfa-romeo,ferrari,pirelli,False,57.0,,,,,+1 lap,,1.0,,,,,False,15.0,15,15.0,15,3.0,2.0,False,False,False
1079,2022,22,13,13.0,13,23,alexander-albon,williams,mercedes,pirelli,False,57.0,,,,,+1 lap,,1.0,,,,,False,19.0,19,19.0,19,6.0,2.0,False,False,False
1079,2022,22,14,14.0,14,10,pierre-gasly,alphatauri,rbpt,pirelli,False,57.0,,,,,+1 lap,,1.0,,,,,False,17.0,17,17.0,17,3.0,1.0,False,False,False
1079,2022,22,15,15.0,15,77,valtteri-bottas,alfa-romeo,ferrari,pirelli,False,57.0,,,,,+1 lap,,1.0,,,,,False,18.0,18,18.0,18,3.0,1.0,False,False,False
1079,2022,22,16,16.0,16,47,mick-schumacher,haas,ferrari,pirelli,False,57.0,,,5.0,5000.0,+1 lap,,1.0,,,,,False,13.0,13,12.0,12,-4.0,2.0,False,False,False
1079,2022,22,17,17.0,17,20,kevin-magnussen,haas,ferrari,pirelli,False,57.0,,,,,+1 lap,,1.0,,,,,False,16.0,16,16.0,16,-1.0,1.0,False,False,False
1079,2022,22,18,18.0,18,44,lewis-hamilton,mercedes,mercedes,pirelli,False,55.0,,,,,,,,,,Gearbox,,False,5.0,5,5.0,5,-13.0,1.0,False,False,False
1079,2022,22,19,19.0,19,6,nicholas-latifi,williams,mercedes,pirelli,False,55.0,,,,,,,,,,Collision damage,,False,20.0,20,20.0,20,1.0,2.0,False,False,False
1079,2022,22,20,,DNF,14,fernando-alonso,alpine,renault,pirelli,False,27.0,,,,,,,,,,Water leak,,False,11.0,11,10.0,10,,1.0,False,False,False
1080,2023,1,1,1.0,1,1,max-verstappen,red-bull,honda-rbpt,pirelli,False,57.0,1:33:56.736,5636736.0,,,,,,,,,25.0,True,1.0,1,1.0,1,0.0,2.0,False,False,False
1080,2023,1,2,2.0,2,11,sergio-perez,red-bull,honda-rbpt,pirelli,False,57.0,1:34:08.723,5648723.0,,,+11.987,11987.0,,+11.987,11987.0,,18.0,False,2.0,2,2.0,2,0.0,2.0,False,False,False
1080,2023,1,3,3.0,3,14,fernando-alonso,aston-martin,mercedes,pirelli,False,57.0,1:34:35.373,5675373.0,,,+38.637,38637.0,,+26.650,26650.0,,15.0,False,5.0,5,5.0,5,2.0,2.0,False,True,False
1080,2023,1,4,4.0,4,55,carlos-sainz-jr,ferrari,ferrari,pirelli,False,57.0,1:34:44.788,5684788.0,,,+48.052,48052.0,,+9.415,9415.0,,12.0,False,4.0,4,4.0,4,0.0,2.0,False,False,False
1080,2023,1,5,5.0,5,44,lewis-hamilton,mercedes,mercedes,pirelli,False,57.0,1:34:47.713,5687713.0,,,+50.977,50977.0,,+2.925,2925.0,,10.0,False,7.0,7,7.0,7,2.0,2.0,False,False,False
1080,2023,1,6,6.0,6,18,lance-stroll,aston-martin,mercedes,pirelli,False,57.0,1:34:51.238,5691238.0,,,+54.502,54502.0,,+3.525,3525.0,,8.0,False,8.0,8,8.0,8,2.0,2.0,False,False,False
1080,2023,1,7,7.0,7,63,george-russell,mercedes,mercedes,pirelli,False,57.0,1:34:52.609,5692609.0,,,+55.873,55873.0,,+1.371,1371.0,,6.0,False,6.0,6,6.0,6,-1.0,2.0,False,False,False
1080,2023,1,8,8.0,8,77,valtteri-bottas,alfa-romeo,ferrari,pirelli,False,57.0,1:35:09.383,5709383.0,,,+1:12.647,72647.0,,+16.774,16774.0,,4.0,False,12.0,12,12.0,12,4.0,2.0,False,False,False
1080,2023,1,9,9.0,9,10,pierre-gasly,alpine,renault,pirelli,False,57.0,1:35:10.489,5710489.0,,,+1:13.753,73753.0,,+1.106,1106.0,,2.0,False,20.0,20,20.0,20,11.0,3.0,False,False,False
1080,2023,1,10,10.0,10,23,alexander-albon,williams,mercedes,pirelli,False,57.0,1:35:26.510,5726510.0,,,+1:29.774,89774.0,,+16.021,16021.0,,1.0,False,15.0,15,15.0,15,5.0,3.0,False,False,False
1080,2023,1,11,11.0,11,22,yuki-tsunoda,alphatauri,honda-rbpt,pirelli,False,57.0,1:35:27.606,5727606.0,,,+1:30.870,90870.0,,+1.096,1096.0,,,False,14.0,14,14.0,14,3.0,3.0,False,False,False
1080,2023,1,12,12.0,12,2,logan-sargeant,williams,mercedes,pirelli,False,56.0,,,,,+1 lap,,1.0,,,,,False,16.0,16,16.0,16,4.0,3.0,False,False,False
1080,2023,1,13,13.0,13,20,kevin-magnussen,haas,ferrari,pirelli,False,56.0,,,,,+1 lap,,1.0,,,,,False,17.0,17,17.0,17,4.0,3.0,False,False,False
1080,2023,1,14,14.0,14,21,nyck-de-vries,alphatauri,honda-rbpt,pirelli,False,56.0,,,,,+1 lap,,1.0,,,,,False,19.0,19,19.0,19,5.0,2.0,False,False,False
1080,2023,1,15,15.0,15,27,nico-hulkenberg,haas,ferrari,pirelli,False,56.0,,,15.0,15000.0,+1 lap,,1.0,,,,,False,10.0,10,10.0,10,-5.0,3.0,False,False,False
1080,2023,1,16,16.0,16,24,guanyu-zhou,alfa-romeo,ferrari,pirelli,False,56.0,,,,,+1 lap,,1.0,,,,,False,13.0,13,13.0,13,-3.0,3.0,True,False,False
1080,2023,1,17,17.0,17,4,lando-norris,mclaren,mercedes,pirelli,False,55.0,,,,,+2 laps,,2.0,,,,,False,11.0,11,11.0,11,-6.0,6.0,False,False,False
1080,2023,1,18,,DNF,31,esteban-ocon,alpine,renault,pirelli,False,41.0,,,,,,,,,,Withdrew,,False,9.0,9,9.0,9,,3.0,False,False,False
1080,2023,1,19,,DNF,16,charles-leclerc,ferrari,ferrari,pirelli,False,39.0,,,,,,,,,,Engine,,False,3.0,3,3.0,3,,2.0,False,False,False
1080,2023,1,20,,DNF,81,oscar-piastri,mclaren,mercedes,pirelli,False,13.0,,,,,,,,,,Electrical,,False,18.0,18,18.0,18,,0.0,False,False,False
1081,2023,2,1,1.0,1,11,sergio-perez,red-bull,honda-rbpt,pirelli,False,50.0,1:21:14.894,4874894.0,,,,,,,,,25.0,True,1.0,1,1.0,1,0.0,1.0,False,False,False
1081,2023,2,2,2.0,2,1,max-verstappen,red-bull,honda-rbpt,pirelli,False,50.0,1:21:20.249,4880249.0,,,+5.355,5355.0,,+5.355,5355.0,,19.0,False,15.0,15,15.0,15,13.0,1.0,True,True,False
1081,2023,2,3,3.0,3,14,fernando-alonso,aston-martin,mercedes,pirelli,False,50.0,1:21:35.622,4895622.0,,,+20.728,20728.0,,+15.373,15373.0,,15.0,False,3.0,3,2.0,2,-1.0,1.0,False,False,False
1081,2023,2,4,4.0,4,63,george-russell,mercedes,mercedes,pirelli,False,50.0,1:21:40.760,4900760.0,,,+25.866,25866.0,,+5.138,5138.0,,12.0,False,4.0,4,3.0,3,-1.0,1.0,False,False,False
1081,2023,2,5,5.0,5,44,lewis-hamilton,mercedes,mercedes,pirelli,False,50.0,1:21:45.959,4905959.0,,,+31.065,31065.0,,+5.199,5199.0,,10.0,False,8.0,8,7.0,7,2.0,1.0,False,False,False
1081,2023,2,6,6.0,6,55,carlos-sainz-jr,ferrari,ferrari,pirelli,False,50.0,1:21:50.770,4910770.0,,,+35.876,35876.0,,+4.811,4811.0,,8.0,False,5.0,5,4.0,4,-2.0,1.0,False,False,False
1081,2023,2,7,7.0,7,16,charles-leclerc,ferrari,ferrari,pirelli,False,50.0,1:21:58.056,4918056.0,,,+43.162,43162.0,,+7.286,7286.0,,6.0,False,2.0,2,12.0,12,5.0,1.0,False,False,False
1081,2023,2,8,8.0,8,31,esteban-ocon,alpine,renault,pirelli,False,50.0,1:22:07.726,4927726.0,,,+52.832,52832.0,,+9.670,9670.0,,4.0,False,7.0,7,6.0,6,-2.0,1.0,False,False,False
1081,2023,2,9,9.0,9,10,pierre-gasly,alpine,renault,pirelli,False,50.0,1:22:09.641,4929641.0,,,+54.747,54747.0,,+1.915,1915.0,,2.0,False,10.0,10,9.0,9,0.0,1.0,False,False,False
1081,2023,2,10,10.0,10,20,kevin-magnussen,haas,ferrari,pirelli,False,50.0,1:22:19.720,4939720.0,,,+1:04.826,64826.0,,+10.079,10079.0,,1.0,False,13.0,13,13.0,13,3.0,1.0,False,False,False
1081,2023,2,11,11.0,11,22,yuki-tsunoda,alphatauri,honda-rbpt,pirelli,False,50.0,1:22:22.388,4942388.0,,,+1:07.494,67494.0,,+2.668,2668.0,,,False,16.0,16,16.0,16,5.0,1.0,False,False,False
1081,2023,2,12,12.0,12,27,nico-hulkenberg,haas,ferrari,pirelli,False,50.0,1:22:25.482,4945482.0,,,+1:10.588,70588.0,,+3.094,3094.0,,,False,11.0,11,10.0,10,-2.0,1.0,False,False,False
1081,2023,2,13,13.0,13,24,guanyu-zhou,alfa-romeo,ferrari,pirelli,False,50.0,1:22:30.954,4950954.0,,,+1:16.060,76060.0,,+5.472,5472.0,,,False,12.0,12,11.0,11,-2.0,2.0,False,False,False
1081,2023,2,14,14.0,14,21,nyck-de-vries,alphatauri,honda-rbpt,pirelli,False,50.0,1:22:32.372,4952372.0,,,+1:17.478,77478.0,,+1.418,1418.0,,,False,18.0,18,18.0,18,4.0,1.0,False,False,False
1081,2023,2,15,15.0,15,81,oscar-piastri,mclaren,mercedes,pirelli,False,50.0,1:22:39.915,4959915.0,,,+1:25.021,85021.0,,+7.543,7543.0,,,False,9.0,9,8.0,8,-7.0,1.0,False,False,False
1081,2023,2,16,16.0,16,2,logan-sargeant,williams,mercedes,pirelli,False,50.0,1:22:41.187,4961187.0,,,+1:26.293,86293.0,,+1.272,1272.0,,,False,,NC,20.0,20,4.0,1.0,False,False,False
1081,2023,2,17,17.0,17,4,lando-norris,mclaren,mercedes,pirelli,False,50.0,1:22:41.339,4961339.0,,,+1:26.445,86445.0,,+0.152,152.0,,,False,19.0,19,19.0,19,2.0,2.0,False,False,False
1081,2023,2,18,18.0,18,77,valtteri-bottas,alfa-romeo,ferrari,pirelli,False,49.0,,,,,+1 lap,,1.0,,,,,False,14.0,14,14.0,14,-4.0,3.0,False,False,False
1081,2023,2,19,,DNF,23,alexander-albon,williams,mercedes,pirelli,False,27.0,,,,,,,,,,Brakes,,False,17.0,17,17.0,17,,1.0,False,False,False
1081,2023,2,20,,DNF,18,lance-stroll,aston-martin,mercedes,pirelli,False,16.0,,,,,,,,,,Engine,,False,6.0,6,5.0,5,,1.0,False,False,False
1082,2023,3,1,1.0,1,1,max-verstappen,red-bull,honda-rbpt,pirelli,False,58.0,2:32:38.371,9158371.0,,,,,,,,,25.0,True,1.0,1,1.0,1,0.0,3.0,False,False,False
1082,2023,3,2,2.0,2,44,lewis-hamilton,mercedes,mercedes,pirelli,False,58.0,2:32:38.550,9158550.0,,,+0.179,179.0,,+0.179,179.0,,18.0,False,3.0,3,3.0,3,1.0,3.0,False,False,False
1082,2023,3,3,3.0,3,14,fernando-alonso,aston-martin,mercedes,pirelli,False,58.0,2:32:39.140,9159140.0,,,+0.769,769.0,,+0.590,590.0,,15.0,False,4.0,4,4.0,4,1.0,3.0,False,False,False
1082,2023,3,4,4.0,4,18,lance-stroll,aston-martin,mercedes,pirelli,False,58.0,2:32:41.453,9161453.0,,,+3.082,3082.0,,+2.313,2313.0,,12.0,False,6.0,6,6.0,6,2.0,3.0,False,False,False
1082,2023,3,5,5.0,5,11,sergio-perez,red-bull,honda-rbpt,pirelli,False,58.0,2:32:41.691,9161691.0,,,+3.320,3320.0,,+0.238,238.0,,11.0,False,,NC,,PL,14.0,5.0,True,True,False
1082,2023,3,6,6.0,6,4,lando-norris,mclaren,mercedes,pirelli,False,58.0,2:32:42.072,9162072.0,,,+3.701,3701.0,,+0.381,381.0,,8.0,False,13.0,13,13.0,13,7.0,3.0,False,False,False
1082,2023,3,7,7.0,7,27,nico-hulkenberg,haas,ferrari,pirelli,False,58.0,2:32:43.310,9163310.0,,,+4.939,4939.0,,+1.238,1238.0,,6.0,False,10.0,10,10.0,10,3.0,3.0,False,False,False
1082,2023,3,8,8.0,8,81,oscar-piastri,mclaren,mercedes,pirelli,False,58.0,2:32:43.753,9163753.0,,,+5.382,5382.0,,+0.443,443.0,,4.0,False,16.0,16,16.0,16,8.0,4.0,False,False,False
1082,2023,3,9,9.0,9,24,guanyu-zhou,alfa-romeo,ferrari,pirelli,False,58.0,2:32:44.084,9164084.0,,,+5.713,5713.0,,+0.331,331.0,,2.0,False,17.0,17,17.0,17,8.0,5.0,False,False,False
1082,2023,3,10,10.0,10,22,yuki-tsunoda,alphatauri,honda-rbpt,pirelli,False,58.0,2:32:44.423,9164423.0,,,+6.052,6052.0,,+0.339,339.0,,1.0,False,12.0,12,12.0,12,2.0,4.0,False,False,False
1082,2023,3,11,11.0,11,77,valtteri-bottas,alfa-romeo,ferrari,pirelli,False,58.0,2:32:44.884,9164884.0,,,+6.513,6513.0,,+0.461,461.0,,,False,19.0,19,,PL,9.0,6.0,False,False,False
1082,2023,3,12,12.0,12,55,carlos-sainz-jr,ferrari,ferrari,pirelli,False,58.0,2:32:44.965,9164965.0,5.0,5000.0,+6.594,6594.0,,+0.081,81.0,,,False,5.0,5,5.0,5,-7.0,4.0,False,False,False
1082,2023,3,13,13.0,13,10,pierre-gasly,alpine,renault,pirelli,False,56.0,,,,,,,,,,Collision,,False,9.0,9,9.0,9,-4.0,2.0,False,False,False
1082,2023,3,14,14.0,14,31,esteban-ocon,alpine,renault,pirelli,False,56.0,,,,,,,,,,Collision,,False,11.0,11,11.0,11,-3.0,3.0,False,False,False
1082,2023,3,15,15.0,15,21,nyck-de-vries,alphatauri,honda-rbpt,pirelli,False,56.0,,,,,,,,,,Collision,,False,15.0,15,15.0,15,0.0,4.0,False,False,False
1082,2023,3,16,16.0,16,2,logan-sargeant,williams,mercedes,pirelli,False,56.0,,,,,,,,,,Collision,,False,18.0,18,18.0,18,2.0,6.0,False,False,False
1082,2023,3,17,17.0,17,20,kevin-magnussen,haas,ferrari,pirelli,False,52.0,,,,,,,,,,Accident,,False,14.0,14,14.0,14,-3.0,2.0,False,False,False
1082,2023,3,18,,DNF,63,george-russell,mercedes,mercedes,pirelli,False,17.0,,,,,,,,,,Engine,,False,2.0,2,2.0,2,,2.0,False,False,False
1082,2023,3,19,,DNF,23,alexander-albon,williams,mercedes,pirelli,False,6.0,,,,,,,,,,Accident,,False,8.0,8,8.0,8,,0.0,False,False,False
1082,2023,3,20,,DNF,16,charles-leclerc,ferrari,ferrari,pirelli,False,0.0,,,,,,,,,,Collision,,False,7.0,7,7.0,7,,0.0,False,False,False
1083,2023,4,1,1.0,1,11,sergio-perez,red-bull,honda-rbpt,pirelli,False,51.0,1:32:42.436,5562436.0,,,,,,,,,25.0,False,3.0,3,3.0,3,2.0,1.0,False,True,False
1083,2023,4,2,2.0,2,1,max-verstappen,red-bull,honda-rbpt,pirelli,False,51.0,1:32:44.573,5564573.0,,,+2.137,2137.0,,+2.137,2137.0,,18.0,False,2.0,2,2.0,2,0.0,1.0,False,False,False
1083,2023,4,3,3.0,3,16,charles-leclerc,ferrari,ferrari,pirelli,False,51.0,1:33:03.653,5583653.0,,,+21.217,21217.0,,+19.080,19080.0,,15.0,True,1.0,1,1.0,1,-2.0,1.0,False,False,False
1083,2023,4,4,4.0,4,14,fernando-alonso,aston-martin,mercedes,pirelli,False,51.0,1:33:04.460,5584460.0,,,+22.024,22024.0,,+0.807,807.0,,12.0,False,6.0,6,6.0,6,2.0,1.0,False,False,False
1083,2023,4,5,5.0,5,55,carlos-sainz-jr,ferrari,ferrari,pirelli,False,51.0,1:33:27.927,5607927.0,,,+45.491,45491.0,,+23.467,23467.0,,10.0,False,4.0,4,4.0,4,-1.0,1.0,False,False,False
1083,2023,4,6,6.0,6,44,lewis-hamilton,mercedes,mercedes,pirelli,False,51.0,1:33:28.581,5608581.0,,,+46.145,46145.0,,+0.654,654.0,,8.0,False,5.0,5,5.0,5,-1.0,1.0,False,False,False
1083,2023,4,7,7.0,7,18,lance-stroll,aston-martin,mercedes,pirelli,False,51.0,1:33:34.053,5614053.0,,,+51.617,51617.0,,+5.472,5472.0,,6.0,False,9.0,9,9.0,9,2.0,1.0,False,False,False
1083,2023,4,8,8.0,8,63,george-russell,mercedes,mercedes,pirelli,False,51.0,1:33:56.676,5636676.0,,,+1:14.240,74240.0,,+22.623,22623.0,,5.0,False,11.0,11,11.0,11,3.0,2.0,True,False,False
1083,2023,4,9,9.0,9,4,lando-norris,mclaren,mercedes,pirelli,False,51.0,1:34:02.812,5642812.0,,,+1:20.376,80376.0,,+6.136,6136.0,,2.0,False,7.0,7,7.0,7,-2.0,1.0,False,False,False
1083,2023,4,10,10.0,10,22,yuki-tsunoda,alphatauri,honda-rbpt,pirelli,False,51.0,1:34:06.298,5646298.0,,,+1:23.862,83862.0,,+3.486,3486.0,,1.0,False,8.0,8,8.0,8,-2.0,1.0,False,False,False
1083,2023,4,11,11.0,11,81,oscar-piastri,mclaren,mercedes,pirelli,False,51.0,1:34:08.937,5648937.0,,,+1:26.501,86501.0,,+2.639,2639.0,,,False,10.0,10,10.0,10,-1.0,1.0,False,False,False
1083,2023,4,12,12.0,12,23,alexander-albon,williams,mercedes,pirelli,False,51.0,1:34:11.059,5651059.0,,,+1:28.623,88623.0,,+2.122,2122.0,,,False,13.0,13,12.0,12,0.0,1.0,False,False,False
1083,2023,4,13,13.0,13,20,kevin-magnussen,haas,ferrari,pirelli,False,51.0,1:34:12.165,5652165.0,,,+1:29.729,89729.0,,+1.106,1106.0,,,False,18.0,18,16.0,16,3.0,1.0,False,False,False
1083,2023,4,14,14.0,14,10,pierre-gasly,alpine,renault,pirelli,False,51.0,1:34:13.768,5653768.0,,,+1:31.332,91332.0,,+1.603,1603.0,,,False,19.0,19,17.0,17,3.0,2.0,False,False,False
1083,2023,4,15,15.0,15,31,esteban-ocon,alpine,renault,pirelli,False,51.0,1:34:20.230,5660230.0,,,+1:37.794,97794.0,,+6.462,6462.0,,,False,12.0,12,,PL,4.0,1.0,False,False,False
1083,2023,4,16,16.0,16,2,logan-sargeant,williams,mercedes,pirelli,False,51.0,1:34:23.379,5663379.0,,,+1:40.943,100943.0,,+3.149,3149.0,,,False,15.0,15,14.0,14,-2.0,1.0,False,False,False
1083,2023,4,17,17.0,17,27,nico-hulkenberg,haas,ferrari,pirelli,False,50.0,,,,,+1 lap,,1.0,,,,,False,17.0,17,,PL,3.0,1.0,False,False,False
1083,2023,4,18,18.0,18,77,valtteri-bottas,alfa-romeo,ferrari,pirelli,False,50.0,,,,,+1 lap,,1.0,,,,,False,14.0,14,13.0,13,-5.0,3.0,False,False,False
1083,2023,4,19,,DNF,24,guanyu-zhou,alfa-romeo,ferrari,pirelli,False,36.0,,,,,,,,,,Overheating,,False,16.0,16,15.0,15,,1.0,False,False,False
1083,2023,4,20,,DNF,21,nyck-de-vries,alphatauri,honda-rbpt,pirelli,False,9.0,,,,,,,,,,Accident,,False,,NC,18.0,18,,0.0,False,False,False
1084,2023,5,1,1.0,1,1,max-verstappen,red-bull,honda-rbpt,pirelli,False,57.0,1:27:38.241,5258241.0,,,,,,,,,26.0,False,9.0,9,9.0,9,8.0,1.0,True,True,False
1084,2023,5,2,2.0,2,11,sergio-perez,red-bull,honda-rbpt,pirelli,False,57.0,1:27:43.625,5263625.0,,,+5.384,5384.0,,+5.384,5384.0,,18.0,True,1.0,1,1.0,1,-1.0,1.0,False,False,False
1084,2023,5,3,3.0,3,14,fernando-alonso,aston-martin,mercedes,pirelli,False,57.0,1:28:04.546,5284546.0,,,+26.305,26305.0,,+20.921,20921.0,,15.0,False,2.0,2,2.0,2,-1.0,1.0,False,False,False
1084,2023,5,4,4.0,4,63,george-russell,mercedes,mercedes,pirelli,False,57.0,1:28:11.470,5291470.0,,,+33.229,33229.0,,+6.924,6924.0,,12.0,False,6.0,6,6.0,6,2.0,1.0,False,False,False
1084,2023,5,5,5.0,5,55,carlos-sainz-jr,ferrari,ferrari,pirelli,False,57.0,1:28:20.752,5300752.0,5.0,5000.0,+42.511,42511.0,,+9.282,9282.0,,10.0,False,3.0,3,3.0,3,-2.0,1.0,False,False,False
1084,2023,5,6,6.0,6,44,lewis-hamilton,mercedes,mercedes,pirelli,False,57.0,1:28:29.490,5309490.0,,,+51.249,51249.0,,+8.738,8738.0,,8.0,False,13.0,13,13.0,13,7.0,1.0,False,False,False
1084,2023,5,7,7.0,7,16,charles-leclerc,ferrari,ferrari,pirelli,False,57.0,1:28:31.229,5311229.0,,,+52.988,52988.0,,+1.739,1739.0,,6.0,False,7.0,7,7.0,7,0.0,1.0,False,False,False
1084,2023,5,8,8.0,8,10,pierre-gasly,alpine,renault,pirelli,False,57.0,1:28:33.911,5313911.0,,,+55.670,55670.0,,+2.682,2682.0,,4.0,False,5.0,5,5.0,5,-3.0,1.0,False,False,False
1084,2023,5,9,9.0,9,31,esteban-ocon,alpine,renault,pirelli,False,57.0,1:28:36.364,5316364.0,,,+58.123,58123.0,,+2.453,2453.0,,2.0,False,8.0,8,8.0,8,-1.0,1.0,False,False,False
1084,2023,5,10,10.0,10,20,kevin-magnussen,haas,ferrari,pirelli,False,57.0,1:28:41.186,5321186.0,,,+1:02.945,62945.0,,+4.822,4822.0,,1.0,False,4.0,4,4.0,4,-6.0,1.0,False,False,False
1084,2023,5,11,11.0,11,22,yuki-tsunoda,alphatauri,honda-rbpt,pirelli,False,57.0,1:28:42.550,5322550.0,,,+1:04.309,64309.0,,+1.364,1364.0,,,False,17.0,17,17.0,17,6.0,1.0,False,False,False
1084,2023,5,12,12.0,12,18,lance-stroll,aston-martin,mercedes,pirelli,False,57.0,1:28:42.995,5322995.0,,,+1:04.754,64754.0,,+0.445,445.0,,,False,18.0,18,18.0,18,6.0,1.0,False,False,False
1084,2023,5,13,13.0,13,77,valtteri-bottas,alfa-romeo,ferrari,pirelli,False,57.0,1:28:49.878,5329878.0,,,+1:11.637,71637.0,,+6.883,6883.0,,,False,10.0,10,10.0,10,-3.0,1.0,False,False,False
1084,2023,5,14,14.0,14,23,alexander-albon,williams,mercedes,pirelli,False,57.0,1:28:51.102,5331102.0,,,+1:12.861,72861.0,,+1.224,1224.0,,,False,11.0,11,11.0,11,-3.0,1.0,False,False,False
1084,2023,5,15,15.0,15,27,nico-hulkenberg,haas,ferrari,pirelli,False,57.0,1:28:53.191,5333191.0,,,+1:14.950,74950.0,,+2.089,2089.0,,,False,12.0,12,12.0,12,-3.0,1.0,False,False,False
1084,2023,5,16,16.0,16,24,guanyu-zhou,alfa-romeo,ferrari,pirelli,False,57.0,1:28:56.681,5336681.0,,,+1:18.440,78440.0,,+3.490,3490.0,,,False,14.0,14,14.0,14,-2.0,1.0,False,False,False
1084,2023,5,17,17.0,17,4,lando-norris,mclaren,mercedes,pirelli,False,57.0,1:29:05.958,5345958.0,,,+1:27.717,87717.0,,+9.277,9277.0,,,False,16.0,16,16.0,16,-1.0,1.0,False,False,False
1084,2023,5,18,18.0,18,21,nyck-de-vries,alphatauri,honda-rbpt,pirelli,False,57.0,1:29:07.190,5347190.0,,,+1:28.949,88949.0,,+1.232,1232.0,,,False,15.0,15,15.0,15,-3.0,1.0,False,False,False
1084,2023,5,19,19.0,19,81,oscar-piastri,mclaren,mercedes,pirelli,False,56.0,,,,,+1 lap,,1.0,,,,,False,19.0,19,19.0,19,0.0,1.0,False,False,False
1084,2023,5,20,20.0,20,2,logan-sargeant,williams,mercedes,pirelli,False,56.0,,,,,+1 lap,,1.0,,,,,False,20.0,20,20.0,20,0.0,1.0,False,False,False
1085,2023,6,1,1.0,1,1,max-verstappen,red-bull,honda-rbpt,pirelli,False,78.0,1:48:51.980,6531980.0,,,,,,,,,25.0,True,1.0,1,1.0,1,0.0,1.0,False,False,False
1085,2023,6,2,2.0,2,14,fernando-alonso,aston-martin,mercedes,pirelli,False,78.0,1:49:19.901,6559901.0,,,+27.921,27921.0,,+27.921,27921.0,,18.0,False,2.0,2,2.0,2,0.0,2.0,False,False,False
1085,2023,6,3,3.0,3,31,esteban-ocon,alpine,renault,pirelli,False,78.0,1:49:28.970,6568970.0,,,+36.990,36990.0,,+9.069,9069.0,,15.0,False,4.0,4,3.0,3,0.0,2.0,False,True,False
1085,2023,6,4,4.0,4,44,lewis-hamilton,mercedes,mercedes,pirelli,False,78.0,1:49:31.042,6571042.0,,,+39.062,39062.0,,+2.072,2072.0,,13.0,False,6.0,6,5.0,5,1.0,2.0,True,False,False
1085,2023,6,5,5.0,5,63,george-russell,mercedes,mercedes,pirelli,False,78.0,1:49:48.264,6588264.0,5.0,5000.0,+56.284,56284.0,,+17.222,17222.0,,10.0,False,8.0,8,8.0,8,3.0,1.0,False,False,False
1085,2023,6,6,6.0,6,16,charles-leclerc,ferrari,ferrari,pirelli,False,78.0,1:49:53.870,6593870.0,,,+1:01.890,61890.0,,+5.606,5606.0,,8.0,False,3.0,3,6.0,6,0.0,2.0,False,False,False
1085,2023,6,7,7.0,7,10,pierre-gasly,alpine,renault,pirelli,False,78.0,1:49:54.342,6594342.0,,,+1:02.362,62362.0,,+0.472,472.0,,6.0,False,7.0,7,7.0,7,0.0,2.0,False,False,False
1085,2023,6,8,8.0,8,55,carlos-sainz-jr,ferrari,ferrari,pirelli,False,78.0,1:49:55.371,6595371.0,,,+1:03.391,63391.0,,+1.029,1029.0,,4.0,False,5.0,5,4.0,4,-4.0,2.0,False,False,False
1085,2023,6,9,9.0,9,4,lando-norris,mclaren,mercedes,pirelli,False,77.0,,,,,+1 lap,,1.0,,,,2.0,False,10.0,10,10.0,10,1.0,2.0,False,False,False
1085,2023,6,10,10.0,10,81,oscar-piastri,mclaren,mercedes,pirelli,False,77.0,,,,,+1 lap,,1.0,,,,1.0,False,11.0,11,11.0,11,1.0,1.0,False,False,False
1085,2023,6,11,11.0,11,77,valtteri-bottas,alfa-romeo,ferrari,pirelli,False,77.0,,,,,+1 lap,,1.0,,,,,False,15.0,15,15.0,15,4.0,1.0,False,False,False
1085,2023,6,12,12.0,12,21,nyck-de-vries,alphatauri,honda-rbpt,pirelli,False,77.0,,,,,+1 lap,,1.0,,,,,False,12.0,12,12.0,12,0.0,1.0,False,False,False
1085,2023,6,13,13.0,13,24,guanyu-zhou,alfa-romeo,ferrari,pirelli,False,77.0,,,,,+1 lap,,1.0,,,,,False,19.0,19,19.0,19,6.0,2.0,False,False,False
1085,2023,6,14,14.0,14,23,alexander-albon,williams,mercedes,pirelli,False,77.0,,,,,+1 lap,,1.0,,,,,False,13.0,13,13.0,13,-1.0,2.0,False,False,False
1085,2023,6,15,15.0,15,22,yuki-tsunoda,alphatauri,honda-rbpt,pirelli,False,76.0,,,,,+2 laps,,2.0,,,,,False,9.0,9,9.0,9,-6.0,1.0,False,False,False
1085,2023,6,16,16.0,16,11,sergio-perez,red-bull,honda-rbpt,pirelli,False,76.0,,,,,+2 laps,,2.0,,,,,False,20.0,20,20.0,20,4.0,5.0,False,False,False
1085,2023,6,17,17.0,17,27,nico-hulkenberg,haas,ferrari,pirelli,False,76.0,,,10.0,10000.0,+2 laps,,2.0,,,,,False,18.0,18,18.0,18,1.0,3.0,False,False,False
1085,2023,6,18,18.0,18,2,logan-sargeant,williams,mercedes,pirelli,False,76.0,,,5.0,5000.0,+2 laps,,2.0,,,,,False,16.0,16,16.0,16,-2.0,3.0,False,False,False
1085,2023,6,19,19.0,19,20,kevin-magnussen,haas,ferrari,pirelli,False,70.0,,,,,,,,,,Accident damage,,False,17.0,17,17.0,17,-2.0,1.0,False,False,False
1085,2023,6,20,,DNF,18,lance-stroll,aston-martin,mercedes,pirelli,False,53.0,,,,,,,,,,Accident damage,,False,14.0,14,14.0,14,,1.0,False,False,False
1086,2023,7,1,1.0,1,1,max-verstappen,red-bull,honda-rbpt,pirelli,False,66.0,1:27:57.940,5277940.0,,,,,,,,,26.0,True,1.0,1,1.0,1,0.0,2.0,True,False,True
1086,2023,7,2,2.0,2,44,lewis-hamilton,mercedes,mercedes,pirelli,False,66.0,1:28:22.030,5302030.0,,,+24.090,24090.0,,+24.090,24090.0,,18.0,False,5.0,5,4.0,4,2.0,2.0,False,True,False
1086,2023,7,3,3.0,3,63,george-russell,mercedes,mercedes,pirelli,False,66.0,1:28:30.329,5310329.0,,,+32.389,32389.0,,+8.299,8299.0,,15.0,False,12.0,12,12.0,12,9.0,2.0,False,False,False
1086,2023,7,4,4.0,4,11,sergio-perez,red-bull,honda-rbpt,pirelli,False,66.0,1:28:33.752,5313752.0,,,+35.812,35812.0,,+3.423,3423.0,,12.0,False,11.0,11,11.0,11,7.0,2.0,False,False,False
1086,2023,7,5,5.0,5,55,carlos-sainz-jr,ferrari,ferrari,pirelli,False,66.0,1:28:43.638,5323638.0,,,+45.698,45698.0,,+9.886,9886.0,,10.0,False,2.0,2,2.0,2,-3.0,2.0,False,False,False
1086,2023,7,6,6.0,6,18,lance-stroll,aston-martin,mercedes,pirelli,False,66.0,1:29:01.260,5341260.0,,,+1:03.320,63320.0,,+17.622,17622.0,,8.0,False,6.0,6,5.0,5,-1.0,2.0,False,False,False
1086,2023,7,7,7.0,7,14,fernando-alonso,aston-martin,mercedes,pirelli,False,66.0,1:29:02.067,5342067.0,,,+1:04.127,64127.0,,+0.807,807.0,,6.0,False,9.0,9,8.0,8,1.0,2.0,False,False,False
1086,2023,7,8,8.0,8,31,esteban-ocon,alpine,renault,pirelli,False,66.0,1:29:07.182,5347182.0,,,+1:09.242,69242.0,,+5.115,5115.0,,4.0,False,7.0,7,6.0,6,-2.0,2.0,False,False,False
1086,2023,7,9,9.0,9,24,guanyu-zhou,alfa-romeo,ferrari,pirelli,False,66.0,1:29:09.818,5349818.0,,,+1:11.878,71878.0,,+2.636,2636.0,,2.0,False,13.0,13,13.0,13,4.0,2.0,False,False,False
1086,2023,7,10,10.0,10,10,pierre-gasly,alpine,renault,pirelli,False,66.0,1:29:11.470,5351470.0,,,+1:13.530,73530.0,,+1.652,1652.0,,1.0,False,4.0,4,10.0,10,0.0,2.0,False,False,False
1086,2023,7,11,11.0,11,16,charles-leclerc,ferrari,ferrari,pirelli,False,66.0,1:29:12.359,5352359.0,,,+1:14.419,74419.0,,+0.889,889.0,,,False,19.0,19,,PL,8.0,2.0,False,False,False
1086,2023,7,12,12.0,12,22,yuki-tsunoda,alphatauri,honda-rbpt,pirelli,False,66.0,1:29:13.356,5353356.0,5.0,5000.0,+1:15.416,75416.0,,+0.997,997.0,,,False,15.0,15,15.0,15,3.0,2.0,False,False,False
1086,2023,7,13,13.0,13,81,oscar-piastri,mclaren,mercedes,pirelli,False,65.0,,,,,+1 lap,,1.0,,,,,False,10.0,10,9.0,9,-4.0,2.0,False,False,False
1086,2023,7,14,14.0,14,21,nyck-de-vries,alphatauri,honda-rbpt,pirelli,False,65.0,,,,,+1 lap,,1.0,,,,,False,14.0,14,14.0,14,0.0,2.0,False,False,False
1086,2023,7,15,15.0,15,27,nico-hulkenberg,haas,ferrari,pirelli,False,65.0,,,,,+1 lap,,1.0,,,,,False,8.0,8,7.0,7,-8.0,3.0,False,False,False
1086,2023,7,16,16.0,16,23,alexander-albon,williams,mercedes,pirelli,False,65.0,,,,,+1 lap,,1.0,,,,,False,18.0,18,18.0,18,2.0,2.0,False,False,False
1086,2023,7,17,17.0,17,4,lando-norris,mclaren,mercedes,pirelli,False,65.0,,,,,+1 lap,,1.0,,,,,False,3.0,3,3.0,3,-14.0,3.0,False,False,False
1086,2023,7,18,18.0,18,20,kevin-magnussen,haas,ferrari,pirelli,False,65.0,,,,,+1 lap,,1.0,,,,,False,17.0,17,17.0,17,-1.0,3.0,False,False,False
1086,2023,7,19,19.0,19,77,valtteri-bottas,alfa-romeo,ferrari,pirelli,False,65.0,,,,,+1 lap,,1.0,,,,,False,16.0,16,16.0,16,-3.0,2.0,False,False,False
1086,2023,7,20,20.0,20,2,logan-sargeant,williams,mercedes,pirelli,False,65.0,,,,,+1 lap,,1.0,,,,,False,20.0,20,,PL,0.0,2.0,False,False,False
1087,2023,8,1,1.0,1,1,max-verstappen,red-bull,honda-rbpt,pirelli,False,70.0,1:33:58.348,5638348.0,,,,,,,,,25.0,True,1.0,1,1.0,1,0.0,2.0,False,False,False
1087,2023,8,2,2.0,2,14,fernando-alonso,aston-martin,mercedes,pirelli,False,70.0,1:34:07.918,5647918.0,,,+9.570,9570.0,,+9.570,9570.0,,18.0,False,3.0,3,2.0,2,0.0,2.0,False,False,False
1087,2023,8,3,3.0,3,44,lewis-hamilton,mercedes,mercedes,pirelli,False,70.0,1:34:12.516,5652516.0,,,+14.168,14168.0,,+4.598,4598.0,,15.0,False,4.0,4,3.0,3,0.0,2.0,False,False,False
1087,2023,8,4,4.0,4,16,charles-leclerc,ferrari,ferrari,pirelli,False,70.0,1:34:16.996,5656996.0,,,+18.648,18648.0,,+4.480,4480.0,,12.0,False,11.0,11,10.0,10,6.0,1.0,False,False,False
1087,2023,8,5,5.0,5,55,carlos-sainz-jr,ferrari,ferrari,pirelli,False,70.0,1:34:19.888,5659888.0,,,+21.540,21540.0,,+2.892,2892.0,,10.0,False,8.0,8,11.0,11,6.0,1.0,False,False,False
1087,2023,8,6,6.0,6,11,sergio-perez,red-bull,honda-rbpt,pirelli,False,70.0,1:34:49.376,5689376.0,,,+51.028,51028.0,,+29.488,29488.0,,9.0,False,12.0,12,12.0,12,6.0,2.0,True,False,False
1087,2023,8,7,7.0,7,23,alexander-albon,williams,mercedes,pirelli,False,70.0,1:34:59.161,5699161.0,,,+1:00.813,60813.0,,+9.785,9785.0,,6.0,False,10.0,10,9.0,9,2.0,1.0,False,True,False
1087,2023,8,8,8.0,8,31,esteban-ocon,alpine,renault,pirelli,False,70.0,1:35:00.040,5700040.0,,,+1:01.692,61692.0,,+0.879,879.0,,4.0,False,6.0,6,6.0,6,-2.0,2.0,False,False,False
1087,2023,8,9,9.0,9,18,lance-stroll,aston-martin,mercedes,pirelli,False,70.0,1:35:02.750,5702750.0,,,+1:04.402,64402.0,,+2.710,2710.0,,2.0,False,13.0,13,16.0,16,7.0,2.0,False,False,False
1087,2023,8,10,10.0,10,77,valtteri-bottas,alfa-romeo,ferrari,pirelli,False,70.0,1:35:02.780,5702780.0,,,+1:04.432,64432.0,,+0.030,30.0,,1.0,False,15.0,15,14.0,14,4.0,1.0,False,False,False
1087,2023,8,11,11.0,11,81,oscar-piastri,mclaren,mercedes,pirelli,False,70.0,1:35:03.449,5703449.0,,,+1:05.101,65101.0,,+0.669,669.0,,,False,9.0,9,8.0,8,-3.0,2.0,False,False,False
1087,2023,8,12,12.0,12,10,pierre-gasly,alpine,renault,pirelli,False,70.0,1:35:03.597,5703597.0,,,+1:05.249,65249.0,,+0.148,148.0,,,False,17.0,17,15.0,15,3.0,2.0,False,False,False
1087,2023,8,13,13.0,13,4,lando-norris,mclaren,mercedes,pirelli,False,70.0,1:35:06.711,5706711.0,5.0,5000.0,+1:08.363,68363.0,,+3.114,3114.0,,,False,7.0,7,7.0,7,-6.0,2.0,False,False,False
1087,2023,8,14,14.0,14,22,yuki-tsunoda,alphatauri,honda-rbpt,pirelli,False,70.0,1:35:11.771,5711771.0,,,+1:13.423,73423.0,,+5.060,5060.0,,,False,16.0,16,19.0,19,5.0,2.0,False,False,False
1087,2023,8,15,15.0,15,27,nico-hulkenberg,haas,ferrari,pirelli,False,69.0,,,,,+1 lap,,1.0,,,,,False,2.0,2,5.0,5,-10.0,2.0,False,False,False
1087,2023,8,16,16.0,16,24,guanyu-zhou,alfa-romeo,ferrari,pirelli,False,69.0,,,,,+1 lap,,1.0,,,,,False,20.0,20,20.0,20,4.0,2.0,False,False,False
1087,2023,8,17,17.0,17,20,kevin-magnussen,haas,ferrari,pirelli,False,69.0,,,,,+1 lap,,1.0,,,,,False,14.0,14,13.0,13,-4.0,2.0,False,False,False
1087,2023,8,18,18.0,18,21,nyck-de-vries,alphatauri,honda-rbpt,pirelli,False,69.0,,,,,+1 lap,,1.0,,,,,False,18.0,18,17.0,17,-1.0,2.0,False,False,False
1087,2023,8,19,,DNF,63,george-russell,mercedes,mercedes,pirelli,False,53.0,,,,,,,,,,Brakes,,False,5.0,5,4.0,4,,1.0,False,False,False
1087,2023,8,20,,DNF,2,logan-sargeant,williams,mercedes,pirelli,False,6.0,,,,,,,,,,Oil leak,,False,19.0,19,18.0,18,,0.0,False,False,False
1088,2023,9,1,1.0,1,1,max-verstappen,red-bull,honda-rbpt,pirelli,False,71.0,1:25:33.607,5133607.0,,,,,,,,,26.0,True,1.0,1,1.0,1,0.0,4.0,True,False,False
1088,2023,9,2,2.0,2,16,charles-leclerc,ferrari,ferrari,pirelli,False,71.0,1:25:38.762,5138762.0,,,+5.155,5155.0,,+5.155,5155.0,,18.0,False,2.0,2,2.0,2,0.0,3.0,False,False,False
1088,2023,9,3,3.0,3,11,sergio-perez,red-bull,honda-rbpt,pirelli,False,71.0,1:25:50.795,5150795.0,,,+17.188,17188.0,,+12.033,12033.0,,15.0,False,15.0,15,15.0,15,12.0,3.0,False,False,False
1088,2023,9,4,4.0,4,4,lando-norris,mclaren,mercedes,pirelli,False,71.0,1:25:59.934,5159934.0,,,+26.327,26327.0,,+9.139,9139.0,,12.0,False,4.0,4,4.0,4,0.0,3.0,False,True,False
1088,2023,9,5,5.0,5,14,fernando-alonso,aston-martin,mercedes,pirelli,False,71.0,1:26:03.924,5163924.0,,,+30.317,30317.0,,+3.990,3990.0,,10.0,False,7.0,7,7.0,7,2.0,3.0,False,False,False
1088,2023,9,6,6.0,6,55,carlos-sainz-jr,ferrari,ferrari,pirelli,False,71.0,1:26:04.984,5164984.0,10.0,10000.0,+31.377,31377.0,,+1.060,1060.0,,8.0,False,3.0,3,3.0,3,-3.0,3.0,False,False,False
1088,2023,9,7,7.0,7,63,george-russell,mercedes,mercedes,pirelli,False,71.0,1:26:22.010,5182010.0,,,+48.403,48403.0,,+17.026,17026.0,,6.0,False,11.0,11,11.0,11,4.0,3.0,False,False,False
1088,2023,9,8,8.0,8,44,lewis-hamilton,mercedes,mercedes,pirelli,False,71.0,1:26:22.803,5182803.0,10.0,10000.0,+49.196,49196.0,,+0.793,793.0,,4.0,False,5.0,5,5.0,5,-3.0,3.0,False,False,False
1088,2023,9,9,9.0,9,18,lance-stroll,aston-martin,mercedes,pirelli,False,71.0,1:26:32.650,5192650.0,,,+59.043,59043.0,,+9.847,9847.0,,2.0,False,6.0,6,6.0,6,-3.0,4.0,False,False,False
1088,2023,9,10,10.0,10,10,pierre-gasly,alpine,renault,pirelli,False,71.0,1:26:41.274,5201274.0,10.0,10000.0,+1:07.667,67667.0,,+8.624,8624.0,,1.0,False,9.0,9,9.0,9,-1.0,3.0,False,False,False
1088,2023,9,11,11.0,11,23,alexander-albon,williams,mercedes,pirelli,False,71.0,1:26:53.374,5213374.0,10.0,10000.0,+1:19.767,79767.0,,+12.100,12100.0,,,False,10.0,10,10.0,10,-1.0,3.0,False,False,False
1088,2023,9,12,12.0,12,24,guanyu-zhou,alfa-romeo,ferrari,pirelli,False,70.0,,,,,+1 lap,,1.0,,,,,False,17.0,17,17.0,17,5.0,3.0,False,False,False
1088,2023,9,13,13.0,13,2,logan-sargeant,williams,mercedes,pirelli,False,70.0,,,15.0,15000.0,+1 lap,,1.0,,,,,False,18.0,18,18.0,18,5.0,3.0,False,False,False
1088,2023,9,14,14.0,14,31,esteban-ocon,alpine,renault,pirelli,False,70.0,,,30.0,30000.0,+1 lap,,1.0,,,,,False,12.0,12,12.0,12,-2.0,3.0,False,False,False
1088,2023,9,15,15.0,15,77,valtteri-bottas,alfa-romeo,ferrari,pirelli,False,70.0,,,,,+1 lap,,1.0,,,,,False,14.0,14,,PL,-1.0,3.0,False,False,False
1088,2023,9,16,16.0,16,81,oscar-piastri,mclaren,mercedes,pirelli,False,70.0,,,,,+1 lap,,1.0,,,,,False,13.0,13,13.0,13,-3.0,4.0,False,False,False
1088,2023,9,17,17.0,17,21,nyck-de-vries,alphatauri,honda-rbpt,pirelli,False,70.0,,,20.0,20000.0,+1 lap,,1.0,,,,,False,20.0,20,,PL,3.0,3.0,False,False,False
1088,2023,9,18,18.0,18,20,kevin-magnussen,haas,ferrari,pirelli,False,70.0,,,5.0,5000.0,+1 lap,,1.0,,,,,False,19.0,19,,PL,1.0,3.0,False,False,False
1088,2023,9,19,19.0,19,22,yuki-tsunoda,alphatauri,honda-rbpt,pirelli,False,70.0,,,15.0,15000.0,+1 lap,,1.0,,,,,False,16.0,16,16.0,16,-3.0,4.0,False,False,False
1088,2023,9,20,,DNF,27,nico-hulkenberg,haas,ferrari,pirelli,False,12.0,,,,,,,,,,Engine,,False,8.0,8,8.0,8,,2.0,False,False,False
1089,2023,10,1,1.0,1,1,max-verstappen,red-bull,honda-rbpt,pirelli,False,52.0,1:25:16.938,5116938.0,,,,,,,,,26.0,True,1.0,1,1.0,1,0.0,1.0,True,False,False
1089,2023,10,2,2.0,2,4,lando-norris,mclaren,mercedes,pirelli,False,52.0,1:25:20.736,5120736.0,,,+3.798,3798.0,,+3.798,3798.0,,18.0,False,2.0,2,2.0,2,0.0,1.0,False,True,False
1089,2023,10,3,3.0,3,44,lewis-hamilton,mercedes,mercedes,pirelli,False,52.0,1:25:23.721,5123721.0,,,+6.783,6783.0,,+2.985,2985.0,,15.0,False,7.0,7,7.0,7,4.0,1.0,False,False,False
1089,2023,10,4,4.0,4,81,oscar-piastri,mclaren,mercedes,pirelli,False,52.0,1:25:24.714,5124714.0,,,+7.776,7776.0,,+0.993,993.0,,12.0,False,3.0,3,3.0,3,-1.0,1.0,False,False,False
1089,2023,10,5,5.0,5,63,george-russell,mercedes,mercedes,pirelli,False,52.0,1:25:28.144,5128144.0,,,+11.206,11206.0,,+3.430,3430.0,,10.0,False,6.0,6,6.0,6,1.0,1.0,False,False,False
1089,2023,10,6,6.0,6,11,sergio-perez,red-bull,honda-rbpt,pirelli,False,52.0,1:25:29.820,5129820.0,,,+12.882,12882.0,,+1.676,1676.0,,8.0,False,15.0,15,15.0,15,9.0,1.0,False,False,False
1089,2023,10,7,7.0,7,14,fernando-alonso,aston-martin,mercedes,pirelli,False,52.0,1:25:34.131,5134131.0,,,+17.193,17193.0,,+4.311,4311.0,,6.0,False,9.0,9,9.0,9,2.0,1.0,False,False,False
1089,2023,10,8,8.0,8,23,alexander-albon,williams,mercedes,pirelli,False,52.0,1:25:34.816,5134816.0,,,+17.878,17878.0,,+0.685,685.0,,4.0,False,8.0,8,8.0,8,0.0,1.0,False,False,False
1089,2023,10,9,9.0,9,16,charles-leclerc,ferrari,ferrari,pirelli,False,52.0,1:25:35.627,5135627.0,,,+18.689,18689.0,,+0.811,811.0,,2.0,False,4.0,4,4.0,4,-5.0,2.0,False,False,False
1089,2023,10,10,10.0,10,55,carlos-sainz-jr,ferrari,ferrari,pirelli,False,52.0,1:25:36.386,5136386.0,,,+19.448,19448.0,,+0.759,759.0,,1.0,False,5.0,5,5.0,5,-5.0,1.0,False,False,False
1089,2023,10,11,11.0,11,2,logan-sargeant,williams,mercedes,pirelli,False,52.0,1:25:40.570,5140570.0,,,+23.632,23632.0,,+4.184,4184.0,,,False,14.0,14,14.0,14,3.0,1.0,False,False,False
1089,2023,10,12,12.0,12,77,valtteri-bottas,alfa-romeo,ferrari,pirelli,False,52.0,1:25:42.768,5142768.0,,,+25.830,25830.0,,+2.198,2198.0,,,False,,NC,20.0,20,8.0,1.0,False,False,False
1089,2023,10,13,13.0,13,27,nico-hulkenberg,haas,ferrari,pirelli,False,52.0,1:25:43.601,5143601.0,,,+26.663,26663.0,,+0.833,833.0,,,False,11.0,11,11.0,11,-2.0,2.0,False,False,False
1089,2023,10,14,14.0,14,18,lance-stroll,aston-martin,mercedes,pirelli,False,52.0,1:25:44.421,5144421.0,5.0,5000.0,+27.483,27483.0,,+0.820,820.0,,,False,12.0,12,12.0,12,-2.0,1.0,False,False,False
1089,2023,10,15,15.0,15,24,guanyu-zhou,alfa-romeo,ferrari,pirelli,False,52.0,1:25:46.758,5146758.0,,,+29.820,29820.0,,+2.337,2337.0,,,False,17.0,17,17.0,17,2.0,3.0,False,False,False
1089,2023,10,16,16.0,16,22,yuki-tsunoda,alphatauri,honda-rbpt,pirelli,False,52.0,1:25:48.163,5148163.0,,,+31.225,31225.0,,+1.405,1405.0,,,False,16.0,16,16.0,16,0.0,2.0,False,False,False
1089,2023,10,17,17.0,17,21,nyck-de-vries,alphatauri,honda-rbpt,pirelli,False,52.0,1:25:50.066,5150066.0,,,+33.128,33128.0,,+1.903,1903.0,,,False,18.0,18,18.0,18,1.0,2.0,False,False,False
1089,2023,10,18,18.0,18,10,pierre-gasly,alpine,renault,pirelli,False,46.0,,,,,,,,,,Collision,,False,10.0,10,10.0,10,-8.0,1.0,False,False,False
1089,2023,10,19,,DNF,20,kevin-magnussen,haas,ferrari,pirelli,False,31.0,,,,,,,,,,Engine,,False,19.0,19,19.0,19,,0.0,False,False,False
1089,2023,10,20,,DNF,31,esteban-ocon,alpine,renault,pirelli,False,9.0,,,,,,,,,,Oil leak,,False,13.0,13,13.0,13,,0.0,False,False,False
1090,2023,11,1,1.0,1,1,max-verstappen,red-bull,honda-rbpt,pirelli,False,70.0,1:38:08.634,5888634.0,,,,,,,,,26.0,False,2.0,2,2.0,2,1.0,2.0,True,False,False
1090,2023,11,2,2.0,2,4,lando-norris,mclaren,mercedes,pirelli,False,70.0,1:38:42.365,5922365.0,,,+33.731,33731.0,,+33.731,33731.0,,18.0,False,3.0,3,3.0,3,1.0,2.0,False,False,False
1090,2023,11,3,3.0,3,11,sergio-perez,red-bull,honda-rbpt,pirelli,False,70.0,1:38:46.237,5926237.0,,,+37.603,37603.0,,+3.872,3872.0,,15.0,False,9.0,9,9.0,9,6.0,2.0,False,True,False
1090,2023,11,4,4.0,4,44,lewis-hamilton,mercedes,mercedes,pirelli,False,70.0,1:38:47.768,5927768.0,,,+39.134,39134.0,,+1.531,1531.0,,12.0,True,1.0,1,1.0,1,-3.0,2.0,False,False,False
1090,2023,11,5,5.0,5,81,oscar-piastri,mclaren,mercedes,pirelli,False,70.0,1:39:11.206,5951206.0,,,+1:02.572,62572.0,,+23.438,23438.0,,10.0,False,4.0,4,4.0,4,-1.0,2.0,False,False,False
1090,2023,11,6,6.0,6,63,george-russell,mercedes,mercedes,pirelli,False,70.0,1:39:14.459,5954459.0,,,+1:05.825,65825.0,,+3.253,3253.0,,8.0,False,18.0,18,18.0,18,12.0,2.0,False,False,False
1090,2023,11,7,7.0,7,16,charles-leclerc,ferrari,ferrari,pirelli,False,70.0,1:39:18.951,5958951.0,5.0,5000.0,+1:10.317,70317.0,,+4.492,4492.0,,6.0,False,6.0,6,6.0,6,-1.0,2.0,False,False,False
1090,2023,11,8,8.0,8,55,carlos-sainz-jr,ferrari,ferrari,pirelli,False,70.0,1:39:19.707,5959707.0,,,+1:11.073,71073.0,,+0.756,756.0,,4.0,False,11.0,11,11.0,11,3.0,2.0,False,False,False
1090,2023,11,9,9.0,9,14,fernando-alonso,aston-martin,mercedes,pirelli,False,70.0,1:39:24.343,5964343.0,,,+1:15.709,75709.0,,+4.636,4636.0,,2.0,False,8.0,8,8.0,8,-1.0,2.0,False,False,False
1090,2023,11,10,10.0,10,18,lance-stroll,aston-martin,mercedes,pirelli,False,69.0,,,,,+1 lap,,1.0,,,,1.0,False,14.0,14,14.0,14,4.0,2.0,False,False,False
1090,2023,11,11,11.0,11,23,alexander-albon,williams,mercedes,pirelli,False,69.0,,,,,+1 lap,,1.0,,,,,False,16.0,16,16.0,16,5.0,2.0,False,False,False
1090,2023,11,12,12.0,12,77,valtteri-bottas,alfa-romeo,ferrari,pirelli,False,69.0,,,,,+1 lap,,1.0,,,,,False,7.0,7,7.0,7,-5.0,2.0,False,False,False
1090,2023,11,13,13.0,13,3,daniel-ricciardo,alphatauri,honda-rbpt,pirelli,False,69.0,,,,,+1 lap,,1.0,,,,,False,13.0,13,13.0,13,0.0,2.0,False,False,False
1090,2023,11,14,14.0,14,27,nico-hulkenberg,haas,ferrari,pirelli,False,69.0,,,,,+1 lap,,1.0,,,,,False,10.0,10,10.0,10,-4.0,2.0,False,False,False
1090,2023,11,15,15.0,15,22,yuki-tsunoda,alphatauri,honda-rbpt,pirelli,False,69.0,,,,,+1 lap,,1.0,,,,,False,17.0,17,17.0,17,2.0,2.0,False,False,False
1090,2023,11,16,16.0,16,24,guanyu-zhou,alfa-romeo,ferrari,pirelli,False,69.0,,,,,+1 lap,,1.0,,,,,False,5.0,5,5.0,5,-11.0,2.0,False,False,False
1090,2023,11,17,17.0,17,20,kevin-magnussen,haas,ferrari,pirelli,False,69.0,,,,,+1 lap,,1.0,,,,,False,19.0,19,19.0,19,2.0,2.0,False,False,False
1090,2023,11,18,18.0,18,2,logan-sargeant,williams,mercedes,pirelli,False,67.0,,,,,,,,,,Withdrew,,False,20.0,20,20.0,20,2.0,2.0,False,False,False
1090,2023,11,19,,DNF,31,esteban-ocon,alpine,renault,pirelli,False,2.0,,,,,,,,,,Collision,,False,12.0,12,12.0,12,,0.0,False,False,False
1090,2023,11,20,,DNF,10,pierre-gasly,alpine,renault,pirelli,False,1.0,,,,,,,,,,Collision,,False,15.0,15,15.0,15,,0.0,False,False,False
1091,2023,12,1,1.0,1,1,max-verstappen,red-bull,honda-rbpt,pirelli,False,44.0,1:22:30.450,4950450.0,,,,,,,,,25.0,False,1.0,1,6.0,6,5.0,2.0,False,True,False
1091,2023,12,2,2.0,2,11,sergio-perez,red-bull,honda-rbpt,pirelli,False,44.0,1:22:52.755,4972755.0,,,+22.305,22305.0,,+22.305,22305.0,,18.0,False,3.0,3,2.0,2,0.0,2.0,False,False,False
1091,2023,12,3,3.0,3,16,charles-leclerc,ferrari,ferrari,pirelli,False,44.0,1:23:02.709,4982709.0,,,+32.259,32259.0,,+9.954,9954.0,,15.0,True,2.0,2,1.0,1,-2.0,2.0,False,False,False
1091,2023,12,4,4.0,4,44,lewis-hamilton,mercedes,mercedes,pirelli,False,44.0,1:23:20.121,5000121.0,,,+49.671,49671.0,,+17.412,17412.0,,13.0,False,4.0,4,3.0,3,-1.0,3.0,True,False,False
1091,2023,12,5,5.0,5,14,fernando-alonso,aston-martin,mercedes,pirelli,False,44.0,1:23:26.634,5006634.0,,,+56.184,56184.0,,+6.513,6513.0,,10.0,False,9.0,9,9.0,9,4.0,2.0,False,False,False
1091,2023,12,6,6.0,6,63,george-russell,mercedes,mercedes,pirelli,False,44.0,1:23:33.551,5013551.0,,,+1:03.101,63101.0,,+6.917,6917.0,,8.0,False,8.0,8,8.0,8,2.0,1.0,False,False,False
1091,2023,12,7,7.0,7,4,lando-norris,mclaren,mercedes,pirelli,False,44.0,1:23:44.169,5024169.0,,,+1:13.719,73719.0,,+10.618,10618.0,,6.0,False,7.0,7,7.0,7,0.0,2.0,False,False,False
1091,2023,12,8,8.0,8,31,esteban-ocon,alpine,renault,pirelli,False,44.0,1:23:45.169,5025169.0,,,+1:14.719,74719.0,,+1.000,1000.0,,4.0,False,15.0,15,14.0,14,6.0,2.0,False,False,False
1091,2023,12,9,9.0,9,18,lance-stroll,aston-martin,mercedes,pirelli,False,44.0,1:23:49.790,5029790.0,,,+1:19.340,79340.0,,+4.621,4621.0,,2.0,False,10.0,10,10.0,10,1.0,1.0,False,False,False
1091,2023,12,10,10.0,10,22,yuki-tsunoda,alphatauri,honda-rbpt,pirelli,False,44.0,1:23:50.671,5030671.0,,,+1:20.221,80221.0,,+0.881,881.0,,1.0,False,11.0,11,11.0,11,1.0,2.0,False,False,False
1091,2023,12,11,11.0,11,10,pierre-gasly,alpine,renault,pirelli,False,44.0,1:23:53.534,5033534.0,,,+1:23.084,83084.0,,+2.863,2863.0,,,False,12.0,12,12.0,12,1.0,1.0,False,False,False
1091,2023,12,12,12.0,12,77,valtteri-bottas,alfa-romeo,ferrari,pirelli,False,44.0,1:23:55.641,5035641.0,,,+1:25.191,85191.0,,+2.107,2107.0,,,False,14.0,14,13.0,13,1.0,2.0,False,False,False
1091,2023,12,13,13.0,13,24,guanyu-zhou,alfa-romeo,ferrari,pirelli,False,44.0,1:24:05.891,5045891.0,,,+1:35.441,95441.0,,+10.250,10250.0,,,False,17.0,17,17.0,17,4.0,2.0,False,False,False
1091,2023,12,14,14.0,14,23,alexander-albon,williams,mercedes,pirelli,False,44.0,1:24:06.634,5046634.0,,,+1:36.184,96184.0,,+0.743,743.0,,,False,16.0,16,15.0,15,1.0,3.0,False,False,False
1091,2023,12,15,15.0,15,20,kevin-magnussen,haas,ferrari,pirelli,False,44.0,1:24:12.204,5052204.0,,,+1:41.754,101754.0,,+5.570,5570.0,,,False,13.0,13,16.0,16,1.0,2.0,False,False,False
1091,2023,12,16,16.0,16,3,daniel-ricciardo,alphatauri,honda-rbpt,pirelli,False,44.0,1:24:13.521,5053521.0,,,+1:43.071,103071.0,,+1.317,1317.0,,,False,19.0,19,19.0,19,3.0,2.0,False,False,False
1091,2023,12,17,17.0,17,2,logan-sargeant,williams,mercedes,pirelli,False,44.0,1:24:14.926,5054926.0,,,+1:44.476,104476.0,,+1.405,1405.0,,,False,18.0,18,18.0,18,1.0,3.0,False,False,False
1091,2023,12,18,18.0,18,27,nico-hulkenberg,haas,ferrari,pirelli,False,44.0,1:24:20.900,5060900.0,,,+1:50.450,110450.0,,+5.974,5974.0,,,False,20.0,20,,PL,2.0,2.0,False,False,False
1091,2023,12,19,,DNF,55,carlos-sainz-jr,ferrari,ferrari,pirelli,False,23.0,,,,,,,,,,Collision damage,,False,5.0,5,4.0,4,,1.0,False,False,False
1091,2023,12,20,,DNF,81,oscar-piastri,mclaren,mercedes,pirelli,False,0.0,,,,,,,,,,Collision damage,,False,6.0,6,5.0,5,,0.0,False,False,False
1092,2023,13,1,1.0,1,1,max-verstappen,red-bull,honda-rbpt,pirelli,False,72.0,2:24:04.411,8644411.0,,,,,,,,,25.0,True,1.0,1,1.0,1,0.0,6.0,False,False,False
1092,2023,13,2,2.0,2,14,fernando-alonso,aston-martin,mercedes,pirelli,False,72.0,2:24:08.155,8648155.0,,,+3.744,3744.0,,+3.744,3744.0,,19.0,False,5.0,5,5.0,5,3.0,5.0,True,True,False
1092,2023,13,3,3.0,3,10,pierre-gasly,alpine,renault,pirelli,False,72.0,2:24:11.469,8651469.0,,,+7.058,7058.0,,+3.314,3314.0,,15.0,False,12.0,12,12.0,12,9.0,5.0,False,False,False
1092,2023,13,4,4.0,4,11,sergio-perez,red-bull,honda-rbpt,pirelli,False,72.0,2:24:14.479,8654479.0,5.0,5000.0,+10.068,10068.0,,+3.010,3010.0,,12.0,False,7.0,7,7.0,7,3.0,6.0,False,False,False
1092,2023,13,5,5.0,5,55,carlos-sainz-jr,ferrari,ferrari,pirelli,False,72.0,2:24:16.952,8656952.0,,,+12.541,12541.0,,+2.473,2473.0,,10.0,False,6.0,6,6.0,6,1.0,5.0,False,False,False
1092,2023,13,6,6.0,6,44,lewis-hamilton,mercedes,mercedes,pirelli,False,72.0,2:24:17.620,8657620.0,,,+13.209,13209.0,,+0.668,668.0,,8.0,False,13.0,13,13.0,13,7.0,5.0,False,False,False
1092,2023,13,7,7.0,7,4,lando-norris,mclaren,mercedes,pirelli,False,72.0,2:24:17.643,8657643.0,,,+13.232,13232.0,,+0.023,23.0,,6.0,False,2.0,2,2.0,2,-5.0,6.0,False,False,False
1092,2023,13,8,8.0,8,23,alexander-albon,williams,mercedes,pirelli,False,72.0,2:24:19.566,8659566.0,,,+15.155,15155.0,,+1.923,1923.0,,4.0,False,4.0,4,4.0,4,-4.0,4.0,False,False,False
1092,2023,13,9,9.0,9,81,oscar-piastri,mclaren,mercedes,pirelli,False,72.0,2:24:20.991,8660991.0,,,+16.580,16580.0,,+1.425,1425.0,,2.0,False,8.0,8,8.0,8,-1.0,5.0,False,False,False
1092,2023,13,10,10.0,10,31,esteban-ocon,alpine,renault,pirelli,False,72.0,2:24:22.757,8662757.0,,,+18.346,18346.0,,+1.766,1766.0,,1.0,False,17.0,17,16.0,16,6.0,6.0,False,False,False
1092,2023,13,11,11.0,11,18,lance-stroll,aston-martin,mercedes,pirelli,False,72.0,2:24:24.498,8664498.0,,,+20.087,20087.0,,+1.741,1741.0,,,False,11.0,11,11.0,11,0.0,7.0,False,False,False
1092,2023,13,12,12.0,12,27,nico-hulkenberg,haas,ferrari,pirelli,False,72.0,2:24:25.251,8665251.0,,,+20.840,20840.0,,+0.753,753.0,,,False,15.0,15,14.0,14,2.0,5.0,False,False,False
1092,2023,13,13,13.0,13,40,liam-lawson,alphatauri,honda-rbpt,pirelli,False,72.0,2:24:30.558,8670558.0,,,+26.147,26147.0,,+5.307,5307.0,,,False,20.0,20,19.0,19,6.0,7.0,False,False,False
1092,2023,13,14,14.0,14,77,valtteri-bottas,alfa-romeo,ferrari,pirelli,False,72.0,2:24:31.799,8671799.0,,,+27.388,27388.0,,+1.241,1241.0,,,False,19.0,19,18.0,18,4.0,5.0,False,False,False
1092,2023,13,15,15.0,15,22,yuki-tsunoda,alphatauri,honda-rbpt,pirelli,False,72.0,2:24:34.304,8674304.0,5.0,5000.0,+29.893,29893.0,,+2.505,2505.0,,,False,14.0,14,17.0,17,2.0,5.0,False,False,False
1092,2023,13,16,16.0,16,20,kevin-magnussen,haas,ferrari,pirelli,False,72.0,2:24:35.821,8675821.0,5.0,5000.0,+31.410,31410.0,,+1.517,1517.0,,,False,18.0,18,,PL,4.0,6.0,False,False,False
1092,2023,13,17,17.0,17,63,george-russell,mercedes,mercedes,pirelli,False,72.0,2:25:00.165,8700165.0,,,+55.754,55754.0,,+24.344,24344.0,,,False,3.0,3,3.0,3,-14.0,7.0,False,False,False
1092,2023,13,18,,DNF,24,guanyu-zhou,alfa-romeo,ferrari,pirelli,False,62.0,,,,,,,,,,Accident,,False,16.0,16,15.0,15,,4.0,False,False,False
1092,2023,13,19,,DNF,16,charles-leclerc,ferrari,ferrari,pirelli,False,41.0,,,,,,,,,,Undertray,,False,9.0,9,9.0,9,,2.0,False,False,False
1092,2023,13,20,,DNF,2,logan-sargeant,williams,mercedes,pirelli,False,14.0,,,,,,,,,,Hydraulics,,False,10.0,10,10.0,10,,0.0,False,False,False
1093,2023,14,1,1.0,1,1,max-verstappen,red-bull,honda-rbpt,pirelli,False,51.0,1:13:41.143,4421143.0,,,,,,,,,25.0,False,2.0,2,2.0,2,1.0,1.0,False,False,False
1093,2023,14,2,2.0,2,11,sergio-perez,red-bull,honda-rbpt,pirelli,False,51.0,1:13:47.207,4427207.0,,,+6.064,6064.0,,+6.064,6064.0,,18.0,False,5.0,5,5.0,5,3.0,1.0,False,False,False
1093,2023,14,3,3.0,3,55,carlos-sainz-jr,ferrari,ferrari,pirelli,False,51.0,1:13:52.336,4432336.0,,,+11.193,11193.0,,+5.129,5129.0,,15.0,True,1.0,1,1.0,1,-2.0,1.0,False,True,False
1093,2023,14,4,4.0,4,16,charles-leclerc,ferrari,ferrari,pirelli,False,51.0,1:13:52.520,4432520.0,,,+11.377,11377.0,,+0.184,184.0,,12.0,False,3.0,3,3.0,3,-1.0,1.0,False,False,False
1093,2023,14,5,5.0,5,63,george-russell,mercedes,mercedes,pirelli,False,51.0,1:14:04.171,4444171.0,5.0,5000.0,+23.028,23028.0,,+11.651,11651.0,,10.0,False,4.0,4,4.0,4,-1.0,1.0,False,False,False
1093,2023,14,6,6.0,6,44,lewis-hamilton,mercedes,mercedes,pirelli,False,51.0,1:14:23.822,4463822.0,5.0,5000.0,+42.679,42679.0,,+19.651,19651.0,,8.0,False,8.0,8,8.0,8,2.0,1.0,False,False,False
1093,2023,14,7,7.0,7,23,alexander-albon,williams,mercedes,pirelli,False,51.0,1:14:26.249,4466249.0,,,+45.106,45106.0,,+2.427,2427.0,,6.0,False,6.0,6,6.0,6,-1.0,1.0,False,False,False
1093,2023,14,8,8.0,8,4,lando-norris,mclaren,mercedes,pirelli,False,51.0,1:14:26.592,4466592.0,,,+45.449,45449.0,,+0.343,343.0,,4.0,False,9.0,9,9.0,9,1.0,1.0,False,False,False
1093,2023,14,9,9.0,9,14,fernando-alonso,aston-martin,mercedes,pirelli,False,51.0,1:14:27.437,4467437.0,,,+46.294,46294.0,,+0.845,845.0,,2.0,False,10.0,10,10.0,10,1.0,1.0,False,False,False
1093,2023,14,10,10.0,10,77,valtteri-bottas,alfa-romeo,ferrari,pirelli,False,51.0,1:14:45.199,4485199.0,,,+1:04.056,64056.0,,+17.762,17762.0,,1.0,False,14.0,14,14.0,14,4.0,1.0,False,False,False
1093,2023,14,11,11.0,11,40,liam-lawson,alphatauri,honda-rbpt,pirelli,False,51.0,1:14:51.781,4491781.0,,,+1:10.638,70638.0,,+6.582,6582.0,,,False,12.0,12,12.0,12,1.0,2.0,False,False,False
1093,2023,14,12,12.0,12,81,oscar-piastri,mclaren,mercedes,pirelli,False,51.0,1:14:54.217,4494217.0,5.0,5000.0,+1:13.074,73074.0,,+2.436,2436.0,,,False,7.0,7,7.0,7,-5.0,2.0,True,False,False
1093,2023,14,13,13.0,13,2,logan-sargeant,williams,mercedes,pirelli,False,51.0,1:14:59.700,4499700.0,5.0,5000.0,+1:18.557,78557.0,,+5.483,5483.0,,,False,15.0,15,15.0,15,2.0,1.0,False,False,False
1093,2023,14,14,14.0,14,24,guanyu-zhou,alfa-romeo,ferrari,pirelli,False,51.0,1:15:01.307,4501307.0,,,+1:20.164,80164.0,,+1.607,1607.0,,,False,16.0,16,16.0,16,2.0,2.0,False,False,False
1093,2023,14,15,15.0,15,10,pierre-gasly,alpine,renault,pirelli,False,51.0,1:15:03.653,4503653.0,,,+1:22.510,82510.0,,+2.346,2346.0,,,False,17.0,17,17.0,17,2.0,2.0,False,False,False
1093,2023,14,16,16.0,16,18,lance-stroll,aston-martin,mercedes,pirelli,False,51.0,1:15:08.409,4508409.0,,,+1:27.266,87266.0,,+4.756,4756.0,,,False,20.0,20,20.0,20,4.0,1.0,False,False,False
1093,2023,14,17,17.0,17,27,nico-hulkenberg,haas,ferrari,pirelli,False,50.0,,,,,+1 lap,,1.0,,,,,False,13.0,13,13.0,13,-4.0,2.0,False,False,False
1093,2023,14,18,18.0,18,20,kevin-magnussen,haas,ferrari,pirelli,False,50.0,,,,,+1 lap,,1.0,,,,,False,19.0,19,19.0,19,1.0,2.0,False,False,False
1093,2023,14,19,,DNF,31,esteban-ocon,alpine,renault,pirelli,False,39.0,,,,,,,,,,Steering,,False,18.0,18,18.0,18,,1.0,False,False,False
1093,2023,14,20,,DNS,22,yuki-tsunoda,alphatauri,honda-rbpt,pirelli,False,,,,,,,,,,,Engine,,False,11.0,11,,,,0.0,False,False,False
1094,2023,15,1,1.0,1,55,carlos-sainz-jr,ferrari,ferrari,pirelli,False,62.0,1:46:37.418,6397418.0,,,,,,,,,25.0,True,1.0,1,1.0,1,0.0,1.0,False,True,False
1094,2023,15,2,2.0,2,4,lando-norris,mclaren,mercedes,pirelli,False,62.0,1:46:38.230,6398230.0,,,+0.812,812.0,,+0.812,812.0,,18.0,False,4.0,4,4.0,4,2.0,1.0,False,False,False
1094,2023,15,3,3.0,3,44,lewis-hamilton,mercedes,mercedes,pirelli,False,62.0,1:46:38.687,6398687.0,,,+1.269,1269.0,,+0.457,457.0,,16.0,False,5.0,5,5.0,5,2.0,2.0,True,False,False
1094,2023,15,4,4.0,4,16,charles-leclerc,ferrari,ferrari,pirelli,False,62.0,1:46:58.595,6418595.0,,,+21.177,21177.0,,+19.908,19908.0,,12.0,False,3.0,3,3.0,3,-1.0,1.0,False,False,False
1094,2023,15,5,5.0,5,1,max-verstappen,red-bull,honda-rbpt,pirelli,False,62.0,1:46:58.859,6418859.0,,,+21.441,21441.0,,+0.264,264.0,,10.0,False,11.0,11,11.0,11,6.0,1.0,False,False,False
1094,2023,15,6,6.0,6,10,pierre-gasly,alpine,renault,pirelli,False,62.0,1:47:15.859,6435859.0,,,+38.441,38441.0,,+17.000,17000.0,,8.0,False,12.0,12,12.0,12,6.0,1.0,False,False,False
1094,2023,15,7,7.0,7,81,oscar-piastri,mclaren,mercedes,pirelli,False,62.0,1:47:18.897,6438897.0,,,+41.479,41479.0,,+3.038,3038.0,,6.0,False,17.0,17,17.0,17,10.0,1.0,False,False,False
1094,2023,15,8,8.0,8,11,sergio-perez,red-bull,honda-rbpt,pirelli,False,62.0,1:47:31.952,6451952.0,5.0,5000.0,+54.534,54534.0,,+13.055,13055.0,,4.0,False,13.0,13,13.0,13,5.0,1.0,False,False,False
1094,2023,15,9,9.0,9,40,liam-lawson,alphatauri,honda-rbpt,pirelli,False,62.0,1:47:43.336,6463336.0,,,+1:05.918,65918.0,,+11.384,11384.0,,2.0,False,10.0,10,10.0,10,1.0,1.0,False,False,False
1094,2023,15,10,10.0,10,20,kevin-magnussen,haas,ferrari,pirelli,False,62.0,1:47:49.534,6469534.0,,,+1:12.116,72116.0,,+6.198,6198.0,,1.0,False,6.0,6,6.0,6,-4.0,2.0,False,False,False
1094,2023,15,11,11.0,11,23,alexander-albon,williams,mercedes,pirelli,False,62.0,1:47:50.835,6470835.0,,,+1:13.417,73417.0,,+1.301,1301.0,,,False,14.0,14,14.0,14,3.0,2.0,False,False,False
1094,2023,15,12,12.0,12,24,guanyu-zhou,alfa-romeo,ferrari,pirelli,False,62.0,1:48:01.067,6481067.0,,,+1:23.649,83649.0,,+10.232,10232.0,,,False,19.0,19,,PL,7.0,2.0,False,False,False
1094,2023,15,13,13.0,13,27,nico-hulkenberg,haas,ferrari,pirelli,False,62.0,1:48:03.619,6483619.0,,,+1:26.201,86201.0,,+2.552,2552.0,,,False,9.0,9,9.0,9,-4.0,1.0,False,False,False
1094,2023,15,14,14.0,14,2,logan-sargeant,williams,mercedes,pirelli,False,62.0,1:48:04.307,6484307.0,,,+1:26.889,86889.0,,+0.688,688.0,,,False,18.0,18,18.0,18,4.0,2.0,False,False,False
1094,2023,15,15,15.0,15,14,fernando-alonso,aston-martin,mercedes,pirelli,False,62.0,1:48:05.021,6485021.0,,,+1:27.603,87603.0,,+0.714,714.0,,,False,7.0,7,7.0,7,-8.0,2.0,False,False,False
1094,2023,15,16,16.0,16,63,george-russell,mercedes,mercedes,pirelli,False,61.0,,,,,,,,,,Accident,,False,2.0,2,2.0,2,-14.0,2.0,False,False,False
1094,2023,15,17,,DNF,77,valtteri-bottas,alfa-romeo,ferrari,pirelli,False,51.0,,,,,,,,,,Hydraulics,,False,16.0,16,16.0,16,,1.0,False,False,False
1094,2023,15,18,,DNF,31,esteban-ocon,alpine,renault,pirelli,False,42.0,,,,,,,,,,Gearbox,,False,8.0,8,8.0,8,,1.0,False,False,False
1094,2023,15,19,,DNF,22,yuki-tsunoda,alphatauri,honda-rbpt,pirelli,False,0.0,,,,,,,,,,Collision damage,,False,15.0,15,15.0,15,,0.0,False,False,False
1094,2023,15,20,,DNS,18,lance-stroll,aston-martin,mercedes,pirelli,False,,,,,,,,,,,Accident in qualifying,,False,20.0,20,,,,0.0,False,False,False
1095,2023,16,1,1.0,1,1,max-verstappen,red-bull,honda-rbpt,pirelli,False,53.0,1:30:58.421,5458421.0,,,,,,,,,26.0,True,1.0,1,1.0,1,0.0,2.0,True,False,False
1095,2023,16,2,2.0,2,4,lando-norris,mclaren,mercedes,pirelli,False,53.0,1:31:17.808,5477808.0,,,+19.387,19387.0,,+19.387,19387.0,,18.0,False,3.0,3,3.0,3,1.0,2.0,False,False,False
1095,2023,16,3,3.0,3,81,oscar-piastri,mclaren,mercedes,pirelli,False,53.0,1:31:34.915,5494915.0,,,+36.494,36494.0,,+17.107,17107.0,,15.0,False,2.0,2,2.0,2,-1.0,2.0,False,True,False
1095,2023,16,4,4.0,4,16,charles-leclerc,ferrari,ferrari,pirelli,False,53.0,1:31:42.419,5502419.0,,,+43.998,43998.0,,+7.504,7504.0,,12.0,False,4.0,4,4.0,4,0.0,2.0,False,False,False
1095,2023,16,5,5.0,5,44,lewis-hamilton,mercedes,mercedes,pirelli,False,53.0,1:31:47.797,5507797.0,,,+49.376,49376.0,,+5.378,5378.0,,10.0,False,7.0,7,7.0,7,2.0,2.0,False,False,False
1095,2023,16,6,6.0,6,55,carlos-sainz-jr,ferrari,ferrari,pirelli,False,53.0,1:31:48.642,5508642.0,,,+50.221,50221.0,,+0.845,845.0,,8.0,False,6.0,6,6.0,6,0.0,2.0,False,False,False
1095,2023,16,7,7.0,7,63,george-russell,mercedes,mercedes,pirelli,False,53.0,1:31:56.080,5516080.0,,,+57.659,57659.0,,+7.438,7438.0,,6.0,False,8.0,8,8.0,8,1.0,1.0,False,False,False
1095,2023,16,8,8.0,8,14,fernando-alonso,aston-martin,mercedes,pirelli,False,53.0,1:32:13.146,5533146.0,,,+1:14.725,74725.0,,+17.066,17066.0,,4.0,False,10.0,10,10.0,10,2.0,2.0,False,False,False
1095,2023,16,9,9.0,9,31,esteban-ocon,alpine,renault,pirelli,False,53.0,1:32:18.099,5538099.0,,,+1:19.678,79678.0,,+4.953,4953.0,,2.0,False,14.0,14,14.0,14,5.0,2.0,False,False,False
1095,2023,16,10,10.0,10,10,pierre-gasly,alpine,renault,pirelli,False,53.0,1:32:21.576,5541576.0,,,+1:23.155,83155.0,,+3.477,3477.0,,1.0,False,12.0,12,12.0,12,2.0,2.0,False,False,False
1095,2023,16,11,11.0,11,40,liam-lawson,alphatauri,honda-rbpt,pirelli,False,52.0,,,,,+1 lap,,1.0,,,,,False,11.0,11,11.0,11,0.0,2.0,False,False,False
1095,2023,16,12,12.0,12,22,yuki-tsunoda,alphatauri,honda-rbpt,pirelli,False,52.0,,,,,+1 lap,,1.0,,,,,False,9.0,9,9.0,9,-3.0,2.0,False,False,False
1095,2023,16,13,13.0,13,24,guanyu-zhou,alfa-romeo,ferrari,pirelli,False,52.0,,,,,+1 lap,,1.0,,,,,False,19.0,19,19.0,19,6.0,3.0,False,False,False
1095,2023,16,14,14.0,14,27,nico-hulkenberg,haas,ferrari,pirelli,False,52.0,,,,,+1 lap,,1.0,,,,,False,18.0,18,18.0,18,4.0,3.0,False,False,False
1095,2023,16,15,15.0,15,20,kevin-magnussen,haas,ferrari,pirelli,False,52.0,,,,,+1 lap,,1.0,,,,,False,15.0,15,15.0,15,0.0,2.0,False,False,False
1095,2023,16,16,,DNF,23,alexander-albon,williams,mercedes,pirelli,False,26.0,,,,,,,,,,Undertray,,False,13.0,13,13.0,13,,2.0,False,False,False
1095,2023,16,17,,DNF,2,logan-sargeant,williams,mercedes,pirelli,False,22.0,,,,,,,,,,Undertray,,False,,NC,20.0,20,,3.0,False,False,False
1095,2023,16,18,,DNF,18,lance-stroll,aston-martin,mercedes,pirelli,False,20.0,,,,,,,,,,Rear wing,,False,17.0,17,17.0,17,,1.0,False,False,False
1095,2023,16,19,,DNF,11,sergio-perez,red-bull,honda-rbpt,pirelli,False,15.0,,,,,,,,,,Withdrew,,False,5.0,5,5.0,5,,4.0,False,False,False
1095,2023,16,20,,DNF,77,valtteri-bottas,alfa-romeo,ferrari,pirelli,False,7.0,,,,,,,,,,Undertray,,False,16.0,16,16.0,16,,2.0,False,False,False
1096,2023,17,1,1.0,1,1,max-verstappen,red-bull,honda-rbpt,pirelli,False,57.0,1:27:39.168,5259168.0,,,,,,,,,26.0,True,1.0,1,1.0,1,0.0,3.0,True,False,True
1096,2023,17,2,2.0,2,81,oscar-piastri,mclaren,mercedes,pirelli,False,57.0,1:27:44.001,5264001.0,,,+4.833,4833.0,,+4.833,4833.0,,18.0,False,6.0,6,6.0,6,4.0,3.0,False,True,False
1096,2023,17,3,3.0,3,4,lando-norris,mclaren,mercedes,pirelli,False,57.0,1:27:45.137,5265137.0,,,+5.969,5969.0,,+1.136,1136.0,,15.0,False,10.0,10,10.0,10,7.0,3.0,False,False,False
1096,2023,17,4,4.0,4,63,george-russell,mercedes,mercedes,pirelli,False,57.0,1:28:13.287,5293287.0,,,+34.119,34119.0,,+28.150,28150.0,,12.0,False,2.0,2,2.0,2,-2.0,4.0,False,False,False
1096,2023,17,5,5.0,5,16,charles-leclerc,ferrari,ferrari,pirelli,False,57.0,1:28:18.144,5298144.0,,,+38.976,38976.0,,+4.857,4857.0,,10.0,False,5.0,5,5.0,5,0.0,3.0,False,False,False
1096,2023,17,6,6.0,6,14,fernando-alonso,aston-martin,mercedes,pirelli,False,57.0,1:28:28.200,5308200.0,,,+49.032,49032.0,,+10.056,10056.0,,8.0,False,4.0,4,4.0,4,-2.0,3.0,False,False,False
1096,2023,17,7,7.0,7,31,esteban-ocon,alpine,renault,pirelli,False,57.0,1:28:41.558,5321558.0,,,+1:02.390,62390.0,,+13.358,13358.0,,6.0,False,8.0,8,8.0,8,1.0,3.0,False,False,False
1096,2023,17,8,8.0,8,77,valtteri-bottas,alfa-romeo,ferrari,pirelli,False,57.0,1:28:45.731,5325731.0,,,+1:06.563,66563.0,,+4.173,4173.0,,4.0,False,9.0,9,9.0,9,1.0,3.0,False,False,False
1096,2023,17,9,9.0,9,24,guanyu-zhou,alfa-romeo,ferrari,pirelli,False,57.0,1:28:55.295,5335295.0,,,+1:16.127,76127.0,,+9.564,9564.0,,2.0,False,20.0,20,19.0,19,10.0,3.0,False,False,False
1096,2023,17,10,10.0,10,11,sergio-perez,red-bull,honda-rbpt,pirelli,False,57.0,1:28:59.349,5339349.0,5.0,5000.0,+1:20.181,80181.0,,+4.054,4054.0,,1.0,False,13.0,13,20.0,20,10.0,3.0,False,False,False
1096,2023,17,11,11.0,11,18,lance-stroll,aston-martin,mercedes,pirelli,False,57.0,1:29:00.820,5340820.0,10.0,10000.0,+1:21.652,81652.0,,+1.471,1471.0,,,False,17.0,17,16.0,16,5.0,3.0,False,False,False
1096,2023,17,12,12.0,12,10,pierre-gasly,alpine,renault,pirelli,False,57.0,1:29:01.468,5341468.0,10.0,10000.0,+1:22.300,82300.0,,+0.648,648.0,,,False,7.0,7,7.0,7,-5.0,3.0,False,False,False
1096,2023,17,13,13.0,13,23,alexander-albon,williams,mercedes,pirelli,False,57.0,1:29:10.182,5350182.0,10.0,10000.0,+1:31.014,91014.0,,+8.714,8714.0,,,False,14.0,14,13.0,13,0.0,3.0,False,False,False
1096,2023,17,14,14.0,14,20,kevin-magnussen,haas,ferrari,pirelli,False,56.0,,,,,+1 lap,,1.0,,,,,False,19.0,19,18.0,18,4.0,3.0,False,False,False
1096,2023,17,15,15.0,15,22,yuki-tsunoda,alphatauri,honda-rbpt,pirelli,False,56.0,,,,,+1 lap,,1.0,,,,,False,11.0,11,11.0,11,-4.0,3.0,False,False,False
1096,2023,17,16,16.0,16,27,nico-hulkenberg,haas,ferrari,pirelli,False,56.0,,,,,+1 lap,,1.0,,,,,False,15.0,15,12.0,12,-4.0,3.0,False,False,False
1096,2023,17,17,17.0,17,40,liam-lawson,alphatauri,honda-rbpt,pirelli,False,56.0,,,,,+1 lap,,1.0,,,,,False,18.0,18,17.0,17,0.0,3.0,False,False,False
1096,2023,17,18,,DNF,2,logan-sargeant,williams,mercedes,pirelli,False,40.0,,,,,,,,,,Unwell,,False,16.0,16,15.0,15,,2.0,False,False,False
1096,2023,17,19,,DNF,44,lewis-hamilton,mercedes,mercedes,pirelli,False,0.0,,,,,,,,,,Collision,,False,3.0,3,3.0,3,,0.0,False,False,False
1096,2023,17,20,,DNS,55,carlos-sainz-jr,ferrari,ferrari,pirelli,False,,,,,,,,,,,Fuel leak,,False,12.0,12,,,,0.0,False,False,False
1097,2023,18,1,1.0,1,1,max-verstappen,red-bull,honda-rbpt,pirelli,False,56.0,1:35:21.362,5721362.0,,,,,,,,,25.0,False,6.0,6,6.0,6,5.0,2.0,False,False,False
1097,2023,18,2,2.0,2,4,lando-norris,mclaren,mercedes,pirelli,False,56.0,1:35:32.092,5732092.0,,,+10.730,10730.0,,+8.505,8505.0,,18.0,False,2.0,2,2.0,2,0.0,2.0,False,True,False
1097,2023,18,3,3.0,3,55,carlos-sainz-jr,ferrari,ferrari,pirelli,False,56.0,1:35:36.496,5736496.0,,,+15.134,15134.0,,+4.404,4404.0,,15.0,False,4.0,4,4.0,4,1.0,2.0,False,False,False
1097,2023,18,4,4.0,4,11,sergio-perez,red-bull,honda-rbpt,pirelli,False,56.0,1:35:39.822,5739822.0,,,+18.460,18460.0,,+3.326,3326.0,,12.0,False,9.0,9,9.0,9,5.0,2.0,False,False,False
1097,2023,18,5,5.0,5,63,george-russell,mercedes,mercedes,pirelli,False,56.0,1:35:46.361,5746361.0,,,+24.999,24999.0,,+0.337,337.0,,10.0,False,5.0,5,5.0,5,0.0,2.0,False,False,False
1097,2023,18,6,6.0,6,10,pierre-gasly,alpine,renault,pirelli,False,56.0,1:36:09.358,5769358.0,,,+47.996,47996.0,,+22.997,22997.0,,8.0,False,7.0,7,7.0,7,1.0,2.0,False,False,False
1097,2023,18,7,7.0,7,18,lance-stroll,aston-martin,mercedes,pirelli,False,56.0,1:36:10.058,5770058.0,,,+48.696,48696.0,,+0.700,700.0,,6.0,False,19.0,19,,PL,13.0,2.0,False,False,False
1097,2023,18,8,8.0,8,22,yuki-tsunoda,alphatauri,honda-rbpt,pirelli,False,56.0,1:36:35.747,5795747.0,,,+1:14.385,74385.0,,+25.689,25689.0,,5.0,False,11.0,11,11.0,11,3.0,3.0,True,False,False
1097,2023,18,9,9.0,9,23,alexander-albon,williams,mercedes,pirelli,False,56.0,1:36:48.076,5808076.0,5.0,5000.0,+1:26.714,86714.0,,+12.329,12329.0,,2.0,False,18.0,18,15.0,15,6.0,2.0,False,False,False
1097,2023,18,10,10.0,10,2,logan-sargeant,williams,mercedes,pirelli,False,56.0,1:36:49.360,5809360.0,,,+1:27.998,87998.0,,+1.284,1284.0,,1.0,False,20.0,20,16.0,16,6.0,2.0,False,False,False
1097,2023,18,11,11.0,11,27,nico-hulkenberg,haas,ferrari,pirelli,False,56.0,1:36:51.266,5811266.0,,,+1:29.904,89904.0,,+1.906,1906.0,,,False,16.0,16,,PL,7.0,2.0,False,False,False
1097,2023,18,12,12.0,12,77,valtteri-bottas,alfa-romeo,ferrari,pirelli,False,56.0,1:36:59.963,5819963.0,,,+1:38.601,98601.0,,+8.697,8697.0,,,False,13.0,13,13.0,13,1.0,2.0,False,False,False
1097,2023,18,13,13.0,13,24,guanyu-zhou,alfa-romeo,ferrari,pirelli,False,55.0,,,,,+1 lap,,1.0,,,,,False,12.0,12,12.0,12,-1.0,2.0,False,False,False
1097,2023,18,14,14.0,14,20,kevin-magnussen,haas,ferrari,pirelli,False,55.0,,,,,+1 lap,,1.0,,,,,False,14.0,14,,PL,3.0,2.0,False,False,False
1097,2023,18,15,15.0,15,3,daniel-ricciardo,alphatauri,honda-rbpt,pirelli,False,55.0,,,,,+1 lap,,1.0,,,,,False,15.0,15,14.0,14,-1.0,2.0,False,False,False
1097,2023,18,16,,DNF,14,fernando-alonso,aston-martin,mercedes,pirelli,False,49.0,,,,,,,,,,Undertray,,False,17.0,17,,PL,,2.0,False,False,False
1097,2023,18,17,,DNF,81,oscar-piastri,mclaren,mercedes,pirelli,False,10.0,,,,,,,,,,Collision damage,,False,10.0,10,10.0,10,,0.0,False,False,False
1097,2023,18,18,,DNF,31,esteban-ocon,alpine,renault,pirelli,False,6.0,,,,,,,,,,Collision damage,,False,8.0,8,8.0,8,,0.0,False,False,False
1097,2023,18,19,,DSQ,44,lewis-hamilton,mercedes,mercedes,pirelli,False,56.0,1:35:23.587,5723587.0,,,+2.225,2225.0,,,,Illegal skid block wear,,False,3.0,3,3.0,3,,2.0,False,False,False
1097,2023,18,20,,DSQ,16,charles-leclerc,ferrari,ferrari,pirelli,False,56.0,1:35:46.024,5746024.0,,,+24.662,24662.0,,,,Illegal skid block wear,,True,1.0,1,1.0,1,,1.0,False,False,False
1098,2023,19,1,1.0,1,1,max-verstappen,red-bull,honda-rbpt,pirelli,False,71.0,2:02:30.814,7350814.0,,,,,,,,,25.0,False,3.0,3,3.0,3,2.0,3.0,False,False,False
1098,2023,19,2,2.0,2,44,lewis-hamilton,mercedes,mercedes,pirelli,False,71.0,2:02:44.689,7364689.0,,,+13.875,13875.0,,+13.875,13875.0,,19.0,False,6.0,6,6.0,6,4.0,2.0,True,False,False
1098,2023,19,3,3.0,3,16,charles-leclerc,ferrari,ferrari,pirelli,False,71.0,2:02:53.938,7373938.0,,,+23.124,23124.0,,+9.249,9249.0,,15.0,True,1.0,1,1.0,1,-2.0,2.0,False,False,False
1098,2023,19,4,4.0,4,55,carlos-sainz-jr,ferrari,ferrari,pirelli,False,71.0,2:02:57.968,7377968.0,,,+27.154,27154.0,,+4.030,4030.0,,12.0,False,2.0,2,2.0,2,-2.0,2.0,False,False,False
1098,2023,19,5,5.0,5,4,lando-norris,mclaren,mercedes,pirelli,False,71.0,2:03:04.080,7384080.0,,,+33.266,33266.0,,+6.112,6112.0,,10.0,False,19.0,19,17.0,17,12.0,3.0,False,True,False
1098,2023,19,6,6.0,6,63,george-russell,mercedes,mercedes,pirelli,False,71.0,2:03:11.834,7391834.0,,,+41.020,41020.0,,+7.754,7754.0,,8.0,False,8.0,8,8.0,8,2.0,2.0,False,False,False
1098,2023,19,7,7.0,7,3,daniel-ricciardo,alphatauri,honda-rbpt,pirelli,False,71.0,2:03:12.384,7392384.0,,,+41.570,41570.0,,+0.550,550.0,,6.0,False,4.0,4,4.0,4,-3.0,2.0,False,False,False
1098,2023,19,8,8.0,8,81,oscar-piastri,mclaren,mercedes,pirelli,False,71.0,2:03:13.918,7393918.0,,,+43.104,43104.0,,+1.534,1534.0,,4.0,False,7.0,7,7.0,7,-1.0,2.0,False,False,False
1098,2023,19,9,9.0,9,23,alexander-albon,williams,mercedes,pirelli,False,71.0,2:03:19.387,7399387.0,,,+48.573,48573.0,,+5.469,5469.0,,2.0,False,14.0,14,14.0,14,5.0,2.0,False,False,False
1098,2023,19,10,10.0,10,31,esteban-ocon,alpine,renault,pirelli,False,71.0,2:03:33.693,7413693.0,,,+1:02.879,62879.0,,+14.306,14306.0,,1.0,False,16.0,16,15.0,15,5.0,1.0,False,False,False
1098,2023,19,11,11.0,11,10,pierre-gasly,alpine,renault,pirelli,False,71.0,2:03:37.022,7417022.0,,,+1:06.208,66208.0,,+3.329,3329.0,,,False,11.0,11,11.0,11,0.0,2.0,False,False,False
1098,2023,19,12,12.0,12,22,yuki-tsunoda,alphatauri,honda-rbpt,pirelli,False,71.0,2:03:49.796,7429796.0,,,+1:18.982,78982.0,,+12.774,12774.0,,,False,15.0,15,18.0,18,6.0,2.0,False,False,False
1098,2023,19,13,13.0,13,27,nico-hulkenberg,haas,ferrari,pirelli,False,71.0,2:03:51.123,7431123.0,,,+1:20.309,80309.0,,+1.327,1327.0,,,False,12.0,12,12.0,12,-1.0,2.0,False,False,False
1098,2023,19,14,14.0,14,24,guanyu-zhou,alfa-romeo,ferrari,pirelli,False,71.0,2:03:52.490,7432490.0,,,+1:21.676,81676.0,,+1.367,1367.0,,,False,10.0,10,10.0,10,-4.0,2.0,False,False,False
1098,2023,19,15,15.0,15,77,valtteri-bottas,alfa-romeo,ferrari,pirelli,False,71.0,2:03:56.411,7436411.0,5.0,5000.0,+1:25.597,85597.0,,+3.921,3921.0,,,False,9.0,9,9.0,9,-6.0,2.0,False,False,False
1098,2023,19,16,16.0,16,2,logan-sargeant,williams,mercedes,pirelli,False,70.0,,,,,,,,,,Fuel pump,,False,,NC,19.0,19,3.0,2.0,False,False,False
1098,2023,19,17,17.0,17,18,lance-stroll,aston-martin,mercedes,pirelli,False,66.0,,,,,,,,,,Collision damage,,False,18.0,18,,PL,3.0,2.0,False,False,False
1098,2023,19,18,,DNF,14,fernando-alonso,aston-martin,mercedes,pirelli,False,47.0,,,,,,,,,,Collision damage,,False,13.0,13,13.0,13,,2.0,False,False,False
1098,2023,19,19,,DNF,20,kevin-magnussen,haas,ferrari,pirelli,False,31.0,,,,,,,,,,Suspension,,False,17.0,17,16.0,16,,1.0,False,False,False
1098,2023,19,20,,DNF,11,sergio-perez,red-bull,honda-rbpt,pirelli,False,1.0,,,,,,,,,,Collision damage,,False,5.0,5,5.0,5,,0.0,False,False,False
1099,2023,20,1,1.0,1,1,max-verstappen,red-bull,honda-rbpt,pirelli,False,71.0,1:56:48.894,7008894.0,,,,,,,,,25.0,True,1.0,1,1.0,1,0.0,4.0,False,False,False
1099,2023,20,2,2.0,2,4,lando-norris,mclaren,mercedes,pirelli,False,71.0,1:56:57.171,7017171.0,,,+8.277,8277.0,,+8.277,8277.0,,19.0,False,7.0,7,6.0,6,4.0,4.0,True,True,False
1099,2023,20,3,3.0,3,14,fernando-alonso,aston-martin,mercedes,pirelli,False,71.0,1:57:23.049,7043049.0,,,+34.155,34155.0,,+25.878,25878.0,,15.0,False,4.0,4,4.0,4,1.0,4.0,False,False,False
1099,2023,20,4,4.0,4,11,sergio-perez,red-bull,honda-rbpt,pirelli,False,71.0,1:57:23.102,7043102.0,,,+34.208,34208.0,,+0.053,53.0,,12.0,False,9.0,9,9.0,9,5.0,4.0,False,False,False
1099,2023,20,5,5.0,5,18,lance-stroll,aston-martin,mercedes,pirelli,False,71.0,1:57:29.739,7049739.0,,,+40.845,40845.0,,+6.637,6637.0,,10.0,False,3.0,3,3.0,3,-2.0,4.0,False,False,False
1099,2023,20,6,6.0,6,55,carlos-sainz-jr,ferrari,ferrari,pirelli,False,71.0,1:57:39.082,7059082.0,,,+50.188,50188.0,,+9.343,9343.0,,8.0,False,8.0,8,7.0,7,1.0,4.0,False,False,False
1099,2023,20,7,7.0,7,10,pierre-gasly,alpine,renault,pirelli,False,71.0,1:57:44.987,7064987.0,,,+56.093,56093.0,,+5.905,5905.0,,6.0,False,13.0,13,15.0,15,8.0,4.0,False,False,False
1099,2023,20,8,8.0,8,44,lewis-hamilton,mercedes,mercedes,pirelli,False,71.0,1:57:51.753,7071753.0,,,+1:02.859,62859.0,,+6.766,6766.0,,4.0,False,5.0,5,5.0,5,-3.0,4.0,False,False,False
1099,2023,20,9,9.0,9,22,yuki-tsunoda,alphatauri,honda-rbpt,pirelli,False,71.0,1:57:58.774,7078774.0,,,+1:09.880,69880.0,,+7.021,7021.0,,2.0,False,16.0,16,16.0,16,7.0,4.0,False,False,False
1099,2023,20,10,10.0,10,31,esteban-ocon,alpine,renault,pirelli,False,70.0,,,,,+1 lap,,1.0,,,,1.0,False,12.0,12,14.0,14,4.0,5.0,False,False,False
1099,2023,20,11,11.0,11,2,logan-sargeant,williams,mercedes,pirelli,False,70.0,,,,,+1 lap,,1.0,,,,,False,19.0,19,19.0,19,8.0,4.0,False,False,False
1099,2023,20,12,12.0,12,27,nico-hulkenberg,haas,ferrari,pirelli,False,70.0,,,,,+1 lap,,1.0,,,,,False,11.0,11,11.0,11,-1.0,4.0,False,False,False
1099,2023,20,13,13.0,13,3,daniel-ricciardo,alphatauri,honda-rbpt,pirelli,False,70.0,,,,,+1 lap,,1.0,,,,,False,17.0,17,17.0,17,4.0,4.0,False,False,False
1099,2023,20,14,14.0,14,81,oscar-piastri,mclaren,mercedes,pirelli,False,69.0,,,,,+2 laps,,2.0,,,,,False,10.0,10,10.0,10,-4.0,4.0,False,False,False
1099,2023,20,15,,DNF,63,george-russell,mercedes,mercedes,pirelli,False,57.0,,,,,,,,,,Overheating,,False,6.0,6,8.0,8,,4.0,False,False,False
1099,2023,20,16,,DNF,77,valtteri-bottas,alfa-romeo,ferrari,pirelli,False,39.0,,,,,,,,,,Hydraulics,,False,18.0,18,18.0,18,,3.0,False,False,False
1099,2023,20,17,,DNF,24,guanyu-zhou,alfa-romeo,ferrari,pirelli,False,22.0,,,,,,,,,,Engine,,False,20.0,20,20.0,20,,3.0,False,False,False
1099,2023,20,18,,DNF,20,kevin-magnussen,haas,ferrari,pirelli,False,0.0,,,,,,,,,,Collision,,False,14.0,14,12.0,12,,0.0,False,False,False
1099,2023,20,19,,DNF,23,alexander-albon,williams,mercedes,pirelli,False,0.0,,,,,,,,,,Collision,,False,15.0,15,13.0,13,,0.0,False,False,False
1099,2023,20,20,,DNS,16,charles-leclerc,ferrari,ferrari,pirelli,False,,,,,,,,,,,Hydraulics,,False,2.0,2,2.0,2,,0.0,False,False,False
1100,2023,21,1,1.0,1,1,max-verstappen,red-bull,honda-rbpt,pirelli,False,50.0,1:29:08.289,5348289.0,,,,,,,,,25.0,False,3.0,3,2.0,2,1.0,2.0,False,False,False
1100,2023,21,2,2.0,2,16,charles-leclerc,ferrari,ferrari,pirelli,False,50.0,1:29:10.359,5350359.0,,,+2.070,2070.0,,+2.070,2070.0,,18.0,True,1.0,1,1.0,1,-1.0,1.0,False,True,False
1100,2023,21,3,3.0,3,11,sergio-perez,red-bull,honda-rbpt,pirelli,False,50.0,1:29:10.530,5350530.0,,,+2.241,2241.0,,+0.171,171.0,,15.0,False,12.0,12,11.0,11,8.0,2.0,False,False,False
1100,2023,21,4,4.0,4,31,esteban-ocon,alpine,renault,pirelli,False,50.0,1:29:26.954,5366954.0,,,+18.665,18665.0,,+16.424,16424.0,,12.0,False,17.0,17,16.0,16,12.0,1.0,False,False,False
1100,2023,21,5,5.0,5,18,lance-stroll,aston-martin,mercedes,pirelli,False,50.0,1:29:28.356,5368356.0,,,+20.067,20067.0,,+1.402,1402.0,,10.0,False,14.0,14,19.0,19,14.0,2.0,False,False,False
1100,2023,21,6,6.0,6,55,carlos-sainz-jr,ferrari,ferrari,pirelli,False,50.0,1:29:29.123,5369123.0,,,+20.834,20834.0,,+0.767,767.0,,8.0,False,2.0,2,12.0,12,6.0,2.0,False,False,False
1100,2023,21,7,7.0,7,44,lewis-hamilton,mercedes,mercedes,pirelli,False,50.0,1:29:30.044,5370044.0,,,+21.755,21755.0,,+0.921,921.0,,6.0,False,11.0,11,10.0,10,3.0,2.0,False,False,False
1100,2023,21,8,8.0,8,63,george-russell,mercedes,mercedes,pirelli,False,50.0,1:29:31.380,5371380.0,5.0,5000.0,+23.091,23091.0,,+1.336,1336.0,,4.0,False,4.0,4,3.0,3,-5.0,2.0,False,False,False
1100,2023,21,9,9.0,9,14,fernando-alonso,aston-martin,mercedes,pirelli,False,50.0,1:29:34.253,5374253.0,,,+25.964,25964.0,,+2.873,2873.0,,2.0,False,10.0,10,9.0,9,0.0,2.0,False,False,False
1100,2023,21,10,10.0,10,81,oscar-piastri,mclaren,mercedes,pirelli,False,50.0,1:29:37.785,5377785.0,,,+29.496,29496.0,,+3.532,3532.0,,2.0,False,19.0,19,18.0,18,8.0,2.0,True,False,False
1100,2023,21,11,11.0,11,10,pierre-gasly,alpine,renault,pirelli,False,50.0,1:29:42.559,5382559.0,,,+34.270,34270.0,,+4.774,4774.0,,,False,5.0,5,4.0,4,-7.0,1.0,False,False,False
1100,2023,21,12,12.0,12,23,alexander-albon,williams,mercedes,pirelli,False,50.0,1:29:51.687,5391687.0,,,+43.398,43398.0,,+9.128,9128.0,,,False,6.0,6,5.0,5,-7.0,1.0,False,False,False
1100,2023,21,13,13.0,13,20,kevin-magnussen,haas,ferrari,pirelli,False,50.0,1:29:53.114,5393114.0,,,+44.825,44825.0,,+1.427,1427.0,,,False,9.0,9,8.0,8,-5.0,2.0,False,False,False
1100,2023,21,14,14.0,14,3,daniel-ricciardo,alphatauri,honda-rbpt,pirelli,False,50.0,1:29:56.814,5396814.0,,,+48.525,48525.0,,+3.700,3700.0,,,False,15.0,15,14.0,14,0.0,1.0,False,False,False
1100,2023,21,15,15.0,15,24,guanyu-zhou,alfa-romeo,ferrari,pirelli,False,50.0,1:29:58.451,5398451.0,,,+50.162,50162.0,,+1.637,1637.0,,,False,18.0,18,17.0,17,2.0,1.0,False,False,False
1100,2023,21,16,16.0,16,2,logan-sargeant,williams,mercedes,pirelli,False,50.0,1:29:59.171,5399171.0,,,+50.882,50882.0,,+0.720,720.0,,,False,7.0,7,6.0,6,-10.0,1.0,False,False,False
1100,2023,21,17,17.0,17,77,valtteri-bottas,alfa-romeo,ferrari,pirelli,False,50.0,1:30:33.639,5433639.0,,,+1:25.350,85350.0,,+34.468,34468.0,,,False,8.0,8,7.0,7,-10.0,2.0,False,False,False
1100,2023,21,18,18.0,18,22,yuki-tsunoda,alphatauri,honda-rbpt,pirelli,False,46.0,,,,,,,,,,Gearbox,,False,20.0,20,20.0,20,2.0,2.0,False,False,False
1100,2023,21,19,19.0,19,27,nico-hulkenberg,haas,ferrari,pirelli,False,45.0,,,,,,,,,,Engine,,False,13.0,13,13.0,13,-6.0,2.0,False,False,False
1100,2023,21,20,,DNF,4,lando-norris,mclaren,mercedes,pirelli,False,2.0,,,,,,,,,,Accident,,False,16.0,16,15.0,15,,0.0,False,False,False
1101,2023,22,1,1.0,1,1,max-verstappen,red-bull,honda-rbpt,pirelli,False,58.0,1:27:02.624,5222624.0,,,,,,,,,26.0,True,1.0,1,1.0,1,0.0,2.0,True,False,False
1101,2023,22,2,2.0,2,16,charles-leclerc,ferrari,ferrari,pirelli,False,58.0,1:27:20.617,5240617.0,,,+17.993,17993.0,,+17.993,17993.0,,18.0,False,2.0,2,2.0,2,0.0,2.0,False,False,False
1101,2023,22,3,3.0,3,63,george-russell,mercedes,mercedes,pirelli,False,58.0,1:27:22.952,5242952.0,,,+20.328,20328.0,,+2.335,2335.0,,15.0,False,4.0,4,4.0,4,1.0,2.0,False,False,False
1101,2023,22,4,4.0,4,11,sergio-perez,red-bull,honda-rbpt,pirelli,False,58.0,1:27:24.077,5244077.0,5.0,5000.0,+21.453,21453.0,,+1.125,1125.0,,12.0,False,9.0,9,9.0,9,5.0,2.0,False,False,False
1101,2023,22,5,5.0,5,4,lando-norris,mclaren,mercedes,pirelli,False,58.0,1:27:26.908,5246908.0,,,+24.284,24284.0,,+2.831,2831.0,,10.0,False,5.0,5,5.0,5,0.0,2.0,False,False,False
1101,2023,22,6,6.0,6,81,oscar-piastri,mclaren,mercedes,pirelli,False,58.0,1:27:34.111,5254111.0,,,+31.487,31487.0,,+7.203,7203.0,,8.0,False,3.0,3,3.0,3,-3.0,2.0,False,False,False
1101,2023,22,7,7.0,7,14,fernando-alonso,aston-martin,mercedes,pirelli,False,58.0,1:27:42.136,5262136.0,,,+39.512,39512.0,,+8.025,8025.0,,6.0,False,7.0,7,7.0,7,0.0,2.0,False,False,False
1101,2023,22,8,8.0,8,22,yuki-tsunoda,alphatauri,honda-rbpt,pirelli,False,58.0,1:27:45.712,5265712.0,,,+43.088,43088.0,,+3.576,3576.0,,4.0,False,6.0,6,6.0,6,-2.0,1.0,False,True,False
1101,2023,22,9,9.0,9,44,lewis-hamilton,mercedes,mercedes,pirelli,False,58.0,1:27:47.048,5267048.0,,,+44.424,44424.0,,+1.336,1336.0,,2.0,False,11.0,11,11.0,11,2.0,2.0,False,False,False
1101,2023,22,10,10.0,10,18,lance-stroll,aston-martin,mercedes,pirelli,False,58.0,1:27:58.256,5278256.0,,,+55.632,55632.0,,+11.208,11208.0,,1.0,False,13.0,13,13.0,13,3.0,2.0,False,False,False
1101,2023,22,11,11.0,11,3,daniel-ricciardo,alphatauri,honda-rbpt,pirelli,False,58.0,1:27:58.853,5278853.0,,,+56.229,56229.0,,+0.597,597.0,,,False,15.0,15,15.0,15,4.0,2.0,False,False,False
1101,2023,22,12,12.0,12,31,esteban-ocon,alpine,renault,pirelli,False,58.0,1:28:08.997,5288997.0,,,+1:06.373,66373.0,,+10.144,10144.0,,,False,12.0,12,12.0,12,0.0,1.0,False,False,False
1101,2023,22,13,13.0,13,10,pierre-gasly,alpine,renault,pirelli,False,58.0,1:28:12.984,5292984.0,,,+1:10.360,70360.0,,+3.987,3987.0,,,False,10.0,10,10.0,10,-3.0,2.0,False,False,False
1101,2023,22,14,14.0,14,23,alexander-albon,williams,mercedes,pirelli,False,58.0,1:28:15.808,5295808.0,,,+1:13.184,73184.0,,+2.824,2824.0,,,False,14.0,14,14.0,14,0.0,2.0,False,False,False
1101,2023,22,15,15.0,15,27,nico-hulkenberg,haas,ferrari,pirelli,False,58.0,1:28:26.320,5306320.0,,,+1:23.696,83696.0,,+10.512,10512.0,,,False,8.0,8,8.0,8,-7.0,2.0,False,False,False
1101,2023,22,16,16.0,16,2,logan-sargeant,williams,mercedes,pirelli,False,58.0,1:28:30.415,5310415.0,,,+1:27.791,87791.0,,+4.095,4095.0,,,False,,NC,20.0,20,4.0,2.0,False,False,False
1101,2023,22,17,17.0,17,24,guanyu-zhou,alfa-romeo,ferrari,pirelli,False,58.0,1:28:32.046,5312046.0,,,+1:29.422,89422.0,,+1.631,1631.0,,,False,19.0,19,19.0,19,2.0,2.0,False,False,False
1101,2023,22,18,18.0,18,55,carlos-sainz-jr,ferrari,ferrari,pirelli,False,57.0,,,,,,,,,,Engine,,False,16.0,16,16.0,16,-2.0,2.0,False,False,False
1101,2023,22,19,19.0,19,77,valtteri-bottas,alfa-romeo,ferrari,pirelli,False,57.0,,,,,+1 lap,,1.0,,,,,False,18.0,18,18.0,18,-1.0,1.0,False,False,False
1101,2023,22,20,20.0,20,20,kevin-magnussen,haas,ferrari,pirelli,False,57.0,,,,,+1 lap,,1.0,,,,,False,17.0,17,17.0,17,-3.0,2.0,False,False,False
1102,2024,1,1,1.0,1,1,max-verstappen,red-bull,honda-rbpt,pirelli,False,57.0,1:31:44.742,5504742.0,,,,,,,,,26.0,True,1.0,1,1.0,1,0.0,2.0,True,False,True
1102,2024,1,2,2.0,2,11,sergio-perez,red-bull,honda-rbpt,pirelli,False,57.0,1:32:07.199,5527199.0,,,+22.457,22457.0,,+22.457,22457.0,,18.0,False,5.0,5,5.0,5,3.0,2.0,False,False,False
1102,2024,1,3,3.0,3,55,carlos-sainz-jr,ferrari,ferrari,pirelli,False,57.0,1:32:09.852,5529852.0,,,+25.110,25110.0,,+2.653,2653.0,,15.0,False,4.0,4,4.0,4,1.0,2.0,False,True,False
1102,2024,1,4,4.0,4,16,charles-leclerc,ferrari,ferrari,pirelli,False,57.0,1:32:24.411,5544411.0,,,+39.669,39669.0,,+14.559,14559.0,,12.0,False,2.0,2,2.0,2,-2.0,2.0,False,False,False
1102,2024,1,5,5.0,5,63,george-russell,mercedes,mercedes,pirelli,False,57.0,1:32:31.530,5551530.0,,,+46.788,46788.0,,+7.119,7119.0,,10.0,False,3.0,3,3.0,3,-2.0,2.0,False,False,False
1102,2024,1,6,6.0,6,4,lando-norris,mclaren,mercedes,pirelli,False,57.0,1:32:33.200,5553200.0,,,+48.458,48458.0,,+1.670,1670.0,,8.0,False,7.0,7,7.0,7,1.0,2.0,False,False,False
1102,2024,1,7,7.0,7,44,lewis-hamilton,mercedes,mercedes,pirelli,False,57.0,1:32:35.066,5555066.0,,,+50.324,50324.0,,+1.866,1866.0,,6.0,False,9.0,9,9.0,9,2.0,2.0,False,False,False
1102,2024,1,8,8.0,8,81,oscar-piastri,mclaren,mercedes,pirelli,False,57.0,1:32:40.824,5560824.0,,,+56.082,56082.0,,+5.758,5758.0,,4.0,False,8.0,8,8.0,8,0.0,2.0,False,False,False
1102,2024,1,9,9.0,9,14,fernando-alonso,aston-martin,mercedes,pirelli,False,57.0,1:32:59.629,5579629.0,,,+1:14.887,74887.0,,+18.805,18805.0,,2.0,False,6.0,6,6.0,6,-3.0,2.0,False,False,False
1102,2024,1,10,10.0,10,18,lance-stroll,aston-martin,mercedes,pirelli,False,57.0,1:33:17.958,5597958.0,,,+1:33.216,93216.0,,+18.329,18329.0,,1.0,False,12.0,12,12.0,12,2.0,2.0,False,False,False
1102,2024,1,11,11.0,11,24,guanyu-zhou,kick-sauber,ferrari,pirelli,False,56.0,,,,,+1 lap,,1.0,,,,,False,17.0,17,17.0,17,6.0,2.0,False,False,False
1102,2024,1,12,12.0,12,20,kevin-magnussen,haas,ferrari,pirelli,False,56.0,,,,,+1 lap,,1.0,,,,,False,15.0,15,15.0,15,3.0,2.0,False,False,False
1102,2024,1,13,13.0,13,3,daniel-ricciardo,rb,honda-rbpt,pirelli,False,56.0,,,,,+1 lap,,1.0,,,,,False,14.0,14,14.0,14,1.0,2.0,False,False,False
1102,2024,1,14,14.0,14,22,yuki-tsunoda,rb,honda-rbpt,pirelli,False,56.0,,,,,+1 lap,,1.0,,,,,False,11.0,11,11.0,11,-3.0,2.0,False,False,False
1102,2024,1,15,15.0,15,23,alexander-albon,williams,mercedes,pirelli,False,56.0,,,,,+1 lap,,1.0,,,,,False,13.0,13,13.0,13,-2.0,2.0,False,False,False
1102,2024,1,16,16.0,16,27,nico-hulkenberg,haas,ferrari,pirelli,False,56.0,,,,,+1 lap,,1.0,,,,,False,10.0,10,10.0,10,-6.0,3.0,False,False,False
1102,2024,1,17,17.0,17,31,esteban-ocon,alpine,renault,pirelli,False,56.0,,,,,+1 lap,,1.0,,,,,False,19.0,19,19.0,19,2.0,2.0,False,False,False
1102,2024,1,18,18.0,18,10,pierre-gasly,alpine,renault,pirelli,False,56.0,,,,,+1 lap,,1.0,,,,,False,20.0,20,20.0,20,2.0,3.0,False,False,False
1102,2024,1,19,19.0,19,77,valtteri-bottas,kick-sauber,ferrari,pirelli,False,56.0,,,,,+1 lap,,1.0,,,,,False,16.0,16,16.0,16,-3.0,2.0,False,False,False
1102,2024,1,20,20.0,20,2,logan-sargeant,williams,mercedes,pirelli,False,55.0,,,,,+2 laps,,2.0,,,,,False,18.0,18,18.0,18,-2.0,3.0,False,False,False
1103,2024,2,1,1.0,1,1,max-verstappen,red-bull,honda-rbpt,pirelli,False,50.0,1:20:43.273,4843273.0,,,,,,,,,25.0,True,1.0,1,1.0,1,0.0,1.0,False,False,False
1103,2024,2,2,2.0,2,11,sergio-perez,red-bull,honda-rbpt,pirelli,False,50.0,1:20:56.916,4856916.0,5.0,5000.0,+13.643,13643.0,,+13.643,13643.0,,18.0,False,3.0,3,3.0,3,1.0,1.0,False,False,False
1103,2024,2,3,3.0,3,16,charles-leclerc,ferrari,ferrari,pirelli,False,50.0,1:21:01.912,4861912.0,,,+18.639,18639.0,,+4.996,4996.0,,16.0,False,2.0,2,2.0,2,-1.0,1.0,True,False,False
1103,2024,2,4,4.0,4,81,oscar-piastri,mclaren,mercedes,pirelli,False,50.0,1:21:15.280,4875280.0,,,+32.007,32007.0,,+13.368,13368.0,,12.0,False,5.0,5,5.0,5,1.0,1.0,False,False,False
1103,2024,2,5,5.0,5,14,fernando-alonso,aston-martin,mercedes,pirelli,False,50.0,1:21:19.032,4879032.0,,,+35.759,35759.0,,+3.752,3752.0,,10.0,False,4.0,4,4.0,4,-1.0,1.0,False,False,False
1103,2024,2,6,6.0,6,63,george-russell,mercedes,mercedes,pirelli,False,50.0,1:21:23.209,4883209.0,,,+39.936,39936.0,,+4.177,4177.0,,8.0,False,7.0,7,7.0,7,1.0,1.0,False,False,False
1103,2024,2,7,7.0,7,38,oliver-bearman,ferrari,ferrari,pirelli,False,50.0,1:21:25.952,4885952.0,,,+42.679,42679.0,,+2.743,2743.0,,6.0,False,11.0,11,11.0,11,4.0,1.0,False,True,False
1103,2024,2,8,8.0,8,4,lando-norris,mclaren,mercedes,pirelli,False,50.0,1:21:28.981,4888981.0,,,+45.708,45708.0,,+3.029,3029.0,,4.0,False,6.0,6,6.0,6,-2.0,1.0,False,False,False
1103,2024,2,9,9.0,9,44,lewis-hamilton,mercedes,mercedes,pirelli,False,50.0,1:21:30.664,4890664.0,,,+47.391,47391.0,,+1.683,1683.0,,2.0,False,8.0,8,8.0,8,-1.0,1.0,False,False,False
1103,2024,2,10,10.0,10,27,nico-hulkenberg,haas,ferrari,pirelli,False,50.0,1:22:00.269,4920269.0,,,+1:16.996,76996.0,,+29.605,29605.0,,1.0,False,15.0,15,15.0,15,5.0,1.0,False,False,False
1103,2024,2,11,11.0,11,23,alexander-albon,williams,mercedes,pirelli,False,50.0,1:22:11.627,4931627.0,,,+1:28.354,88354.0,,+11.358,11358.0,,,False,12.0,12,12.0,12,1.0,1.0,False,False,False
1103,2024,2,12,12.0,12,20,kevin-magnussen,haas,ferrari,pirelli,False,50.0,1:22:29.010,4949010.0,20.0,20000.0,+1:45.737,105737.0,,+17.383,17383.0,,,False,13.0,13,13.0,13,1.0,1.0,False,False,False
1103,2024,2,13,13.0,13,31,esteban-ocon,alpine,renault,pirelli,False,49.0,,,,,+1 lap,,1.0,,,,,False,17.0,17,17.0,17,4.0,1.0,False,False,False
1103,2024,2,14,14.0,14,2,logan-sargeant,williams,mercedes,pirelli,False,49.0,,,,,+1 lap,,1.0,,,,,False,19.0,19,19.0,19,5.0,1.0,False,False,False
1103,2024,2,15,15.0,15,22,yuki-tsunoda,rb,honda-rbpt,pirelli,False,49.0,,,5.0,5000.0,+1 lap,,1.0,,,,,False,9.0,9,9.0,9,-6.0,1.0,False,False,False
1103,2024,2,16,16.0,16,3,daniel-ricciardo,rb,honda-rbpt,pirelli,False,49.0,,,,,+1 lap,,1.0,,,,,False,14.0,14,14.0,14,-2.0,1.0,False,False,False
1103,2024,2,17,17.0,17,77,valtteri-bottas,kick-sauber,ferrari,pirelli,False,49.0,,,,,+1 lap,,1.0,,,,,False,16.0,16,16.0,16,-1.0,2.0,False,False,False
1103,2024,2,18,18.0,18,24,guanyu-zhou,kick-sauber,ferrari,pirelli,False,49.0,,,,,+1 lap,,1.0,,,,,False,,NC,20.0,20,2.0,1.0,False,False,False
1103,2024,2,19,,DNF,18,lance-stroll,aston-martin,mercedes,pirelli,False,5.0,,,,,,,,,,Accident,,False,10.0,10,10.0,10,,0.0,False,False,False
1103,2024,2,20,,DNF,10,pierre-gasly,alpine,renault,pirelli,False,1.0,,,,,,,,,,Gearbox,,False,18.0,18,18.0,18,,0.0,False,False,False
1104,2024,3,1,1.0,1,55,carlos-sainz-jr,ferrari,ferrari,pirelli,False,58.0,1:20:26.843,4826843.0,,,,,,,,,25.0,False,2.0,2,2.0,2,1.0,2.0,False,True,False
1104,2024,3,2,2.0,2,16,charles-leclerc,ferrari,ferrari,pirelli,False,58.0,1:20:29.209,4829209.0,,,+2.366,2366.0,,+2.366,2366.0,,19.0,False,5.0,5,4.0,4,2.0,2.0,True,False,False
1104,2024,3,3,3.0,3,4,lando-norris,mclaren,mercedes,pirelli,False,58.0,1:20:32.747,4832747.0,,,+5.904,5904.0,,+3.538,3538.0,,15.0,False,4.0,4,3.0,3,0.0,2.0,False,False,False
1104,2024,3,4,4.0,4,81,oscar-piastri,mclaren,mercedes,pirelli,False,58.0,1:21:02.613,4862613.0,,,+35.770,35770.0,,+29.866,29866.0,,12.0,False,6.0,6,5.0,5,1.0,2.0,False,False,False
1104,2024,3,5,5.0,5,11,sergio-perez,red-bull,honda-rbpt,pirelli,False,58.0,1:21:23.152,4883152.0,,,+56.309,56309.0,,+20.539,20539.0,,10.0,False,3.0,3,6.0,6,1.0,2.0,False,False,False
1104,2024,3,6,6.0,6,18,lance-stroll,aston-martin,mercedes,pirelli,False,58.0,1:22:00.065,4920065.0,,,+1:33.222,93222.0,,+36.913,36913.0,,8.0,False,9.0,9,9.0,9,3.0,2.0,False,False,False
1104,2024,3,7,7.0,7,22,yuki-tsunoda,rb,honda-rbpt,pirelli,False,58.0,1:22:02.444,4922444.0,,,+1:35.601,95601.0,,+2.379,2379.0,,6.0,False,8.0,8,8.0,8,1.0,2.0,False,False,False
1104,2024,3,8,8.0,8,14,fernando-alonso,aston-martin,mercedes,pirelli,False,58.0,1:22:07.835,4927835.0,20.0,20000.0,+1:40.992,100992.0,,+5.391,5391.0,,4.0,False,10.0,10,10.0,10,2.0,2.0,False,False,False
1104,2024,3,9,9.0,9,27,nico-hulkenberg,haas,ferrari,pirelli,False,58.0,1:22:11.396,4931396.0,,,+1:44.553,104553.0,,+3.561,3561.0,,2.0,False,16.0,16,16.0,16,7.0,2.0,False,False,False
1104,2024,3,10,10.0,10,20,kevin-magnussen,haas,ferrari,pirelli,False,57.0,,,,,+1 lap,,1.0,,,,1.0,False,14.0,14,14.0,14,4.0,2.0,False,False,False
1104,2024,3,11,11.0,11,23,alexander-albon,williams,mercedes,pirelli,False,57.0,,,,,+1 lap,,1.0,,,,,False,12.0,12,12.0,12,1.0,2.0,False,False,False
1104,2024,3,12,12.0,12,3,daniel-ricciardo,rb,honda-rbpt,pirelli,False,57.0,,,,,+1 lap,,1.0,,,,,False,18.0,18,18.0,18,6.0,2.0,False,False,False
1104,2024,3,13,13.0,13,10,pierre-gasly,alpine,renault,pirelli,False,57.0,,,5.0,5000.0,+1 lap,,1.0,,,,,False,17.0,17,17.0,17,4.0,2.0,False,False,False
1104,2024,3,14,14.0,14,77,valtteri-bottas,kick-sauber,ferrari,pirelli,False,57.0,,,,,+1 lap,,1.0,,,,,False,13.0,13,13.0,13,-1.0,2.0,False,False,False
1104,2024,3,15,15.0,15,24,guanyu-zhou,kick-sauber,ferrari,pirelli,False,57.0,,,,,+1 lap,,1.0,,,,,False,19.0,19,,PL,4.0,2.0,False,False,False
1104,2024,3,16,16.0,16,31,esteban-ocon,alpine,renault,pirelli,False,57.0,,,,,+1 lap,,1.0,,,,,False,15.0,15,15.0,15,-1.0,3.0,False,False,False
1104,2024,3,17,17.0,17,63,george-russell,mercedes,mercedes,pirelli,False,56.0,,,,,,,,,,Accident,,False,7.0,7,7.0,7,-10.0,2.0,False,False,False
1104,2024,3,18,,DNF,44,lewis-hamilton,mercedes,mercedes,pirelli,False,15.0,,,,,,,,,,Power unit,,False,11.0,11,11.0,11,,1.0,False,False,False
1104,2024,3,19,,DNF,1,max-verstappen,red-bull,honda-rbpt,pirelli,False,3.0,,,,,,,,,,Brakes,,True,1.0,1,1.0,1,,0.0,False,False,False
1105,2024,4,1,1.0,1,1,max-verstappen,red-bull,honda-rbpt,pirelli,False,53.0,1:54:23.566,6863566.0,,,,,,,,,26.0,True,1.0,1,1.0,1,0.0,3.0,True,False,False
1105,2024,4,2,2.0,2,11,sergio-perez,red-bull,honda-rbpt,pirelli,False,53.0,1:54:36.101,6876101.0,,,+12.535,12535.0,,+12.535,12535.0,,18.0,False,2.0,2,2.0,2,0.0,3.0,False,False,False
1105,2024,4,3,3.0,3,55,carlos-sainz-jr,ferrari,ferrari,pirelli,False,53.0,1:54:44.432,6884432.0,,,+20.866,20866.0,,+8.331,8331.0,,15.0,False,4.0,4,4.0,4,1.0,3.0,False,False,False
1105,2024,4,4,4.0,4,16,charles-leclerc,ferrari,ferrari,pirelli,False,53.0,1:54:50.088,6890088.0,,,+26.522,26522.0,,+5.656,5656.0,,12.0,False,8.0,8,8.0,8,4.0,2.0,False,True,False
1105,2024,4,5,5.0,5,4,lando-norris,mclaren,mercedes,pirelli,False,53.0,1:54:53.266,6893266.0,,,+29.700,29700.0,,+3.178,3178.0,,10.0,False,3.0,3,3.0,3,-2.0,3.0,False,False,False
1105,2024,4,6,6.0,6,14,fernando-alonso,aston-martin,mercedes,pirelli,False,53.0,1:55:07.838,6907838.0,,,+44.272,44272.0,,+14.572,14572.0,,8.0,False,5.0,5,5.0,5,-1.0,3.0,False,False,False
1105,2024,4,7,7.0,7,63,george-russell,mercedes,mercedes,pirelli,False,53.0,1:55:09.517,6909517.0,,,+45.951,45951.0,,+1.679,1679.0,,6.0,False,9.0,9,9.0,9,2.0,3.0,False,False,False
1105,2024,4,8,8.0,8,81,oscar-piastri,mclaren,mercedes,pirelli,False,53.0,1:55:11.091,6911091.0,,,+47.525,47525.0,,+1.574,1574.0,,4.0,False,6.0,6,6.0,6,-2.0,3.0,False,False,False
1105,2024,4,9,9.0,9,44,lewis-hamilton,mercedes,mercedes,pirelli,False,53.0,1:55:12.192,6912192.0,,,+48.626,48626.0,,+1.101,1101.0,,2.0,False,7.0,7,7.0,7,-2.0,3.0,False,False,False
1105,2024,4,10,10.0,10,22,yuki-tsunoda,rb,honda-rbpt,pirelli,False,52.0,,,,,+1 lap,,1.0,,,,1.0,False,10.0,10,10.0,10,0.0,3.0,False,False,False
1105,2024,4,11,11.0,11,27,nico-hulkenberg,haas,ferrari,pirelli,False,52.0,,,,,+1 lap,,1.0,,,,,False,12.0,12,12.0,12,1.0,3.0,False,False,False
1105,2024,4,12,12.0,12,18,lance-stroll,aston-martin,mercedes,pirelli,False,52.0,,,,,+1 lap,,1.0,,,,,False,16.0,16,16.0,16,4.0,4.0,False,False,False
1105,2024,4,13,13.0,13,20,kevin-magnussen,haas,ferrari,pirelli,False,52.0,,,,,+1 lap,,1.0,,,,,False,18.0,18,18.0,18,5.0,2.0,False,False,False
1105,2024,4,14,14.0,14,77,valtteri-bottas,kick-sauber,ferrari,pirelli,False,52.0,,,,,+1 lap,,1.0,,,,,False,13.0,13,13.0,13,-1.0,3.0,False,False,False
1105,2024,4,15,15.0,15,31,esteban-ocon,alpine,renault,pirelli,False,52.0,,,,,+1 lap,,1.0,,,,,False,15.0,15,15.0,15,0.0,3.0,False,False,False
1105,2024,4,16,16.0,16,10,pierre-gasly,alpine,renault,pirelli,False,52.0,,,,,+1 lap,,1.0,,,,,False,17.0,17,17.0,17,1.0,3.0,False,False,False
1105,2024,4,17,17.0,17,2,logan-sargeant,williams,mercedes,pirelli,False,52.0,,,,,+1 lap,,1.0,,,,,False,19.0,19,19.0,19,2.0,4.0,False,False,False
1105,2024,4,18,,DNF,24,guanyu-zhou,kick-sauber,ferrari,pirelli,False,12.0,,,,,,,,,,Gearbox,,False,20.0,20,20.0,20,,3.0,False,False,False
1105,2024,4,19,,DNF,3,daniel-ricciardo,rb,honda-rbpt,pirelli,False,0.0,,,,,,,,,,Collision,,False,11.0,11,11.0,11,,0.0,False,False,False
1105,2024,4,20,,DNF,23,alexander-albon,williams,mercedes,pirelli,False,0.0,,,,,,,,,,Collision,,False,14.0,14,14.0,14,,0.0,False,False,False
1106,2024,5,1,1.0,1,1,max-verstappen,red-bull,honda-rbpt,pirelli,False,56.0,1:40:52.554,6052554.0,,,,,,,,,25.0,True,1.0,1,1.0,1,0.0,2.0,False,False,False
1106,2024,5,2,2.0,2,4,lando-norris,mclaren,mercedes,pirelli,False,56.0,1:41:06.327,6066327.0,,,+13.773,13773.0,,+13.773,13773.0,,18.0,False,4.0,4,4.0,4,2.0,1.0,False,True,False
1106,2024,5,3,3.0,3,11,sergio-perez,red-bull,honda-rbpt,pirelli,False,56.0,1:41:11.714,6071714.0,,,+19.160,19160.0,,+5.387,5387.0,,15.0,False,2.0,2,2.0,2,-1.0,2.0,False,False,False
1106,2024,5,4,4.0,4,16,charles-leclerc,ferrari,ferrari,pirelli,False,56.0,1:41:16.177,6076177.0,,,+23.623,23623.0,,+4.463,4463.0,,12.0,False,6.0,6,6.0,6,2.0,1.0,False,False,False
1106,2024,5,5,5.0,5,55,carlos-sainz-jr,ferrari,ferrari,pirelli,False,56.0,1:41:26.537,6086537.0,,,+33.983,33983.0,,+10.360,10360.0,,10.0,False,7.0,7,7.0,7,2.0,1.0,False,False,False
1106,2024,5,6,6.0,6,63,george-russell,mercedes,mercedes,pirelli,False,56.0,1:41:31.278,6091278.0,,,+38.724,38724.0,,+4.741,4741.0,,8.0,False,8.0,8,8.0,8,2.0,2.0,False,False,False
1106,2024,5,7,7.0,7,14,fernando-alonso,aston-martin,mercedes,pirelli,False,56.0,1:41:35.968,6095968.0,,,+43.414,43414.0,,+4.690,4690.0,,7.0,False,3.0,3,3.0,3,-4.0,3.0,True,False,False
1106,2024,5,8,8.0,8,81,oscar-piastri,mclaren,mercedes,pirelli,False,56.0,1:41:48.752,6108752.0,,,+56.198,56198.0,,+12.784,12784.0,,4.0,False,5.0,5,5.0,5,-3.0,2.0,False,False,False
1106,2024,5,9,9.0,9,44,lewis-hamilton,mercedes,mercedes,pirelli,False,56.0,1:41:50.540,6110540.0,,,+57.986,57986.0,,+1.788,1788.0,,2.0,False,18.0,18,18.0,18,9.0,2.0,False,False,False
1106,2024,5,10,10.0,10,27,nico-hulkenberg,haas,ferrari,pirelli,False,56.0,1:41:53.030,6113030.0,,,+1:00.476,60476.0,,+2.490,2490.0,,1.0,False,9.0,9,9.0,9,-1.0,2.0,False,False,False
1106,2024,5,11,11.0,11,31,esteban-ocon,alpine,renault,pirelli,False,56.0,1:41:55.366,6115366.0,,,+1:02.812,62812.0,,+2.336,2336.0,,,False,13.0,13,13.0,13,2.0,2.0,False,False,False
1106,2024,5,12,12.0,12,23,alexander-albon,williams,mercedes,pirelli,False,56.0,1:41:58.060,6118060.0,,,+1:05.506,65506.0,,+2.694,2694.0,,,False,14.0,14,14.0,14,2.0,2.0,False,False,False
1106,2024,5,13,13.0,13,10,pierre-gasly,alpine,renault,pirelli,False,56.0,1:42:01.777,6121777.0,,,+1:09.223,69223.0,,+3.717,3717.0,,,False,15.0,15,15.0,15,2.0,3.0,False,False,False
1106,2024,5,14,14.0,14,24,guanyu-zhou,kick-sauber,ferrari,pirelli,False,56.0,1:42:04.243,6124243.0,,,+1:11.689,71689.0,,+2.466,2466.0,,,False,16.0,16,16.0,16,2.0,3.0,False,False,False
1106,2024,5,15,15.0,15,18,lance-stroll,aston-martin,mercedes,pirelli,False,56.0,1:42:15.340,6135340.0,,,+1:22.786,82786.0,,+11.097,11097.0,,,False,11.0,11,11.0,11,-4.0,4.0,False,False,False
1106,2024,5,16,16.0,16,20,kevin-magnussen,haas,ferrari,pirelli,False,56.0,1:42:20.087,6140087.0,10.0,10000.0,+1:27.533,87533.0,,+4.747,4747.0,,,False,17.0,17,17.0,17,1.0,2.0,False,False,False
1106,2024,5,17,17.0,17,2,logan-sargeant,williams,mercedes,pirelli,False,56.0,1:42:27.664,6147664.0,10.0,10000.0,+1:35.110,95110.0,,+7.577,7577.0,,,False,20.0,20,,PL,3.0,2.0,False,False,False
1106,2024,5,18,,DNF,3,daniel-ricciardo,rb,honda-rbpt,pirelli,False,33.0,,,,,,,,,,Collision damage,,False,12.0,12,12.0,12,,1.0,False,False,False
1106,2024,5,19,,DNF,22,yuki-tsunoda,rb,honda-rbpt,pirelli,False,26.0,,,,,,,,,,Collision,,False,19.0,19,19.0,19,,2.0,False,False,False
1106,2024,5,20,,DNF,77,valtteri-bottas,kick-sauber,ferrari,pirelli,False,19.0,,,,,,,,,,Engine,,False,10.0,10,10.0,10,,1.0,False,False,False
1107,2024,6,1,1.0,1,4,lando-norris,mclaren,mercedes,pirelli,False,57.0,1:30:49.876,5449876.0,,,,,,,,,25.0,False,5.0,5,5.0,5,4.0,1.0,False,True,False
1107,2024,6,2,2.0,2,1,max-verstappen,red-bull,honda-rbpt,pirelli,False,57.0,1:30:57.488,5457488.0,,,+7.612,7612.0,,+7.612,7612.0,,18.0,True,1.0,1,1.0,1,-1.0,1.0,False,False,False
1107,2024,6,3,3.0,3,16,charles-leclerc,ferrari,ferrari,pirelli,False,57.0,1:30:59.796,5459796.0,,,+9.920,9920.0,,+2.308,2308.0,,15.0,False,2.0,2,2.0,2,-1.0,1.0,False,False,False
1107,2024,6,4,4.0,4,11,sergio-perez,red-bull,honda-rbpt,pirelli,False,57.0,1:31:04.526,5464526.0,,,+14.650,14650.0,,+4.730,4730.0,,12.0,False,4.0,4,4.0,4,0.0,2.0,False,False,False
1107,2024,6,5,5.0,5,55,carlos-sainz-jr,ferrari,ferrari,pirelli,False,57.0,1:31:06.283,5466283.0,5.0,5000.0,+16.407,16407.0,,+1.757,1757.0,,10.0,False,3.0,3,3.0,3,-2.0,1.0,False,False,False
1107,2024,6,6,6.0,6,44,lewis-hamilton,mercedes,mercedes,pirelli,False,57.0,1:31:06.461,5466461.0,,,+16.585,16585.0,,+0.178,178.0,,8.0,False,8.0,8,8.0,8,2.0,1.0,False,False,False
1107,2024,6,7,7.0,7,22,yuki-tsunoda,rb,honda-rbpt,pirelli,False,57.0,1:31:16.061,5476061.0,,,+26.185,26185.0,,+9.600,9600.0,,6.0,False,10.0,10,10.0,10,3.0,1.0,False,False,False
1107,2024,6,8,8.0,8,63,george-russell,mercedes,mercedes,pirelli,False,57.0,1:31:24.665,5484665.0,,,+34.789,34789.0,,+8.604,8604.0,,4.0,False,7.0,7,7.0,7,-1.0,1.0,False,False,False
1107,2024,6,9,9.0,9,14,fernando-alonso,aston-martin,mercedes,pirelli,False,57.0,1:31:26.983,5486983.0,,,+37.107,37107.0,,+2.318,2318.0,,2.0,False,15.0,15,15.0,15,6.0,1.0,False,False,False
1107,2024,6,10,10.0,10,31,esteban-ocon,alpine,renault,pirelli,False,57.0,1:31:29.622,5489622.0,,,+39.746,39746.0,,+2.639,2639.0,,1.0,False,13.0,13,13.0,13,3.0,1.0,False,False,False
1107,2024,6,11,11.0,11,27,nico-hulkenberg,haas,ferrari,pirelli,False,57.0,1:31:30.665,5490665.0,,,+40.789,40789.0,,+1.043,1043.0,,,False,9.0,9,9.0,9,-2.0,2.0,False,False,False
1107,2024,6,12,12.0,12,10,pierre-gasly,alpine,renault,pirelli,False,57.0,1:31:34.834,5494834.0,,,+44.958,44958.0,,+4.169,4169.0,,,False,12.0,12,12.0,12,0.0,1.0,False,False,False
1107,2024,6,13,13.0,13,81,oscar-piastri,mclaren,mercedes,pirelli,False,57.0,1:31:39.632,5499632.0,,,+49.756,49756.0,,+4.798,4798.0,,,False,6.0,6,6.0,6,-7.0,2.0,True,False,False
1107,2024,6,14,14.0,14,24,guanyu-zhou,kick-sauber,ferrari,pirelli,False,57.0,1:31:39.855,5499855.0,,,+49.979,49979.0,,+0.223,223.0,,,False,20.0,20,19.0,19,5.0,1.0,False,False,False
1107,2024,6,15,15.0,15,3,daniel-ricciardo,rb,honda-rbpt,pirelli,False,57.0,1:31:40.832,5500832.0,,,+50.956,50956.0,,+0.977,977.0,,,False,18.0,18,20.0,20,5.0,1.0,False,False,False
1107,2024,6,16,16.0,16,77,valtteri-bottas,kick-sauber,ferrari,pirelli,False,57.0,1:31:42.232,5502232.0,,,+52.356,52356.0,,+1.400,1400.0,,,False,16.0,16,16.0,16,0.0,2.0,False,False,False
1107,2024,6,17,17.0,17,18,lance-stroll,aston-martin,mercedes,pirelli,False,57.0,1:31:45.049,5505049.0,10.0,10000.0,+55.173,55173.0,,+2.817,2817.0,,,False,11.0,11,11.0,11,-6.0,2.0,False,False,False
1107,2024,6,18,18.0,18,23,alexander-albon,williams,mercedes,pirelli,False,57.0,1:32:05.967,5525967.0,,,+1:16.091,76091.0,,+20.918,20918.0,,,False,14.0,14,14.0,14,-4.0,2.0,False,False,False
1107,2024,6,19,19.0,19,20,kevin-magnussen,haas,ferrari,pirelli,False,57.0,1:32:14.559,5534559.0,30.0,30000.0,+1:24.683,84683.0,,+8.592,8592.0,,,False,19.0,19,18.0,18,-1.0,3.0,False,False,False
1107,2024,6,20,,DNF,2,logan-sargeant,williams,mercedes,pirelli,False,27.0,,,,,,,,,,Collision,,False,17.0,17,17.0,17,,1.0,False,False,False
1108,2024,7,1,1.0,1,1,max-verstappen,red-bull,honda-rbpt,pirelli,False,63.0,1:25:25.252,5125252.0,,,,,,,,,25.0,True,1.0,1,1.0,1,0.0,1.0,False,False,False
1108,2024,7,2,2.0,2,4,lando-norris,mclaren,mercedes,pirelli,False,63.0,1:25:25.977,5125977.0,,,+0.725,725.0,,+0.725,725.0,,18.0,False,3.0,3,2.0,2,0.0,1.0,False,True,False
1108,2024,7,3,3.0,3,16,charles-leclerc,ferrari,ferrari,pirelli,False,63.0,1:25:33.168,5133168.0,,,+7.916,7916.0,,+7.191,7191.0,,15.0,False,4.0,4,3.0,3,0.0,1.0,False,False,False
1108,2024,7,4,4.0,4,81,oscar-piastri,mclaren,mercedes,pirelli,False,63.0,1:25:39.384,5139384.0,,,+14.132,14132.0,,+6.216,6216.0,,12.0,False,2.0,2,5.0,5,1.0,1.0,False,False,False
1108,2024,7,5,5.0,5,55,carlos-sainz-jr,ferrari,ferrari,pirelli,False,63.0,1:25:47.577,5147577.0,,,+22.325,22325.0,,+8.193,8193.0,,10.0,False,5.0,5,4.0,4,-1.0,1.0,False,False,False
1108,2024,7,6,6.0,6,44,lewis-hamilton,mercedes,mercedes,pirelli,False,63.0,1:26:00.356,5160356.0,,,+35.104,35104.0,,+12.779,12779.0,,8.0,False,8.0,8,8.0,8,2.0,1.0,False,False,False
1108,2024,7,7,7.0,7,63,george-russell,mercedes,mercedes,pirelli,False,63.0,1:26:12.406,5172406.0,,,+47.154,47154.0,,+12.050,12050.0,,7.0,False,6.0,6,6.0,6,-1.0,2.0,True,False,False
1108,2024,7,8,8.0,8,11,sergio-perez,red-bull,honda-rbpt,pirelli,False,63.0,1:26:20.028,5180028.0,,,+54.776,54776.0,,+7.622,7622.0,,4.0,False,11.0,11,11.0,11,3.0,1.0,False,False,False
1108,2024,7,9,9.0,9,18,lance-stroll,aston-martin,mercedes,pirelli,False,63.0,1:26:44.808,5204808.0,,,+1:19.556,79556.0,,+24.780,24780.0,,2.0,False,13.0,13,13.0,13,4.0,1.0,False,False,False
1108,2024,7,10,10.0,10,22,yuki-tsunoda,rb,honda-rbpt,pirelli,False,62.0,,,,,+1 lap,,1.0,,,,1.0,False,7.0,7,7.0,7,-3.0,1.0,False,False,False
1108,2024,7,11,11.0,11,27,nico-hulkenberg,haas,ferrari,pirelli,False,62.0,,,,,+1 lap,,1.0,,,,,False,10.0,10,10.0,10,-1.0,1.0,False,False,False
1108,2024,7,12,12.0,12,20,kevin-magnussen,haas,ferrari,pirelli,False,62.0,,,,,+1 lap,,1.0,,,,,False,18.0,18,18.0,18,6.0,1.0,False,False,False
1108,2024,7,13,13.0,13,3,daniel-ricciardo,rb,honda-rbpt,pirelli,False,62.0,,,,,+1 lap,,1.0,,,,,False,9.0,9,9.0,9,-4.0,1.0,False,False,False
1108,2024,7,14,14.0,14,31,esteban-ocon,alpine,renault,pirelli,False,62.0,,,,,+1 lap,,1.0,,,,,False,12.0,12,12.0,12,-2.0,1.0,False,False,False
1108,2024,7,15,15.0,15,24,guanyu-zhou,kick-sauber,ferrari,pirelli,False,62.0,,,,,+1 lap,,1.0,,,,,False,17.0,17,17.0,17,2.0,1.0,False,False,False
1108,2024,7,16,16.0,16,10,pierre-gasly,alpine,renault,pirelli,False,62.0,,,,,+1 lap,,1.0,,,,,False,15.0,15,15.0,15,-1.0,2.0,False,False,False
1108,2024,7,17,17.0,17,2,logan-sargeant,williams,mercedes,pirelli,False,62.0,,,,,+1 lap,,1.0,,,,,False,,NC,19.0,19,2.0,1.0,False,False,False
1108,2024,7,18,18.0,18,77,valtteri-bottas,kick-sauber,ferrari,pirelli,False,62.0,,,,,+1 lap,,1.0,,,,,False,16.0,16,16.0,16,-2.0,1.0,False,False,False
1108,2024,7,19,19.0,19,14,fernando-alonso,aston-martin,mercedes,pirelli,False,62.0,,,,,+1 lap,,1.0,,,,,False,19.0,19,,PL,1.0,3.0,False,False,False
1108,2024,7,20,,DNF,23,alexander-albon,williams,mercedes,pirelli,False,51.0,,,,,,,,,,Withdrew,,False,14.0,14,14.0,14,,4.0,False,False,False
1109,2024,8,1,1.0,1,16,charles-leclerc,ferrari,ferrari,pirelli,False,78.0,2:23:15.554,8595554.0,,,,,,,,,25.0,True,1.0,1,1.0,1,0.0,1.0,False,True,False
1109,2024,8,2,2.0,2,81,oscar-piastri,mclaren,mercedes,pirelli,False,78.0,2:23:22.706,8602706.0,,,+7.152,7152.0,,+7.152,7152.0,,18.0,False,2.0,2,2.0,2,0.0,1.0,False,False,False
1109,2024,8,3,3.0,3,55,carlos-sainz-jr,ferrari,ferrari,pirelli,False,78.0,2:23:23.139,8603139.0,,,+7.585,7585.0,,+0.433,433.0,,15.0,False,3.0,3,3.0,3,0.0,1.0,False,False,False
1109,2024,8,4,4.0,4,4,lando-norris,mclaren,mercedes,pirelli,False,78.0,2:23:24.204,8604204.0,,,+8.650,8650.0,,+1.065,1065.0,,12.0,False,4.0,4,4.0,4,0.0,1.0,False,False,False
1109,2024,8,5,5.0,5,63,george-russell,mercedes,mercedes,pirelli,False,78.0,2:23:28.863,8608863.0,,,+13.309,13309.0,,+4.659,4659.0,,10.0,False,5.0,5,5.0,5,0.0,1.0,False,False,False
1109,2024,8,6,6.0,6,1,max-verstappen,red-bull,honda-rbpt,pirelli,False,78.0,2:23:29.407,8609407.0,,,+13.853,13853.0,,+0.544,544.0,,8.0,False,6.0,6,6.0,6,0.0,2.0,False,False,False
1109,2024,8,7,7.0,7,44,lewis-hamilton,mercedes,mercedes,pirelli,False,78.0,2:23:30.462,8610462.0,,,+14.908,14908.0,,+1.055,1055.0,,7.0,False,7.0,7,7.0,7,0.0,2.0,True,False,False
1109,2024,8,8,8.0,8,22,yuki-tsunoda,rb,honda-rbpt,pirelli,False,77.0,,,,,+1 lap,,1.0,,,,4.0,False,8.0,8,8.0,8,0.0,1.0,False,False,False
1109,2024,8,9,9.0,9,23,alexander-albon,williams,mercedes,pirelli,False,77.0,,,,,+1 lap,,1.0,,,,2.0,False,9.0,9,9.0,9,0.0,1.0,False,False,False
1109,2024,8,10,10.0,10,10,pierre-gasly,alpine,renault,pirelli,False,77.0,,,,,+1 lap,,1.0,,,,1.0,False,10.0,10,10.0,10,0.0,1.0,False,False,False
1109,2024,8,11,11.0,11,14,fernando-alonso,aston-martin,mercedes,pirelli,False,76.0,,,,,+2 laps,,2.0,,,,,False,14.0,14,14.0,14,3.0,1.0,False,False,False
1109,2024,8,12,12.0,12,3,daniel-ricciardo,rb,honda-rbpt,pirelli,False,76.0,,,,,+2 laps,,2.0,,,,,False,12.0,12,12.0,12,0.0,1.0,False,False,False
1109,2024,8,13,13.0,13,77,valtteri-bottas,kick-sauber,ferrari,pirelli,False,76.0,,,,,+2 laps,,2.0,,,,,False,17.0,17,17.0,17,4.0,2.0,False,False,False
1109,2024,8,14,14.0,14,18,lance-stroll,aston-martin,mercedes,pirelli,False,76.0,,,,,+2 laps,,2.0,,,,,False,13.0,13,13.0,13,-1.0,3.0,False,False,False
1109,2024,8,15,15.0,15,2,logan-sargeant,williams,mercedes,pirelli,False,76.0,,,,,+2 laps,,2.0,,,,,False,15.0,15,15.0,15,0.0,2.0,False,False,False
1109,2024,8,16,16.0,16,24,guanyu-zhou,kick-sauber,ferrari,pirelli,False,76.0,,,,,+2 laps,,2.0,,,,,False,18.0,18,18.0,18,2.0,2.0,False,False,False
1109,2024,8,17,,DNF,31,esteban-ocon,alpine,renault,pirelli,False,0.0,,,,,,,,,,Collision damage,,False,11.0,11,11.0,11,,0.0,False,False,False
1109,2024,8,18,,DNF,11,sergio-perez,red-bull,honda-rbpt,pirelli,False,0.0,,,,,,,,,,Collision,,False,16.0,16,16.0,16,,0.0,False,False,False
1109,2024,8,19,,DNF,27,nico-hulkenberg,haas,ferrari,pirelli,False,0.0,,,,,,,,,,Collision,,False,,DSQ,19.0,19,,0.0,False,False,False
1109,2024,8,20,,DNF,20,kevin-magnussen,haas,ferrari,pirelli,False,0.0,,,,,,,,,,Collision,,False,,DSQ,20.0,20,,0.0,False,False,False
1110,2024,9,1,1.0,1,1,max-verstappen,red-bull,honda-rbpt,pirelli,False,70.0,1:45:47.927,6347927.0,,,,,,,,,25.0,False,2.0,2,2.0,2,1.0,2.0,False,False,False
1110,2024,9,2,2.0,2,4,lando-norris,mclaren,mercedes,pirelli,False,70.0,1:45:51.806,6351806.0,,,+3.879,3879.0,,+3.879,3879.0,,18.0,False,3.0,3,3.0,3,1.0,2.0,False,True,False
1110,2024,9,3,3.0,3,63,george-russell,mercedes,mercedes,pirelli,False,70.0,1:45:52.244,6352244.0,,,+4.317,4317.0,,+0.438,438.0,,15.0,True,1.0,1,1.0,1,-2.0,3.0,False,False,False
1110,2024,9,4,4.0,4,44,lewis-hamilton,mercedes,mercedes,pirelli,False,70.0,1:45:52.842,6352842.0,,,+4.915,4915.0,,+0.598,598.0,,13.0,False,7.0,7,7.0,7,3.0,3.0,True,False,False
1110,2024,9,5,5.0,5,81,oscar-piastri,mclaren,mercedes,pirelli,False,70.0,1:45:58.126,6358126.0,,,+10.199,10199.0,,+5.284,5284.0,,10.0,False,4.0,4,4.0,4,-1.0,2.0,False,False,False
1110,2024,9,6,6.0,6,14,fernando-alonso,aston-martin,mercedes,pirelli,False,70.0,1:46:05.437,6365437.0,,,+17.510,17510.0,,+7.311,7311.0,,8.0,False,6.0,6,6.0,6,0.0,2.0,False,False,False
1110,2024,9,7,7.0,7,18,lance-stroll,aston-martin,mercedes,pirelli,False,70.0,1:46:11.552,6371552.0,,,+23.625,23625.0,,+6.115,6115.0,,6.0,False,9.0,9,9.0,9,2.0,2.0,False,False,False
1110,2024,9,8,8.0,8,3,daniel-ricciardo,rb,honda-rbpt,pirelli,False,70.0,1:46:16.599,6376599.0,,,+28.672,28672.0,,+5.047,5047.0,,4.0,False,5.0,5,5.0,5,-3.0,2.0,False,False,False
1110,2024,9,9,9.0,9,10,pierre-gasly,alpine,renault,pirelli,False,70.0,1:46:17.948,6377948.0,,,+30.021,30021.0,,+1.349,1349.0,,2.0,False,15.0,15,15.0,15,6.0,2.0,False,False,False
1110,2024,9,10,10.0,10,31,esteban-ocon,alpine,renault,pirelli,False,70.0,1:46:18.240,6378240.0,,,+30.313,30313.0,,+0.292,292.0,,1.0,False,18.0,18,18.0,18,8.0,1.0,False,False,False
1110,2024,9,11,11.0,11,27,nico-hulkenberg,haas,ferrari,pirelli,False,70.0,1:46:18.751,6378751.0,,,+30.824,30824.0,,+0.511,511.0,,,False,19.0,19,17.0,17,6.0,3.0,False,False,False
1110,2024,9,12,12.0,12,20,kevin-magnussen,haas,ferrari,pirelli,False,70.0,1:46:19.180,6379180.0,,,+31.253,31253.0,,+0.429,429.0,,,False,14.0,14,14.0,14,2.0,4.0,False,False,False
1110,2024,9,13,13.0,13,77,valtteri-bottas,kick-sauber,ferrari,pirelli,False,70.0,1:46:28.414,6388414.0,,,+40.487,40487.0,,+9.234,9234.0,,,False,17.0,17,,PL,6.0,1.0,False,False,False
1110,2024,9,14,14.0,14,22,yuki-tsunoda,rb,honda-rbpt,pirelli,False,70.0,1:46:40.621,6400621.0,,,+52.694,52694.0,,+12.207,12207.0,,,False,8.0,8,8.0,8,-6.0,1.0,False,False,False
1110,2024,9,15,15.0,15,24,guanyu-zhou,kick-sauber,ferrari,pirelli,False,69.0,,,,,+1 lap,,1.0,,,,,False,20.0,20,,PL,5.0,3.0,False,False,False
1110,2024,9,16,,DNF,55,carlos-sainz-jr,ferrari,ferrari,pirelli,False,52.0,,,,,,,,,,Collision damage,,False,12.0,12,12.0,12,,2.0,False,False,False
1110,2024,9,17,,DNF,23,alexander-albon,williams,mercedes,pirelli,False,52.0,,,,,,,,,,Collision,,False,10.0,10,10.0,10,,2.0,False,False,False
1110,2024,9,18,,DNF,11,sergio-perez,red-bull,honda-rbpt,pirelli,False,51.0,,,,,,,,,,Accident damage,,False,16.0,16,16.0,16,,2.0,False,False,False
1110,2024,9,19,,DNF,16,charles-leclerc,ferrari,ferrari,pirelli,False,40.0,,,,,,,,,,Engine,,False,11.0,11,11.0,11,,3.0,False,False,False
1110,2024,9,20,,DNF,2,logan-sargeant,williams,mercedes,pirelli,False,23.0,,,,,,,,,,Accident,,False,13.0,13,13.0,13,,0.0,False,False,False
1111,2024,10,1,1.0,1,1,max-verstappen,red-bull,honda-rbpt,pirelli,False,66.0,1:28:20.227,5300227.0,,,,,,,,,25.0,False,2.0,2,2.0,2,1.0,2.0,False,False,False
1111,2024,10,2,2.0,2,4,lando-norris,mclaren,mercedes,pirelli,False,66.0,1:28:22.446,5302446.0,,,+2.219,2219.0,,+2.219,2219.0,,19.0,True,1.0,1,1.0,1,-1.0,2.0,True,True,False
1111,2024,10,3,3.0,3,44,lewis-hamilton,mercedes,mercedes,pirelli,False,66.0,1:28:38.017,5318017.0,,,+17.790,17790.0,,+15.571,15571.0,,15.0,False,3.0,3,3.0,3,0.0,2.0,False,False,False
1111,2024,10,4,4.0,4,63,george-russell,mercedes,mercedes,pirelli,False,66.0,1:28:42.547,5322547.0,,,+22.320,22320.0,,+4.530,4530.0,,12.0,False,4.0,4,4.0,4,0.0,2.0,False,False,False
1111,2024,10,5,5.0,5,16,charles-leclerc,ferrari,ferrari,pirelli,False,66.0,1:28:42.936,5322936.0,,,+22.709,22709.0,,+0.389,389.0,,10.0,False,5.0,5,5.0,5,0.0,2.0,False,False,False
1111,2024,10,6,6.0,6,55,carlos-sainz-jr,ferrari,ferrari,pirelli,False,66.0,1:28:51.255,5331255.0,,,+31.028,31028.0,,+8.319,8319.0,,8.0,False,6.0,6,6.0,6,0.0,2.0,False,False,False
1111,2024,10,7,7.0,7,81,oscar-piastri,mclaren,mercedes,pirelli,False,66.0,1:28:53.987,5333987.0,,,+33.760,33760.0,,+2.732,2732.0,,6.0,False,10.0,10,9.0,9,2.0,2.0,False,False,False
1111,2024,10,8,8.0,8,11,sergio-perez,red-bull,honda-rbpt,pirelli,False,66.0,1:29:19.751,5359751.0,,,+59.524,59524.0,,+25.764,25764.0,,4.0,False,8.0,8,11.0,11,3.0,3.0,False,False,False
1111,2024,10,9,9.0,9,10,pierre-gasly,alpine,renault,pirelli,False,66.0,1:29:22.252,5362252.0,,,+1:02.025,62025.0,,+2.501,2501.0,,2.0,False,7.0,7,7.0,7,-2.0,2.0,False,False,False
1111,2024,10,10,10.0,10,31,esteban-ocon,alpine,renault,pirelli,False,66.0,1:29:32.116,5372116.0,,,+1:11.889,71889.0,,+9.864,9864.0,,1.0,False,9.0,9,8.0,8,-2.0,2.0,False,False,False
1111,2024,10,11,11.0,11,27,nico-hulkenberg,haas,ferrari,pirelli,False,66.0,1:29:39.442,5379442.0,5.0,5000.0,+1:19.215,79215.0,,+7.326,7326.0,,,False,13.0,13,13.0,13,2.0,2.0,False,False,False
1111,2024,10,12,12.0,12,14,fernando-alonso,aston-martin,mercedes,pirelli,False,65.0,,,,,+1 lap,,1.0,,,,,False,11.0,11,10.0,10,-2.0,2.0,False,False,False
1111,2024,10,13,13.0,13,24,guanyu-zhou,kick-sauber,ferrari,pirelli,False,65.0,,,,,+1 lap,,1.0,,,,,False,15.0,15,15.0,15,2.0,2.0,False,False,False
1111,2024,10,14,14.0,14,18,lance-stroll,aston-martin,mercedes,pirelli,False,65.0,,,,,+1 lap,,1.0,,,,,False,14.0,14,14.0,14,0.0,2.0,False,False,False
1111,2024,10,15,15.0,15,3,daniel-ricciardo,rb,honda-rbpt,pirelli,False,65.0,,,,,+1 lap,,1.0,,,,,False,18.0,18,18.0,18,3.0,2.0,False,False,False
1111,2024,10,16,16.0,16,77,valtteri-bottas,kick-sauber,ferrari,pirelli,False,65.0,,,,,+1 lap,,1.0,,,,,False,12.0,12,12.0,12,-4.0,2.0,False,False,False
1111,2024,10,17,17.0,17,20,kevin-magnussen,haas,ferrari,pirelli,False,65.0,,,,,+1 lap,,1.0,,,,,False,16.0,16,16.0,16,-1.0,2.0,False,False,False
1111,2024,10,18,18.0,18,23,alexander-albon,williams,mercedes,pirelli,False,65.0,,,,,+1 lap,,1.0,,,,,False,19.0,19,,PL,2.0,2.0,False,False,False
1111,2024,10,19,19.0,19,22,yuki-tsunoda,rb,honda-rbpt,pirelli,False,65.0,,,5.0,5000.0,+1 lap,,1.0,,,,,False,17.0,17,17.0,17,-2.0,3.0,False,False,False
1111,2024,10,20,20.0,20,2,logan-sargeant,williams,mercedes,pirelli,False,64.0,,,,,+2 laps,,2.0,,,,,False,20.0,20,19.0,19,-1.0,2.0,False,False,False
1112,2024,11,1,1.0,1,63,george-russell,mercedes,mercedes,pirelli,False,71.0,1:24:22.798,5062798.0,,,,,,,,,25.0,False,3.0,3,3.0,3,2.0,2.0,False,False,False
1112,2024,11,2,2.0,2,81,oscar-piastri,mclaren,mercedes,pirelli,False,71.0,1:24:24.704,5064704.0,,,+1.906,1906.0,,+1.906,1906.0,,18.0,False,7.0,7,7.0,7,5.0,2.0,False,False,False
1112,2024,11,3,3.0,3,55,carlos-sainz-jr,ferrari,ferrari,pirelli,False,71.0,1:24:27.331,5067331.0,,,+4.533,4533.0,,+2.627,2627.0,,15.0,False,4.0,4,4.0,4,1.0,2.0,False,False,False
1112,2024,11,4,4.0,4,44,lewis-hamilton,mercedes,mercedes,pirelli,False,71.0,1:24:45.940,5085940.0,,,+23.142,23142.0,,+18.609,18609.0,,12.0,False,5.0,5,5.0,5,1.0,2.0,False,False,False
1112,2024,11,5,5.0,5,1,max-verstappen,red-bull,honda-rbpt,pirelli,False,71.0,1:25:00.051,5100051.0,10.0,10000.0,+37.253,37253.0,,+14.111,14111.0,,10.0,True,1.0,1,1.0,1,-4.0,3.0,False,False,False
1112,2024,11,6,6.0,6,27,nico-hulkenberg,haas,ferrari,pirelli,False,71.0,1:25:16.886,5116886.0,,,+54.088,54088.0,,+16.835,16835.0,,8.0,False,9.0,9,9.0,9,3.0,2.0,False,False,False
1112,2024,11,7,7.0,7,11,sergio-perez,red-bull,honda-rbpt,pirelli,False,71.0,1:25:17.470,5117470.0,,,+54.672,54672.0,,+0.584,584.0,,6.0,False,8.0,8,8.0,8,1.0,2.0,False,False,False
1112,2024,11,8,8.0,8,20,kevin-magnussen,haas,ferrari,pirelli,False,71.0,1:25:23.153,5123153.0,,,+1:00.355,60355.0,,+5.683,5683.0,,4.0,False,12.0,12,12.0,12,4.0,2.0,False,False,False
1112,2024,11,9,9.0,9,3,daniel-ricciardo,rb,honda-rbpt,pirelli,False,71.0,1:25:23.967,5123967.0,,,+1:01.169,61169.0,,+0.814,814.0,,2.0,False,11.0,11,11.0,11,2.0,2.0,False,False,False
1112,2024,11,10,10.0,10,10,pierre-gasly,alpine,renault,pirelli,False,71.0,1:25:24.564,5124564.0,,,+1:01.766,61766.0,,+0.597,597.0,,1.0,False,13.0,13,13.0,13,3.0,2.0,False,False,False
1112,2024,11,11,11.0,11,16,charles-leclerc,ferrari,ferrari,pirelli,False,71.0,1:25:29.854,5129854.0,,,+1:07.056,67056.0,,+5.290,5290.0,,,False,6.0,6,6.0,6,-5.0,4.0,False,False,False
1112,2024,11,12,12.0,12,31,esteban-ocon,alpine,renault,pirelli,False,71.0,1:25:31.123,5131123.0,,,+1:08.325,68325.0,,+1.269,1269.0,,,False,10.0,10,10.0,10,-2.0,2.0,False,False,False
1112,2024,11,13,13.0,13,18,lance-stroll,aston-martin,mercedes,pirelli,False,70.0,,,,,+1 lap,,1.0,,,,,False,17.0,17,17.0,17,4.0,2.0,False,False,False
1112,2024,11,14,14.0,14,22,yuki-tsunoda,rb,honda-rbpt,pirelli,False,70.0,,,,,+1 lap,,1.0,,,,,False,14.0,14,14.0,14,0.0,2.0,False,False,False
1112,2024,11,15,15.0,15,23,alexander-albon,williams,mercedes,pirelli,False,70.0,,,5.0,5000.0,+1 lap,,1.0,,,,,False,16.0,16,16.0,16,1.0,2.0,False,False,False
1112,2024,11,16,16.0,16,77,valtteri-bottas,kick-sauber,ferrari,pirelli,False,70.0,,,,,+1 lap,,1.0,,,,,False,18.0,18,18.0,18,2.0,2.0,False,False,False
1112,2024,11,17,17.0,17,24,guanyu-zhou,kick-sauber,ferrari,pirelli,False,70.0,,,,,+1 lap,,1.0,,,,,False,20.0,20,,PL,3.0,2.0,False,False,False
1112,2024,11,18,18.0,18,14,fernando-alonso,aston-martin,mercedes,pirelli,False,70.0,,,,,+1 lap,,1.0,,,,,False,15.0,15,15.0,15,-3.0,3.0,True,False,False
1112,2024,11,19,19.0,19,2,logan-sargeant,williams,mercedes,pirelli,False,69.0,,,,,+2 laps,,2.0,,,,,False,19.0,19,19.0,19,0.0,3.0,False,False,False
1112,2024,11,20,20.0,20,4,lando-norris,mclaren,mercedes,pirelli,False,64.0,,,5.0,5000.0,+7 laps,,7.0,,,Collision damage,,False,2.0,2,2.0,2,-18.0,2.0,False,True,False
1113,2024,12,1,1.0,1,44,lewis-hamilton,mercedes,mercedes,pirelli,False,52.0,1:22:27.059,4947059.0,,,,,,,,,25.0,False,2.0,2,2.0,2,1.0,2.0,False,True,False
1113,2024,12,2,2.0,2,1,max-verstappen,red-bull,honda-rbpt,pirelli,False,52.0,1:22:28.524,4948524.0,,,+1.465,1465.0,,+1.465,1465.0,,18.0,False,4.0,4,4.0,4,2.0,2.0,False,False,False
1113,2024,12,3,3.0,3,4,lando-norris,mclaren,mercedes,pirelli,False,52.0,1:22:34.606,4954606.0,,,+7.547,7547.0,,+6.082,6082.0,,15.0,False,3.0,3,3.0,3,0.0,2.0,False,False,False
1113,2024,12,4,4.0,4,81,oscar-piastri,mclaren,mercedes,pirelli,False,52.0,1:22:39.488,4959488.0,,,+12.429,12429.0,,+4.882,4882.0,,12.0,False,5.0,5,5.0,5,1.0,2.0,False,False,False
1113,2024,12,5,5.0,5,55,carlos-sainz-jr,ferrari,ferrari,pirelli,False,52.0,1:23:14.377,4994377.0,,,+47.318,47318.0,,+34.889,34889.0,,11.0,False,7.0,7,7.0,7,2.0,3.0,True,False,False
1113,2024,12,6,6.0,6,27,nico-hulkenberg,haas,ferrari,pirelli,False,52.0,1:23:22.781,5002781.0,,,+55.722,55722.0,,+8.404,8404.0,,8.0,False,6.0,6,6.0,6,0.0,2.0,False,False,False
1113,2024,12,7,7.0,7,18,lance-stroll,aston-martin,mercedes,pirelli,False,52.0,1:23:23.628,5003628.0,,,+56.569,56569.0,,+0.847,847.0,,6.0,False,8.0,8,8.0,8,1.0,2.0,False,False,False
1113,2024,12,8,8.0,8,14,fernando-alonso,aston-martin,mercedes,pirelli,False,52.0,1:23:30.636,5010636.0,,,+1:03.577,63577.0,,+7.008,7008.0,,4.0,False,10.0,10,10.0,10,2.0,2.0,False,False,False
1113,2024,12,9,9.0,9,23,alexander-albon,williams,mercedes,pirelli,False,52.0,1:23:35.446,5015446.0,,,+1:08.387,68387.0,,+4.810,4810.0,,2.0,False,9.0,9,9.0,9,0.0,2.0,False,False,False
1113,2024,12,10,10.0,10,22,yuki-tsunoda,rb,honda-rbpt,pirelli,False,52.0,1:23:46.362,5026362.0,,,+1:19.303,79303.0,,+10.916,10916.0,,1.0,False,13.0,13,13.0,13,3.0,2.0,False,False,False
1113,2024,12,11,11.0,11,2,logan-sargeant,williams,mercedes,pirelli,False,52.0,1:23:56.019,5036019.0,,,+1:28.960,88960.0,,+9.657,9657.0,,,False,12.0,12,12.0,12,1.0,2.0,False,False,False
1113,2024,12,12,12.0,12,20,kevin-magnussen,haas,ferrari,pirelli,False,52.0,1:23:57.212,5037212.0,,,+1:30.153,90153.0,,+1.193,1193.0,,,False,17.0,17,17.0,17,5.0,2.0,False,False,False
1113,2024,12,13,13.0,13,3,daniel-ricciardo,rb,honda-rbpt,pirelli,False,51.0,,,,,+1 lap,,1.0,,,,,False,15.0,15,15.0,15,2.0,2.0,False,False,False
1113,2024,12,14,14.0,14,16,charles-leclerc,ferrari,ferrari,pirelli,False,51.0,,,,,+1 lap,,1.0,,,,,False,11.0,11,11.0,11,-3.0,3.0,False,False,False
1113,2024,12,15,15.0,15,77,valtteri-bottas,kick-sauber,ferrari,pirelli,False,51.0,,,,,+1 lap,,1.0,,,,,False,16.0,16,16.0,16,1.0,2.0,False,False,False
1113,2024,12,16,16.0,16,31,esteban-ocon,alpine,renault,pirelli,False,50.0,,,,,+2 laps,,2.0,,,,,False,18.0,18,18.0,18,2.0,4.0,False,False,False
1113,2024,12,17,17.0,17,11,sergio-perez,red-bull,honda-rbpt,pirelli,False,50.0,,,,,+2 laps,,2.0,,,,,False,19.0,19,,PL,3.0,4.0,False,False,False
1113,2024,12,18,18.0,18,24,guanyu-zhou,kick-sauber,ferrari,pirelli,False,50.0,,,,,+2 laps,,2.0,,,,,False,14.0,14,14.0,14,-4.0,4.0,False,False,False
1113,2024,12,19,,DNF,63,george-russell,mercedes,mercedes,pirelli,False,33.0,,,,,,,,,,Water leak,,True,1.0,1,1.0,1,,1.0,False,False,False
1113,2024,12,20,,DNS,10,pierre-gasly,alpine,renault,pirelli,False,,,,,,,,,,,Gearbox,,False,20.0,20,19.0,19,,0.0,False,False,False
1114,2024,13,1,1.0,1,81,oscar-piastri,mclaren,mercedes,pirelli,False,70.0,1:38:01.989,5881989.0,,,,,,,,,25.0,False,2.0,2,2.0,2,1.0,2.0,False,True,False
1114,2024,13,2,2.0,2,4,lando-norris,mclaren,mercedes,pirelli,False,70.0,1:38:04.130,5884130.0,,,+2.141,2141.0,,+2.141,2141.0,,18.0,True,1.0,1,1.0,1,-1.0,2.0,False,False,False
1114,2024,13,3,3.0,3,44,lewis-hamilton,mercedes,mercedes,pirelli,False,70.0,1:38:16.869,5896869.0,,,+14.880,14880.0,,+12.739,12739.0,,15.0,False,5.0,5,5.0,5,2.0,2.0,False,False,False
1114,2024,13,4,4.0,4,16,charles-leclerc,ferrari,ferrari,pirelli,False,70.0,1:38:21.675,5901675.0,,,+19.686,19686.0,,+4.806,4806.0,,12.0,False,6.0,6,6.0,6,2.0,2.0,False,False,False
1114,2024,13,5,5.0,5,1,max-verstappen,red-bull,honda-rbpt,pirelli,False,70.0,1:38:23.338,5903338.0,,,+21.349,21349.0,,+1.663,1663.0,,10.0,False,3.0,3,3.0,3,-2.0,2.0,False,False,False
1114,2024,13,6,6.0,6,55,carlos-sainz-jr,ferrari,ferrari,pirelli,False,70.0,1:38:25.062,5905062.0,,,+23.073,23073.0,,+1.724,1724.0,,8.0,False,4.0,4,4.0,4,-2.0,2.0,False,False,False
1114,2024,13,7,7.0,7,11,sergio-perez,red-bull,honda-rbpt,pirelli,False,70.0,1:38:41.781,5921781.0,,,+39.792,39792.0,,+16.719,16719.0,,6.0,False,16.0,16,16.0,16,9.0,2.0,False,False,False
1114,2024,13,8,8.0,8,63,george-russell,mercedes,mercedes,pirelli,False,70.0,1:38:44.357,5924357.0,,,+42.368,42368.0,,+2.576,2576.0,,5.0,False,17.0,17,17.0,17,9.0,2.0,True,False,False
1114,2024,13,9,9.0,9,22,yuki-tsunoda,rb,honda-rbpt,pirelli,False,70.0,1:39:19.248,5959248.0,,,+1:17.259,77259.0,,+34.891,34891.0,,2.0,False,10.0,10,10.0,10,1.0,1.0,False,False,False
1114,2024,13,10,10.0,10,18,lance-stroll,aston-martin,mercedes,pirelli,False,70.0,1:39:19.965,5959965.0,,,+1:17.976,77976.0,,+0.717,717.0,,1.0,False,8.0,8,8.0,8,-2.0,2.0,False,False,False
1114,2024,13,11,11.0,11,14,fernando-alonso,aston-martin,mercedes,pirelli,False,70.0,1:39:24.449,5964449.0,,,+1:22.460,82460.0,,+4.484,4484.0,,,False,7.0,7,7.0,7,-4.0,2.0,False,False,False
1114,2024,13,12,12.0,12,3,daniel-ricciardo,rb,honda-rbpt,pirelli,False,69.0,,,,,+1 lap,,1.0,,,,,False,9.0,9,9.0,9,-3.0,2.0,False,False,False
1114,2024,13,13,13.0,13,27,nico-hulkenberg,haas,ferrari,pirelli,False,69.0,,,,,+1 lap,,1.0,,,,,False,11.0,11,11.0,11,-2.0,2.0,False,False,False
1114,2024,13,14,14.0,14,23,alexander-albon,williams,mercedes,pirelli,False,69.0,,,,,+1 lap,,1.0,,,,,False,13.0,13,13.0,13,-1.0,2.0,False,False,False
1114,2024,13,15,15.0,15,20,kevin-magnussen,haas,ferrari,pirelli,False,69.0,,,,,+1 lap,,1.0,,,,,False,15.0,15,15.0,15,0.0,2.0,False,False,False
1114,2024,13,16,16.0,16,77,valtteri-bottas,kick-sauber,ferrari,pirelli,False,69.0,,,,,+1 lap,,1.0,,,,,False,12.0,12,12.0,12,-4.0,2.0,False,False,False
1114,2024,13,17,17.0,17,2,logan-sargeant,williams,mercedes,pirelli,False,69.0,,,,,+1 lap,,1.0,,,,,False,14.0,14,14.0,14,-3.0,3.0,False,False,False
1114,2024,13,18,18.0,18,31,esteban-ocon,alpine,renault,pirelli,False,69.0,,,,,+1 lap,,1.0,,,,,False,19.0,19,19.0,19,1.0,3.0,False,False,False
1114,2024,13,19,19.0,19,24,guanyu-zhou,kick-sauber,ferrari,pirelli,False,69.0,,,,,+1 lap,,1.0,,,,,False,18.0,18,18.0,18,-1.0,2.0,False,False,False
1114,2024,13,20,,DNF,10,pierre-gasly,alpine,renault,pirelli,False,33.0,,,,,,,,,,Hydraulics,,False,20.0,20,,PL,,1.0,False,False,False
1115,2024,14,1,1.0,1,44,lewis-hamilton,mercedes,mercedes,pirelli,False,44.0,1:19:57.566,4797566.0,,,+0.526,526.0,,+0.526,526.0,,25.0,False,4.0,4,3.0,3,2.0,2.0,False,True,False
1115,2024,14,2,2.0,2,81,oscar-piastri,mclaren,mercedes,pirelli,False,44.0,1:19:58.213,4798213.0,,,+1.173,1173.0,,+0.647,647.0,,18.0,False,6.0,6,5.0,5,3.0,2.0,False,False,False
1115,2024,14,3,3.0,3,16,charles-leclerc,ferrari,ferrari,pirelli,False,44.0,1:20:05.589,4805589.0,,,+8.549,8549.0,,+7.376,7376.0,,15.0,True,2.0,2,1.0,1,-2.0,2.0,False,False,False
1115,2024,14,4,4.0,4,1,max-verstappen,red-bull,honda-rbpt,pirelli,False,44.0,1:20:06.266,4806266.0,,,+9.226,9226.0,,+0.677,677.0,,12.0,False,1.0,1,11.0,11,7.0,2.0,False,False,False
1115,2024,14,5,5.0,5,4,lando-norris,mclaren,mercedes,pirelli,False,44.0,1:20:06.890,4806890.0,,,+9.850,9850.0,,+0.624,624.0,,10.0,False,5.0,5,4.0,4,-1.0,2.0,False,False,False
1115,2024,14,6,6.0,6,55,carlos-sainz-jr,ferrari,ferrari,pirelli,False,44.0,1:20:16.835,4816835.0,,,+19.795,19795.0,,+9.945,9945.0,,8.0,False,8.0,8,7.0,7,1.0,2.0,False,False,False
1115,2024,14,7,7.0,7,11,sergio-perez,red-bull,honda-rbpt,pirelli,False,44.0,1:20:40.235,4840235.0,,,+43.195,43195.0,,+23.400,23400.0,,7.0,False,3.0,3,2.0,2,-5.0,3.0,True,False,False
1115,2024,14,8,8.0,8,14,fernando-alonso,aston-martin,mercedes,pirelli,False,44.0,1:20:47.003,4847003.0,,,+49.963,49963.0,,+6.768,6768.0,,4.0,False,9.0,9,8.0,8,0.0,1.0,False,False,False
1115,2024,14,9,9.0,9,31,esteban-ocon,alpine,renault,pirelli,False,44.0,1:20:49.592,4849592.0,,,+52.552,52552.0,,+2.589,2589.0,,2.0,False,10.0,10,9.0,9,0.0,2.0,False,False,False
1115,2024,14,10,10.0,10,3,daniel-ricciardo,rb,honda-rbpt,pirelli,False,44.0,1:20:51.966,4851966.0,,,+54.926,54926.0,,+2.374,2374.0,,1.0,False,13.0,13,13.0,13,3.0,2.0,False,False,False
1115,2024,14,11,11.0,11,18,lance-stroll,aston-martin,mercedes,pirelli,False,44.0,1:21:00.051,4860051.0,,,+1:03.011,63011.0,,+8.085,8085.0,,,False,15.0,15,15.0,15,4.0,1.0,False,False,False
1115,2024,14,12,12.0,12,23,alexander-albon,williams,mercedes,pirelli,False,44.0,1:21:00.691,4860691.0,,,+1:03.651,63651.0,,+0.640,640.0,,,False,11.0,11,10.0,10,-2.0,2.0,False,False,False
1115,2024,14,13,13.0,13,10,pierre-gasly,alpine,renault,pirelli,False,44.0,1:21:01.405,4861405.0,,,+1:04.365,64365.0,,+0.714,714.0,,,False,12.0,12,12.0,12,-1.0,2.0,False,False,False
1115,2024,14,14,14.0,14,20,kevin-magnussen,haas,ferrari,pirelli,False,44.0,1:21:03.671,4863671.0,,,+1:06.631,66631.0,,+2.266,2266.0,,,False,17.0,17,17.0,17,3.0,1.0,False,False,False
1115,2024,14,15,15.0,15,77,valtteri-bottas,kick-sauber,ferrari,pirelli,False,44.0,1:21:07.678,4867678.0,,,+1:10.638,70638.0,,+4.007,4007.0,,,False,14.0,14,14.0,14,-1.0,2.0,False,False,False
1115,2024,14,16,16.0,16,22,yuki-tsunoda,rb,honda-rbpt,pirelli,False,44.0,1:21:13.777,4873777.0,,,+1:16.737,76737.0,,+6.099,6099.0,,,False,18.0,18,20.0,20,4.0,1.0,False,False,False
1115,2024,14,17,17.0,17,2,logan-sargeant,williams,mercedes,pirelli,False,44.0,1:21:23.097,4883097.0,,,+1:26.057,86057.0,,+9.320,9320.0,,,False,19.0,19,18.0,18,1.0,2.0,False,False,False
1115,2024,14,18,18.0,18,27,nico-hulkenberg,haas,ferrari,pirelli,False,44.0,1:21:25.873,4885873.0,,,+1:28.833,88833.0,,+2.776,2776.0,,,False,16.0,16,16.0,16,-2.0,2.0,False,False,False
1115,2024,14,19,,DNF,24,guanyu-zhou,kick-sauber,ferrari,pirelli,False,5.0,,,,,,,,,,Hydraulics,,False,20.0,20,19.0,19,,0.0,False,False,False
1115,2024,14,20,,DSQ,63,george-russell,mercedes,mercedes,pirelli,False,44.0,1:19:57.040,4797040.0,,,,,,,,Car underweight,,False,7.0,7,6.0,6,,1.0,False,False,False
1116,2024,15,1,1.0,1,4,lando-norris,mclaren,mercedes,pirelli,False,72.0,1:30:45.519,5445519.0,,,,,,,,,26.0,True,1.0,1,1.0,1,0.0,1.0,True,True,False
1116,2024,15,2,2.0,2,1,max-verstappen,red-bull,honda-rbpt,pirelli,False,72.0,1:31:08.415,5468415.0,,,+22.896,22896.0,,+22.896,22896.0,,18.0,False,2.0,2,2.0,2,0.0,1.0,False,False,False
1116,2024,15,3,3.0,3,16,charles-leclerc,ferrari,ferrari,pirelli,False,72.0,1:31:10.958,5470958.0,,,+25.439,25439.0,,+2.543,2543.0,,15.0,False,6.0,6,6.0,6,3.0,1.0,False,False,False
1116,2024,15,4,4.0,4,81,oscar-piastri,mclaren,mercedes,pirelli,False,72.0,1:31:12.856,5472856.0,,,+27.337,27337.0,,+1.898,1898.0,,12.0,False,3.0,3,3.0,3,-1.0,1.0,False,False,False
1116,2024,15,5,5.0,5,55,carlos-sainz-jr,ferrari,ferrari,pirelli,False,72.0,1:31:17.656,5477656.0,,,+32.137,32137.0,,+4.800,4800.0,,10.0,False,10.0,10,10.0,10,5.0,1.0,False,False,False
1116,2024,15,6,6.0,6,11,sergio-perez,red-bull,honda-rbpt,pirelli,False,72.0,1:31:25.061,5485061.0,,,+39.542,39542.0,,+7.405,7405.0,,8.0,False,5.0,5,5.0,5,-1.0,1.0,False,False,False
1116,2024,15,7,7.0,7,63,george-russell,mercedes,mercedes,pirelli,False,72.0,1:31:30.136,5490136.0,,,+44.617,44617.0,,+5.075,5075.0,,6.0,False,4.0,4,4.0,4,-3.0,2.0,False,False,False
1116,2024,15,8,8.0,8,44,lewis-hamilton,mercedes,mercedes,pirelli,False,72.0,1:31:35.118,5495118.0,,,+49.599,49599.0,,+4.982,4982.0,,4.0,False,11.0,11,14.0,14,6.0,2.0,False,False,False
1116,2024,15,9,9.0,9,10,pierre-gasly,alpine,renault,pirelli,False,71.0,,,,,+1 lap,,1.0,,,,2.0,False,9.0,9,9.0,9,0.0,1.0,False,False,False
1116,2024,15,10,10.0,10,14,fernando-alonso,aston-martin,mercedes,pirelli,False,71.0,,,,,+1 lap,,1.0,,,,1.0,False,7.0,7,7.0,7,-3.0,1.0,False,False,False
1116,2024,15,11,11.0,11,27,nico-hulkenberg,haas,ferrari,pirelli,False,71.0,,,,,+1 lap,,1.0,,,,,False,13.0,13,12.0,12,1.0,1.0,False,False,False
1116,2024,15,12,12.0,12,3,daniel-ricciardo,rb,honda-rbpt,pirelli,False,71.0,,,,,+1 lap,,1.0,,,,,False,15.0,15,13.0,13,1.0,1.0,False,False,False
1116,2024,15,13,13.0,13,18,lance-stroll,aston-martin,mercedes,pirelli,False,71.0,,,5.0,5000.0,+1 lap,,1.0,,,,,False,8.0,8,8.0,8,-5.0,1.0,False,False,False
1116,2024,15,14,14.0,14,23,alexander-albon,williams,mercedes,pirelli,False,71.0,,,,,+1 lap,,1.0,,,,,False,,DSQ,19.0,19,5.0,2.0,False,False,False
1116,2024,15,15,15.0,15,31,esteban-ocon,alpine,renault,pirelli,False,71.0,,,,,+1 lap,,1.0,,,,,False,16.0,16,15.0,15,0.0,1.0,False,False,False
1116,2024,15,16,16.0,16,2,logan-sargeant,williams,mercedes,pirelli,False,71.0,,,,,+1 lap,,1.0,,,,,False,,,18.0,18,2.0,1.0,False,False,False
1116,2024,15,17,17.0,17,22,yuki-tsunoda,rb,honda-rbpt,pirelli,False,71.0,,,,,+1 lap,,1.0,,,,,False,12.0,12,11.0,11,-6.0,2.0,False,False,False
1116,2024,15,18,18.0,18,20,kevin-magnussen,haas,ferrari,pirelli,False,71.0,,,,,+1 lap,,1.0,,,,,False,14.0,14,,PL,2.0,1.0,False,False,False
1116,2024,15,19,19.0,19,77,valtteri-bottas,kick-sauber,ferrari,pirelli,False,70.0,,,,,+2 laps,,2.0,,,,,False,17.0,17,16.0,16,-3.0,2.0,False,False,False
1116,2024,15,20,20.0,20,24,guanyu-zhou,kick-sauber,ferrari,pirelli,False,70.0,,,,,+2 laps,,2.0,,,,,False,18.0,18,17.0,17,-3.0,2.0,False,False,False
1117,2024,16,1,1.0,1,16,charles-leclerc,ferrari,ferrari,pirelli,False,53.0,1:14:40.727,4480727.0,,,,,,,,,25.0,False,4.0,4,4.0,4,3.0,1.0,False,True,False
1117,2024,16,2,2.0,2,81,oscar-piastri,mclaren,mercedes,pirelli,False,53.0,1:14:43.391,4483391.0,,,+2.664,2664.0,,+2.664,2664.0,,18.0,False,2.0,2,2.0,2,0.0,2.0,False,False,False
1117,2024,16,3,3.0,3,4,lando-norris,mclaren,mercedes,pirelli,False,53.0,1:14:46.880,4486880.0,,,+6.153,6153.0,,+3.489,3489.0,,16.0,True,1.0,1,1.0,1,-2.0,2.0,True,False,False
1117,2024,16,4,4.0,4,55,carlos-sainz-jr,ferrari,ferrari,pirelli,False,53.0,1:14:56.348,4496348.0,,,+15.621,15621.0,,+9.468,9468.0,,12.0,False,5.0,5,5.0,5,1.0,1.0,False,False,False
1117,2024,16,5,5.0,5,44,lewis-hamilton,mercedes,mercedes,pirelli,False,53.0,1:15:03.547,4503547.0,,,+22.820,22820.0,,+7.199,7199.0,,10.0,False,6.0,6,6.0,6,1.0,2.0,False,False,False
1117,2024,16,6,6.0,6,1,max-verstappen,red-bull,honda-rbpt,pirelli,False,53.0,1:15:18.659,4518659.0,,,+37.932,37932.0,,+15.112,15112.0,,8.0,False,7.0,7,7.0,7,1.0,2.0,False,False,False
1117,2024,16,7,7.0,7,63,george-russell,mercedes,mercedes,pirelli,False,53.0,1:15:20.442,4520442.0,,,+39.715,39715.0,,+1.783,1783.0,,6.0,False,3.0,3,3.0,3,-4.0,2.0,False,False,False
1117,2024,16,8,8.0,8,11,sergio-perez,red-bull,honda-rbpt,pirelli,False,53.0,1:15:34.875,4534875.0,,,+54.148,54148.0,,+14.433,14433.0,,4.0,False,8.0,8,8.0,8,0.0,2.0,False,False,False
1117,2024,16,9,9.0,9,23,alexander-albon,williams,mercedes,pirelli,False,53.0,1:15:48.183,4548183.0,,,+1:07.456,67456.0,,+13.308,13308.0,,2.0,False,9.0,9,9.0,9,0.0,1.0,False,False,False
1117,2024,16,10,10.0,10,20,kevin-magnussen,haas,ferrari,pirelli,False,53.0,1:15:49.029,4549029.0,10.0,10000.0,+1:08.302,68302.0,,+0.846,846.0,,1.0,False,13.0,13,13.0,13,3.0,1.0,False,False,False
1117,2024,16,11,11.0,11,14,fernando-alonso,aston-martin,mercedes,pirelli,False,53.0,1:15:49.222,4549222.0,,,+1:08.495,68495.0,,+0.193,193.0,,,False,11.0,11,11.0,11,0.0,2.0,False,False,False
1117,2024,16,12,12.0,12,43,franco-colapinto,williams,mercedes,pirelli,False,53.0,1:16:02.035,4562035.0,,,+1:21.308,81308.0,,+12.813,12813.0,,,False,18.0,18,18.0,18,6.0,1.0,False,False,False
1117,2024,16,13,13.0,13,3,daniel-ricciardo,rb,honda-rbpt,pirelli,False,53.0,1:16:14.179,4574179.0,15.0,15000.0,+1:33.452,93452.0,,+12.144,12144.0,,,False,12.0,12,12.0,12,-1.0,1.0,False,False,False
1117,2024,16,14,14.0,14,31,esteban-ocon,alpine,renault,pirelli,False,52.0,,,,,+1 lap,,1.0,,,,,False,15.0,15,15.0,15,1.0,1.0,False,False,False
1117,2024,16,15,15.0,15,10,pierre-gasly,alpine,renault,pirelli,False,52.0,,,,,+1 lap,,1.0,,,,,False,14.0,14,14.0,14,-1.0,2.0,False,False,False
1117,2024,16,16,16.0,16,77,valtteri-bottas,kick-sauber,ferrari,pirelli,False,52.0,,,,,+1 lap,,1.0,,,,,False,19.0,19,19.0,19,3.0,1.0,False,False,False
1117,2024,16,17,17.0,17,27,nico-hulkenberg,haas,ferrari,pirelli,False,52.0,,,,,+1 lap,,1.0,,,,,False,10.0,10,10.0,10,-7.0,2.0,False,False,False
1117,2024,16,18,18.0,18,24,guanyu-zhou,kick-sauber,ferrari,pirelli,False,52.0,,,,,+1 lap,,1.0,,,,,False,20.0,20,20.0,20,2.0,1.0,False,False,False
1117,2024,16,19,19.0,19,18,lance-stroll,aston-martin,mercedes,pirelli,False,52.0,,,,,+1 lap,,1.0,,,,,False,17.0,17,17.0,17,-2.0,3.0,False,False,False
1117,2024,16,20,,DNF,22,yuki-tsunoda,rb,honda-rbpt,pirelli,False,7.0,,,,,,,,,,Overheating,,False,16.0,16,16.0,16,,0.0,False,False,False
1118,2024,17,1,1.0,1,81,oscar-piastri,mclaren,mercedes,pirelli,False,51.0,1:32:58.007,5578007.0,,,,,,,,,25.0,False,2.0,2,2.0,2,1.0,1.0,False,True,False
1118,2024,17,2,2.0,2,16,charles-leclerc,ferrari,ferrari,pirelli,False,51.0,1:33:08.917,5588917.0,,,+10.910,10910.0,,+10.910,10910.0,,18.0,True,1.0,1,1.0,1,-1.0,1.0,False,False,False
1118,2024,17,3,3.0,3,63,george-russell,mercedes,mercedes,pirelli,False,51.0,1:33:29.335,5609335.0,,,+31.328,31328.0,,+20.418,20418.0,,15.0,False,5.0,5,5.0,5,2.0,1.0,False,False,False
1118,2024,17,4,4.0,4,4,lando-norris,mclaren,mercedes,pirelli,False,51.0,1:33:34.150,5614150.0,,,+36.143,36143.0,,+4.815,4815.0,,13.0,False,16.0,16,15.0,15,11.0,1.0,True,False,False
1118,2024,17,5,5.0,5,1,max-verstappen,red-bull,honda-rbpt,pirelli,False,51.0,1:34:15.105,5655105.0,,,+1:17.098,77098.0,,+40.955,40955.0,,10.0,False,6.0,6,6.0,6,1.0,2.0,False,False,False
1118,2024,17,6,6.0,6,14,fernando-alonso,aston-martin,mercedes,pirelli,False,51.0,1:34:23.475,5663475.0,,,+1:25.468,85468.0,,+8.370,8370.0,,8.0,False,8.0,8,7.0,7,1.0,1.0,False,False,False
1118,2024,17,7,7.0,7,23,alexander-albon,williams,mercedes,pirelli,False,51.0,1:34:25.403,5665403.0,,,+1:27.396,87396.0,,+1.928,1928.0,,6.0,False,10.0,10,9.0,9,2.0,1.0,False,False,False
1118,2024,17,8,8.0,8,43,franco-colapinto,williams,mercedes,pirelli,False,51.0,1:34:27.548,5667548.0,,,+1:29.541,89541.0,,+2.145,2145.0,,4.0,False,9.0,9,8.0,8,0.0,1.0,False,False,False
1118,2024,17,9,9.0,9,44,lewis-hamilton,mercedes,mercedes,pirelli,False,51.0,1:34:30.408,5670408.0,,,+1:32.401,92401.0,,+2.860,2860.0,,2.0,False,7.0,7,,PL,10.0,1.0,False,False,False
1118,2024,17,10,10.0,10,50,oliver-bearman,haas,ferrari,pirelli,False,51.0,1:34:31.134,5671134.0,,,+1:33.127,93127.0,,+0.726,726.0,,1.0,False,11.0,11,10.0,10,0.0,1.0,False,False,False
1118,2024,17,11,11.0,11,27,nico-hulkenberg,haas,ferrari,pirelli,False,51.0,1:34:31.472,5671472.0,,,+1:33.465,93465.0,,+0.338,338.0,,,False,13.0,13,12.0,12,1.0,1.0,False,False,False
1118,2024,17,12,12.0,12,10,pierre-gasly,alpine,renault,pirelli,False,51.0,1:34:55.196,5695196.0,,,+1:57.189,117189.0,,+23.724,23724.0,,,False,,DSQ,18.0,18,6.0,1.0,False,False,False
1118,2024,17,13,13.0,13,3,daniel-ricciardo,rb,honda-rbpt,pirelli,False,51.0,1:35:24.914,5724914.0,,,+2:26.907,146907.0,,+29.718,29718.0,,,False,15.0,15,14.0,14,1.0,1.0,False,False,False
1118,2024,17,14,14.0,14,24,guanyu-zhou,kick-sauber,ferrari,pirelli,False,51.0,1:35:26.848,5726848.0,,,+2:28.841,148841.0,,+1.934,1934.0,,,False,18.0,18,17.0,17,3.0,1.0,False,False,False
1118,2024,17,15,15.0,15,31,esteban-ocon,alpine,renault,pirelli,False,50.0,,,,,+1 lap,,1.0,,,,,False,19.0,19,,PL,5.0,1.0,False,False,False
1118,2024,17,16,16.0,16,77,valtteri-bottas,kick-sauber,ferrari,pirelli,False,50.0,,,,,+1 lap,,1.0,,,,,False,17.0,17,16.0,16,0.0,1.0,False,False,False
1118,2024,17,17,17.0,17,11,sergio-perez,red-bull,honda-rbpt,pirelli,False,49.0,,,,,,,,,,Collision,,False,4.0,4,4.0,4,-13.0,1.0,False,False,False
1118,2024,17,18,18.0,18,55,carlos-sainz-jr,ferrari,ferrari,pirelli,False,49.0,,,,,,,,,,Collision,,False,3.0,3,3.0,3,-15.0,1.0,False,False,False
1118,2024,17,19,19.0,19,18,lance-stroll,aston-martin,mercedes,pirelli,False,45.0,,,,,,,,,,Brakes,,False,14.0,14,13.0,13,-6.0,2.0,False,False,False
1118,2024,17,20,,DNF,22,yuki-tsunoda,rb,honda-rbpt,pirelli,False,14.0,,,,,,,,,,Collision damage,,False,12.0,12,11.0,11,,1.0,False,False,False
1119,2024,18,1,1.0,1,4,lando-norris,mclaren,mercedes,pirelli,False,62.0,1:40:52.571,6052571.0,,,,,,,,,25.0,True,1.0,1,1.0,1,0.0,1.0,False,False,False
1119,2024,18,2,2.0,2,1,max-verstappen,red-bull,honda-rbpt,pirelli,False,62.0,1:41:13.516,6073516.0,,,+20.945,20945.0,,+20.945,20945.0,,18.0,False,2.0,2,2.0,2,0.0,1.0,False,False,False
1119,2024,18,3,3.0,3,81,oscar-piastri,mclaren,mercedes,pirelli,False,62.0,1:41:34.394,6094394.0,,,+41.823,41823.0,,+20.878,20878.0,,15.0,False,5.0,5,5.0,5,2.0,1.0,False,False,False
1119,2024,18,4,4.0,4,63,george-russell,mercedes,mercedes,pirelli,False,62.0,1:41:53.611,6113611.0,,,+1:01.040,61040.0,,+19.217,19217.0,,12.0,False,4.0,4,4.0,4,0.0,1.0,False,False,False
1119,2024,18,5,5.0,5,16,charles-leclerc,ferrari,ferrari,pirelli,False,62.0,1:41:55.001,6115001.0,,,+1:02.430,62430.0,,+1.390,1390.0,,10.0,False,9.0,9,9.0,9,4.0,1.0,False,False,False
1119,2024,18,6,6.0,6,44,lewis-hamilton,mercedes,mercedes,pirelli,False,62.0,1:42:17.819,6137819.0,,,+1:25.248,85248.0,,+22.818,22818.0,,8.0,False,3.0,3,3.0,3,-3.0,1.0,False,False,False
1119,2024,18,7,7.0,7,55,carlos-sainz-jr,ferrari,ferrari,pirelli,False,62.0,1:42:28.610,6148610.0,,,+1:36.039,96039.0,,+10.791,10791.0,,6.0,False,10.0,10,10.0,10,3.0,1.0,False,False,False
1119,2024,18,8,8.0,8,14,fernando-alonso,aston-martin,mercedes,pirelli,False,61.0,,,,,+1 lap,,1.0,,,,4.0,False,7.0,7,7.0,7,-1.0,1.0,False,False,False
1119,2024,18,9,9.0,9,27,nico-hulkenberg,haas,ferrari,pirelli,False,61.0,,,,,+1 lap,,1.0,,,,2.0,False,6.0,6,6.0,6,-3.0,1.0,False,False,False
1119,2024,18,10,10.0,10,11,sergio-perez,red-bull,honda-rbpt,pirelli,False,61.0,,,,,+1 lap,,1.0,,,,1.0,False,13.0,13,13.0,13,3.0,1.0,False,False,False
1119,2024,18,11,11.0,11,43,franco-colapinto,williams,mercedes,pirelli,False,61.0,,,,,+1 lap,,1.0,,,,,False,12.0,12,12.0,12,1.0,1.0,False,False,False
1119,2024,18,12,12.0,12,22,yuki-tsunoda,rb,honda-rbpt,pirelli,False,61.0,,,,,+1 lap,,1.0,,,,,False,8.0,8,8.0,8,-4.0,1.0,False,False,False
1119,2024,18,13,13.0,13,31,esteban-ocon,alpine,renault,pirelli,False,61.0,,,,,+1 lap,,1.0,,,,,False,15.0,15,15.0,15,2.0,1.0,False,False,False
1119,2024,18,14,14.0,14,18,lance-stroll,aston-martin,mercedes,pirelli,False,61.0,,,,,+1 lap,,1.0,,,,,False,17.0,17,17.0,17,3.0,1.0,False,False,False
1119,2024,18,15,15.0,15,24,guanyu-zhou,kick-sauber,ferrari,pirelli,False,61.0,,,,,+1 lap,,1.0,,,,,False,20.0,20,20.0,20,5.0,1.0,False,False,False
1119,2024,18,16,16.0,16,77,valtteri-bottas,kick-sauber,ferrari,pirelli,False,61.0,,,,,+1 lap,,1.0,,,,,False,19.0,19,19.0,19,3.0,1.0,False,False,False
1119,2024,18,17,17.0,17,10,pierre-gasly,alpine,renault,pirelli,False,61.0,,,,,+1 lap,,1.0,,,,,False,18.0,18,18.0,18,1.0,1.0,False,False,False
1119,2024,18,18,18.0,18,3,daniel-ricciardo,rb,honda-rbpt,pirelli,False,61.0,,,,,+1 lap,,1.0,,,,,False,16.0,16,16.0,16,-2.0,3.0,True,True,False
1119,2024,18,19,19.0,19,20,kevin-magnussen,haas,ferrari,pirelli,False,57.0,,,,,,,,,,Puncture,,False,14.0,14,14.0,14,-5.0,2.0,False,False,False
1119,2024,18,20,,DNF,23,alexander-albon,williams,mercedes,pirelli,False,15.0,,,,,,,,,,Overheating,,False,11.0,11,11.0,11,,1.0,False,False,False
1120,2024,19,1,1.0,1,16,charles-leclerc,ferrari,ferrari,pirelli,False,56.0,1:35:09.639,5709639.0,,,,,,,,,25.0,False,4.0,4,4.0,4,3.0,1.0,False,True,False
1120,2024,19,2,2.0,2,55,carlos-sainz-jr,ferrari,ferrari,pirelli,False,56.0,1:35:18.201,5718201.0,,,+8.562,8562.0,,+8.562,8562.0,,18.0,False,3.0,3,3.0,3,1.0,1.0,False,False,False
1120,2024,19,3,3.0,3,1,max-verstappen,red-bull,honda-rbpt,pirelli,False,56.0,1:35:29.051,5729051.0,,,+19.412,19412.0,,+10.850,10850.0,,15.0,False,2.0,2,2.0,2,-1.0,1.0,False,False,False
1120,2024,19,4,4.0,4,4,lando-norris,mclaren,mercedes,pirelli,False,56.0,1:35:29.993,5729993.0,5.0,5000.0,+20.354,20354.0,,+0.942,942.0,,12.0,True,1.0,1,1.0,1,-3.0,1.0,False,False,False
1120,2024,19,5,5.0,5,81,oscar-piastri,mclaren,mercedes,pirelli,False,56.0,1:35:31.560,5731560.0,,,+21.921,21921.0,,+1.567,1567.0,,10.0,False,5.0,5,5.0,5,0.0,1.0,False,False,False
1120,2024,19,6,6.0,6,63,george-russell,mercedes,mercedes,pirelli,False,56.0,1:36:05.934,5765934.0,,,+56.295,56295.0,,+34.374,34374.0,,8.0,False,6.0,6,,PL,14.0,1.0,False,False,False
1120,2024,19,7,7.0,7,11,sergio-perez,red-bull,honda-rbpt,pirelli,False,56.0,1:36:08.711,5768711.0,,,+59.072,59072.0,,+2.777,2777.0,,6.0,False,10.0,10,9.0,9,2.0,1.0,False,False,False
1120,2024,19,8,8.0,8,27,nico-hulkenberg,haas,ferrari,pirelli,False,56.0,1:36:12.596,5772596.0,,,+1:02.957,62957.0,,+3.885,3885.0,,4.0,False,12.0,12,11.0,11,3.0,1.0,False,False,False
1120,2024,19,9,9.0,9,30,liam-lawson,rb,honda-rbpt,pirelli,False,56.0,1:36:20.202,5780202.0,,,+1:10.563,70563.0,,+7.606,7606.0,,2.0,False,15.0,15,19.0,19,10.0,1.0,False,False,False
1120,2024,19,10,10.0,10,43,franco-colapinto,williams,mercedes,pirelli,False,56.0,1:36:21.618,5781618.0,,,+1:11.979,71979.0,,+1.416,1416.0,,1.0,False,17.0,17,15.0,15,5.0,1.0,False,False,False
1120,2024,19,11,11.0,11,20,kevin-magnussen,haas,ferrari,pirelli,False,56.0,1:36:29.421,5789421.0,,,+1:19.782,79782.0,,+7.803,7803.0,,,False,9.0,9,8.0,8,-3.0,2.0,False,False,False
1120,2024,19,12,12.0,12,10,pierre-gasly,alpine,renault,pirelli,False,56.0,1:36:40.197,5800197.0,5.0,5000.0,+1:30.558,90558.0,,+10.776,10776.0,,,False,7.0,7,6.0,6,-6.0,1.0,False,False,False
1120,2024,19,13,13.0,13,14,fernando-alonso,aston-martin,mercedes,pirelli,False,55.0,,,,,+1 lap,,1.0,,,,,False,8.0,8,7.0,7,-6.0,1.0,False,False,False
1120,2024,19,14,14.0,14,22,yuki-tsunoda,rb,honda-rbpt,pirelli,False,55.0,,,5.0,5000.0,+1 lap,,1.0,,,,,False,11.0,11,10.0,10,-4.0,1.0,False,False,False
1120,2024,19,15,15.0,15,18,lance-stroll,aston-martin,mercedes,pirelli,False,55.0,,,,,+1 lap,,1.0,,,,,False,14.0,14,13.0,13,-2.0,1.0,False,False,False
1120,2024,19,16,16.0,16,23,alexander-albon,williams,mercedes,pirelli,False,55.0,,,,,+1 lap,,1.0,,,,,False,16.0,16,14.0,14,-2.0,2.0,False,False,False
1120,2024,19,17,17.0,17,77,valtteri-bottas,kick-sauber,ferrari,pirelli,False,55.0,,,,,+1 lap,,1.0,,,,,False,18.0,18,16.0,16,-1.0,1.0,False,False,False
1120,2024,19,18,18.0,18,31,esteban-ocon,alpine,renault,pirelli,False,55.0,,,,,+1 lap,,1.0,,,,,False,13.0,13,12.0,12,-6.0,2.0,True,False,False
1120,2024,19,19,19.0,19,24,guanyu-zhou,kick-sauber,ferrari,pirelli,False,55.0,,,,,+1 lap,,1.0,,,,,False,20.0,20,18.0,18,-1.0,2.0,False,False,False
1120,2024,19,20,,DNF,44,lewis-hamilton,mercedes,mercedes,pirelli,False,1.0,,,,,,,,,,Spun off,,False,19.0,19,17.0,17,,0.0,False,False,False
1121,2024,20,1,1.0,1,55,carlos-sainz-jr,ferrari,ferrari,pirelli,False,71.0,1:40:55.800,6055800.0,,,,,,,,,25.0,True,1.0,1,1.0,1,0.0,1.0,False,True,False
1121,2024,20,2,2.0,2,4,lando-norris,mclaren,mercedes,pirelli,False,71.0,1:41:00.505,6060505.0,,,+4.705,4705.0,,+4.705,4705.0,,18.0,False,3.0,3,3.0,3,1.0,1.0,False,False,False
1121,2024,20,3,3.0,3,16,charles-leclerc,ferrari,ferrari,pirelli,False,71.0,1:41:30.187,6090187.0,,,+34.387,34387.0,,+29.682,29682.0,,16.0,False,4.0,4,4.0,4,1.0,2.0,True,False,False
1121,2024,20,4,4.0,4,44,lewis-hamilton,mercedes,mercedes,pirelli,False,71.0,1:41:40.580,6100580.0,,,+44.780,44780.0,,+10.393,10393.0,,12.0,False,6.0,6,6.0,6,2.0,1.0,False,False,False
1121,2024,20,5,5.0,5,63,george-russell,mercedes,mercedes,pirelli,False,71.0,1:41:44.336,6104336.0,,,+48.536,48536.0,,+3.756,3756.0,,10.0,False,5.0,5,5.0,5,0.0,1.0,False,False,False
1121,2024,20,6,6.0,6,1,max-verstappen,red-bull,honda-rbpt,pirelli,False,71.0,1:41:55.358,6115358.0,,,+59.558,59558.0,,+11.022,11022.0,,8.0,False,2.0,2,2.0,2,-4.0,1.0,False,False,False
1121,2024,20,7,7.0,7,20,kevin-magnussen,haas,ferrari,pirelli,False,71.0,1:41:59.442,6119442.0,,,+1:03.642,63642.0,,+4.084,4084.0,,6.0,False,7.0,7,7.0,7,0.0,1.0,False,False,False
1121,2024,20,8,8.0,8,81,oscar-piastri,mclaren,mercedes,pirelli,False,71.0,1:42:00.728,6120728.0,,,+1:04.928,64928.0,,+1.286,1286.0,,4.0,False,17.0,17,17.0,17,9.0,1.0,False,False,False
1121,2024,20,9,9.0,9,27,nico-hulkenberg,haas,ferrari,pirelli,False,70.0,,,,,+1 lap,,1.0,,,,2.0,False,10.0,10,10.0,10,1.0,1.0,False,False,False
1121,2024,20,10,10.0,10,10,pierre-gasly,alpine,renault,pirelli,False,70.0,,,,,+1 lap,,1.0,,,,1.0,False,8.0,8,8.0,8,-2.0,1.0,False,False,False
1121,2024,20,11,11.0,11,18,lance-stroll,aston-martin,mercedes,pirelli,False,70.0,,,,,+1 lap,,1.0,,,,,False,14.0,14,14.0,14,3.0,1.0,False,False,False
1121,2024,20,12,12.0,12,43,franco-colapinto,williams,mercedes,pirelli,False,70.0,,,10.0,10000.0,+1 lap,,1.0,,,,,False,16.0,16,16.0,16,4.0,1.0,False,False,False
1121,2024,20,13,13.0,13,31,esteban-ocon,alpine,renault,pirelli,False,70.0,,,,,+1 lap,,1.0,,,,,False,19.0,19,,PL,7.0,1.0,False,False,False
1121,2024,20,14,14.0,14,77,valtteri-bottas,kick-sauber,ferrari,pirelli,False,70.0,,,,,+1 lap,,1.0,,,,,False,15.0,15,15.0,15,1.0,1.0,False,False,False
1121,2024,20,15,15.0,15,24,guanyu-zhou,kick-sauber,ferrari,pirelli,False,70.0,,,,,+1 lap,,1.0,,,,,False,20.0,20,19.0,19,4.0,1.0,False,False,False
1121,2024,20,16,16.0,16,30,liam-lawson,rb,honda-rbpt,pirelli,False,70.0,,,,,+1 lap,,1.0,,,,,False,12.0,12,12.0,12,-4.0,2.0,False,False,False
1121,2024,20,17,17.0,17,11,sergio-perez,red-bull,honda-rbpt,pirelli,False,70.0,,,,,+1 lap,,1.0,,,,,False,18.0,18,18.0,18,1.0,3.0,False,False,False
1121,2024,20,18,,DNF,14,fernando-alonso,aston-martin,mercedes,pirelli,False,15.0,,,,,,,,,,Brakes,,False,13.0,13,13.0,13,,0.0,False,False,False
1121,2024,20,19,,DNF,23,alexander-albon,williams,mercedes,pirelli,False,0.0,,,,,,,,,,Collision,,False,9.0,9,9.0,9,,0.0,False,False,False
1121,2024,20,20,,DNF,22,yuki-tsunoda,rb,honda-rbpt,pirelli,False,0.0,,,,,,,,,,Collision,,False,11.0,11,11.0,11,,0.0,False,False,False
1122,2024,21,1,1.0,1,1,max-verstappen,red-bull,honda-rbpt,pirelli,False,69.0,2:06:54.430,7614430.0,,,,,,,,,26.0,False,12.0,12,17.0,17,16.0,1.0,True,True,False
1122,2024,21,2,2.0,2,31,esteban-ocon,alpine,renault,pirelli,False,69.0,2:07:13.907,7633907.0,,,+19.477,19477.0,,+19.477,19477.0,,18.0,False,4.0,4,4.0,4,2.0,1.0,False,False,False
1122,2024,21,3,3.0,3,10,pierre-gasly,alpine,renault,pirelli,False,69.0,2:07:16.962,7636962.0,,,+22.532,22532.0,,+3.055,3055.0,,15.0,False,15.0,15,13.0,13,10.0,1.0,False,False,False
1122,2024,21,4,4.0,4,63,george-russell,mercedes,mercedes,pirelli,False,69.0,2:07:17.695,7637695.0,,,+23.265,23265.0,,+0.733,733.0,,12.0,False,2.0,2,2.0,2,-2.0,2.0,False,False,False
1122,2024,21,5,5.0,5,16,charles-leclerc,ferrari,ferrari,pirelli,False,69.0,2:07:24.607,7644607.0,,,+30.177,30177.0,,+6.912,6912.0,,10.0,False,6.0,6,6.0,6,1.0,2.0,False,False,False
1122,2024,21,6,6.0,6,4,lando-norris,mclaren,mercedes,pirelli,False,69.0,2:07:25.802,7645802.0,,,+31.372,31372.0,,+1.195,1195.0,,8.0,True,1.0,1,1.0,1,-5.0,2.0,False,False,False
1122,2024,21,7,7.0,7,22,yuki-tsunoda,rb,honda-rbpt,pirelli,False,69.0,2:07:36.486,7656486.0,,,+42.056,42056.0,,+10.684,10684.0,,6.0,False,3.0,3,3.0,3,-4.0,2.0,False,False,False
1122,2024,21,8,8.0,8,81,oscar-piastri,mclaren,mercedes,pirelli,False,69.0,2:07:39.373,7659373.0,10.0,10000.0,+44.943,44943.0,,+2.887,2887.0,,4.0,False,8.0,8,8.0,8,0.0,2.0,False,False,False
1122,2024,21,9,9.0,9,30,liam-lawson,rb,honda-rbpt,pirelli,False,69.0,2:07:44.882,7664882.0,,,+50.452,50452.0,,+5.509,5509.0,,2.0,False,5.0,5,5.0,5,-4.0,2.0,False,False,False
1122,2024,21,10,10.0,10,44,lewis-hamilton,mercedes,mercedes,pirelli,False,69.0,2:07:45.183,7665183.0,,,+50.753,50753.0,,+0.301,301.0,,1.0,False,16.0,16,14.0,14,4.0,2.0,False,False,False
1122,2024,21,11,11.0,11,11,sergio-perez,red-bull,honda-rbpt,pirelli,False,69.0,2:07:45.961,7665961.0,,,+51.531,51531.0,,+0.778,778.0,,,False,13.0,13,12.0,12,1.0,2.0,False,False,False
1122,2024,21,12,12.0,12,50,oliver-bearman,haas,ferrari,pirelli,False,69.0,2:07:51.515,7671515.0,,,+57.085,57085.0,,+5.554,5554.0,,,False,17.0,17,15.0,15,3.0,2.0,False,False,False
1122,2024,21,13,13.0,13,77,valtteri-bottas,kick-sauber,ferrari,pirelli,False,69.0,2:07:58.018,7678018.0,,,+1:03.588,63588.0,,+6.503,6503.0,,,False,11.0,11,11.0,11,-2.0,1.0,False,False,False
1122,2024,21,14,14.0,14,14,fernando-alonso,aston-martin,mercedes,pirelli,False,69.0,2:08:12.479,7692479.0,,,+1:18.049,78049.0,,+14.461,14461.0,,,False,9.0,9,9.0,9,-5.0,2.0,False,False,False
1122,2024,21,15,15.0,15,24,guanyu-zhou,kick-sauber,ferrari,pirelli,False,69.0,2:08:14.079,7694079.0,,,+1:19.649,79649.0,,+1.600,1600.0,,,False,20.0,20,19.0,19,4.0,4.0,False,False,False
1122,2024,21,16,,DNF,55,carlos-sainz-jr,ferrari,ferrari,pirelli,False,38.0,,,,,,,,,,Accident,,False,14.0,14,,PL,,2.0,False,False,False
1122,2024,21,17,,DNF,43,franco-colapinto,williams,mercedes,pirelli,False,30.0,,,,,,,,,,Accident,,False,18.0,18,16.0,16,,2.0,False,False,False
1122,2024,21,18,,DNS,23,alexander-albon,williams,mercedes,pirelli,False,0.0,,,,,,,,,,Car damaged in qualifying,,False,7.0,7,7.0,7,,0.0,False,False,False
1122,2024,21,19,,DNS,18,lance-stroll,aston-martin,mercedes,pirelli,False,0.0,,,,,,,,,,Accident,,False,10.0,10,10.0,10,,0.0,False,False,False
1122,2024,21,20,,DSQ,27,nico-hulkenberg,haas,ferrari,pirelli,False,,,,,,,,,,,Received outside assistance,,False,19.0,19,18.0,18,,3.0,False,False,False
1123,2024,22,1,1.0,1,63,george-russell,mercedes,mercedes,pirelli,False,50.0,1:22:05.969,4925969.0,,,,,,,,,25.0,True,1.0,1,1.0,1,0.0,2.0,False,False,False
1123,2024,22,2,2.0,2,44,lewis-hamilton,mercedes,mercedes,pirelli,False,50.0,1:22:13.282,4933282.0,,,+7.313,7313.0,,+7.313,7313.0,,18.0,False,10.0,10,10.0,10,8.0,2.0,False,True,False
1123,2024,22,3,3.0,3,55,carlos-sainz-jr,ferrari,ferrari,pirelli,False,50.0,1:22:17.875,4937875.0,,,+11.906,11906.0,,+4.593,4593.0,,15.0,False,2.0,2,2.0,2,-1.0,2.0,False,False,False
1123,2024,22,4,4.0,4,16,charles-leclerc,ferrari,ferrari,pirelli,False,50.0,1:22:20.252,4940252.0,,,+14.283,14283.0,,+2.377,2377.0,,12.0,False,4.0,4,4.0,4,0.0,2.0,False,False,False
1123,2024,22,5,5.0,5,1,max-verstappen,red-bull,honda-rbpt,pirelli,False,50.0,1:22:22.551,4942551.0,,,+16.582,16582.0,,+2.299,2299.0,,10.0,False,5.0,5,5.0,5,0.0,2.0,False,False,False
1123,2024,22,6,6.0,6,4,lando-norris,mclaren,mercedes,pirelli,False,50.0,1:22:49.354,4969354.0,,,+43.385,43385.0,,+26.803,26803.0,,9.0,False,6.0,6,6.0,6,0.0,3.0,True,False,False
1123,2024,22,7,7.0,7,81,oscar-piastri,mclaren,mercedes,pirelli,False,50.0,1:22:57.334,4977334.0,,,+51.365,51365.0,,+7.980,7980.0,,6.0,False,8.0,8,8.0,8,1.0,2.0,False,False,False
1123,2024,22,8,8.0,8,27,nico-hulkenberg,haas,ferrari,pirelli,False,50.0,1:23:05.777,4985777.0,,,+59.808,59808.0,,+8.443,8443.0,,4.0,False,9.0,9,9.0,9,1.0,2.0,False,False,False
1123,2024,22,9,9.0,9,22,yuki-tsunoda,rb,honda-rbpt,pirelli,False,50.0,1:23:08.777,4988777.0,,,+1:02.808,62808.0,,+3.000,3000.0,,2.0,False,7.0,7,7.0,7,-2.0,2.0,False,False,False
1123,2024,22,10,10.0,10,11,sergio-perez,red-bull,honda-rbpt,pirelli,False,50.0,1:23:09.083,4989083.0,,,+1:03.114,63114.0,,+0.306,306.0,,1.0,False,16.0,16,15.0,15,5.0,2.0,False,False,False
1123,2024,22,11,11.0,11,14,fernando-alonso,aston-martin,mercedes,pirelli,False,50.0,1:23:15.164,4995164.0,,,+1:09.195,69195.0,,+6.081,6081.0,,,False,17.0,17,16.0,16,5.0,2.0,False,False,False
1123,2024,22,12,12.0,12,20,kevin-magnussen,haas,ferrari,pirelli,False,50.0,1:23:15.772,4995772.0,,,+1:09.803,69803.0,,+0.608,608.0,,,False,12.0,12,12.0,12,0.0,1.0,False,False,False
1123,2024,22,13,13.0,13,24,guanyu-zhou,kick-sauber,ferrari,pirelli,False,50.0,1:23:20.054,5000054.0,,,+1:14.085,74085.0,,+4.282,4282.0,,,False,13.0,13,13.0,13,0.0,2.0,False,False,False
1123,2024,22,14,14.0,14,43,franco-colapinto,williams,mercedes,pirelli,False,50.0,1:23:21.141,5001141.0,,,+1:15.172,75172.0,,+1.087,1087.0,,,False,14.0,14,,PL,6.0,2.0,False,False,False
1123,2024,22,15,15.0,15,18,lance-stroll,aston-martin,mercedes,pirelli,False,50.0,1:23:30.071,5010071.0,,,+1:24.102,84102.0,,+8.930,8930.0,,,False,20.0,20,18.0,18,3.0,2.0,False,False,False
1123,2024,22,16,16.0,16,30,liam-lawson,rb,honda-rbpt,pirelli,False,50.0,1:23:36.974,5016974.0,,,+1:31.005,91005.0,,+6.903,6903.0,,,False,15.0,15,14.0,14,-2.0,2.0,False,False,False
1123,2024,22,17,17.0,17,31,esteban-ocon,alpine,renault,pirelli,False,49.0,,,,,+1 lap,,1.0,,,,,False,11.0,11,11.0,11,-6.0,3.0,False,False,False
1123,2024,22,18,18.0,18,77,valtteri-bottas,kick-sauber,ferrari,pirelli,False,49.0,,,,,+1 lap,,1.0,,,,,False,19.0,19,19.0,19,1.0,2.0,False,False,False
1123,2024,22,19,,DNF,23,alexander-albon,williams,mercedes,pirelli,False,25.0,,,,,,,,,,Turbo,,False,18.0,18,17.0,17,,1.0,False,False,False
1123,2024,22,20,,DNF,10,pierre-gasly,alpine,renault,pirelli,False,15.0,,,,,,,,,,Engine,,False,3.0,3,3.0,3,,1.0,False,False,False
1124,2024,23,1,1.0,1,1,max-verstappen,red-bull,honda-rbpt,pirelli,False,57.0,1:31:05.323,5465323.0,,,,,,,,,25.0,False,1.0,1,2.0,2,1.0,3.0,False,False,False
1124,2024,23,2,2.0,2,16,charles-leclerc,ferrari,ferrari,pirelli,False,57.0,1:31:11.354,5471354.0,,,+6.031,6031.0,,+6.031,6031.0,,18.0,False,5.0,5,5.0,5,3.0,3.0,False,False,False
1124,2024,23,3,3.0,3,81,oscar-piastri,mclaren,mercedes,pirelli,False,57.0,1:31:12.142,5472142.0,,,+6.819,6819.0,,+0.788,788.0,,15.0,False,4.0,4,4.0,4,1.0,3.0,False,False,False
1124,2024,23,4,4.0,4,63,george-russell,mercedes,mercedes,pirelli,False,57.0,1:31:19.427,5479427.0,5.0,5000.0,+14.104,14104.0,,+7.285,7285.0,,12.0,True,2.0,2,1.0,1,-3.0,4.0,False,False,False
1124,2024,23,5,5.0,5,10,pierre-gasly,alpine,renault,pirelli,False,57.0,1:31:22.105,5482105.0,,,+16.782,16782.0,,+2.678,2678.0,,10.0,False,11.0,11,11.0,11,6.0,3.0,False,False,False
1124,2024,23,6,6.0,6,55,carlos-sainz-jr,ferrari,ferrari,pirelli,False,57.0,1:31:22.799,5482799.0,,,+17.476,17476.0,,+0.694,694.0,,8.0,False,7.0,7,7.0,7,1.0,3.0,False,False,False
1124,2024,23,7,7.0,7,14,fernando-alonso,aston-martin,mercedes,pirelli,False,57.0,1:31:25.190,5485190.0,,,+19.867,19867.0,,+2.391,2391.0,,6.0,False,8.0,8,8.0,8,1.0,3.0,False,False,False
1124,2024,23,8,8.0,8,24,guanyu-zhou,kick-sauber,ferrari,pirelli,False,57.0,1:31:30.683,5490683.0,,,+25.360,25360.0,,+5.493,5493.0,,4.0,False,12.0,12,12.0,12,4.0,3.0,False,True,False
1124,2024,23,9,9.0,9,20,kevin-magnussen,haas,ferrari,pirelli,False,57.0,1:31:37.500,5497500.0,,,+32.177,32177.0,,+6.817,6817.0,,2.0,False,10.0,10,10.0,10,1.0,3.0,False,False,False
1124,2024,23,10,10.0,10,4,lando-norris,mclaren,mercedes,pirelli,False,57.0,1:31:41.085,5501085.0,,,+35.762,35762.0,,+3.585,3585.0,,2.0,False,3.0,3,3.0,3,-7.0,4.0,True,False,False
1124,2024,23,11,11.0,11,77,valtteri-bottas,kick-sauber,ferrari,pirelli,False,57.0,1:31:55.566,5515566.0,,,+50.243,50243.0,,+14.481,14481.0,,,False,13.0,13,13.0,13,2.0,3.0,False,False,False
1124,2024,23,12,12.0,12,44,lewis-hamilton,mercedes,mercedes,pirelli,False,57.0,1:32:01.445,5521445.0,,,+56.122,56122.0,,+5.879,5879.0,,,False,6.0,6,6.0,6,-6.0,4.0,False,False,False
1124,2024,23,13,13.0,13,22,yuki-tsunoda,rb,honda-rbpt,pirelli,False,57.0,1:32:06.423,5526423.0,,,+1:01.100,61100.0,,+4.978,4978.0,,,False,14.0,14,14.0,14,1.0,4.0,False,False,False
1124,2024,23,14,14.0,14,30,liam-lawson,rb,honda-rbpt,pirelli,False,57.0,1:32:07.979,5527979.0,,,+1:02.656,62656.0,,+1.556,1556.0,,,False,17.0,17,17.0,17,3.0,4.0,False,False,False
1124,2024,23,15,15.0,15,23,alexander-albon,williams,mercedes,pirelli,False,56.0,,,,,+1 lap,,1.0,,,,,False,16.0,16,16.0,16,1.0,4.0,False,False,False
1124,2024,23,16,,DNF,27,nico-hulkenberg,haas,ferrari,pirelli,False,39.0,,,,,,,,,,Spun off,,False,18.0,18,18.0,18,,4.0,False,False,False
1124,2024,23,17,,DNF,11,sergio-perez,red-bull,honda-rbpt,pirelli,False,38.0,,,,,,,,,,Clutch,,False,9.0,9,9.0,9,,3.0,False,False,False
1124,2024,23,18,,DNF,18,lance-stroll,aston-martin,mercedes,pirelli,False,8.0,,,,,,,,,,Collision damage,,False,15.0,15,15.0,15,,2.0,False,False,False
1124,2024,23,19,,DNF,43,franco-colapinto,williams,mercedes,pirelli,False,0.0,,,,,,,,,,Collision,,False,19.0,19,19.0,19,,0.0,False,False,False
1124,2024,23,20,,DNF,31,esteban-ocon,alpine,renault,pirelli,False,0.0,,,,,,,,,,Collision,,False,20.0,20,20.0,20,,0.0,False,False,False
1125,2024,24,1,1.0,1,4,lando-norris,mclaren,mercedes,pirelli,False,58.0,1:26:33.291,5193291.0,,,,,,,,,25.0,True,1.0,1,1.0,1,0.0,1.0,False,False,False
1125,2024,24,2,2.0,2,55,carlos-sainz-jr,ferrari,ferrari,pirelli,False,58.0,1:26:39.123,5199123.0,,,+5.832,5832.0,,+5.832,5832.0,,18.0,False,3.0,3,3.0,3,1.0,1.0,False,False,False
1125,2024,24,3,3.0,3,16,charles-leclerc,ferrari,ferrari,pirelli,False,58.0,1:27:05.219,5225219.0,,,+31.928,31928.0,,+26.096,26096.0,,15.0,False,14.0,14,19.0,19,16.0,1.0,False,True,False
1125,2024,24,4,4.0,4,44,lewis-hamilton,mercedes,mercedes,pirelli,False,58.0,1:27:09.774,5229774.0,,,+36.483,36483.0,,+4.555,4555.0,,12.0,False,18.0,18,16.0,16,12.0,1.0,False,False,False
1125,2024,24,5,5.0,5,63,george-russell,mercedes,mercedes,pirelli,False,58.0,1:27:10.829,5230829.0,,,+37.538,37538.0,,+1.055,1055.0,,10.0,False,7.0,7,6.0,6,1.0,1.0,False,False,False
1125,2024,24,6,6.0,6,1,max-verstappen,red-bull,honda-rbpt,pirelli,False,58.0,1:27:23.138,5243138.0,,,+49.847,49847.0,,+12.309,12309.0,,8.0,False,5.0,5,4.0,4,-2.0,1.0,False,False,False
1125,2024,24,7,7.0,7,10,pierre-gasly,alpine,renault,pirelli,False,58.0,1:27:45.851,5265851.0,,,+1:12.560,72560.0,,+22.713,22713.0,,6.0,False,6.0,6,5.0,5,-2.0,1.0,False,False,False
1125,2024,24,8,8.0,8,27,nico-hulkenberg,haas,ferrari,pirelli,False,58.0,1:27:48.845,5268845.0,,,+1:15.554,75554.0,,+2.994,2994.0,,4.0,False,4.0,4,7.0,7,-1.0,1.0,False,False,False
1125,2024,24,9,9.0,9,14,fernando-alonso,aston-martin,mercedes,pirelli,False,58.0,1:27:55.664,5275664.0,,,+1:22.373,82373.0,,+6.819,6819.0,,2.0,False,8.0,8,8.0,8,-1.0,2.0,False,False,False
1125,2024,24,10,10.0,10,81,oscar-piastri,mclaren,mercedes,pirelli,False,58.0,1:27:57.112,5277112.0,,,+1:23.821,83821.0,,+1.448,1448.0,,1.0,False,2.0,2,2.0,2,-8.0,2.0,False,False,False
1125,2024,24,11,11.0,11,23,alexander-albon,williams,mercedes,pirelli,False,57.0,,,,,+1 lap,,1.0,,,,,False,16.0,16,18.0,18,7.0,1.0,False,False,False
1125,2024,24,12,12.0,12,22,yuki-tsunoda,rb,honda-rbpt,pirelli,False,57.0,,,,,+1 lap,,1.0,,,,,False,11.0,11,11.0,11,-1.0,1.0,False,False,False
1125,2024,24,13,13.0,13,24,guanyu-zhou,kick-sauber,ferrari,pirelli,False,57.0,,,,,+1 lap,,1.0,,,,,False,17.0,17,15.0,15,2.0,2.0,False,False,False
1125,2024,24,14,14.0,14,18,lance-stroll,aston-martin,mercedes,pirelli,False,57.0,,,5.0,5000.0,+1 lap,,1.0,,,,,False,13.0,13,13.0,13,-1.0,2.0,False,False,False
1125,2024,24,15,15.0,15,61,jack-doohan,alpine,renault,pirelli,False,57.0,,,,,+1 lap,,1.0,,,,,False,20.0,20,17.0,17,2.0,1.0,False,False,False
1125,2024,24,16,16.0,16,20,kevin-magnussen,haas,ferrari,pirelli,False,57.0,,,,,+1 lap,,1.0,,,,,False,15.0,15,14.0,14,-2.0,4.0,True,False,False
1125,2024,24,17,17.0,17,30,liam-lawson,rb,honda-rbpt,pirelli,False,55.0,,,,,,,,,,Brakes,,False,12.0,12,12.0,12,-5.0,3.0,False,False,False
1125,2024,24,18,,DNF,77,valtteri-bottas,kick-sauber,ferrari,pirelli,False,30.0,,,,,,,,,,Collision damage,,False,9.0,9,9.0,9,,1.0,False,False,False
1125,2024,24,19,,DNF,43,franco-colapinto,williams,mercedes,pirelli,False,26.0,,,,,,,,,,Engine,,False,19.0,19,20.0,20,,1.0,False,False,False
1125,2024,24,20,,DNF,11,sergio-perez,red-bull,honda-rbpt,pirelli,False,0.0,,,,,,,,,,Collision,,False,10.0,10,10.0,10,,0.0,False,False,False
1126,2025,1,1,1.0,1,4,lando-norris,mclaren,mercedes,pirelli,False,57.0,1:42:06.304,6126304.0,,,,,,,,,25.0,True,1.0,1,1.0,1,0.0,5.0,True,True,False
1126,2025,1,2,2.0,2,1,max-verstappen,red-bull,honda-rbpt,pirelli,False,57.0,1:42:07.199,6127199.0,,,+0.895,895.0,,+0.895,895.0,,18.0,False,3.0,3,3.0,3,1.0,5.0,False,False,False
1126,2025,1,3,3.0,3,63,george-russell,mercedes,mercedes,pirelli,False,57.0,1:42:14.785,6134785.0,,,+8.481,8481.0,,+7.586,7586.0,,15.0,False,4.0,4,4.0,4,1.0,5.0,False,False,False
1126,2025,1,4,4.0,4,12,kimi-antonelli,mercedes,mercedes,pirelli,False,57.0,1:42:16.439,6136439.0,,,+10.135,10135.0,,+1.654,1654.0,,12.0,False,16.0,16,16.0,16,12.0,5.0,False,False,False
1126,2025,1,5,5.0,5,23,alexander-albon,williams,mercedes,pirelli,False,57.0,1:42:19.077,6139077.0,,,+12.773,12773.0,,+2.638,2638.0,,10.0,False,6.0,6,6.0,6,1.0,5.0,False,False,False
1126,2025,1,6,6.0,6,18,lance-stroll,aston-martin,mercedes,pirelli,False,57.0,1:42:23.717,6143717.0,,,+17.413,17413.0,,+4.640,4640.0,,8.0,False,13.0,13,13.0,13,7.0,5.0,False,False,False
1126,2025,1,7,7.0,7,27,nico-hulkenberg,kick-sauber,ferrari,pirelli,False,57.0,1:42:24.727,6144727.0,,,+18.423,18423.0,,+1.010,1010.0,,6.0,False,17.0,17,17.0,17,10.0,5.0,False,False,False
1126,2025,1,8,8.0,8,16,charles-leclerc,ferrari,ferrari,pirelli,False,57.0,1:42:26.130,6146130.0,,,+19.826,19826.0,,+1.403,1403.0,,4.0,False,7.0,7,7.0,7,-1.0,5.0,False,False,False
1126,2025,1,9,9.0,9,81,oscar-piastri,mclaren,mercedes,pirelli,False,57.0,1:42:26.752,6146752.0,,,+20.448,20448.0,,+0.622,622.0,,2.0,False,2.0,2,2.0,2,-7.0,5.0,False,False,False
1126,2025,1,10,10.0,10,44,lewis-hamilton,ferrari,ferrari,pirelli,False,57.0,1:42:28.777,6148777.0,,,+22.473,22473.0,,+2.025,2025.0,,1.0,False,8.0,8,8.0,8,-2.0,5.0,False,False,False
1126,2025,1,11,11.0,11,10,pierre-gasly,alpine,renault,pirelli,False,57.0,1:42:32.806,6152806.0,,,+26.502,26502.0,,+4.029,4029.0,,,False,9.0,9,9.0,9,-2.0,5.0,False,False,False
1126,2025,1,12,12.0,12,22,yuki-tsunoda,racing-bulls,honda-rbpt,pirelli,False,57.0,1:42:36.188,6156188.0,,,+29.884,29884.0,,+3.382,3382.0,,,False,5.0,5,5.0,5,-7.0,5.0,False,False,False
1126,2025,1,13,13.0,13,31,esteban-ocon,haas,ferrari,pirelli,False,57.0,1:42:39.465,6159465.0,,,+33.161,33161.0,,+3.277,3277.0,,,False,19.0,19,19.0,19,6.0,5.0,False,False,False
1126,2025,1,14,14.0,14,87,oliver-bearman,haas,ferrari,pirelli,False,57.0,1:42:46.655,6166655.0,,,+40.351,40351.0,,+7.190,7190.0,,,False,,NC,,PL,6.0,5.0,False,False,False
1126,2025,1,15,,DNF,30,liam-lawson,red-bull,honda-rbpt,pirelli,False,46.0,,,,,,,,,,Accident,,False,18.0,18,,PL,,4.0,False,False,False
1126,2025,1,16,,DNF,5,gabriel-bortoleto,kick-sauber,ferrari,pirelli,False,45.0,,,,,,,,,,Accident,,False,15.0,15,15.0,15,,5.0,False,False,False
1126,2025,1,17,,DNF,14,fernando-alonso,aston-martin,mercedes,pirelli,False,32.0,,,,,,,,,,Accident,,False,12.0,12,12.0,12,,3.0,False,False,False
1126,2025,1,18,,DNF,55,carlos-sainz-jr,williams,mercedes,pirelli,False,0.0,,,,,,,,,,Accident,,False,10.0,10,10.0,10,,0.0,False,False,False
1126,2025,1,19,,DNF,7,jack-doohan,alpine,renault,pirelli,False,0.0,,,,,,,,,,Accident,,False,14.0,14,14.0,14,,0.0,False,False,False
1126,2025,1,20,,DNF,6,isack-hadjar,racing-bulls,honda-rbpt,pirelli,False,0.0,,,,,,,,,,Accident on formation lap,,False,11.0,11,11.0,11,,0.0,False,False,False
1127,2025,2,1,1.0,1,81,oscar-piastri,mclaren,mercedes,pirelli,False,56.0,1:30:55.026,5455026.0,,,,,,,,,25.0,True,1.0,1,1.0,1,0.0,1.0,False,False,False
1127,2025,2,2,2.0,2,4,lando-norris,mclaren,mercedes,pirelli,False,56.0,1:31:04.774,5464774.0,,,+9.748,9748.0,,+9.748,9748.0,,18.0,False,3.0,3,3.0,3,1.0,1.0,True,False,False
1127,2025,2,3,3.0,3,63,george-russell,mercedes,mercedes,pirelli,False,56.0,1:31:06.123,5466123.0,,,+11.097,11097.0,,+1.349,1349.0,,15.0,False,2.0,2,2.0,2,-1.0,1.0,False,False,False
1127,2025,2,4,4.0,4,1,max-verstappen,red-bull,honda-rbpt,pirelli,False,56.0,1:31:11.682,5471682.0,,,+16.656,16656.0,,+5.559,5559.0,,12.0,False,4.0,4,4.0,4,0.0,1.0,False,False,False
1127,2025,2,5,5.0,5,31,esteban-ocon,haas,ferrari,pirelli,False,56.0,1:31:44.995,5504995.0,,,+49.969,49969.0,,+33.313,33313.0,,10.0,False,11.0,11,11.0,11,6.0,1.0,False,False,False
1127,2025,2,6,6.0,6,12,kimi-antonelli,mercedes,mercedes,pirelli,False,56.0,1:31:48.774,5508774.0,,,+53.748,53748.0,,+3.779,3779.0,,8.0,False,8.0,8,8.0,8,2.0,1.0,False,True,False
1127,2025,2,7,7.0,7,23,alexander-albon,williams,mercedes,pirelli,False,56.0,1:31:51.347,5511347.0,,,+56.321,56321.0,,+2.573,2573.0,,6.0,False,10.0,10,10.0,10,3.0,1.0,False,False,False
1127,2025,2,8,8.0,8,87,oliver-bearman,haas,ferrari,pirelli,False,56.0,1:31:56.329,5516329.0,,,+1:01.303,61303.0,,+4.982,4982.0,,4.0,False,17.0,17,17.0,17,9.0,1.0,False,False,False
1127,2025,2,9,9.0,9,18,lance-stroll,aston-martin,mercedes,pirelli,False,56.0,1:32:05.230,5525230.0,,,+1:10.204,70204.0,,+8.901,8901.0,,2.0,False,14.0,14,14.0,14,5.0,1.0,False,False,False
1127,2025,2,10,10.0,10,55,carlos-sainz-jr,williams,mercedes,pirelli,False,56.0,1:32:11.413,5531413.0,,,+1:16.387,76387.0,,+6.183,6183.0,,1.0,False,15.0,15,15.0,15,5.0,1.0,False,False,False
1127,2025,2,11,11.0,11,6,isack-hadjar,racing-bulls,honda-rbpt,pirelli,False,56.0,1:32:13.901,5533901.0,,,+1:18.875,78875.0,,+2.488,2488.0,,,False,7.0,7,7.0,7,-4.0,2.0,False,False,False
1127,2025,2,12,12.0,12,30,liam-lawson,red-bull,honda-rbpt,pirelli,False,56.0,1:32:16.173,5536173.0,,,+1:21.147,81147.0,,+2.272,2272.0,,,False,20.0,20,,PL,8.0,2.0,False,False,False
1127,2025,2,13,13.0,13,7,jack-doohan,alpine,renault,pirelli,False,56.0,1:32:23.427,5543427.0,10.0,10000.0,+1:28.401,88401.0,,+7.254,7254.0,,,False,18.0,18,18.0,18,5.0,1.0,False,False,False
1127,2025,2,14,14.0,14,5,gabriel-bortoleto,kick-sauber,ferrari,pirelli,False,55.0,,,,,+1 lap,,1.0,,,,,False,19.0,19,19.0,19,5.0,2.0,False,False,False
1127,2025,2,15,15.0,15,27,nico-hulkenberg,kick-sauber,ferrari,pirelli,False,55.0,,,,,+1 lap,,1.0,,,,,False,12.0,12,12.0,12,-3.0,1.0,False,False,False
1127,2025,2,16,16.0,16,22,yuki-tsunoda,racing-bulls,honda-rbpt,pirelli,False,55.0,,,,,+1 lap,,1.0,,,,,False,9.0,9,9.0,9,-7.0,3.0,False,False,False
1127,2025,2,17,,DNF,14,fernando-alonso,aston-martin,mercedes,pirelli,False,4.0,,,,,,,,,,Brakes,,False,13.0,13,13.0,13,,0.0,False,False,False
1127,2025,2,18,,DSQ,16,charles-leclerc,ferrari,ferrari,pirelli,False,56.0,,,,,,,,,,Car underweight,,False,6.0,6,6.0,6,,1.0,False,False,False
1127,2025,2,19,,DSQ,44,lewis-hamilton,ferrari,ferrari,pirelli,False,56.0,,,,,,,,,,Illegal skid block wear,,False,5.0,5,5.0,5,,2.0,False,False,False
1127,2025,2,20,,DSQ,10,pierre-gasly,alpine,renault,pirelli,False,56.0,,,,,,,,,,Car underweight,,False,16.0,16,16.0,16,,1.0,False,False,False
1128,2025,3,1,1.0,1,1,max-verstappen,red-bull,honda-rbpt,pirelli,False,53.0,1:22:06.983,4926983.0,,,,,,,,,25.0,True,1.0,1,1.0,1,0.0,1.0,False,False,False
1128,2025,3,2,2.0,2,4,lando-norris,mclaren,mercedes,pirelli,False,53.0,1:22:08.406,4928406.0,,,+1.423,1423.0,,+1.423,1423.0,,18.0,False,2.0,2,2.0,2,0.0,1.0,False,False,False
1128,2025,3,3,3.0,3,81,oscar-piastri,mclaren,mercedes,pirelli,False,53.0,1:22:09.112,4929112.0,,,+2.129,2129.0,,+0.706,706.0,,15.0,False,3.0,3,3.0,3,0.0,1.0,False,False,False
1128,2025,3,4,4.0,4,16,charles-leclerc,ferrari,ferrari,pirelli,False,53.0,1:22:23.080,4943080.0,,,+16.097,16097.0,,+13.968,13968.0,,12.0,False,4.0,4,4.0,4,0.0,1.0,False,False,False
1128,2025,3,5,5.0,5,63,george-russell,mercedes,mercedes,pirelli,False,53.0,1:22:24.345,4944345.0,,,+17.362,17362.0,,+1.265,1265.0,,10.0,False,5.0,5,5.0,5,0.0,1.0,False,False,False
1128,2025,3,6,6.0,6,12,kimi-antonelli,mercedes,mercedes,pirelli,False,53.0,1:22:25.654,4945654.0,,,+18.671,18671.0,,+1.309,1309.0,,8.0,False,6.0,6,6.0,6,0.0,1.0,True,False,False
1128,2025,3,7,7.0,7,44,lewis-hamilton,ferrari,ferrari,pirelli,False,53.0,1:22:36.165,4956165.0,,,+29.182,29182.0,,+10.511,10511.0,,6.0,False,8.0,8,8.0,8,1.0,1.0,False,False,False
1128,2025,3,8,8.0,8,6,isack-hadjar,racing-bulls,honda-rbpt,pirelli,False,53.0,1:22:44.117,4964117.0,,,+37.134,37134.0,,+7.952,7952.0,,4.0,False,7.0,7,7.0,7,-1.0,1.0,False,False,False
1128,2025,3,9,9.0,9,23,alexander-albon,williams,mercedes,pirelli,False,53.0,1:22:47.350,4967350.0,,,+40.367,40367.0,,+3.233,3233.0,,2.0,False,9.0,9,9.0,9,0.0,1.0,False,False,False
1128,2025,3,10,10.0,10,87,oliver-bearman,haas,ferrari,pirelli,False,53.0,1:23:01.512,4981512.0,,,+54.529,54529.0,,+14.162,14162.0,,1.0,False,10.0,10,10.0,10,0.0,1.0,False,False,False
1128,2025,3,11,11.0,11,14,fernando-alonso,aston-martin,mercedes,pirelli,False,53.0,1:23:04.316,4984316.0,,,+57.333,57333.0,,+2.804,2804.0,,,False,13.0,13,12.0,12,1.0,1.0,False,False,False
1128,2025,3,12,12.0,12,22,yuki-tsunoda,red-bull,honda-rbpt,pirelli,False,53.0,1:23:05.384,4985384.0,,,+58.401,58401.0,,+1.068,1068.0,,,False,15.0,15,14.0,14,2.0,1.0,False,True,False
1128,2025,3,13,13.0,13,10,pierre-gasly,alpine,renault,pirelli,False,53.0,1:23:09.105,4989105.0,,,+1:02.122,62122.0,,+3.721,3721.0,,,False,11.0,11,11.0,11,-2.0,1.0,False,False,False
1128,2025,3,14,14.0,14,55,carlos-sainz-jr,williams,mercedes,pirelli,False,53.0,1:23:21.112,5001112.0,,,+1:14.129,74129.0,,+12.007,12007.0,,,False,12.0,12,15.0,15,1.0,1.0,False,False,False
1128,2025,3,15,15.0,15,7,jack-doohan,alpine,renault,pirelli,False,53.0,1:23:28.297,5008297.0,,,+1:21.314,81314.0,,+7.185,7185.0,,,False,19.0,19,19.0,19,4.0,1.0,False,False,False
1128,2025,3,16,16.0,16,27,nico-hulkenberg,kick-sauber,ferrari,pirelli,False,53.0,1:23:28.940,5008940.0,,,+1:21.957,81957.0,,+0.643,643.0,,,False,16.0,16,16.0,16,0.0,1.0,False,False,False
1128,2025,3,17,17.0,17,30,liam-lawson,racing-bulls,honda-rbpt,pirelli,False,53.0,1:23:29.717,5009717.0,,,+1:22.734,82734.0,,+0.777,777.0,,,False,14.0,14,13.0,13,-4.0,1.0,False,False,False
1128,2025,3,18,18.0,18,31,esteban-ocon,haas,ferrari,pirelli,False,53.0,1:23:30.421,5010421.0,,,+1:23.438,83438.0,,+0.704,704.0,,,False,18.0,18,18.0,18,0.0,1.0,False,False,False
1128,2025,3,19,19.0,19,5,gabriel-bortoleto,kick-sauber,ferrari,pirelli,False,53.0,1:23:30.880,5010880.0,,,+1:23.897,83897.0,,+0.459,459.0,,,False,17.0,17,17.0,17,-2.0,1.0,False,False,False
1128,2025,3,20,20.0,20,18,lance-stroll,aston-martin,mercedes,pirelli,False,52.0,,,,,+1 lap,,1.0,,,,,False,20.0,20,20.0,20,0.0,2.0,False,False,False
1129,2025,4,1,1.0,1,81,oscar-piastri,mclaren,mercedes,pirelli,False,57.0,1:35:39.435,5739435.0,,,,,,,,,25.0,True,1.0,1,1.0,1,0.0,2.0,True,False,False
1129,2025,4,2,2.0,2,63,george-russell,mercedes,mercedes,pirelli,False,57.0,1:35:54.934,5754934.0,,,+15.499,15499.0,,+15.499,15499.0,,18.0,False,2.0,2,3.0,3,1.0,2.0,False,False,False
1129,2025,4,3,3.0,3,4,lando-norris,mclaren,mercedes,pirelli,False,57.0,1:35:55.708,5755708.0,,,+16.273,16273.0,,+0.774,774.0,,15.0,False,6.0,6,6.0,6,3.0,2.0,False,False,False
1129,2025,4,4,4.0,4,16,charles-leclerc,ferrari,ferrari,pirelli,False,57.0,1:35:59.114,5759114.0,,,+19.679,19679.0,,+3.406,3406.0,,12.0,False,3.0,3,2.0,2,-2.0,2.0,False,False,False
1129,2025,4,5,5.0,5,44,lewis-hamilton,ferrari,ferrari,pirelli,False,57.0,1:36:07.428,5767428.0,,,+27.993,27993.0,,+8.314,8314.0,,10.0,False,9.0,9,9.0,9,4.0,2.0,False,True,False
1129,2025,4,6,6.0,6,1,max-verstappen,red-bull,honda-rbpt,pirelli,False,57.0,1:36:13.830,5773830.0,,,+34.395,34395.0,,+6.402,6402.0,,8.0,False,7.0,7,7.0,7,1.0,2.0,False,False,False
1129,2025,4,7,7.0,7,10,pierre-gasly,alpine,renault,pirelli,False,57.0,1:36:15.437,5775437.0,,,+36.002,36002.0,,+1.607,1607.0,,6.0,False,5.0,5,4.0,4,-3.0,2.0,False,False,False
1129,2025,4,8,8.0,8,31,esteban-ocon,haas,ferrari,pirelli,False,57.0,1:36:23.679,5783679.0,,,+44.244,44244.0,,+8.242,8242.0,,4.0,False,14.0,14,14.0,14,6.0,2.0,False,False,False
1129,2025,4,9,9.0,9,22,yuki-tsunoda,red-bull,honda-rbpt,pirelli,False,57.0,1:36:24.496,5784496.0,,,+45.061,45061.0,,+0.817,817.0,,2.0,False,10.0,10,10.0,10,1.0,2.0,False,False,False
1129,2025,4,10,10.0,10,87,oliver-bearman,haas,ferrari,pirelli,False,57.0,1:36:27.029,5787029.0,,,+47.594,47594.0,,+2.533,2533.0,,1.0,False,20.0,20,20.0,20,10.0,2.0,False,False,False
1129,2025,4,11,11.0,11,12,kimi-antonelli,mercedes,mercedes,pirelli,False,57.0,1:36:27.451,5787451.0,,,+48.016,48016.0,,+0.422,422.0,,,False,4.0,4,5.0,5,-6.0,3.0,False,False,False
1129,2025,4,12,12.0,12,23,alexander-albon,williams,mercedes,pirelli,False,57.0,1:36:28.274,5788274.0,,,+48.839,48839.0,,+0.823,823.0,,,False,15.0,15,15.0,15,3.0,2.0,False,False,False
1129,2025,4,13,13.0,13,6,isack-hadjar,racing-bulls,honda-rbpt,pirelli,False,57.0,1:36:35.749,5795749.0,,,+56.314,56314.0,,+7.475,7475.0,,,False,12.0,12,12.0,12,-1.0,2.0,False,False,False
1129,2025,4,14,14.0,14,7,jack-doohan,alpine,renault,pirelli,False,57.0,1:36:37.241,5797241.0,5.0,5000.0,+57.806,57806.0,,+1.492,1492.0,,,False,11.0,11,11.0,11,-3.0,2.0,False,False,False
1129,2025,4,15,15.0,15,14,fernando-alonso,aston-martin,mercedes,pirelli,False,57.0,1:36:39.775,5799775.0,,,+1:00.340,60340.0,,+2.534,2534.0,,,False,13.0,13,13.0,13,-2.0,2.0,False,False,False
1129,2025,4,16,16.0,16,30,liam-lawson,racing-bulls,honda-rbpt,pirelli,False,57.0,1:36:43.870,5803870.0,15.0,15000.0,+1:04.435,64435.0,,+4.095,4095.0,,,False,17.0,17,17.0,17,1.0,2.0,False,False,False
1129,2025,4,17,17.0,17,18,lance-stroll,aston-martin,mercedes,pirelli,False,57.0,1:36:44.924,5804924.0,,,+1:05.489,65489.0,,+1.054,1054.0,,,False,19.0,19,19.0,19,2.0,2.0,False,False,False
1129,2025,4,18,18.0,18,5,gabriel-bortoleto,kick-sauber,ferrari,pirelli,False,57.0,1:36:46.307,5806307.0,,,+1:06.872,66872.0,,+1.383,1383.0,,,False,18.0,18,18.0,18,0.0,2.0,False,False,False
1129,2025,4,19,,DNF,55,carlos-sainz-jr,williams,mercedes,pirelli,False,45.0,,,,,,,,,,Collision damage,,False,8.0,8,8.0,8,,3.0,False,False,False
1129,2025,4,20,,DSQ,27,nico-hulkenberg,kick-sauber,ferrari,pirelli,False,,,,,,,,,,,Illegal skid block wear,,False,16.0,16,16.0,16,,2.0,False,False,False
1130,2025,5,1,1.0,1,81,oscar-piastri,mclaren,mercedes,pirelli,False,50.0,1:21:06.758,4866758.0,,,,,,,,,25.0,False,2.0,2,2.0,2,1.0,1.0,False,False,False
1130,2025,5,2,2.0,2,1,max-verstappen,red-bull,honda-rbpt,pirelli,False,50.0,1:21:09.601,4869601.0,,,+2.843,2843.0,,+2.843,2843.0,,18.0,True,1.0,1,1.0,1,-1.0,1.0,False,True,False
1130,2025,5,3,3.0,3,16,charles-leclerc,ferrari,ferrari,pirelli,False,50.0,1:21:14.862,4874862.0,,,+8.104,8104.0,,+5.261,5261.0,,15.0,False,4.0,4,4.0,4,1.0,1.0,False,False,False
1130,2025,5,4,4.0,4,4,lando-norris,mclaren,mercedes,pirelli,False,50.0,1:21:15.954,4875954.0,,,+9.196,9196.0,,+1.092,1092.0,,12.0,False,10.0,10,10.0,10,6.0,1.0,True,False,False
1130,2025,5,5,5.0,5,63,george-russell,mercedes,mercedes,pirelli,False,50.0,1:21:33.994,4893994.0,,,+27.236,27236.0,,+18.040,18040.0,,10.0,False,3.0,3,3.0,3,-2.0,1.0,False,False,False
1130,2025,5,6,6.0,6,12,kimi-antonelli,mercedes,mercedes,pirelli,False,50.0,1:21:41.446,4901446.0,,,+34.688,34688.0,,+7.452,7452.0,,8.0,False,5.0,5,5.0,5,-1.0,1.0,False,False,False
1130,2025,5,7,7.0,7,44,lewis-hamilton,ferrari,ferrari,pirelli,False,50.0,1:21:45.831,4905831.0,,,+39.073,39073.0,,+4.385,4385.0,,6.0,False,7.0,7,7.0,7,0.0,1.0,False,False,False
1130,2025,5,8,8.0,8,55,carlos-sainz-jr,williams,mercedes,pirelli,False,50.0,1:22:11.388,4931388.0,,,+1:04.630,64630.0,,+25.557,25557.0,,4.0,False,6.0,6,6.0,6,-2.0,1.0,False,False,False
1130,2025,5,9,9.0,9,23,alexander-albon,williams,mercedes,pirelli,False,50.0,1:22:13.273,4933273.0,,,+1:06.515,66515.0,,+1.885,1885.0,,2.0,False,11.0,11,11.0,11,2.0,1.0,False,False,False
1130,2025,5,10,10.0,10,6,isack-hadjar,racing-bulls,honda-rbpt,pirelli,False,50.0,1:22:13.849,4933849.0,,,+1:07.091,67091.0,,+0.576,576.0,,1.0,False,14.0,14,14.0,14,4.0,1.0,False,False,False
1130,2025,5,11,11.0,11,14,fernando-alonso,aston-martin,mercedes,pirelli,False,50.0,1:22:22.675,4942675.0,,,+1:15.917,75917.0,,+8.826,8826.0,,,False,13.0,13,13.0,13,2.0,1.0,False,False,False
1130,2025,5,12,12.0,12,30,liam-lawson,racing-bulls,honda-rbpt,pirelli,False,50.0,1:22:25.209,4945209.0,10.0,10000.0,+1:18.451,78451.0,,+2.534,2534.0,,,False,12.0,12,12.0,12,0.0,1.0,False,False,False
1130,2025,5,13,13.0,13,87,oliver-bearman,haas,ferrari,pirelli,False,50.0,1:22:25.952,4945952.0,,,+1:19.194,79194.0,,+0.743,743.0,,,False,15.0,15,15.0,15,2.0,1.0,False,False,False
1130,2025,5,14,14.0,14,31,esteban-ocon,haas,ferrari,pirelli,False,50.0,1:22:46.481,4966481.0,,,+1:39.723,99723.0,,+20.529,20529.0,,,False,19.0,19,19.0,19,5.0,1.0,False,False,False
1130,2025,5,15,15.0,15,27,nico-hulkenberg,kick-sauber,ferrari,pirelli,False,49.0,,,,,+1 lap,,1.0,,,,,False,18.0,18,18.0,18,3.0,1.0,False,False,False
1130,2025,5,16,16.0,16,18,lance-stroll,aston-martin,mercedes,pirelli,False,49.0,,,,,+1 lap,,1.0,,,,,False,16.0,16,16.0,16,0.0,1.0,False,False,False
1130,2025,5,17,17.0,17,7,jack-doohan,alpine,renault,pirelli,False,49.0,,,,,+1 lap,,1.0,,,,,False,17.0,17,17.0,17,0.0,2.0,False,False,False
1130,2025,5,18,18.0,18,5,gabriel-bortoleto,kick-sauber,ferrari,pirelli,False,49.0,,,,,+1 lap,,1.0,,,,,False,20.0,20,20.0,20,2.0,1.0,False,False,False
1130,2025,5,19,,DNF,22,yuki-tsunoda,red-bull,honda-rbpt,pirelli,False,1.0,,,,,,,,,,Collision damage,,False,8.0,8,8.0,8,,0.0,False,False,False
1130,2025,5,20,,DNF,10,pierre-gasly,alpine,renault,pirelli,False,0.0,,,,,,,,,,Collision,,False,9.0,9,9.0,9,,0.0,False,False,False
1131,2025,6,1,1.0,1,81,oscar-piastri,mclaren,mercedes,pirelli,False,57.0,1:28:51.587,5331587.0,,,,,,,,,25.0,False,4.0,4,4.0,4,3.0,1.0,False,True,False
1131,2025,6,2,2.0,2,4,lando-norris,mclaren,mercedes,pirelli,False,57.0,1:28:56.217,5336217.0,,,+4.630,4630.0,,+4.630,4630.0,,18.0,False,2.0,2,2.0,2,0.0,1.0,True,False,False
1131,2025,6,3,3.0,3,63,george-russell,mercedes,mercedes,pirelli,False,57.0,1:29:29.231,5369231.0,,,+37.644,37644.0,,+33.014,33014.0,,15.0,False,5.0,5,5.0,5,2.0,1.0,False,False,False
1131,2025,6,4,4.0,4,1,max-verstappen,red-bull,honda-rbpt,pirelli,False,57.0,1:29:31.543,5371543.0,,,+39.956,39956.0,,+2.312,2312.0,,12.0,True,1.0,1,1.0,1,-3.0,1.0,False,False,False
1131,2025,6,5,5.0,5,23,alexander-albon,williams,mercedes,pirelli,False,57.0,1:29:39.654,5379654.0,,,+48.067,48067.0,,+8.111,8111.0,,10.0,False,7.0,7,7.0,7,2.0,1.0,False,False,False
1131,2025,6,6,6.0,6,12,kimi-antonelli,mercedes,mercedes,pirelli,False,57.0,1:29:47.089,5387089.0,,,+55.502,55502.0,,+7.435,7435.0,,8.0,False,3.0,3,3.0,3,-3.0,1.0,False,False,False
1131,2025,6,7,7.0,7,16,charles-leclerc,ferrari,ferrari,pirelli,False,57.0,1:29:48.623,5388623.0,,,+57.036,57036.0,,+1.534,1534.0,,6.0,False,8.0,8,8.0,8,1.0,1.0,False,False,False
1131,2025,6,8,8.0,8,44,lewis-hamilton,ferrari,ferrari,pirelli,False,57.0,1:29:51.773,5391773.0,,,+1:00.186,60186.0,,+3.150,3150.0,,4.0,False,12.0,12,12.0,12,4.0,1.0,False,False,False
1131,2025,6,9,9.0,9,55,carlos-sainz-jr,williams,mercedes,pirelli,False,57.0,1:29:52.164,5392164.0,,,+1:00.577,60577.0,,+0.391,391.0,,2.0,False,6.0,6,6.0,6,-3.0,1.0,False,False,False
1131,2025,6,10,10.0,10,22,yuki-tsunoda,red-bull,honda-rbpt,pirelli,False,57.0,1:30:06.021,5406021.0,5.0,5000.0,+1:14.434,74434.0,,+13.857,13857.0,,1.0,False,10.0,10,10.0,10,0.0,1.0,False,False,False
1131,2025,6,11,11.0,11,6,isack-hadjar,racing-bulls,honda-rbpt,pirelli,False,57.0,1:30:06.189,5406189.0,,,+1:14.602,74602.0,,+0.168,168.0,,,False,11.0,11,11.0,11,0.0,1.0,False,False,False
1131,2025,6,12,12.0,12,31,esteban-ocon,haas,ferrari,pirelli,False,57.0,1:30:13.593,5413593.0,,,+1:22.006,82006.0,,+7.404,7404.0,,,False,9.0,9,9.0,9,-3.0,1.0,False,False,False
1131,2025,6,13,13.0,13,10,pierre-gasly,alpine,renault,pirelli,False,57.0,1:30:22.032,5422032.0,,,+1:30.445,90445.0,,+8.439,8439.0,,,False,18.0,18,,PL,7.0,1.0,False,False,False
1131,2025,6,14,14.0,14,27,nico-hulkenberg,kick-sauber,ferrari,pirelli,False,56.0,,,,,+1 lap,,1.0,,,,,False,16.0,16,16.0,16,2.0,1.0,False,False,False
1131,2025,6,15,15.0,15,14,fernando-alonso,aston-martin,mercedes,pirelli,False,56.0,,,,,+1 lap,,1.0,,,,,False,17.0,17,17.0,17,2.0,1.0,False,False,False
1131,2025,6,16,16.0,16,18,lance-stroll,aston-martin,mercedes,pirelli,False,56.0,,,,,+1 lap,,1.0,,,,,False,19.0,19,18.0,18,2.0,1.0,False,False,False
1131,2025,6,17,,DNF,30,liam-lawson,racing-bulls,honda-rbpt,pirelli,False,36.0,,,,,,,,,,Collision damage,,False,15.0,15,15.0,15,,1.0,False,False,False
1131,2025,6,18,,DNF,5,gabriel-bortoleto,kick-sauber,ferrari,pirelli,False,30.0,,,,,,,,,,Engine,,False,13.0,13,13.0,13,,1.0,False,False,False
1131,2025,6,19,,DNF,87,oliver-bearman,haas,ferrari,pirelli,False,27.0,,,,,,,,,,Fuel system,,False,20.0,20,19.0,19,,0.0,False,False,False
1131,2025,6,20,,DNF,7,jack-doohan,alpine,renault,pirelli,False,0.0,,,,,,,,,,Collision,,False,14.0,14,14.0,14,,0.0,False,False,False
1132,2025,7,1,1.0,1,1,max-verstappen,red-bull,honda-rbpt,pirelli,False,63.0,1:31:33.199,5493199.0,,,,,,,,,25.0,False,2.0,2,2.0,2,1.0,2.0,True,True,False
1132,2025,7,2,2.0,2,4,lando-norris,mclaren,mercedes,pirelli,False,63.0,1:31:39.308,5499308.0,,,+6.109,6109.0,,+6.109,6109.0,,18.0,False,4.0,4,4.0,4,2.0,2.0,False,False,False
1132,2025,7,3,3.0,3,81,oscar-piastri,mclaren,mercedes,pirelli,False,63.0,1:31:46.155,5506155.0,,,+12.956,12956.0,,+6.847,6847.0,,15.0,True,1.0,1,1.0,1,-2.0,2.0,False,False,False
1132,2025,7,4,4.0,4,44,lewis-hamilton,ferrari,ferrari,pirelli,False,63.0,1:31:47.555,5507555.0,,,+14.356,14356.0,,+1.400,1400.0,,12.0,False,12.0,12,12.0,12,8.0,2.0,False,False,False
1132,2025,7,5,5.0,5,23,alexander-albon,williams,mercedes,pirelli,False,63.0,1:31:51.144,5511144.0,,,+17.945,17945.0,,+3.589,3589.0,,10.0,False,7.0,7,7.0,7,2.0,2.0,False,False,False
1132,2025,7,6,6.0,6,16,charles-leclerc,ferrari,ferrari,pirelli,False,63.0,1:31:53.973,5513973.0,,,+20.774,20774.0,,+2.829,2829.0,,8.0,False,11.0,11,11.0,11,5.0,2.0,False,False,False
1132,2025,7,7,7.0,7,63,george-russell,mercedes,mercedes,pirelli,False,63.0,1:31:55.233,5515233.0,,,+22.034,22034.0,,+1.260,1260.0,,6.0,False,3.0,3,3.0,3,-4.0,2.0,False,False,False
1132,2025,7,8,8.0,8,55,carlos-sainz-jr,williams,mercedes,pirelli,False,63.0,1:31:56.097,5516097.0,,,+22.898,22898.0,,+0.864,864.0,,4.0,False,6.0,6,6.0,6,-2.0,2.0,False,False,False
1132,2025,7,9,9.0,9,6,isack-hadjar,racing-bulls,honda-rbpt,pirelli,False,63.0,1:31:56.785,5516785.0,,,+23.586,23586.0,,+0.688,688.0,,2.0,False,9.0,9,9.0,9,0.0,2.0,False,False,False
1132,2025,7,10,10.0,10,22,yuki-tsunoda,red-bull,honda-rbpt,pirelli,False,63.0,1:31:59.645,5519645.0,,,+26.446,26446.0,,+2.860,2860.0,,1.0,False,,NC,,PL,10.0,1.0,False,False,False
1132,2025,7,11,11.0,11,14,fernando-alonso,aston-martin,mercedes,pirelli,False,63.0,1:32:00.449,5520449.0,,,+27.250,27250.0,,+0.804,804.0,,,False,5.0,5,5.0,5,-6.0,2.0,False,False,False
1132,2025,7,12,12.0,12,27,nico-hulkenberg,kick-sauber,ferrari,pirelli,False,63.0,1:32:03.495,5523495.0,,,+30.296,30296.0,,+3.046,3046.0,,,False,17.0,17,17.0,17,5.0,1.0,False,False,False
1132,2025,7,13,13.0,13,10,pierre-gasly,alpine,renault,pirelli,False,63.0,1:32:04.623,5524623.0,,,+31.424,31424.0,,+1.128,1128.0,,,False,10.0,10,10.0,10,-3.0,2.0,False,False,False
1132,2025,7,14,14.0,14,30,liam-lawson,racing-bulls,honda-rbpt,pirelli,False,63.0,1:32:05.710,5525710.0,,,+32.511,32511.0,,+1.087,1087.0,,,False,16.0,16,15.0,15,1.0,2.0,False,False,False
1132,2025,7,15,15.0,15,18,lance-stroll,aston-martin,mercedes,pirelli,False,63.0,1:32:06.192,5526192.0,,,+32.993,32993.0,,+0.482,482.0,,,False,8.0,8,8.0,8,-7.0,2.0,False,False,False
1132,2025,7,16,16.0,16,43,franco-colapinto,alpine,renault,pirelli,False,63.0,1:32:06.610,5526610.0,,,+33.411,33411.0,,+0.418,418.0,,,False,15.0,15,16.0,16,0.0,2.0,False,False,False
1132,2025,7,17,17.0,17,87,oliver-bearman,haas,ferrari,pirelli,False,63.0,1:32:07.007,5527007.0,,,+33.808,33808.0,,+0.397,397.0,,,False,19.0,19,19.0,19,2.0,2.0,False,False,False
1132,2025,7,18,18.0,18,5,gabriel-bortoleto,kick-sauber,ferrari,pirelli,False,63.0,1:32:11.771,5531771.0,,,+38.572,38572.0,,+4.764,4764.0,,,False,14.0,14,14.0,14,-4.0,3.0,False,False,False
1132,2025,7,19,,DNF,12,kimi-antonelli,mercedes,mercedes,pirelli,False,44.0,,,,,,,,,,Throttle,,False,13.0,13,13.0,13,,1.0,False,False,False
1132,2025,7,20,,DNF,31,esteban-ocon,haas,ferrari,pirelli,False,27.0,,,,,,,,,,Engine,,False,18.0,18,18.0,18,,1.0,False,False,False
1133,2025,8,1,1.0,1,4,lando-norris,mclaren,mercedes,pirelli,False,78.0,1:40:33.843,6033843.0,,,,,,,,,25.0,True,1.0,1,1.0,1,0.0,2.0,True,False,False
1133,2025,8,2,2.0,2,16,charles-leclerc,ferrari,ferrari,pirelli,False,78.0,1:40:36.974,6036974.0,,,+3.131,3131.0,,+3.131,3131.0,,18.0,False,2.0,2,2.0,2,0.0,2.0,False,True,False
1133,2025,8,3,3.0,3,81,oscar-piastri,mclaren,mercedes,pirelli,False,78.0,1:40:37.501,6037501.0,,,+3.658,3658.0,,+0.527,527.0,,15.0,False,3.0,3,3.0,3,0.0,2.0,False,False,False
1133,2025,8,4,4.0,4,1,max-verstappen,red-bull,honda-rbpt,pirelli,False,78.0,1:40:54.415,6054415.0,,,+20.572,20572.0,,+16.914,16914.0,,12.0,False,5.0,5,4.0,4,0.0,2.0,False,False,False
1133,2025,8,5,5.0,5,44,lewis-hamilton,ferrari,ferrari,pirelli,False,78.0,1:41:25.230,6085230.0,,,+51.387,51387.0,,+30.815,30815.0,,10.0,False,4.0,4,7.0,7,2.0,2.0,False,False,False
1133,2025,8,6,6.0,6,6,isack-hadjar,racing-bulls,honda-rbpt,pirelli,False,77.0,,,,,+1 lap,,1.0,,,,8.0,False,6.0,6,5.0,5,-1.0,2.0,False,False,False
1133,2025,8,7,7.0,7,31,esteban-ocon,haas,ferrari,pirelli,False,77.0,,,,,+1 lap,,1.0,,,,6.0,False,8.0,8,8.0,8,1.0,2.0,False,False,False
1133,2025,8,8,8.0,8,30,liam-lawson,racing-bulls,honda-rbpt,pirelli,False,77.0,,,,,+1 lap,,1.0,,,,4.0,False,9.0,9,9.0,9,1.0,2.0,False,False,False
1133,2025,8,9,9.0,9,23,alexander-albon,williams,mercedes,pirelli,False,76.0,,,,,+2 laps,,2.0,,,,2.0,False,10.0,10,10.0,10,1.0,2.0,False,False,False
1133,2025,8,10,10.0,10,55,carlos-sainz-jr,williams,mercedes,pirelli,False,76.0,,,,,+2 laps,,2.0,,,,1.0,False,11.0,11,11.0,11,1.0,2.0,False,False,False
1133,2025,8,11,11.0,11,63,george-russell,mercedes,mercedes,pirelli,False,76.0,,,,,+2 laps,,2.0,,,,,False,14.0,14,14.0,14,3.0,2.0,False,False,False
1133,2025,8,12,12.0,12,87,oliver-bearman,haas,ferrari,pirelli,False,76.0,,,,,+2 laps,,2.0,,,,,False,17.0,17,20.0,20,8.0,2.0,False,False,False
1133,2025,8,13,13.0,13,43,franco-colapinto,alpine,renault,pirelli,False,76.0,,,,,+2 laps,,2.0,,,,,False,20.0,20,18.0,18,5.0,2.0,False,False,False
1133,2025,8,14,14.0,14,5,gabriel-bortoleto,kick-sauber,ferrari,pirelli,False,76.0,,,,,+2 laps,,2.0,,,,,False,16.0,16,16.0,16,2.0,3.0,False,False,False
1133,2025,8,15,15.0,15,18,lance-stroll,aston-martin,mercedes,pirelli,False,76.0,,,,,+2 laps,,2.0,,,,,False,19.0,19,19.0,19,4.0,2.0,False,False,False
1133,2025,8,16,16.0,16,27,nico-hulkenberg,kick-sauber,ferrari,pirelli,False,76.0,,,,,+2 laps,,2.0,,,,,False,13.0,13,13.0,13,-3.0,2.0,False,False,False
1133,2025,8,17,17.0,17,22,yuki-tsunoda,red-bull,honda-rbpt,pirelli,False,76.0,,,,,+2 laps,,2.0,,,,,False,12.0,12,12.0,12,-5.0,2.0,False,False,False
1133,2025,8,18,18.0,18,12,kimi-antonelli,mercedes,mercedes,pirelli,False,75.0,,,,,+3 laps,,3.0,,,,,False,15.0,15,15.0,15,-3.0,2.0,False,False,False
1133,2025,8,19,,DNF,14,fernando-alonso,aston-martin,mercedes,pirelli,False,36.0,,,,,,,,,,Engine,,False,7.0,7,6.0,6,,1.0,False,False,False
1133,2025,8,20,,DNF,10,pierre-gasly,alpine,renault,pirelli,False,7.0,,,,,,,,,,Collision damage,,False,18.0,18,17.0,17,,1.0,False,False,False
1134,2025,9,1,1.0,1,81,oscar-piastri,mclaren,mercedes,pirelli,False,66.0,1:32:57.375,5577375.0,,,,,,,,,25.0,True,1.0,1,1.0,1,0.0,3.0,True,False,False
1134,2025,9,2,2.0,2,4,lando-norris,mclaren,mercedes,pirelli,False,66.0,1:32:59.846,5579846.0,,,+2.471,2471.0,,+2.471,2471.0,,18.0,False,2.0,2,2.0,2,0.0,3.0,False,False,False
1134,2025,9,3,3.0,3,16,charles-leclerc,ferrari,ferrari,pirelli,False,66.0,1:33:07.830,5587830.0,,,+10.455,10455.0,,+7.984,7984.0,,15.0,False,7.0,7,7.0,7,4.0,3.0,False,False,False
1134,2025,9,4,4.0,4,63,george-russell,mercedes,mercedes,pirelli,False,66.0,1:33:08.734,5588734.0,,,+11.359,11359.0,,+0.904,904.0,,12.0,False,4.0,4,4.0,4,0.0,3.0,False,False,False
1134,2025,9,5,5.0,5,27,nico-hulkenberg,kick-sauber,ferrari,pirelli,False,66.0,1:33:11.023,5591023.0,,,+13.648,13648.0,,+2.289,2289.0,,10.0,False,16.0,16,15.0,15,10.0,3.0,False,False,False
1134,2025,9,6,6.0,6,44,lewis-hamilton,ferrari,ferrari,pirelli,False,66.0,1:33:12.883,5592883.0,,,+15.508,15508.0,,+1.860,1860.0,,8.0,False,5.0,5,5.0,5,-1.0,3.0,False,False,False
1134,2025,9,7,7.0,7,6,isack-hadjar,racing-bulls,honda-rbpt,pirelli,False,66.0,1:33:13.397,5593397.0,,,+16.022,16022.0,,+0.514,514.0,,6.0,False,9.0,9,9.0,9,2.0,3.0,False,False,False
1134,2025,9,8,8.0,8,10,pierre-gasly,alpine,renault,pirelli,False,66.0,1:33:15.257,5595257.0,,,+17.882,17882.0,,+1.860,1860.0,,4.0,False,8.0,8,8.0,8,0.0,3.0,False,False,False
1134,2025,9,9,9.0,9,14,fernando-alonso,aston-martin,mercedes,pirelli,False,66.0,1:33:18.939,5598939.0,,,+21.564,21564.0,,+3.682,3682.0,,2.0,False,10.0,10,10.0,10,1.0,3.0,False,False,False
1134,2025,9,10,10.0,10,1,max-verstappen,red-bull,honda-rbpt,pirelli,False,66.0,1:33:19.201,5599201.0,10.0,10000.0,+21.826,21826.0,,+0.262,262.0,,1.0,False,3.0,3,3.0,3,-7.0,4.0,False,True,False
1134,2025,9,11,11.0,11,30,liam-lawson,racing-bulls,honda-rbpt,pirelli,False,66.0,1:33:22.907,5602907.0,,,+25.532,25532.0,,+3.706,3706.0,,,False,13.0,13,13.0,13,2.0,2.0,False,False,False
1134,2025,9,12,12.0,12,5,gabriel-bortoleto,kick-sauber,ferrari,pirelli,False,66.0,1:33:23.371,5603371.0,,,+25.996,25996.0,,+0.464,464.0,,,False,12.0,12,12.0,12,0.0,2.0,False,False,False
1134,2025,9,13,13.0,13,22,yuki-tsunoda,red-bull,honda-rbpt,pirelli,False,66.0,1:33:26.197,5606197.0,,,+28.822,28822.0,,+2.826,2826.0,,,False,20.0,20,,PL,7.0,4.0,False,False,False
1134,2025,9,14,14.0,14,55,carlos-sainz-jr,williams,mercedes,pirelli,False,66.0,1:33:26.684,5606684.0,,,+29.309,29309.0,,+0.487,487.0,,,False,18.0,18,17.0,17,3.0,3.0,False,False,False
1134,2025,9,15,15.0,15,43,franco-colapinto,alpine,renault,pirelli,False,66.0,1:33:28.756,5608756.0,,,+31.381,31381.0,,+2.072,2072.0,,,False,19.0,19,18.0,18,3.0,3.0,False,False,False
1134,2025,9,16,16.0,16,31,esteban-ocon,haas,ferrari,pirelli,False,66.0,1:33:29.572,5609572.0,,,+32.197,32197.0,,+0.816,816.0,,,False,17.0,17,16.0,16,0.0,2.0,False,False,False
1134,2025,9,17,17.0,17,87,oliver-bearman,haas,ferrari,pirelli,False,66.0,1:33:34.440,5614440.0,10.0,10000.0,+37.065,37065.0,,+4.868,4868.0,,,False,15.0,15,14.0,14,-3.0,3.0,False,False,False
1134,2025,9,18,,DNF,12,kimi-antonelli,mercedes,mercedes,pirelli,False,53.0,,,,,,,,,,Oil pressure,,False,6.0,6,6.0,6,,2.0,False,False,False
1134,2025,9,19,,DNF,23,alexander-albon,williams,mercedes,pirelli,False,27.0,,,,,,,,,,Collision damage,,False,11.0,11,11.0,11,,2.0,False,False,False
1134,2025,9,20,,DNS,18,lance-stroll,aston-martin,mercedes,pirelli,False,,,,,,,,,,,Injury,,False,14.0,14,,,,0.0,False,False,False
1135,2025,10,1,1.0,1,63,george-russell,mercedes,mercedes,pirelli,False,70.0,1:31:52.688,5512688.0,,,,,,,,,25.0,True,1.0,1,1.0,1,0.0,2.0,True,False,False
1135,2025,10,2,2.0,2,1,max-verstappen,red-bull,honda-rbpt,pirelli,False,70.0,1:31:52.916,5512916.0,,,+0.228,228.0,,+0.228,228.0,,18.0,False,2.0,2,2.0,2,0.0,2.0,False,False,False
1135,2025,10,3,3.0,3,12,kimi-antonelli,mercedes,mercedes,pirelli,False,70.0,1:31:53.702,5513702.0,,,+1.014,1014.0,,+0.786,786.0,,15.0,False,4.0,4,4.0,4,1.0,2.0,False,True,False
1135,2025,10,4,4.0,4,81,oscar-piastri,mclaren,mercedes,pirelli,False,70.0,1:31:54.797,5514797.0,,,+2.109,2109.0,,+1.095,1095.0,,12.0,False,3.0,3,3.0,3,-1.0,3.0,False,False,False
1135,2025,10,5,5.0,5,16,charles-leclerc,ferrari,ferrari,pirelli,False,70.0,1:31:56.130,5516130.0,,,+3.442,3442.0,,+1.333,1333.0,,10.0,False,8.0,8,8.0,8,3.0,2.0,False,False,False
1135,2025,10,6,6.0,6,44,lewis-hamilton,ferrari,ferrari,pirelli,False,70.0,1:32:03.401,5523401.0,,,+10.713,10713.0,,+7.271,7271.0,,8.0,False,5.0,5,5.0,5,-1.0,2.0,False,False,False
1135,2025,10,7,7.0,7,14,fernando-alonso,aston-martin,mercedes,pirelli,False,70.0,1:32:03.660,5523660.0,,,+10.972,10972.0,,+0.259,259.0,,6.0,False,6.0,6,6.0,6,-1.0,2.0,False,False,False
1135,2025,10,8,8.0,8,27,nico-hulkenberg,kick-sauber,ferrari,pirelli,False,70.0,1:32:08.052,5528052.0,,,+15.364,15364.0,,+4.392,4392.0,,4.0,False,13.0,13,11.0,11,3.0,1.0,False,False,False
1135,2025,10,9,9.0,9,31,esteban-ocon,haas,ferrari,pirelli,False,69.0,,,,,+1 lap,,1.0,,,,2.0,False,15.0,15,14.0,14,5.0,1.0,False,False,False
1135,2025,10,10,10.0,10,55,carlos-sainz-jr,williams,mercedes,pirelli,False,69.0,,,,,+1 lap,,1.0,,,,1.0,False,17.0,17,16.0,16,6.0,1.0,False,False,False
1135,2025,10,11,11.0,11,87,oliver-bearman,haas,ferrari,pirelli,False,69.0,,,,,+1 lap,,1.0,,,,,False,14.0,14,13.0,13,2.0,2.0,False,False,False
1135,2025,10,12,12.0,12,22,yuki-tsunoda,red-bull,honda-rbpt,pirelli,False,69.0,,,,,+1 lap,,1.0,,,,,False,11.0,11,18.0,18,6.0,1.0,False,False,False
1135,2025,10,13,13.0,13,43,franco-colapinto,alpine,renault,pirelli,False,69.0,,,,,+1 lap,,1.0,,,,,False,12.0,12,10.0,10,-3.0,1.0,False,False,False
1135,2025,10,14,14.0,14,5,gabriel-bortoleto,kick-sauber,ferrari,pirelli,False,69.0,,,,,+1 lap,,1.0,,,,,False,16.0,16,15.0,15,1.0,1.0,False,False,False
1135,2025,10,15,15.0,15,10,pierre-gasly,alpine,renault,pirelli,False,69.0,,,,,+1 lap,,1.0,,,,,False,20.0,20,,PL,5.0,1.0,False,False,False
1135,2025,10,16,16.0,16,6,isack-hadjar,racing-bulls,honda-rbpt,pirelli,False,69.0,,,,,+1 lap,,1.0,,,,,False,9.0,9,12.0,12,-4.0,2.0,False,False,False
1135,2025,10,17,17.0,17,18,lance-stroll,aston-martin,mercedes,pirelli,False,69.0,,,,,+1 lap,,1.0,,,,,False,18.0,18,17.0,17,0.0,3.0,False,False,False
1135,2025,10,18,18.0,18,4,lando-norris,mclaren,mercedes,pirelli,False,66.0,,,5.0,5000.0,,,,,,Collision,,False,7.0,7,7.0,7,-11.0,2.0,False,False,False
1135,2025,10,19,,DNF,30,liam-lawson,racing-bulls,honda-rbpt,pirelli,False,53.0,,,,,,,,,,Overheating,,False,19.0,19,,PL,,1.0,False,False,False
1135,2025,10,20,,DNF,23,alexander-albon,williams,mercedes,pirelli,False,46.0,,,,,,,,,,Engine,,False,10.0,10,9.0,9,,1.0,False,False,False
1136,2025,11,1,1.0,1,4,lando-norris,mclaren,mercedes,pirelli,False,70.0,1:23:47.693,5027693.0,,,,,,,,,25.0,True,1.0,1,1.0,1,0.0,2.0,False,False,False
1136,2025,11,2,2.0,2,81,oscar-piastri,mclaren,mercedes,pirelli,False,70.0,1:23:50.388,5030388.0,,,+2.695,2695.0,,+2.695,2695.0,,18.0,False,3.0,3,3.0,3,1.0,2.0,True,False,False
1136,2025,11,3,3.0,3,16,charles-leclerc,ferrari,ferrari,pirelli,False,70.0,1:24:07.513,5047513.0,,,+19.820,19820.0,,+17.125,17125.0,,15.0,False,2.0,2,2.0,2,-1.0,2.0,False,False,False
1136,2025,11,4,4.0,4,44,lewis-hamilton,ferrari,ferrari,pirelli,False,70.0,1:24:16.713,5056713.0,,,+29.020,29020.0,,+9.200,9200.0,,12.0,False,4.0,4,4.0,4,0.0,2.0,False,False,False
1136,2025,11,5,5.0,5,63,george-russell,mercedes,mercedes,pirelli,False,70.0,1:24:50.089,5090089.0,,,+1:02.396,62396.0,,+33.376,33376.0,,10.0,False,5.0,5,5.0,5,0.0,2.0,False,False,False
1136,2025,11,6,6.0,6,30,liam-lawson,racing-bulls,honda-rbpt,pirelli,False,70.0,1:24:55.447,5095447.0,,,+1:07.754,67754.0,,+5.358,5358.0,,8.0,False,6.0,6,6.0,6,0.0,1.0,False,False,False
1136,2025,11,7,7.0,7,14,fernando-alonso,aston-martin,mercedes,pirelli,False,69.0,,,,,+1 lap,,1.0,,,,6.0,False,11.0,11,11.0,11,4.0,1.0,False,False,False
1136,2025,11,8,8.0,8,5,gabriel-bortoleto,kick-sauber,ferrari,pirelli,False,69.0,,,,,+1 lap,,1.0,,,,4.0,False,8.0,8,8.0,8,0.0,2.0,False,True,False
1136,2025,11,9,9.0,9,27,nico-hulkenberg,kick-sauber,ferrari,pirelli,False,69.0,,,,,+1 lap,,1.0,,,,2.0,False,20.0,20,20.0,20,11.0,2.0,False,False,False
1136,2025,11,10,10.0,10,31,esteban-ocon,haas,ferrari,pirelli,False,69.0,,,,,+1 lap,,1.0,,,,1.0,False,17.0,17,17.0,17,7.0,2.0,False,False,False
1136,2025,11,11,11.0,11,87,oliver-bearman,haas,ferrari,pirelli,False,69.0,,,,,+1 lap,,1.0,,,,,False,15.0,15,15.0,15,4.0,2.0,False,False,False
1136,2025,11,12,12.0,12,6,isack-hadjar,racing-bulls,honda-rbpt,pirelli,False,69.0,,,,,+1 lap,,1.0,,,,,False,13.0,13,13.0,13,1.0,2.0,False,False,False
1136,2025,11,13,13.0,13,10,pierre-gasly,alpine,renault,pirelli,False,69.0,,,,,+1 lap,,1.0,,,,,False,10.0,10,10.0,10,-3.0,2.0,False,False,False
1136,2025,11,14,14.0,14,18,lance-stroll,aston-martin,mercedes,pirelli,False,69.0,,,,,+1 lap,,1.0,,,,,False,16.0,16,16.0,16,2.0,2.0,False,False,False
1136,2025,11,15,15.0,15,43,franco-colapinto,alpine,renault,pirelli,False,69.0,,,5.0,5000.0,+1 lap,,1.0,,,,,False,14.0,14,14.0,14,-1.0,2.0,False,False,False
1136,2025,11,16,16.0,16,22,yuki-tsunoda,red-bull,honda-rbpt,pirelli,False,68.0,,,,,+2 laps,,2.0,,,,,False,18.0,18,18.0,18,2.0,3.0,False,False,False
1136,2025,11,17,,DNF,23,alexander-albon,williams,mercedes,pirelli,False,15.0,,,,,,,,,,Engine,,False,12.0,12,12.0,12,,1.0,False,False,False
1136,2025,11,18,,DNF,1,max-verstappen,red-bull,honda-rbpt,pirelli,False,0.0,,,,,,,,,,Collision,,False,7.0,7,7.0,7,,0.0,False,False,False
1136,2025,11,19,,DNF,12,kimi-antonelli,mercedes,mercedes,pirelli,False,0.0,,,,,,,,,,Collision,,False,9.0,9,9.0,9,,0.0,False,False,False
1136,2025,11,20,,DNS,55,carlos-sainz-jr,williams,mercedes,pirelli,False,,,,,,,,,,,Brakes,,False,19.0,19,,,,0.0,False,False,False
1137,2025,12,1,1.0,1,4,lando-norris,mclaren,mercedes,pirelli,False,52.0,1:37:15.735,5835735.0,,,,,,,,,25.0,False,3.0,3,3.0,3,2.0,2.0,False,False,False
1137,2025,12,2,2.0,2,81,oscar-piastri,mclaren,mercedes,pirelli,False,52.0,1:37:22.547,5842547.0,,,+6.812,6812.0,,+6.812,6812.0,,18.0,False,2.0,2,2.0,2,0.0,2.0,True,False,False
1137,2025,12,3,3.0,3,27,nico-hulkenberg,kick-sauber,ferrari,pirelli,False,52.0,1:37:50.477,5870477.0,,,+34.742,34742.0,,+27.930,27930.0,,15.0,False,19.0,19,19.0,19,16.0,2.0,False,True,False
1137,2025,12,4,4.0,4,44,lewis-hamilton,ferrari,ferrari,pirelli,False,52.0,1:37:55.547,5875547.0,,,+39.812,39812.0,,+5.070,5070.0,,12.0,False,5.0,5,5.0,5,1.0,2.0,False,False,False
1137,2025,12,5,5.0,5,1,max-verstappen,red-bull,honda-rbpt,pirelli,False,52.0,1:38:12.516,5892516.0,,,+56.781,56781.0,,+16.969,16969.0,,10.0,True,1.0,1,1.0,1,-4.0,2.0,False,False,False
1137,2025,12,6,6.0,6,10,pierre-gasly,alpine,renault,pirelli,False,52.0,1:38:15.592,5895592.0,,,+59.857,59857.0,,+3.076,3076.0,,8.0,False,10.0,10,8.0,8,2.0,2.0,False,False,False
1137,2025,12,7,7.0,7,18,lance-stroll,aston-martin,mercedes,pirelli,False,52.0,1:38:16.338,5896338.0,,,+1:00.603,60603.0,,+0.746,746.0,,6.0,False,18.0,18,17.0,17,10.0,3.0,False,False,False
1137,2025,12,8,8.0,8,23,alexander-albon,williams,mercedes,pirelli,False,52.0,1:38:19.870,5899870.0,,,+1:04.135,64135.0,,+3.532,3532.0,,4.0,False,14.0,14,13.0,13,5.0,2.0,False,False,False
1137,2025,12,9,9.0,9,14,fernando-alonso,aston-martin,mercedes,pirelli,False,52.0,1:38:21.593,5901593.0,,,+1:05.858,65858.0,,+1.723,1723.0,,2.0,False,9.0,9,7.0,7,-2.0,2.0,False,False,False
1137,2025,12,10,10.0,10,63,george-russell,mercedes,mercedes,pirelli,False,52.0,1:38:26.409,5906409.0,,,+1:10.674,70674.0,,+4.816,4816.0,,1.0,False,4.0,4,4.0,4,-6.0,2.0,False,False,False
1137,2025,12,11,11.0,11,87,oliver-bearman,haas,ferrari,pirelli,False,52.0,1:38:27.830,5907830.0,,,+1:12.095,72095.0,,+1.421,1421.0,,,False,8.0,8,18.0,18,7.0,2.0,False,False,False
1137,2025,12,12,12.0,12,55,carlos-sainz-jr,williams,mercedes,pirelli,False,52.0,1:38:32.327,5912327.0,,,+1:16.592,76592.0,,+4.497,4497.0,,,False,11.0,11,9.0,9,-3.0,2.0,False,False,False
1137,2025,12,13,13.0,13,31,esteban-ocon,haas,ferrari,pirelli,False,52.0,1:38:33.036,5913036.0,,,+1:17.301,77301.0,,+0.709,709.0,,,False,15.0,15,14.0,14,1.0,2.0,False,False,False
1137,2025,12,14,14.0,14,16,charles-leclerc,ferrari,ferrari,pirelli,False,52.0,1:38:40.212,5920212.0,,,+1:24.477,84477.0,,+7.176,7176.0,,,False,6.0,6,6.0,6,-8.0,2.0,False,False,False
1137,2025,12,15,15.0,15,22,yuki-tsunoda,red-bull,honda-rbpt,pirelli,False,51.0,,,,,+1 lap,,1.0,,,,,False,12.0,12,11.0,11,-4.0,1.0,False,False,False
1137,2025,12,16,,DNF,12,kimi-antonelli,mercedes,mercedes,pirelli,False,23.0,,,,,,,,,,Collision damage,,False,7.0,7,10.0,10,,3.0,False,False,False
1137,2025,12,17,,DNF,6,isack-hadjar,racing-bulls,honda-rbpt,pirelli,False,17.0,,,,,,,,,,Accident,,False,13.0,13,12.0,12,,1.0,False,False,False
1137,2025,12,18,,DNF,5,gabriel-bortoleto,kick-sauber,ferrari,pirelli,False,3.0,,,,,,,,,,Accident,,False,17.0,17,16.0,16,,0.0,False,False,False
1137,2025,12,19,,DNF,30,liam-lawson,racing-bulls,honda-rbpt,pirelli,False,0.0,,,,,,,,,,Collision,,False,16.0,16,15.0,15,,0.0,False,False,False
1137,2025,12,20,,DNS,43,franco-colapinto,alpine,renault,pirelli,False,,,,,,,,,,,Transmission,,False,20.0,20,,PL,,0.0,False,False,False
1138,2025,13,1,1.0,1,81,oscar-piastri,mclaren,mercedes,pirelli,False,44.0,1:25:22.601,5122601.0,,,,,,,,,25.0,False,2.0,2,2.0,2,1.0,1.0,False,False,False
1138,2025,13,2,2.0,2,4,lando-norris,mclaren,mercedes,pirelli,False,44.0,1:25:26.016,5126016.0,,,+3.415,3415.0,,+3.415,3415.0,,18.0,True,1.0,1,1.0,1,-1.0,1.0,False,False,False
1138,2025,13,3,3.0,3,16,charles-leclerc,ferrari,ferrari,pirelli,False,44.0,1:25:42.786,5142786.0,,,+20.185,20185.0,,+16.770,16770.0,,15.0,False,3.0,3,3.0,3,0.0,1.0,False,False,False
1138,2025,13,4,4.0,4,1,max-verstappen,red-bull,honda-rbpt,pirelli,False,44.0,1:25:44.332,5144332.0,,,+21.731,21731.0,,+1.546,1546.0,,12.0,False,4.0,4,4.0,4,0.0,1.0,False,False,False
1138,2025,13,5,5.0,5,63,george-russell,mercedes,mercedes,pirelli,False,44.0,1:25:57.464,5157464.0,,,+34.863,34863.0,,+13.132,13132.0,,10.0,False,6.0,6,6.0,6,1.0,1.0,False,False,False
1138,2025,13,6,6.0,6,23,alexander-albon,williams,mercedes,pirelli,False,44.0,1:26:02.527,5162527.0,,,+39.926,39926.0,,+5.063,5063.0,,8.0,False,5.0,5,5.0,5,-1.0,1.0,False,False,False
1138,2025,13,7,7.0,7,44,lewis-hamilton,ferrari,ferrari,pirelli,False,44.0,1:26:03.280,5163280.0,,,+40.679,40679.0,,+0.753,753.0,,6.0,False,16.0,16,,PL,11.0,1.0,False,True,False
1138,2025,13,8,8.0,8,30,liam-lawson,racing-bulls,honda-rbpt,pirelli,False,44.0,1:26:14.634,5174634.0,,,+52.033,52033.0,,+11.354,11354.0,,4.0,False,9.0,9,9.0,9,1.0,1.0,False,False,False
1138,2025,13,9,9.0,9,5,gabriel-bortoleto,kick-sauber,ferrari,pirelli,False,44.0,1:26:19.035,5179035.0,,,+56.434,56434.0,,+4.401,4401.0,,2.0,False,10.0,10,10.0,10,1.0,1.0,False,False,False
1138,2025,13,10,10.0,10,10,pierre-gasly,alpine,renault,pirelli,False,44.0,1:26:35.315,5195315.0,,,+1:12.714,72714.0,,+16.280,16280.0,,1.0,False,13.0,13,13.0,13,3.0,1.0,False,False,False
1138,2025,13,11,11.0,11,87,oliver-bearman,haas,ferrari,pirelli,False,44.0,1:26:35.746,5195746.0,,,+1:13.145,73145.0,,+0.431,431.0,,,False,12.0,12,12.0,12,1.0,1.0,False,False,False
1138,2025,13,12,12.0,12,27,nico-hulkenberg,kick-sauber,ferrari,pirelli,False,44.0,1:26:36.229,5196229.0,,,+1:13.628,73628.0,,+0.483,483.0,,,False,14.0,14,14.0,14,2.0,2.0,False,False,False
1138,2025,13,13,13.0,13,22,yuki-tsunoda,red-bull,honda-rbpt,pirelli,False,44.0,1:26:37.996,5197996.0,,,+1:15.395,75395.0,,+1.767,1767.0,,,False,7.0,7,7.0,7,-6.0,1.0,False,False,False
1138,2025,13,14,14.0,14,18,lance-stroll,aston-martin,mercedes,pirelli,False,44.0,1:26:42.432,5202432.0,,,+1:19.831,79831.0,,+4.436,4436.0,,,False,20.0,20,16.0,16,2.0,1.0,False,False,False
1138,2025,13,15,15.0,15,31,esteban-ocon,haas,ferrari,pirelli,False,44.0,1:26:48.664,5208664.0,,,+1:26.063,86063.0,,+6.232,6232.0,,,False,11.0,11,11.0,11,-4.0,1.0,False,False,False
1138,2025,13,16,16.0,16,12,kimi-antonelli,mercedes,mercedes,pirelli,False,44.0,1:26:49.322,5209322.0,,,+1:26.721,86721.0,,+0.658,658.0,,,False,18.0,18,,PL,3.0,2.0,True,False,False
1138,2025,13,17,17.0,17,14,fernando-alonso,aston-martin,mercedes,pirelli,False,44.0,1:26:50.525,5210525.0,,,+1:27.924,87924.0,,+1.203,1203.0,,,False,19.0,19,,PL,3.0,2.0,False,False,False
1138,2025,13,18,18.0,18,55,carlos-sainz-jr,williams,mercedes,pirelli,False,44.0,1:26:54.625,5214625.0,,,+1:32.024,92024.0,,+4.100,4100.0,,,False,15.0,15,,PL,-1.0,2.0,False,False,False
1138,2025,13,19,19.0,19,43,franco-colapinto,alpine,renault,pirelli,False,44.0,1:26:57.851,5217851.0,,,+1:35.250,95250.0,,+3.226,3226.0,,,False,17.0,17,15.0,15,-4.0,2.0,False,False,False
1138,2025,13,20,20.0,20,6,isack-hadjar,racing-bulls,honda-rbpt,pirelli,False,43.0,,,,,+1 lap,,1.0,,,,,False,8.0,8,8.0,8,-12.0,2.0,False,False,False
1139,2025,14,1,1.0,1,4,lando-norris,mclaren,mercedes,pirelli,False,70.0,1:35:21.231,5721231.0,,,,,,,,,25.0,False,3.0,3,3.0,3,2.0,1.0,False,False,False
1139,2025,14,2,2.0,2,81,oscar-piastri,mclaren,mercedes,pirelli,False,70.0,1:35:21.929,5721929.0,,,+0.698,698.0,,+0.698,698.0,,18.0,False,2.0,2,2.0,2,0.0,2.0,False,False,False
1139,2025,14,3,3.0,3,63,george-russell,mercedes,mercedes,pirelli,False,70.0,1:35:43.147,5743147.0,,,+21.916,21916.0,,+21.218,21218.0,,15.0,False,4.0,4,4.0,4,1.0,2.0,True,False,False
1139,2025,14,4,4.0,4,16,charles-leclerc,ferrari,ferrari,pirelli,False,70.0,1:36:03.791,5763791.0,5.0,5000.0,+42.560,42560.0,,+20.644,20644.0,,12.0,True,1.0,1,1.0,1,-3.0,2.0,False,False,False
1139,2025,14,5,5.0,5,14,fernando-alonso,aston-martin,mercedes,pirelli,False,70.0,1:36:20.271,5780271.0,,,+59.040,59040.0,,+16.480,16480.0,,10.0,False,5.0,5,5.0,5,0.0,1.0,False,False,False
1139,2025,14,6,6.0,6,5,gabriel-bortoleto,kick-sauber,ferrari,pirelli,False,70.0,1:36:27.400,5787400.0,,,+1:06.169,66169.0,,+7.129,7129.0,,8.0,False,7.0,7,7.0,7,1.0,1.0,False,True,False
1139,2025,14,7,7.0,7,18,lance-stroll,aston-martin,mercedes,pirelli,False,70.0,1:36:29.405,5789405.0,,,+1:08.174,68174.0,,+2.005,2005.0,,6.0,False,6.0,6,6.0,6,-1.0,1.0,False,False,False
1139,2025,14,8,8.0,8,30,liam-lawson,racing-bulls,honda-rbpt,pirelli,False,70.0,1:36:30.682,5790682.0,,,+1:09.451,69451.0,,+1.277,1277.0,,4.0,False,9.0,9,9.0,9,1.0,1.0,False,False,False
1139,2025,14,9,9.0,9,1,max-verstappen,red-bull,honda-rbpt,pirelli,False,70.0,1:36:33.876,5793876.0,,,+1:12.645,72645.0,,+3.194,3194.0,,2.0,False,8.0,8,8.0,8,-1.0,2.0,False,False,False
1139,2025,14,10,10.0,10,12,kimi-antonelli,mercedes,mercedes,pirelli,False,69.0,,,,,+1 lap,,1.0,,,,1.0,False,15.0,15,15.0,15,5.0,1.0,False,False,False
1139,2025,14,11,11.0,11,6,isack-hadjar,racing-bulls,honda-rbpt,pirelli,False,69.0,,,,,+1 lap,,1.0,,,,,False,10.0,10,10.0,10,-1.0,1.0,False,False,False
1139,2025,14,12,12.0,12,44,lewis-hamilton,ferrari,ferrari,pirelli,False,69.0,,,,,+1 lap,,1.0,,,,,False,12.0,12,12.0,12,0.0,1.0,False,False,False
1139,2025,14,13,13.0,13,27,nico-hulkenberg,kick-sauber,ferrari,pirelli,False,69.0,,,,,+1 lap,,1.0,,,,,False,19.0,19,18.0,18,5.0,2.0,False,False,False
1139,2025,14,14,14.0,14,55,carlos-sainz-jr,williams,mercedes,pirelli,False,69.0,,,,,+1 lap,,1.0,,,,,False,13.0,13,13.0,13,-1.0,2.0,False,False,False
1139,2025,14,15,15.0,15,23,alexander-albon,williams,mercedes,pirelli,False,69.0,,,,,+1 lap,,1.0,,,,,False,20.0,20,19.0,19,4.0,2.0,False,False,False
1139,2025,14,16,16.0,16,31,esteban-ocon,haas,ferrari,pirelli,False,69.0,,,,,+1 lap,,1.0,,,,,False,18.0,18,17.0,17,1.0,1.0,False,False,False
1139,2025,14,17,17.0,17,22,yuki-tsunoda,red-bull,honda-rbpt,pirelli,False,69.0,,,,,+1 lap,,1.0,,,,,False,16.0,16,,PL,3.0,2.0,False,False,False
1139,2025,14,18,18.0,18,43,franco-colapinto,alpine,renault,pirelli,False,69.0,,,,,+1 lap,,1.0,,,,,False,14.0,14,14.0,14,-4.0,2.0,False,False,False
1139,2025,14,19,19.0,19,10,pierre-gasly,alpine,renault,pirelli,False,69.0,,,10.0,10000.0,+1 lap,,1.0,,,,,False,17.0,17,16.0,16,-3.0,1.0,False,False,False
1139,2025,14,20,,DNF,87,oliver-bearman,haas,ferrari,pirelli,False,48.0,,,,,,,,,,Undertray,,False,11.0,11,11.0,11,,1.0,False,False,False
1140,2025,15,1,1.0,1,81,oscar-piastri,mclaren,mercedes,pirelli,False,72.0,1:38:29.849,5909849.0,,,,,,,,,25.0,True,1.0,1,1.0,1,0.0,2.0,True,False,True
1140,2025,15,2,2.0,2,1,max-verstappen,red-bull,honda-rbpt,pirelli,False,72.0,1:38:31.120,5911120.0,,,+1.271,1271.0,,+1.271,1271.0,,18.0,False,3.0,3,3.0,3,1.0,2.0,False,False,False
1140,2025,15,3,3.0,3,6,isack-hadjar,racing-bulls,honda-rbpt,pirelli,False,72.0,1:38:33.082,5913082.0,,,+3.233,3233.0,,+1.962,1962.0,,15.0,False,4.0,4,4.0,4,1.0,2.0,False,True,False
1140,2025,15,4,4.0,4,63,george-russell,mercedes,mercedes,pirelli,False,72.0,1:38:35.503,5915503.0,,,+5.654,5654.0,,+2.421,2421.0,,12.0,False,5.0,5,5.0,5,1.0,2.0,False,False,False
1140,2025,15,5,5.0,5,23,alexander-albon,williams,mercedes,pirelli,False,72.0,1:38:36.176,5916176.0,,,+6.327,6327.0,,+0.673,673.0,,10.0,False,15.0,15,15.0,15,10.0,2.0,False,False,False
1140,2025,15,6,6.0,6,87,oliver-bearman,haas,ferrari,pirelli,False,72.0,1:38:38.893,5918893.0,,,+9.044,9044.0,,+2.717,2717.0,,8.0,False,19.0,19,,PL,14.0,1.0,False,False,False
1140,2025,15,7,7.0,7,18,lance-stroll,aston-martin,mercedes,pirelli,False,72.0,1:38:39.346,5919346.0,,,+9.497,9497.0,,+0.453,453.0,,6.0,False,,NC,19.0,19,12.0,2.0,False,False,False
1140,2025,15,8,8.0,8,14,fernando-alonso,aston-martin,mercedes,pirelli,False,72.0,1:38:41.558,5921558.0,,,+11.709,11709.0,,+2.212,2212.0,,4.0,False,10.0,10,10.0,10,2.0,2.0,False,False,False
1140,2025,15,9,9.0,9,22,yuki-tsunoda,red-bull,honda-rbpt,pirelli,False,72.0,1:38:43.446,5923446.0,,,+13.597,13597.0,,+1.888,1888.0,,2.0,False,12.0,12,12.0,12,3.0,2.0,False,False,False
1140,2025,15,10,10.0,10,31,esteban-ocon,haas,ferrari,pirelli,False,72.0,1:38:43.912,5923912.0,,,+14.063,14063.0,,+0.466,466.0,,1.0,False,18.0,18,18.0,18,8.0,1.0,False,False,False
1140,2025,15,11,11.0,11,43,franco-colapinto,alpine,renault,pirelli,False,72.0,1:38:44.360,5924360.0,,,+14.511,14511.0,,+0.448,448.0,,,False,16.0,16,16.0,16,5.0,3.0,False,False,False
1140,2025,15,12,12.0,12,30,liam-lawson,racing-bulls,honda-rbpt,pirelli,False,72.0,1:38:46.912,5926912.0,,,+17.063,17063.0,,+2.552,2552.0,,,False,8.0,8,8.0,8,-4.0,3.0,False,False,False
1140,2025,15,13,13.0,13,55,carlos-sainz-jr,williams,mercedes,pirelli,False,72.0,1:38:47.225,5927225.0,,,+17.376,17376.0,,+0.313,313.0,,,False,9.0,9,9.0,9,-4.0,4.0,False,False,False
1140,2025,15,14,14.0,14,27,nico-hulkenberg,kick-sauber,ferrari,pirelli,False,72.0,1:38:49.574,5929574.0,,,+19.725,19725.0,,+2.349,2349.0,,,False,17.0,17,17.0,17,3.0,2.0,False,False,False
1140,2025,15,15,15.0,15,5,gabriel-bortoleto,kick-sauber,ferrari,pirelli,False,72.0,1:38:51.414,5931414.0,,,+21.565,21565.0,,+1.840,1840.0,,,False,13.0,13,13.0,13,-2.0,2.0,False,False,False
1140,2025,15,16,16.0,16,12,kimi-antonelli,mercedes,mercedes,pirelli,False,72.0,1:38:51.878,5931878.0,15.0,15000.0,+22.029,22029.0,,+0.464,464.0,,,False,11.0,11,11.0,11,-5.0,3.0,False,False,False
1140,2025,15,17,17.0,17,10,pierre-gasly,alpine,renault,pirelli,False,72.0,1:38:53.478,5933478.0,,,+23.629,23629.0,,+1.600,1600.0,,,False,14.0,14,14.0,14,-3.0,1.0,False,False,False
1140,2025,15,18,18.0,18,4,lando-norris,mclaren,mercedes,pirelli,False,64.0,,,,,,,,,,Chassis,,False,2.0,2,2.0,2,-16.0,2.0,False,False,False
1140,2025,15,19,,DNF,16,charles-leclerc,ferrari,ferrari,pirelli,False,52.0,,,,,,,,,,Collision,,False,6.0,6,6.0,6,,2.0,False,False,False
1140,2025,15,20,,DNF,44,lewis-hamilton,ferrari,ferrari,pirelli,False,22.0,,,,,,,,,,Accident,,False,7.0,7,7.0,7,,0.0,False,False,False
1141,2025,16,1,1.0,1,1,max-verstappen,red-bull,honda-rbpt,pirelli,False,53.0,1:13:24.325,4404325.0,,,,,,,,,25.0,True,1.0,1,1.0,1,0.0,1.0,False,True,False
1141,2025,16,2,2.0,2,4,lando-norris,mclaren,mercedes,pirelli,False,53.0,1:13:43.532,4423532.0,,,+19.207,19207.0,,+19.207,19207.0,,18.0,False,2.0,2,2.0,2,0.0,1.0,True,False,False
1141,2025,16,3,3.0,3,81,oscar-piastri,mclaren,mercedes,pirelli,False,53.0,1:13:45.676,4425676.0,,,+21.351,21351.0,,+2.144,2144.0,,15.0,False,3.0,3,3.0,3,0.0,1.0,False,False,False
1141,2025,16,4,4.0,4,16,charles-leclerc,ferrari,ferrari,pirelli,False,53.0,1:13:49.949,4429949.0,,,+25.624,25624.0,,+4.273,4273.0,,12.0,False,4.0,4,4.0,4,0.0,1.0,False,False,False
1141,2025,16,5,5.0,5,63,george-russell,mercedes,mercedes,pirelli,False,53.0,1:13:57.206,4437206.0,,,+32.881,32881.0,,+7.257,7257.0,,10.0,False,6.0,6,5.0,5,0.0,1.0,False,False,False
1141,2025,16,6,6.0,6,44,lewis-hamilton,ferrari,ferrari,pirelli,False,53.0,1:14:01.774,4441774.0,,,+37.449,37449.0,,+4.568,4568.0,,8.0,False,5.0,5,10.0,10,4.0,1.0,False,False,False
1141,2025,16,7,7.0,7,23,alexander-albon,williams,mercedes,pirelli,False,53.0,1:14:14.862,4454862.0,,,+50.537,50537.0,,+13.088,13088.0,,6.0,False,14.0,14,14.0,14,7.0,1.0,False,False,False
1141,2025,16,8,8.0,8,5,gabriel-bortoleto,kick-sauber,ferrari,pirelli,False,53.0,1:14:22.809,4462809.0,,,+58.484,58484.0,,+7.947,7947.0,,4.0,False,8.0,8,7.0,7,-1.0,1.0,False,False,False
1141,2025,16,9,9.0,9,12,kimi-antonelli,mercedes,mercedes,pirelli,False,53.0,1:14:24.087,4464087.0,5.0,5000.0,+59.762,59762.0,,+1.278,1278.0,,2.0,False,7.0,7,6.0,6,-3.0,1.0,False,False,False
1141,2025,16,10,10.0,10,6,isack-hadjar,racing-bulls,honda-rbpt,pirelli,False,53.0,1:14:28.216,4468216.0,,,+1:03.891,63891.0,,+4.129,4129.0,,1.0,False,16.0,16,,PL,9.0,1.0,False,False,False
1141,2025,16,11,11.0,11,55,carlos-sainz-jr,williams,mercedes,pirelli,False,53.0,1:14:28.794,4468794.0,,,+1:04.469,64469.0,,+0.578,578.0,,,False,13.0,13,13.0,13,2.0,1.0,False,False,False
1141,2025,16,12,12.0,12,87,oliver-bearman,haas,ferrari,pirelli,False,53.0,1:14:43.613,4483613.0,10.0,10000.0,+1:19.288,79288.0,,+14.819,14819.0,,,False,11.0,11,11.0,11,-1.0,1.0,False,False,False
1141,2025,16,13,13.0,13,22,yuki-tsunoda,red-bull,honda-rbpt,pirelli,False,53.0,1:14:45.026,4485026.0,,,+1:20.701,80701.0,,+1.413,1413.0,,,False,10.0,10,9.0,9,-4.0,1.0,False,False,False
1141,2025,16,14,14.0,14,30,liam-lawson,racing-bulls,honda-rbpt,pirelli,False,53.0,1:14:46.676,4486676.0,,,+1:22.351,82351.0,,+1.650,1650.0,,,False,20.0,20,18.0,18,4.0,1.0,False,False,False
1141,2025,16,15,15.0,15,31,esteban-ocon,haas,ferrari,pirelli,False,52.0,,,,,+1 lap,,1.0,,,,,False,15.0,15,15.0,15,0.0,1.0,False,False,False
1141,2025,16,16,16.0,16,10,pierre-gasly,alpine,renault,pirelli,False,52.0,,,,,+1 lap,,1.0,,,,,False,19.0,19,,PL,4.0,1.0,False,False,False
1141,2025,16,17,17.0,17,43,franco-colapinto,alpine,renault,pirelli,False,52.0,,,,,+1 lap,,1.0,,,,,False,18.0,18,17.0,17,0.0,1.0,False,False,False
1141,2025,16,18,18.0,18,18,lance-stroll,aston-martin,mercedes,pirelli,False,52.0,,,,,+1 lap,,1.0,,,,,False,17.0,17,16.0,16,-2.0,1.0,False,False,False
1141,2025,16,19,,DNF,14,fernando-alonso,aston-martin,mercedes,pirelli,False,24.0,,,,,,,,,,Suspension,,False,9.0,9,8.0,8,,1.0,False,False,False
1141,2025,16,20,,DNS,27,nico-hulkenberg,kick-sauber,ferrari,pirelli,False,,,,,,,,,,,Hydraulics,,False,12.0,12,,,,0.0,False,False,False
1142,2025,17,1,1.0,1,1,max-verstappen,red-bull,honda-rbpt,pirelli,False,51.0,1:33:26.408,5606408.0,,,,,,,,,25.0,True,1.0,1,1.0,1,0.0,1.0,True,False,True
1142,2025,17,2,2.0,2,63,george-russell,mercedes,mercedes,pirelli,False,51.0,1:33:41.017,5621017.0,,,+14.609,14609.0,,+14.609,14609.0,,18.0,False,5.0,5,5.0,5,3.0,1.0,False,False,False
1142,2025,17,3,3.0,3,55,carlos-sainz-jr,williams,mercedes,pirelli,False,51.0,1:33:45.607,5625607.0,,,+19.199,19199.0,,+4.590,4590.0,,15.0,False,2.0,2,2.0,2,-1.0,1.0,False,True,False
1142,2025,17,4,4.0,4,12,kimi-antonelli,mercedes,mercedes,pirelli,False,51.0,1:33:48.168,5628168.0,,,+21.760,21760.0,,+2.561,2561.0,,12.0,False,4.0,4,4.0,4,0.0,1.0,False,False,False
1142,2025,17,5,5.0,5,30,liam-lawson,racing-bulls,honda-rbpt,pirelli,False,51.0,1:33:59.698,5639698.0,,,+33.290,33290.0,,+11.530,11530.0,,10.0,False,3.0,3,3.0,3,-2.0,1.0,False,False,False
1142,2025,17,6,6.0,6,22,yuki-tsunoda,red-bull,honda-rbpt,pirelli,False,51.0,1:34:00.216,5640216.0,,,+33.808,33808.0,,+0.518,518.0,,8.0,False,6.0,6,6.0,6,0.0,1.0,False,False,False
1142,2025,17,7,7.0,7,4,lando-norris,mclaren,mercedes,pirelli,False,51.0,1:34:00.635,5640635.0,,,+34.227,34227.0,,+0.419,419.0,,6.0,False,7.0,7,7.0,7,0.0,1.0,False,False,False
1142,2025,17,8,8.0,8,44,lewis-hamilton,ferrari,ferrari,pirelli,False,51.0,1:34:02.718,5642718.0,,,+36.310,36310.0,,+2.083,2083.0,,4.0,False,12.0,12,12.0,12,4.0,1.0,False,False,False
1142,2025,17,9,9.0,9,16,charles-leclerc,ferrari,ferrari,pirelli,False,51.0,1:34:03.182,5643182.0,,,+36.774,36774.0,,+0.464,464.0,,2.0,False,10.0,10,10.0,10,1.0,1.0,False,False,False
1142,2025,17,10,10.0,10,6,isack-hadjar,racing-bulls,honda-rbpt,pirelli,False,51.0,1:34:05.390,5645390.0,,,+38.982,38982.0,,+2.208,2208.0,,1.0,False,8.0,8,8.0,8,-2.0,1.0,False,False,False
1142,2025,17,11,11.0,11,5,gabriel-bortoleto,kick-sauber,ferrari,pirelli,False,51.0,1:34:34.014,5674014.0,,,+1:07.606,67606.0,,+28.624,28624.0,,,False,13.0,13,13.0,13,2.0,1.0,False,False,False
1142,2025,17,12,12.0,12,87,oliver-bearman,haas,ferrari,pirelli,False,51.0,1:34:34.670,5674670.0,,,+1:08.262,68262.0,,+0.656,656.0,,,False,15.0,15,15.0,15,3.0,1.0,False,False,False
1142,2025,17,13,13.0,13,23,alexander-albon,williams,mercedes,pirelli,False,51.0,1:34:39.278,5679278.0,10.0,10000.0,+1:12.870,72870.0,,+4.608,4608.0,,,False,19.0,19,19.0,19,6.0,2.0,False,False,False
1142,2025,17,14,14.0,14,31,esteban-ocon,haas,ferrari,pirelli,False,51.0,1:34:43.988,5683988.0,,,+1:17.580,77580.0,,+4.710,4710.0,,,False,,DSQ,20.0,20,6.0,2.0,False,False,False
1142,2025,17,15,15.0,15,14,fernando-alonso,aston-martin,mercedes,pirelli,False,51.0,1:34:45.115,5685115.0,,,+1:18.707,78707.0,,+1.127,1127.0,,,False,11.0,11,11.0,11,-4.0,1.0,False,False,False
1142,2025,17,16,16.0,16,27,nico-hulkenberg,kick-sauber,ferrari,pirelli,False,51.0,1:34:46.645,5686645.0,,,+1:20.237,80237.0,,+1.530,1530.0,,,False,17.0,17,17.0,17,1.0,1.0,False,False,False
1142,2025,17,17,17.0,17,18,lance-stroll,aston-martin,mercedes,pirelli,False,51.0,1:35:02.800,5702800.0,,,+1:36.392,96392.0,,+16.155,16155.0,,,False,14.0,14,14.0,14,-3.0,1.0,False,False,False
1142,2025,17,18,18.0,18,10,pierre-gasly,alpine,renault,pirelli,False,50.0,,,,,+1 lap,,1.0,,,,,False,18.0,18,18.0,18,0.0,1.0,False,False,False
1142,2025,17,19,19.0,19,43,franco-colapinto,alpine,renault,pirelli,False,50.0,,,,,+1 lap,,1.0,,,,,False,16.0,16,16.0,16,-3.0,1.0,False,False,False
1142,2025,17,20,,DNF,81,oscar-piastri,mclaren,mercedes,pirelli,False,0.0,,,,,,,,,,Accident,,False,9.0,9,9.0,9,,0.0,False,False,False
1143,2025,18,1,1.0,1,63,george-russell,mercedes,mercedes,pirelli,False,62.0,1:40:22.367,6022367.0,,,,,,,,,25.0,True,1.0,1,1.0,1,0.0,1.0,False,False,False
1143,2025,18,2,2.0,2,1,max-verstappen,red-bull,honda-rbpt,pirelli,False,62.0,1:40:27.797,6027797.0,,,+5.430,5430.0,,+5.430,5430.0,,18.0,False,2.0,2,2.0,2,0.0,1.0,False,False,False
1143,2025,18,3,3.0,3,4,lando-norris,mclaren,mercedes,pirelli,False,62.0,1:40:28.433,6028433.0,,,+6.066,6066.0,,+0.636,636.0,,15.0,False,5.0,5,5.0,5,2.0,1.0,False,False,False
1143,2025,18,4,4.0,4,81,oscar-piastri,mclaren,mercedes,pirelli,False,62.0,1:40:30.513,6030513.0,,,+8.146,8146.0,,+2.080,2080.0,,12.0,False,3.0,3,3.0,3,-1.0,1.0,False,False,False
1143,2025,18,5,5.0,5,12,kimi-antonelli,mercedes,mercedes,pirelli,False,62.0,1:40:56.048,6056048.0,,,+33.681,33681.0,,+25.535,25535.0,,10.0,False,4.0,4,4.0,4,-1.0,1.0,False,False,False
1143,2025,18,6,6.0,6,16,charles-leclerc,ferrari,ferrari,pirelli,False,62.0,1:41:08.363,6068363.0,,,+45.996,45996.0,,+12.315,12315.0,,8.0,False,7.0,7,7.0,7,1.0,1.0,False,False,False
1143,2025,18,7,7.0,7,14,fernando-alonso,aston-martin,mercedes,pirelli,False,62.0,1:41:43.034,6103034.0,,,+1:20.667,80667.0,,+34.671,34671.0,,6.0,False,10.0,10,10.0,10,3.0,1.0,False,True,False
1143,2025,18,8,8.0,8,44,lewis-hamilton,ferrari,ferrari,pirelli,False,62.0,1:41:47.618,6107618.0,10.0,10000.0,+1:25.251,85251.0,,+4.584,4584.0,,4.0,False,6.0,6,6.0,6,-2.0,2.0,True,False,False
1143,2025,18,9,9.0,9,87,oliver-bearman,haas,ferrari,pirelli,False,62.0,1:41:55.894,6115894.0,,,+1:33.527,93527.0,,+8.276,8276.0,,2.0,False,9.0,9,9.0,9,0.0,1.0,False,False,False
1143,2025,18,10,10.0,10,55,carlos-sainz-jr,williams,mercedes,pirelli,False,61.0,,,,,+1 lap,,1.0,,,,1.0,False,,DSQ,18.0,18,8.0,1.0,False,False,False
1143,2025,18,11,11.0,11,6,isack-hadjar,racing-bulls,honda-rbpt,pirelli,False,61.0,,,,,+1 lap,,1.0,,,,,False,8.0,8,8.0,8,-3.0,1.0,False,False,False
1143,2025,18,12,12.0,12,22,yuki-tsunoda,red-bull,honda-rbpt,pirelli,False,61.0,,,,,+1 lap,,1.0,,,,,False,13.0,13,13.0,13,1.0,1.0,False,False,False
1143,2025,18,13,13.0,13,18,lance-stroll,aston-martin,mercedes,pirelli,False,61.0,,,,,+1 lap,,1.0,,,,,False,15.0,15,15.0,15,2.0,1.0,False,False,False
1143,2025,18,14,14.0,14,23,alexander-albon,williams,mercedes,pirelli,False,61.0,,,,,+1 lap,,1.0,,,,,False,,DSQ,,PL,6.0,1.0,False,False,False
1143,2025,18,15,15.0,15,30,liam-lawson,racing-bulls,honda-rbpt,pirelli,False,61.0,,,,,+1 lap,,1.0,,,,,False,12.0,12,12.0,12,-3.0,1.0,False,False,False
1143,2025,18,16,16.0,16,43,franco-colapinto,alpine,renault,pirelli,False,61.0,,,,,+1 lap,,1.0,,,,,False,16.0,16,16.0,16,0.0,1.0,False,False,False
1143,2025,18,17,17.0,17,5,gabriel-bortoleto,kick-sauber,ferrari,pirelli,False,61.0,,,,,+1 lap,,1.0,,,,,False,14.0,14,14.0,14,-3.0,1.0,False,False,False
1143,2025,18,18,18.0,18,31,esteban-ocon,haas,ferrari,pirelli,False,61.0,,,,,+1 lap,,1.0,,,,,False,17.0,17,17.0,17,-1.0,1.0,False,False,False
1143,2025,18,19,19.0,19,10,pierre-gasly,alpine,renault,pirelli,False,61.0,,,,,+1 lap,,1.0,,,,,False,18.0,18,,PL,0.0,2.0,False,False,False
1143,2025,18,20,20.0,20,27,nico-hulkenberg,kick-sauber,ferrari,pirelli,False,61.0,,,,,+1 lap,,1.0,,,,,False,11.0,11,11.0,11,-9.0,2.0,False,False,False
1144,2025,19,1,1.0,1,1,max-verstappen,red-bull,honda-rbpt,pirelli,False,56.0,1:34:00.161,5640161.0,,,,,,,,,25.0,True,1.0,1,1.0,1,0.0,1.0,False,False,False
1144,2025,19,2,2.0,2,4,lando-norris,mclaren,mercedes,pirelli,False,56.0,1:34:08.120,5648120.0,,,+7.959,7959.0,,+7.959,7959.0,,18.0,False,2.0,2,2.0,2,0.0,1.0,False,False,False
1144,2025,19,3,3.0,3,16,charles-leclerc,ferrari,ferrari,pirelli,False,56.0,1:34:15.534,5655534.0,,,+15.373,15373.0,,+7.414,7414.0,,15.0,False,3.0,3,3.0,3,0.0,1.0,False,True,False
1144,2025,19,4,4.0,4,44,lewis-hamilton,ferrari,ferrari,pirelli,False,56.0,1:34:28.697,5668697.0,,,+28.536,28536.0,,+13.163,13163.0,,12.0,False,5.0,5,5.0,5,1.0,1.0,False,False,False
1144,2025,19,5,5.0,5,81,oscar-piastri,mclaren,mercedes,pirelli,False,56.0,1:34:29.839,5669839.0,,,+29.678,29678.0,,+1.142,1142.0,,10.0,False,6.0,6,6.0,6,1.0,1.0,False,False,False
1144,2025,19,6,6.0,6,63,george-russell,mercedes,mercedes,pirelli,False,56.0,1:34:33.617,5673617.0,,,+33.456,33456.0,,+3.778,3778.0,,8.0,False,4.0,4,4.0,4,-2.0,1.0,False,False,False
1144,2025,19,7,7.0,7,22,yuki-tsunoda,red-bull,honda-rbpt,pirelli,False,56.0,1:34:52.875,5692875.0,,,+52.714,52714.0,,+19.258,19258.0,,6.0,False,13.0,13,13.0,13,6.0,1.0,False,False,False
1144,2025,19,8,8.0,8,27,nico-hulkenberg,kick-sauber,ferrari,pirelli,False,56.0,1:34:57.410,5697410.0,,,+57.249,57249.0,,+4.535,4535.0,,4.0,False,11.0,11,11.0,11,3.0,1.0,False,False,False
1144,2025,19,9,9.0,9,87,oliver-bearman,haas,ferrari,pirelli,False,56.0,1:35:04.883,5704883.0,,,+1:04.722,64722.0,,+7.473,7473.0,,2.0,False,8.0,8,8.0,8,-1.0,1.0,False,False,False
1144,2025,19,10,10.0,10,14,fernando-alonso,aston-martin,mercedes,pirelli,False,56.0,1:35:10.162,5710162.0,,,+1:10.001,70001.0,,+5.279,5279.0,,1.0,False,10.0,10,10.0,10,0.0,1.0,False,False,False
1144,2025,19,11,11.0,11,30,liam-lawson,racing-bulls,honda-rbpt,pirelli,False,56.0,1:35:13.370,5713370.0,,,+1:13.209,73209.0,,+3.208,3208.0,,,False,12.0,12,12.0,12,1.0,1.0,False,False,False
1144,2025,19,12,12.0,12,18,lance-stroll,aston-martin,mercedes,pirelli,False,56.0,1:35:14.939,5714939.0,,,+1:14.778,74778.0,,+1.569,1569.0,,,False,18.0,18,19.0,19,7.0,1.0,False,False,False
1144,2025,19,13,13.0,13,12,kimi-antonelli,mercedes,mercedes,pirelli,False,56.0,1:35:15.907,5715907.0,,,+1:15.746,75746.0,,+0.968,968.0,,,False,7.0,7,7.0,7,-6.0,1.0,True,False,False
1144,2025,19,14,14.0,14,23,alexander-albon,williams,mercedes,pirelli,False,56.0,1:35:20.161,5720161.0,,,+1:20.000,80000.0,,+4.254,4254.0,,,False,19.0,19,18.0,18,4.0,2.0,False,False,False
1144,2025,19,15,15.0,15,31,esteban-ocon,haas,ferrari,pirelli,False,56.0,1:35:23.204,5723204.0,,,+1:23.043,83043.0,,+3.043,3043.0,,,False,17.0,17,17.0,17,2.0,1.0,False,False,False
1144,2025,19,16,16.0,16,6,isack-hadjar,racing-bulls,honda-rbpt,pirelli,False,56.0,1:35:32.968,5732968.0,,,+1:32.807,92807.0,,+9.764,9764.0,,,False,,NC,20.0,20,4.0,1.0,False,False,False
1144,2025,19,17,17.0,17,43,franco-colapinto,alpine,renault,pirelli,False,55.0,,,,,+1 lap,,1.0,,,,,False,15.0,15,15.0,15,-2.0,1.0,False,False,False
1144,2025,19,18,18.0,18,5,gabriel-bortoleto,kick-sauber,ferrari,pirelli,False,55.0,,,,,+1 lap,,1.0,,,,,False,16.0,16,16.0,16,-2.0,2.0,False,False,False
1144,2025,19,19,19.0,19,10,pierre-gasly,alpine,renault,pirelli,False,55.0,,,,,+1 lap,,1.0,,,,,False,14.0,14,14.0,14,-5.0,1.0,False,False,False
1144,2025,19,20,,DNF,55,carlos-sainz-jr,williams,mercedes,pirelli,False,5.0,,,,,,,,,,Collision damage,,False,9.0,9,9.0,9,,0.0,False,False,False
1145,2025,20,1,1.0,1,4,lando-norris,mclaren,mercedes,pirelli,False,71.0,1:37:58.574,5878574.0,,,,,,,,,25.0,True,1.0,1,1.0,1,0.0,1.0,False,False,False
1145,2025,20,2,2.0,2,16,charles-leclerc,ferrari,ferrari,pirelli,False,71.0,1:38:28.898,5908898.0,,,+30.324,30324.0,,+30.324,30324.0,,18.0,False,2.0,2,2.0,2,0.0,1.0,False,False,False
1145,2025,20,3,3.0,3,1,max-verstappen,red-bull,honda-rbpt,pirelli,False,71.0,1:38:29.623,5909623.0,,,+31.049,31049.0,,+0.725,725.0,,15.0,False,5.0,5,5.0,5,2.0,1.0,False,False,False
1145,2025,20,4,4.0,4,87,oliver-bearman,haas,ferrari,pirelli,False,71.0,1:38:39.529,5919529.0,,,+40.955,40955.0,,+9.906,9906.0,,12.0,False,10.0,10,9.0,9,5.0,2.0,False,True,False
1145,2025,20,5,5.0,5,81,oscar-piastri,mclaren,mercedes,pirelli,False,71.0,1:38:40.639,5920639.0,,,+42.065,42065.0,,+1.110,1110.0,,10.0,False,8.0,8,7.0,7,2.0,2.0,False,False,False
1145,2025,20,6,6.0,6,12,kimi-antonelli,mercedes,mercedes,pirelli,False,71.0,1:38:46.411,5926411.0,,,+47.837,47837.0,,+5.772,5772.0,,8.0,False,6.0,6,6.0,6,0.0,2.0,False,False,False
1145,2025,20,7,7.0,7,63,george-russell,mercedes,mercedes,pirelli,False,71.0,1:38:48.861,5928861.0,,,+50.287,50287.0,,+2.450,2450.0,,6.0,False,4.0,4,4.0,4,-3.0,2.0,True,False,False
1145,2025,20,8,8.0,8,44,lewis-hamilton,ferrari,ferrari,pirelli,False,71.0,1:38:55.020,5935020.0,,,+56.446,56446.0,,+6.159,6159.0,,4.0,False,3.0,3,3.0,3,-5.0,2.0,False,False,False
1145,2025,20,9,9.0,9,31,esteban-ocon,haas,ferrari,pirelli,False,71.0,1:39:14.038,5954038.0,,,+1:15.464,75464.0,,+19.018,19018.0,,2.0,False,12.0,12,11.0,11,2.0,1.0,False,False,False
1145,2025,20,10,10.0,10,5,gabriel-bortoleto,kick-sauber,ferrari,pirelli,False,71.0,1:39:15.437,5955437.0,,,+1:16.863,76863.0,,+1.399,1399.0,,1.0,False,16.0,16,16.0,16,6.0,1.0,False,False,False
1145,2025,20,11,11.0,11,22,yuki-tsunoda,red-bull,honda-rbpt,pirelli,False,71.0,1:39:17.622,5957622.0,,,+1:19.048,79048.0,,+2.185,2185.0,,,False,11.0,11,10.0,10,-1.0,1.0,False,False,False
1145,2025,20,12,12.0,12,23,alexander-albon,williams,mercedes,pirelli,False,70.0,,,,,+1 lap,,1.0,,,,,False,17.0,17,17.0,17,5.0,1.0,False,False,False
1145,2025,20,13,13.0,13,6,isack-hadjar,racing-bulls,honda-rbpt,pirelli,False,70.0,,,,,+1 lap,,1.0,,,,,False,9.0,9,8.0,8,-5.0,1.0,False,False,False
1145,2025,20,14,14.0,14,18,lance-stroll,aston-martin,mercedes,pirelli,False,70.0,,,,,+1 lap,,1.0,,,,,False,19.0,19,19.0,19,5.0,2.0,False,False,False
1145,2025,20,15,15.0,15,10,pierre-gasly,alpine,renault,pirelli,False,70.0,,,,,+1 lap,,1.0,,,,,False,18.0,18,18.0,18,3.0,1.0,False,False,False
1145,2025,20,16,16.0,16,43,franco-colapinto,alpine,renault,pirelli,False,70.0,,,,,+1 lap,,1.0,,,,,False,20.0,20,20.0,20,4.0,1.0,False,False,False
1145,2025,20,17,17.0,17,55,carlos-sainz-jr,williams,mercedes,pirelli,False,67.0,,,,,,,,,,Accident,,False,7.0,7,12.0,12,-5.0,2.0,False,False,False
1145,2025,20,18,,DNF,14,fernando-alonso,aston-martin,mercedes,pirelli,False,34.0,,,,,,,,,,Brakes,,False,14.0,14,14.0,14,,1.0,False,False,False
1145,2025,20,19,,DNF,27,nico-hulkenberg,kick-sauber,ferrari,pirelli,False,25.0,,,,,,,,,,Handling,,False,13.0,13,13.0,13,,0.0,False,False,False
1145,2025,20,20,,DNF,30,liam-lawson,racing-bulls,honda-rbpt,pirelli,False,5.0,,,,,,,,,,Collision damage,,False,15.0,15,15.0,15,,1.0,False,False,False
1146,2025,21,1,1.0,1,4,lando-norris,mclaren,mercedes,pirelli,False,71.0,1:32:01.596,5521596.0,,,,,,,,,25.0,True,1.0,1,1.0,1,0.0,2.0,False,False,False
1146,2025,21,2,2.0,2,12,kimi-antonelli,mercedes,mercedes,pirelli,False,71.0,1:32:11.984,5531984.0,,,+10.388,10388.0,,+10.388,10388.0,,18.0,False,2.0,2,2.0,2,0.0,2.0,False,False,False
1146,2025,21,3,3.0,3,1,max-verstappen,red-bull,honda-rbpt,pirelli,False,71.0,1:32:12.346,5532346.0,,,+10.750,10750.0,,+0.362,362.0,,15.0,False,16.0,16,,PL,16.0,3.0,False,True,False
1146,2025,21,4,4.0,4,63,george-russell,mercedes,mercedes,pirelli,False,71.0,1:32:16.863,5536863.0,,,+15.267,15267.0,,+4.517,4517.0,,12.0,False,6.0,6,6.0,6,2.0,2.0,False,False,False
1146,2025,21,5,5.0,5,81,oscar-piastri,mclaren,mercedes,pirelli,False,71.0,1:32:17.345,5537345.0,,,+15.749,15749.0,,+0.482,482.0,,10.0,False,4.0,4,4.0,4,-1.0,2.0,False,False,False
1146,2025,21,6,6.0,6,87,oliver-bearman,haas,ferrari,pirelli,False,71.0,1:32:31.226,5551226.0,,,+29.630,29630.0,,+13.881,13881.0,,8.0,False,8.0,8,8.0,8,2.0,2.0,False,False,False
1146,2025,21,7,7.0,7,30,liam-lawson,racing-bulls,honda-rbpt,pirelli,False,71.0,1:32:54.238,5574238.0,,,+52.642,52642.0,,+23.012,23012.0,,6.0,False,7.0,7,7.0,7,0.0,1.0,False,False,False
1146,2025,21,8,8.0,8,6,isack-hadjar,racing-bulls,honda-rbpt,pirelli,False,71.0,1:32:54.469,5574469.0,,,+52.873,52873.0,,+0.231,231.0,,4.0,False,5.0,5,5.0,5,-3.0,2.0,False,False,False
1146,2025,21,9,9.0,9,27,nico-hulkenberg,kick-sauber,ferrari,pirelli,False,71.0,1:32:54.920,5574920.0,,,+53.324,53324.0,,+0.451,451.0,,2.0,False,10.0,10,10.0,10,1.0,1.0,False,False,False
1146,2025,21,10,10.0,10,10,pierre-gasly,alpine,renault,pirelli,False,71.0,1:32:55.510,5575510.0,,,+53.914,53914.0,,+0.590,590.0,,1.0,False,9.0,9,9.0,9,-1.0,2.0,False,False,False
1146,2025,21,11,11.0,11,23,alexander-albon,williams,mercedes,pirelli,False,71.0,1:32:55.780,5575780.0,,,+54.184,54184.0,,+0.270,270.0,,,False,12.0,12,12.0,12,1.0,2.0,True,False,False
1146,2025,21,12,12.0,12,31,esteban-ocon,haas,ferrari,pirelli,False,71.0,1:32:56.292,5576292.0,,,+54.696,54696.0,,+0.512,512.0,,,False,17.0,17,,PL,8.0,2.0,False,False,False
1146,2025,21,13,13.0,13,55,carlos-sainz-jr,williams,mercedes,pirelli,False,71.0,1:32:57.016,5577016.0,,,+55.420,55420.0,,+0.724,724.0,,,False,15.0,15,15.0,15,2.0,2.0,False,False,False
1146,2025,21,14,14.0,14,14,fernando-alonso,aston-martin,mercedes,pirelli,False,71.0,1:32:57.362,5577362.0,,,+55.766,55766.0,,+0.346,346.0,,,False,11.0,11,11.0,11,-3.0,2.0,False,False,False
1146,2025,21,15,15.0,15,43,franco-colapinto,alpine,renault,pirelli,False,71.0,1:32:59.373,5579373.0,,,+57.777,57777.0,,+2.011,2011.0,,,False,18.0,18,16.0,16,1.0,2.0,False,False,False
1146,2025,21,16,16.0,16,18,lance-stroll,aston-martin,mercedes,pirelli,False,71.0,1:32:59.843,5579843.0,,,+58.247,58247.0,,+0.470,470.0,,,False,14.0,14,14.0,14,-2.0,2.0,False,False,False
1146,2025,21,17,17.0,17,22,yuki-tsunoda,red-bull,honda-rbpt,pirelli,False,71.0,1:33:10.772,5590772.0,,,+1:09.176,69176.0,,+10.929,10929.0,,,False,19.0,19,17.0,17,0.0,3.0,False,False,False
1146,2025,21,18,,DNF,44,lewis-hamilton,ferrari,ferrari,pirelli,False,37.0,,,,,,,,,,Collision damage,,False,13.0,13,13.0,13,,3.0,False,False,False
1146,2025,21,19,,DNF,16,charles-leclerc,ferrari,ferrari,pirelli,False,5.0,,,,,,,,,,Collision,,False,3.0,3,3.0,3,,0.0,False,False,False
1146,2025,21,20,,DNF,5,gabriel-bortoleto,kick-sauber,ferrari,pirelli,False,0.0,,,,,,,,,,Accident,,False,,,18.0,18,,0.0,False,False,False
1147,2025,22,1,1.0,1,1,max-verstappen,red-bull,honda-rbpt,pirelli,False,50.0,1:21:08.429,4868429.0,,,,,,,,,25.0,False,2.0,2,2.0,2,1.0,1.0,True,True,False
1147,2025,22,2,2.0,2,63,george-russell,mercedes,mercedes,pirelli,False,50.0,1:21:31.975,4891975.0,,,+23.546,23546.0,,+23.546,23546.0,,18.0,False,4.0,4,4.0,4,2.0,1.0,False,False,False
1147,2025,22,3,3.0,3,12,kimi-antonelli,mercedes,mercedes,pirelli,False,50.0,1:21:38.917,4898917.0,5.0,5000.0,+30.488,30488.0,,+6.942,6942.0,,15.0,False,17.0,17,17.0,17,14.0,1.0,False,False,False
1147,2025,22,4,4.0,4,16,charles-leclerc,ferrari,ferrari,pirelli,False,50.0,1:21:39.107,4899107.0,,,+30.678,30678.0,,+0.190,190.0,,12.0,False,9.0,9,9.0,9,5.0,1.0,False,False,False
1147,2025,22,5,5.0,5,55,carlos-sainz-jr,williams,mercedes,pirelli,False,50.0,1:21:43.353,4903353.0,,,+34.924,34924.0,,+4.246,4246.0,,10.0,False,3.0,3,3.0,3,-2.0,1.0,False,False,False
1147,2025,22,6,6.0,6,6,isack-hadjar,racing-bulls,honda-rbpt,pirelli,False,50.0,1:21:53.686,4913686.0,,,+45.257,45257.0,,+10.333,10333.0,,8.0,False,8.0,8,8.0,8,2.0,1.0,False,False,False
1147,2025,22,7,7.0,7,27,nico-hulkenberg,kick-sauber,ferrari,pirelli,False,50.0,1:21:59.563,4919563.0,,,+51.134,51134.0,,+5.877,5877.0,,6.0,False,11.0,11,11.0,11,4.0,1.0,False,False,False
1147,2025,22,8,8.0,8,44,lewis-hamilton,ferrari,ferrari,pirelli,False,50.0,1:22:07.798,4927798.0,,,+59.369,59369.0,,+8.235,8235.0,,4.0,False,20.0,20,19.0,19,11.0,1.0,False,False,False
1147,2025,22,9,9.0,9,31,esteban-ocon,haas,ferrari,pirelli,False,50.0,1:22:09.064,4929064.0,,,+1:00.635,60635.0,,+1.266,1266.0,,2.0,False,13.0,13,13.0,13,4.0,1.0,False,False,False
1147,2025,22,10,10.0,10,87,oliver-bearman,haas,ferrari,pirelli,False,50.0,1:22:18.978,4938978.0,,,+1:10.549,70549.0,,+9.914,9914.0,,1.0,False,14.0,14,14.0,14,4.0,1.0,False,False,False
1147,2025,22,11,11.0,11,14,fernando-alonso,aston-martin,mercedes,pirelli,False,50.0,1:22:33.737,4953737.0,,,+1:25.308,85308.0,,+14.759,14759.0,,,False,7.0,7,7.0,7,-4.0,1.0,False,False,False
1147,2025,22,12,12.0,12,22,yuki-tsunoda,red-bull,honda-rbpt,pirelli,False,50.0,1:22:35.403,4955403.0,,,+1:26.974,86974.0,,+1.666,1666.0,,,False,19.0,19,,PL,8.0,2.0,False,False,False
1147,2025,22,13,13.0,13,10,pierre-gasly,alpine,renault,pirelli,False,50.0,1:22:40.131,4960131.0,,,+1:31.702,91702.0,,+4.728,4728.0,,,False,10.0,10,10.0,10,-3.0,1.0,False,False,False
1147,2025,22,14,14.0,14,30,liam-lawson,racing-bulls,honda-rbpt,pirelli,False,49.0,,,,,+1 lap,,1.0,,,,,False,6.0,6,6.0,6,-8.0,2.0,False,False,False
1147,2025,22,15,15.0,15,43,franco-colapinto,alpine,renault,pirelli,False,49.0,,,,,+1 lap,,1.0,,,,,False,15.0,15,15.0,15,0.0,1.0,False,False,False
1147,2025,22,16,,DNF,23,alexander-albon,williams,mercedes,pirelli,False,35.0,,,,,,,,,,Collision damage,,False,16.0,16,16.0,16,,3.0,False,False,False
1147,2025,22,17,,DNF,5,gabriel-bortoleto,kick-sauber,ferrari,pirelli,False,2.0,,,,,,,,,,Collision,,False,18.0,18,18.0,18,,1.0,False,False,False
1147,2025,22,18,,DNF,18,lance-stroll,aston-martin,mercedes,pirelli,False,0.0,,,,,,,,,,Collision,,False,12.0,12,12.0,12,,0.0,False,False,False
1147,2025,22,19,,DSQ,4,lando-norris,mclaren,mercedes,pirelli,False,,,,,,,,,,,Illegal skid block wear,,True,1.0,1,1.0,1,,1.0,False,False,False
1147,2025,22,20,,DSQ,81,oscar-piastri,mclaren,mercedes,pirelli,False,,,,,,,,,,,Illegal skid block wear,,False,5.0,5,5.0,5,,1.0,False,False,False
1148,2025,23,1,1.0,1,1,max-verstappen,red-bull,honda-rbpt,pirelli,False,57.0,1:24:38.241,5078241.0,,,,,,,,,25.0,False,3.0,3,3.0,3,2.0,2.0,False,True,False
1148,2025,23,2,2.0,2,81,oscar-piastri,mclaren,mercedes,pirelli,False,57.0,1:24:46.236,5086236.0,,,+7.995,7995.0,,+7.995,7995.0,,18.0,True,1.0,1,1.0,1,-1.0,2.0,True,False,False
1148,2025,23,3,3.0,3,55,carlos-sainz-jr,williams,mercedes,pirelli,False,57.0,1:25:00.906,5100906.0,,,+22.665,22665.0,,+14.670,14670.0,,15.0,False,7.0,7,7.0,7,4.0,2.0,False,False,False
1148,2025,23,4,4.0,4,4,lando-norris,mclaren,mercedes,pirelli,False,57.0,1:25:01.556,5101556.0,,,+23.315,23315.0,,+0.650,650.0,,12.0,False,2.0,2,2.0,2,-2.0,2.0,False,False,False
1148,2025,23,5,5.0,5,12,kimi-antonelli,mercedes,mercedes,pirelli,False,57.0,1:25:06.558,5106558.0,,,+28.317,28317.0,,+5.002,5002.0,,10.0,False,5.0,5,5.0,5,0.0,2.0,False,False,False
1148,2025,23,6,6.0,6,63,george-russell,mercedes,mercedes,pirelli,False,57.0,1:25:26.840,5126840.0,,,+48.599,48599.0,,+20.282,20282.0,,8.0,False,4.0,4,4.0,4,-2.0,2.0,False,False,False
1148,2025,23,7,7.0,7,14,fernando-alonso,aston-martin,mercedes,pirelli,False,57.0,1:25:32.286,5132286.0,,,+54.045,54045.0,,+5.446,5446.0,,6.0,False,8.0,8,8.0,8,1.0,2.0,False,False,False
1148,2025,23,8,8.0,8,16,charles-leclerc,ferrari,ferrari,pirelli,False,57.0,1:25:35.026,5135026.0,,,+56.785,56785.0,,+2.740,2740.0,,4.0,False,10.0,10,10.0,10,2.0,2.0,False,False,False
1148,2025,23,9,9.0,9,30,liam-lawson,racing-bulls,honda-rbpt,pirelli,False,57.0,1:25:38.314,5138314.0,,,+1:00.073,60073.0,,+3.288,3288.0,,2.0,False,12.0,12,12.0,12,3.0,2.0,False,False,False
1148,2025,23,10,10.0,10,22,yuki-tsunoda,red-bull,honda-rbpt,pirelli,False,57.0,1:25:40.011,5140011.0,,,+1:01.770,61770.0,,+1.697,1697.0,,1.0,False,16.0,16,15.0,15,5.0,2.0,False,False,False
1148,2025,23,11,11.0,11,23,alexander-albon,williams,mercedes,pirelli,False,57.0,1:25:45.172,5145172.0,,,+1:06.931,66931.0,,+5.161,5161.0,,,False,15.0,15,14.0,14,3.0,2.0,False,False,False
1148,2025,23,12,12.0,12,44,lewis-hamilton,ferrari,ferrari,pirelli,False,57.0,1:25:55.971,5155971.0,,,+1:17.730,77730.0,,+10.799,10799.0,,,False,18.0,18,17.0,17,5.0,2.0,False,False,False
1148,2025,23,13,13.0,13,5,gabriel-bortoleto,kick-sauber,ferrari,pirelli,False,57.0,1:26:03.053,5163053.0,,,+1:24.812,84812.0,,+7.082,7082.0,,,False,14.0,14,19.0,19,6.0,2.0,False,False,False
1148,2025,23,14,14.0,14,43,franco-colapinto,alpine,renault,pirelli,False,56.0,,,,,+1 lap,,1.0,,,,,False,20.0,20,,PL,6.0,2.0,False,False,False
1148,2025,23,15,15.0,15,31,esteban-ocon,haas,ferrari,pirelli,False,56.0,,,,,+1 lap,,1.0,,,,,False,17.0,17,16.0,16,1.0,3.0,False,False,False
1148,2025,23,16,16.0,16,10,pierre-gasly,alpine,renault,pirelli,False,56.0,,,,,+1 lap,,1.0,,,,,False,9.0,9,9.0,9,-7.0,2.0,False,False,False
1148,2025,23,17,17.0,17,18,lance-stroll,aston-martin,mercedes,pirelli,False,55.0,,,,,,,,,,Collision damage,,False,19.0,19,18.0,18,1.0,3.0,False,False,False
1148,2025,23,18,18.0,18,6,isack-hadjar,racing-bulls,honda-rbpt,pirelli,False,55.0,,,,,,,,,,Puncture,,False,6.0,6,6.0,6,-12.0,2.0,False,False,False
1148,2025,23,19,,DNF,87,oliver-bearman,haas,ferrari,pirelli,False,41.0,,,,,,,,,,Pit stop issue,,False,13.0,13,13.0,13,,3.0,False,False,False
1148,2025,23,20,,DNF,27,nico-hulkenberg,kick-sauber,ferrari,pirelli,False,6.0,,,,,,,,,,Collision,,False,11.0,11,11.0,11,,0.0,False,False,False
1149,2025,24,1,1.0,1,1,max-verstappen,red-bull,honda-rbpt,pirelli,False,58.0,1:26:07.469,5167469.0,,,,,,,,,25.0,True,1.0,1,1.0,1,0.0,1.0,False,True,False
1149,2025,24,2,2.0,2,81,oscar-piastri,mclaren,mercedes,pirelli,False,58.0,1:26:20.063,5180063.0,,,+12.594,12594.0,,+12.594,12594.0,,18.0,False,3.0,3,3.0,3,1.0,1.0,False,False,False
1149,2025,24,3,3.0,3,4,lando-norris,mclaren,mercedes,pirelli,False,58.0,1:26:24.041,5184041.0,,,+16.572,16572.0,,+3.978,3978.0,,15.0,False,2.0,2,2.0,2,-1.0,2.0,False,False,False
1149,2025,24,4,4.0,4,16,charles-leclerc,ferrari,ferrari,pirelli,False,58.0,1:26:30.748,5190748.0,,,+23.279,23279.0,,+6.707,6707.0,,12.0,False,5.0,5,5.0,5,1.0,2.0,True,False,False
1149,2025,24,5,5.0,5,63,george-russell,mercedes,mercedes,pirelli,False,58.0,1:26:56.032,5216032.0,,,+48.563,48563.0,,+25.284,25284.0,,10.0,False,4.0,4,4.0,4,-1.0,1.0,False,False,False
1149,2025,24,6,6.0,6,14,fernando-alonso,aston-martin,mercedes,pirelli,False,58.0,1:27:15.031,5235031.0,,,+1:07.562,67562.0,,+18.999,18999.0,,8.0,False,6.0,6,6.0,6,0.0,1.0,False,False,False
1149,2025,24,7,7.0,7,31,esteban-ocon,haas,ferrari,pirelli,False,58.0,1:27:17.345,5237345.0,,,+1:09.876,69876.0,,+2.314,2314.0,,6.0,False,8.0,8,8.0,8,1.0,1.0,False,False,False
1149,2025,24,8,8.0,8,44,lewis-hamilton,ferrari,ferrari,pirelli,False,58.0,1:27:20.139,5240139.0,,,+1:12.670,72670.0,,+2.794,2794.0,,4.0,False,16.0,16,16.0,16,8.0,2.0,False,False,False
1149,2025,24,9,9.0,9,27,nico-hulkenberg,kick-sauber,ferrari,pirelli,False,58.0,1:27:26.483,5246483.0,,,+1:19.014,79014.0,,+6.344,6344.0,,2.0,False,18.0,18,18.0,18,9.0,2.0,False,False,False
1149,2025,24,10,10.0,10,18,lance-stroll,aston-martin,mercedes,pirelli,False,58.0,1:27:26.992,5246992.0,5.0,5000.0,+1:19.523,79523.0,,+0.509,509.0,,1.0,False,15.0,15,15.0,15,5.0,1.0,False,False,False
1149,2025,24,11,11.0,11,5,gabriel-bortoleto,kick-sauber,ferrari,pirelli,False,58.0,1:27:28.512,5248512.0,,,+1:21.043,81043.0,,+1.520,1520.0,,,False,7.0,7,7.0,7,-4.0,1.0,False,False,False
1149,2025,24,12,12.0,12,87,oliver-bearman,haas,ferrari,pirelli,False,58.0,1:27:28.635,5248635.0,10.0,10000.0,+1:21.166,81166.0,,+0.123,123.0,,,False,11.0,11,11.0,11,-1.0,1.0,False,False,False
1149,2025,24,13,13.0,13,55,carlos-sainz-jr,williams,mercedes,pirelli,False,58.0,1:27:29.627,5249627.0,,,+1:22.158,82158.0,,+0.992,992.0,,,False,12.0,12,12.0,12,-1.0,1.0,False,False,False
1149,2025,24,14,14.0,14,22,yuki-tsunoda,red-bull,honda-rbpt,pirelli,False,58.0,1:27:31.263,5251263.0,,,+1:23.794,83794.0,,+1.636,1636.0,,,False,10.0,10,10.0,10,-4.0,1.0,False,False,False
1149,2025,24,15,15.0,15,12,kimi-antonelli,mercedes,mercedes,pirelli,False,58.0,1:27:31.868,5251868.0,,,+1:24.399,84399.0,,+0.605,605.0,,,False,14.0,14,14.0,14,-1.0,1.0,False,False,False
1149,2025,24,16,16.0,16,23,alexander-albon,williams,mercedes,pirelli,False,58.0,1:27:37.796,5257796.0,5.0,5000.0,+1:30.327,90327.0,,+5.928,5928.0,,,False,17.0,17,17.0,17,1.0,2.0,False,False,False
1149,2025,24,17,17.0,17,6,isack-hadjar,racing-bulls,honda-rbpt,pirelli,False,57.0,,,,,+1 lap,,1.0,,,,,False,9.0,9,9.0,9,-8.0,1.0,False,False,False
1149,2025,24,18,18.0,18,30,liam-lawson,racing-bulls,honda-rbpt,pirelli,False,57.0,,,,,+1 lap,,1.0,,,,,False,13.0,13,13.0,13,-5.0,1.0,False,False,False
1149,2025,24,19,19.0,19,10,pierre-gasly,alpine,renault,pirelli,False,57.0,,,5.0,5000.0,+1 lap,,1.0,,,,,False,19.0,19,19.0,19,0.0,2.0,False,False,False
1149,2025,24,20,20.0,20,43,franco-colapinto,alpine,renault,pirelli,False,57.0,,,,,+1 lap,,1.0,,,,,False,20.0,20,20.0,20,0.0,2.0,False,False,False
1150,2026,1,1,1.0,1,63,george-russell,mercedes,mercedes,pirelli,False,58.0,1:23:06.801,4986801.0,,,,,,,,,25.0,True,1.0,1,1.0,1,0.0,1.0,False,False,False
1150,2026,1,2,2.0,2,12,kimi-antonelli,mercedes,mercedes,pirelli,False,58.0,1:23:09.775,4989775.0,,,+2.974,2974.0,,+2.974,2974.0,,18.0,False,2.0,2,2.0,2,0.0,1.0,False,False,False
1150,2026,1,3,3.0,3,16,charles-leclerc,ferrari,ferrari,pirelli,False,58.0,1:23:22.320,5002320.0,,,+15.519,15519.0,,+12.545,12545.0,,15.0,False,4.0,4,4.0,4,1.0,1.0,False,False,False
1150,2026,1,4,4.0,4,44,lewis-hamilton,ferrari,ferrari,pirelli,False,58.0,1:23:22.945,5002945.0,,,+16.144,16144.0,,+0.625,625.0,,12.0,False,7.0,7,7.0,7,3.0,1.0,False,False,False
1150,2026,1,5,5.0,5,1,lando-norris,mclaren,mercedes,pirelli,False,58.0,1:23:58.542,5038542.0,,,+51.741,51741.0,,+35.597,35597.0,,10.0,False,6.0,6,6.0,6,1.0,2.0,False,False,False
1150,2026,1,6,6.0,6,3,max-verstappen,red-bull,red-bull-ford,pirelli,False,58.0,1:24:01.418,5041418.0,,,+54.617,54617.0,,+2.876,2876.0,,8.0,False,,,20.0,20,14.0,2.0,True,True,False
1150,2026,1,7,7.0,7,87,oliver-bearman,haas,ferrari,pirelli,False,57.0,,,,,+1 lap,,1.0,,,,6.0,False,12.0,12,12.0,12,5.0,1.0,False,False,False
1150,2026,1,8,8.0,8,41,arvid-lindblad,racing-bulls,red-bull-ford,pirelli,False,57.0,,,,,+1 lap,,1.0,,,,4.0,False,9.0,9,9.0,9,1.0,1.0,False,False,False
1150,2026,1,9,9.0,9,5,gabriel-bortoleto,audi,audi,pirelli,False,57.0,,,,,+1 lap,,1.0,,,,2.0,False,10.0,10,10.0,10,1.0,2.0,False,False,False
1150,2026,1,10,10.0,10,10,pierre-gasly,alpine,mercedes,pirelli,False,57.0,,,,,+1 lap,,1.0,,,,1.0,False,14.0,14,14.0,14,4.0,1.0,False,False,False
1150,2026,1,11,11.0,11,31,esteban-ocon,haas,ferrari,pirelli,False,57.0,,,,,+1 lap,,1.0,,,,,False,13.0,13,13.0,13,2.0,1.0,False,False,False
1150,2026,1,12,12.0,12,23,alexander-albon,williams,mercedes,pirelli,False,57.0,,,,,+1 lap,,1.0,,,,,False,15.0,15,15.0,15,3.0,2.0,False,False,False
1150,2026,1,13,13.0,13,30,liam-lawson,racing-bulls,red-bull-ford,pirelli,False,57.0,,,,,+1 lap,,1.0,,,,,False,8.0,8,8.0,8,-5.0,2.0,False,False,False
1150,2026,1,14,14.0,14,43,franco-colapinto,alpine,mercedes,pirelli,False,56.0,,,,,+2 laps,,2.0,,,,,False,16.0,16,16.0,16,2.0,2.0,False,False,False
1150,2026,1,15,15.0,15,55,carlos-sainz-jr,williams,mercedes,pirelli,False,56.0,,,,,+2 laps,,2.0,,,,,False,,,21.0,21,6.0,3.0,False,False,False
1150,2026,1,16,16.0,16,11,sergio-perez,cadillac,ferrari,pirelli,False,55.0,,,,,+3 laps,,3.0,,,,,False,18.0,18,18.0,18,2.0,2.0,False,False,False
1150,2026,1,17,,NC,18,lance-stroll,aston-martin,honda,pirelli,False,43.0,,,,,+15 laps,,15.0,,,,,False,,,22.0,22,,3.0,False,False,False
1150,2026,1,18,,DNF,14,fernando-alonso,aston-martin,honda,pirelli,False,21.0,,,,,,,,,,Mechanical,,False,17.0,17,17.0,17,,1.0,False,False,False
1150,2026,1,19,,DNF,77,valtteri-bottas,cadillac,ferrari,pirelli,False,15.0,,,,,,,,,,Fuel system,,False,19.0,19,19.0,19,,1.0,False,False,False
1150,2026,1,20,,DNF,6,isack-hadjar,red-bull,red-bull-ford,pirelli,False,10.0,,,,,,,,,,Engine,,False,3.0,3,3.0,3,,0.0,False,False,False
1150,2026,1,21,,DNS,81,oscar-piastri,mclaren,mercedes,pirelli,False,,,,,,,,,,,Accident,,False,5.0,5,5.0,5,,0.0,False,False,False
1150,2026,1,22,,DNS,27,nico-hulkenberg,audi,audi,pirelli,False,,,,,,,,,,,Hydraulics,,False,11.0,11,11.0,11,,0.0,False,False,False
1151,2026,2,1,1.0,1,12,kimi-antonelli,mercedes,mercedes,pirelli,False,56.0,1:33:15.607,5595607.0,,,,,,,,,25.0,True,1.0,1,1.0,1,0.0,1.0,True,True,False
1151,2026,2,2,2.0,2,63,george-russell,mercedes,mercedes,pirelli,False,56.0,1:33:21.122,5601122.0,,,+5.515,5515.0,,+5.515,5515.0,,18.0,False,2.0,2,2.0,2,0.0,1.0,False,False,False
1151,2026,2,3,3.0,3,44,lewis-hamilton,ferrari,ferrari,pirelli,False,56.0,1:33:40.874,5620874.0,,,+25.267,25267.0,,+19.752,19752.0,,15.0,False,3.0,3,3.0,3,0.0,1.0,False,False,False
1151,2026,2,4,4.0,4,16,charles-leclerc,ferrari,ferrari,pirelli,False,56.0,1:33:44.501,5624501.0,,,+28.894,28894.0,,+3.627,3627.0,,12.0,False,4.0,4,4.0,4,0.0,1.0,False,False,False
1151,2026,2,5,5.0,5,87,oliver-bearman,haas,ferrari,pirelli,False,56.0,1:34:12.875,5652875.0,,,+57.268,57268.0,,+28.374,28374.0,,10.0,False,10.0,10,10.0,10,5.0,1.0,False,False,False
1151,2026,2,6,6.0,6,10,pierre-gasly,alpine,mercedes,pirelli,False,56.0,1:34:15.254,5655254.0,,,+59.647,59647.0,,+2.379,2379.0,,8.0,False,7.0,7,7.0,7,1.0,1.0,False,False,False
1151,2026,2,7,7.0,7,30,liam-lawson,racing-bulls,red-bull-ford,pirelli,False,56.0,1:34:36.195,5676195.0,,,+1:20.588,80588.0,,+20.941,20941.0,,6.0,False,14.0,14,14.0,14,7.0,1.0,False,False,False
1151,2026,2,8,8.0,8,6,isack-hadjar,red-bull,red-bull-ford,pirelli,False,56.0,1:34:42.854,5682854.0,,,+1:27.247,87247.0,,+6.659,6659.0,,4.0,False,9.0,9,9.0,9,1.0,2.0,False,False,False
1151,2026,2,9,9.0,9,55,carlos-sainz-jr,williams,mercedes,pirelli,False,55.0,,,,,+1 lap,,1.0,,,,2.0,False,17.0,17,17.0,17,8.0,1.0,False,False,False
1151,2026,2,10,10.0,10,43,franco-colapinto,alpine,mercedes,pirelli,False,55.0,,,,,+1 lap,,1.0,,,,1.0,False,12.0,12,12.0,12,2.0,1.0,False,False,False
1151,2026,2,11,11.0,11,27,nico-hulkenberg,audi,audi,pirelli,False,55.0,,,,,+1 lap,,1.0,,,,,False,11.0,11,11.0,11,0.0,1.0,False,False,False
1151,2026,2,12,12.0,12,41,arvid-lindblad,racing-bulls,red-bull-ford,pirelli,False,55.0,,,,,+1 lap,,1.0,,,,,False,15.0,15,15.0,15,3.0,1.0,False,False,False
1151,2026,2,13,13.0,13,77,valtteri-bottas,cadillac,ferrari,pirelli,False,55.0,,,,,+1 lap,,1.0,,,,,False,20.0,20,19.0,19,6.0,1.0,False,False,False
1151,2026,2,14,14.0,14,31,esteban-ocon,haas,ferrari,pirelli,False,55.0,,,,,+1 lap,,1.0,,,,,False,13.0,13,13.0,13,-1.0,2.0,False,False,False
1151,2026,2,15,15.0,15,11,sergio-perez,cadillac,ferrari,pirelli,False,55.0,,,,,+1 lap,,1.0,,,,,False,22.0,22,21.0,21,6.0,1.0,False,False,False
1151,2026,2,16,,DNF,3,max-verstappen,red-bull,red-bull-ford,pirelli,False,45.0,,,,,,,,,,Coolant leak,,False,8.0,8,8.0,8,,1.0,False,False,False
1151,2026,2,17,,DNF,14,fernando-alonso,aston-martin,honda,pirelli,False,32.0,,,,,,,,,,Vibrations,,False,19.0,19,18.0,18,,1.0,False,False,False
1151,2026,2,18,,DNF,18,lance-stroll,aston-martin,honda,pirelli,False,9.0,,,,,,,,,,Battery,,False,21.0,21,20.0,20,,0.0,False,False,False
1151,2026,2,19,,DNS,81,oscar-piastri,mclaren,mercedes,pirelli,False,,,,,,,,,,,Electrical,,False,5.0,5,5.0,5,,0.0,False,False,False
1151,2026,2,20,,DNS,1,lando-norris,mclaren,mercedes,pirelli,False,,,,,,,,,,,Electrical,,False,6.0,6,6.0,6,,0.0,False,False,False
1151,2026,2,21,,DNS,5,gabriel-bortoleto,audi,audi,pirelli,False,,,,,,,,,,,Hydraulics,,False,16.0,16,16.0,16,,0.0,False,False,False
1151,2026,2,22,,DNS,23,alexander-albon,williams,mercedes,pirelli,False,,,,,,,,,,,Hydraulics,,False,18.0,18,,PL,,0.0,False,False,False
1152,2026,3,1,1.0,1,12,kimi-antonelli,mercedes,mercedes,pirelli,False,53.0,1:28:03.403,5283403.0,,,,,,,,,25.0,True,1.0,1,1.0,1,0.0,1.0,True,False,False
1152,2026,3,2,2.0,2,81,oscar-piastri,mclaren,mercedes,pirelli,False,53.0,1:28:17.125,5297125.0,,,+13.722,13722.0,,+13.722,13722.0,,18.0,False,3.0,3,3.0,3,1.0,1.0,False,True,False
1152,2026,3,3,3.0,3,16,charles-leclerc,ferrari,ferrari,pirelli,False,53.0,1:28:18.673,5298673.0,,,+15.270,15270.0,,+1.548,1548.0,,15.0,False,4.0,4,4.0,4,1.0,1.0,False,False,False
1152,2026,3,4,4.0,4,63,george-russell,mercedes,mercedes,pirelli,False,53.0,1:28:19.157,5299157.0,,,+15.754,15754.0,,+0.484,484.0,,12.0,False,2.0,2,2.0,2,-2.0,1.0,False,False,False
1152,2026,3,5,5.0,5,1,lando-norris,mclaren,mercedes,pirelli,False,53.0,1:28:26.882,5306882.0,,,+23.479,23479.0,,+7.725,7725.0,,10.0,False,5.0,5,5.0,5,0.0,1.0,False,False,False
1152,2026,3,6,6.0,6,44,lewis-hamilton,ferrari,ferrari,pirelli,False,53.0,1:28:28.440,5308440.0,,,+25.037,25037.0,,+1.558,1558.0,,8.0,False,6.0,6,6.0,6,0.0,1.0,False,False,False
1152,2026,3,7,7.0,7,10,pierre-gasly,alpine,mercedes,pirelli,False,53.0,1:28:35.743,5315743.0,,,+32.340,32340.0,,+7.303,7303.0,,6.0,False,7.0,7,7.0,7,0.0,1.0,False,False,False
1152,2026,3,8,8.0,8,3,max-verstappen,red-bull,red-bull-ford,pirelli,False,53.0,1:28:36.080,5316080.0,,,+32.677,32677.0,,+0.337,337.0,,4.0,False,11.0,11,11.0,11,3.0,1.0,False,False,False
1152,2026,3,9,9.0,9,30,liam-lawson,racing-bulls,red-bull-ford,pirelli,False,53.0,1:28:53.583,5333583.0,,,+50.180,50180.0,,+17.503,17503.0,,2.0,False,14.0,14,14.0,14,5.0,1.0,False,False,False
1152,2026,3,10,10.0,10,31,esteban-ocon,haas,ferrari,pirelli,False,53.0,1:28:54.619,5334619.0,,,+51.216,51216.0,,+1.036,1036.0,,1.0,False,12.0,12,12.0,12,2.0,1.0,False,False,False
1152,2026,3,11,11.0,11,27,nico-hulkenberg,audi,audi,pirelli,False,53.0,1:28:55.683,5335683.0,,,+52.280,52280.0,,+1.064,1064.0,,,False,13.0,13,13.0,13,2.0,1.0,False,False,False
1152,2026,3,12,12.0,12,6,isack-hadjar,red-bull,red-bull-ford,pirelli,False,53.0,1:28:59.557,5339557.0,,,+56.154,56154.0,,+3.874,3874.0,,,False,8.0,8,8.0,8,-4.0,1.0,False,False,False
1152,2026,3,13,13.0,13,5,gabriel-bortoleto,audi,audi,pirelli,False,53.0,1:29:02.481,5342481.0,,,+59.078,59078.0,,+2.924,2924.0,,,False,9.0,9,9.0,9,-4.0,1.0,False,False,False
1152,2026,3,14,14.0,14,41,arvid-lindblad,racing-bulls,red-bull-ford,pirelli,False,53.0,1:29:03.251,5343251.0,,,+59.848,59848.0,,+0.770,770.0,,,False,10.0,10,10.0,10,-4.0,1.0,False,False,False
1152,2026,3,15,15.0,15,55,carlos-sainz-jr,williams,mercedes,pirelli,False,53.0,1:29:08.411,5348411.0,,,+1:05.008,65008.0,,+5.160,5160.0,,,False,16.0,16,16.0,16,1.0,1.0,False,False,False
1152,2026,3,16,16.0,16,43,franco-colapinto,alpine,mercedes,pirelli,False,53.0,1:29:09.176,5349176.0,,,+1:05.773,65773.0,,+0.765,765.0,,,False,15.0,15,15.0,15,-1.0,1.0,False,False,False
1152,2026,3,17,17.0,17,11,sergio-perez,cadillac,ferrari,pirelli,False,53.0,1:29:35.856,5375856.0,,,+1:32.453,92453.0,,+26.680,26680.0,,,False,19.0,19,19.0,19,2.0,1.0,False,False,False
1152,2026,3,18,18.0,18,14,fernando-alonso,aston-martin,honda,pirelli,False,52.0,,,,,+1 lap,,1.0,,,,,False,21.0,21,21.0,21,3.0,2.0,False,False,False
1152,2026,3,19,19.0,19,77,valtteri-bottas,cadillac,ferrari,pirelli,False,52.0,,,,,+1 lap,,1.0,,,,,False,20.0,20,20.0,20,1.0,1.0,False,False,False
1152,2026,3,20,20.0,20,23,alexander-albon,williams,mercedes,pirelli,False,51.0,,,,,+2 laps,,2.0,,,,,False,17.0,17,17.0,17,-3.0,3.0,False,False,False
1152,2026,3,21,,DNF,18,lance-stroll,aston-martin,honda,pirelli,False,30.0,,,,,,,,,,Mechanical,,False,22.0,22,22.0,22,,2.0,False,False,False
1152,2026,3,22,,DNF,87,oliver-bearman,haas,ferrari,pirelli,False,20.0,,,,,,,,,,Accident,,False,18.0,18,18.0,18,,1.0,False,False,False
1153,2026,4,1,1.0,1,12,kimi-antonelli,mercedes,mercedes,pirelli,False,57.0,1:33:19.273,5599273.0,,,,,,,,,25.0,True,1.0,1,1.0,1,0.0,1.0,False,False,False
1153,2026,4,2,2.0,2,1,lando-norris,mclaren,mercedes,pirelli,False,57.0,1:33:22.537,5602537.0,,,+3.264,3264.0,,+3.264,3264.0,,18.0,False,4.0,4,4.0,4,2.0,1.0,True,False,False
1153,2026,4,3,3.0,3,81,oscar-piastri,mclaren,mercedes,pirelli,False,57.0,1:33:46.365,5626365.0,,,+27.092,27092.0,,+23.828,23828.0,,15.0,False,7.0,7,7.0,7,4.0,1.0,False,False,False
1153,2026,4,4,4.0,4,63,george-russell,mercedes,mercedes,pirelli,False,57.0,1:34:02.324,5642324.0,,,+43.051,43051.0,,+15.959,15959.0,,12.0,False,5.0,5,5.0,5,1.0,1.0,False,False,False
1153,2026,4,5,5.0,5,3,max-verstappen,red-bull,red-bull-ford,pirelli,False,57.0,1:34:08.222,5648222.0,5.0,5000.0,+48.949,48949.0,,+5.898,5898.0,,10.0,False,2.0,2,2.0,2,-3.0,1.0,False,True,False
1153,2026,4,6,6.0,6,44,lewis-hamilton,ferrari,ferrari,pirelli,False,57.0,1:34:13.026,5653026.0,,,+53.753,53753.0,,+4.804,4804.0,,8.0,False,6.0,6,6.0,6,0.0,1.0,False,False,False
1153,2026,4,7,7.0,7,43,franco-colapinto,alpine,mercedes,pirelli,False,57.0,1:34:21.144,5661144.0,,,+1:01.871,61871.0,,+8.118,8118.0,,6.0,False,8.0,8,8.0,8,1.0,1.0,False,False,False
1153,2026,4,8,8.0,8,16,charles-leclerc,ferrari,ferrari,pirelli,False,57.0,1:34:23.518,5663518.0,20.0,20000.0,+1:04.245,64245.0,,+2.374,2374.0,,4.0,False,3.0,3,3.0,3,-5.0,1.0,False,False,False
1153,2026,4,9,9.0,9,55,carlos-sainz-jr,williams,mercedes,pirelli,False,57.0,1:34:41.345,5681345.0,,,+1:22.072,82072.0,,+17.827,17827.0,,2.0,False,13.0,13,13.0,13,4.0,1.0,False,False,False
1153,2026,4,10,10.0,10,23,alexander-albon,williams,mercedes,pirelli,False,57.0,1:34:50.245,5690245.0,,,+1:30.972,90972.0,,+8.900,8900.0,,1.0,False,15.0,15,15.0,15,5.0,1.0,False,False,False
1153,2026,4,11,11.0,11,87,oliver-bearman,haas,ferrari,pirelli,False,56.0,,,,,+1 lap,,1.0,,,,,False,12.0,12,12.0,12,1.0,1.0,False,False,False
1153,2026,4,12,12.0,12,5,gabriel-bortoleto,audi,audi,pirelli,False,56.0,,,,,+1 lap,,1.0,,,,,False,21.0,21,21.0,21,9.0,1.0,False,False,False
1153,2026,4,13,13.0,13,31,esteban-ocon,haas,ferrari,pirelli,False,56.0,,,,,+1 lap,,1.0,,,,,False,14.0,14,14.0,14,1.0,1.0,False,False,False
1153,2026,4,14,14.0,14,41,arvid-lindblad,racing-bulls,red-bull-ford,pirelli,False,56.0,,,,,+1 lap,,1.0,,,,,False,16.0,16,16.0,16,2.0,1.0,False,False,False
1153,2026,4,15,15.0,15,14,fernando-alonso,aston-martin,honda,pirelli,False,56.0,,,,,+1 lap,,1.0,,,,,False,17.0,17,17.0,17,2.0,1.0,False,False,False
1153,2026,4,16,16.0,16,11,sergio-perez,cadillac,ferrari,pirelli,False,56.0,,,,,+1 lap,,1.0,,,,,False,20.0,20,20.0,20,4.0,1.0,False,False,False
1153,2026,4,17,17.0,17,18,lance-stroll,aston-martin,honda,pirelli,False,56.0,,,,,+1 lap,,1.0,,,,,False,18.0,18,18.0,18,1.0,2.0,False,False,False
1153,2026,4,18,18.0,18,77,valtteri-bottas,cadillac,ferrari,pirelli,False,55.0,,,,,+2 laps,,2.0,,,,,False,19.0,19,19.0,19,1.0,2.0,False,False,False
1153,2026,4,19,,DNF,27,nico-hulkenberg,audi,audi,pirelli,False,7.0,,,,,,,,,,Overheating,,False,10.0,10,10.0,10,,1.0,False,False,False
1153,2026,4,20,,DNF,30,liam-lawson,racing-bulls,red-bull-ford,pirelli,False,6.0,,,,,,,,,,Gearbox,,False,11.0,11,11.0,11,,0.0,False,False,False
1153,2026,4,21,,DNF,10,pierre-gasly,alpine,mercedes,pirelli,False,4.0,,,,,,,,,,Collision,,False,9.0,9,9.0,9,,0.0,False,False,False
1153,2026,4,22,,DNF,6,isack-hadjar,red-bull,red-bull-ford,pirelli,False,4.0,,,,,,,,,,Accident,,False,,DSQ,,PL,,0.0,False,False,False
1154,2026,5,1,1.0,1,12,kimi-antonelli,mercedes,mercedes,pirelli,False,68.0,1:28:15.758,5295758.0,,,,,,,,,25.0,False,2.0,2,2.0,2,1.0,1.0,True,False,False
1154,2026,5,2,2.0,2,44,lewis-hamilton,ferrari,ferrari,pirelli,False,68.0,1:28:26.526,5306526.0,,,+10.768,10768.0,,+10.768,10768.0,,18.0,False,5.0,5,5.0,5,3.0,1.0,False,True,False
1154,2026,5,3,3.0,3,3,max-verstappen,red-bull,red-bull-ford,pirelli,False,68.0,1:28:27.034,5307034.0,,,+11.276,11276.0,,+0.508,508.0,,15.0,False,6.0,6,6.0,6,3.0,1.0,False,False,False
1154,2026,5,4,4.0,4,16,charles-leclerc,ferrari,ferrari,pirelli,False,68.0,1:28:59.909,5339909.0,,,+44.151,44151.0,,+32.875,32875.0,,12.0,False,8.0,8,8.0,8,4.0,1.0,False,False,False
1154,2026,5,5,5.0,5,6,isack-hadjar,red-bull,red-bull-ford,pirelli,False,67.0,,,,,+1 lap,,1.0,,,,10.0,False,7.0,7,7.0,7,2.0,1.0,False,False,False
1154,2026,5,6,6.0,6,43,franco-colapinto,alpine,mercedes,pirelli,False,67.0,,,,,+1 lap,,1.0,,,,8.0,False,10.0,10,10.0,10,4.0,1.0,False,False,False
1154,2026,5,7,7.0,7,30,liam-lawson,racing-bulls,red-bull-ford,pirelli,False,67.0,,,,,+1 lap,,1.0,,,,6.0,False,12.0,12,12.0,12,5.0,1.0,False,False,False
1154,2026,5,8,8.0,8,10,pierre-gasly,alpine,mercedes,pirelli,False,67.0,,,,,+1 lap,,1.0,,,,4.0,False,14.0,14,14.0,14,6.0,1.0,False,False,False
1154,2026,5,9,9.0,9,55,carlos-sainz-jr,williams,mercedes,pirelli,False,67.0,,,,,+1 lap,,1.0,,,,2.0,False,15.0,15,15.0,15,6.0,1.0,False,False,False
1154,2026,5,10,10.0,10,87,oliver-bearman,haas,ferrari,pirelli,False,67.0,,,,,+1 lap,,1.0,,,,1.0,False,16.0,16,16.0,16,6.0,0.0,False,False,False
1154,2026,5,11,11.0,11,81,oscar-piastri,mclaren,mercedes,pirelli,False,66.0,,,,,+2 laps,,2.0,,,,,False,4.0,4,4.0,4,-7.0,3.0,False,False,False
1154,2026,5,12,12.0,12,27,nico-hulkenberg,audi,audi,pirelli,False,66.0,,,5.0,5000.0,+2 laps,,2.0,,,,,False,11.0,11,11.0,11,-1.0,2.0,False,False,False
1154,2026,5,13,13.0,13,5,gabriel-bortoleto,audi,audi,pirelli,False,66.0,,,5.0,5000.0,+2 laps,,2.0,,,,,False,13.0,13,13.0,13,0.0,2.0,False,False,False
1154,2026,5,14,14.0,14,31,esteban-ocon,haas,ferrari,pirelli,False,66.0,,,,,+2 laps,,2.0,,,,,False,17.0,17,17.0,17,3.0,2.0,False,False,False
1154,2026,5,15,15.0,15,18,lance-stroll,aston-martin,honda,pirelli,False,64.0,,,,,+4 laps,,4.0,,,,,False,21.0,21,,PL,7.0,2.0,False,False,False
1154,2026,5,16,16.0,16,77,valtteri-bottas,cadillac,ferrari,pirelli,False,64.0,,,,,+4 laps,,4.0,,,,,False,22.0,22,21.0,21,5.0,4.0,False,False,False
1154,2026,5,17,,DNF,11,sergio-perez,cadillac,ferrari,pirelli,False,39.0,,,,,,,,,,Suspension,,False,20.0,20,20.0,20,,3.0,False,False,False
1154,2026,5,18,,DNF,1,lando-norris,mclaren,mercedes,pirelli,False,38.0,,,,,,,,,,Gearbox,,False,3.0,3,3.0,3,,2.0,False,False,False
1154,2026,5,19,,DNF,63,george-russell,mercedes,mercedes,pirelli,False,29.0,,,,,,,,,,Engine,,True,1.0,1,1.0,1,,0.0,False,False,False
1154,2026,5,20,,DNF,14,fernando-alonso,aston-martin,honda,pirelli,False,23.0,,,,,,,,,,Broken seat,,False,19.0,19,19.0,19,,1.0,False,False,False
1154,2026,5,21,,DNF,23,alexander-albon,williams,mercedes,pirelli,False,11.0,,,,,,,,,,Collision,,False,18.0,18,18.0,18,,0.0,False,False,False
1154,2026,5,22,,DNS,41,arvid-lindblad,racing-bulls,red-bull-ford,pirelli,False,0.0,,,,,,,,,,Gearbox,,False,9.0,9,9.0,9,,0.0,False,False,False
1155,2026,6,1,1.0,1,12,kimi-antonelli,mercedes,mercedes,pirelli,False,78.0,2:23:31.243,8611243.0,,,,,,,,,25.0,True,1.0,1,1.0,1,0.0,2.0,True,True,True
1155,2026,6,2,2.0,2,44,lewis-hamilton,ferrari,ferrari,pirelli,False,78.0,2:23:37.514,8617514.0,,,+6.271,6271.0,,+6.271,6271.0,,18.0,False,3.0,3,3.0,3,1.0,2.0,False,False,False
1155,2026,6,3,3.0,3,6,isack-hadjar,red-bull,red-bull-ford,pirelli,False,78.0,2:23:54.637,8634637.0,,,+23.394,23394.0,,+17.123,17123.0,,15.0,False,5.0,5,5.0,5,2.0,1.0,False,False,False
1155,2026,6,4,4.0,4,81,oscar-piastri,mclaren,mercedes,pirelli,False,78.0,2:23:55.504,8635504.0,,,+24.261,24261.0,,+0.867,867.0,,12.0,False,7.0,7,7.0,7,3.0,2.0,False,False,False
1155,2026,6,5,5.0,5,30,liam-lawson,racing-bulls,red-bull-ford,pirelli,False,78.0,2:23:57.796,8637796.0,,,+26.553,26553.0,,+2.292,2292.0,,10.0,False,10.0,10,10.0,10,5.0,1.0,False,False,False
1155,2026,6,6,6.0,6,41,arvid-lindblad,racing-bulls,red-bull-ford,pirelli,False,78.0,2:24:00.253,8640253.0,,,+29.010,29010.0,,+2.457,2457.0,,8.0,False,15.0,15,15.0,15,9.0,0.0,False,False,False
1155,2026,6,7,7.0,7,10,pierre-gasly,alpine,mercedes,pirelli,False,78.0,2:24:01.612,8641612.0,10.0,10000.0,+30.369,30369.0,,+1.359,1359.0,,6.0,False,9.0,9,9.0,9,2.0,1.0,False,False,False
1155,2026,6,8,8.0,8,23,alexander-albon,williams,mercedes,pirelli,False,78.0,2:24:04.656,8644656.0,,,+33.413,33413.0,,+3.044,3044.0,,4.0,False,11.0,11,11.0,11,3.0,1.0,False,False,False
1155,2026,6,9,9.0,9,31,esteban-ocon,haas,ferrari,pirelli,False,78.0,2:24:08.383,8648383.0,,,+37.140,37140.0,,+3.727,3727.0,,2.0,False,17.0,17,17.0,17,8.0,1.0,False,False,False
1155,2026,6,10,10.0,10,14,fernando-alonso,aston-martin,honda,pirelli,False,78.0,2:24:13.142,8653142.0,,,+41.899,41899.0,,+4.759,4759.0,,1.0,False,21.0,21,21.0,21,11.0,2.0,False,False,False
1155,2026,6,11,11.0,11,5,gabriel-bortoleto,audi,audi,pirelli,False,78.0,2:24:13.991,8653991.0,,,+42.748,42748.0,,+0.849,849.0,,,False,16.0,16,,PL,5.0,3.0,False,False,False
1155,2026,6,12,12.0,12,63,george-russell,mercedes,mercedes,pirelli,False,78.0,2:24:14.596,8654596.0,,,+43.353,43353.0,,+0.605,605.0,,,False,6.0,6,6.0,6,-6.0,2.0,False,False,False
1155,2026,6,13,13.0,13,27,nico-hulkenberg,audi,audi,pirelli,False,78.0,2:24:15.345,8655345.0,10.0,10000.0,+44.102,44102.0,,+0.749,749.0,,,False,13.0,13,13.0,13,0.0,1.0,False,False,False
1155,2026,6,14,14.0,14,43,franco-colapinto,alpine,mercedes,pirelli,False,78.0,2:24:20.207,8660207.0,5.0,5000.0,+48.964,48964.0,,+4.862,4862.0,,,False,14.0,14,14.0,14,0.0,1.0,False,False,False
1155,2026,6,15,15.0,15,11,sergio-perez,cadillac,ferrari,pirelli,False,78.0,2:24:20.396,8660396.0,10.0,10000.0,+49.153,49153.0,,+0.189,189.0,,,False,18.0,18,18.0,18,3.0,2.0,False,False,False
1155,2026,6,16,16.0,16,55,carlos-sainz-jr,williams,mercedes,pirelli,False,70.0,,,,,,,,,,Collision damage,,False,12.0,12,12.0,12,-4.0,1.0,False,False,False
1155,2026,6,17,,DNF,16,charles-leclerc,ferrari,ferrari,pirelli,False,64.0,,,,,,,,,,Accident,,False,4.0,4,4.0,4,,2.0,False,False,False
1155,2026,6,18,,DNF,18,lance-stroll,aston-martin,honda,pirelli,False,56.0,,,5.0,5000.0,,,,,,Accident,,False,22.0,22,22.0,22,,1.0,False,False,False
1155,2026,6,19,,DNF,1,lando-norris,mclaren,mercedes,pirelli,False,43.0,,,,,,,,,,Battery,,False,8.0,8,8.0,8,,0.0,False,False,False
1155,2026,6,20,,DNF,87,oliver-bearman,haas,ferrari,pirelli,False,27.0,,,,,,,,,,Brakes,,False,19.0,19,19.0,19,,1.0,False,False,False
1155,2026,6,21,,DNF,77,valtteri-bottas,cadillac,ferrari,pirelli,False,15.0,,,,,,,,,,Brakes,,False,20.0,20,20.0,20,,1.0,False,False,False
1155,2026,6,22,,DNF,3,max-verstappen,red-bull,red-bull-ford,pirelli,False,0.0,,,,,,,,,,Engine,,False,2.0,2,2.0,2,,0.0,False,False,False
1156,2026,7,1,1.0,1,44,lewis-hamilton,ferrari,ferrari,pirelli,False,66.0,1:32:28.105,5548105.0,,,,,,,,,25.0,False,2.0,2,2.0,2,1.0,3.0,True,True,False
1156,2026,7,2,2.0,2,63,george-russell,mercedes,mercedes,pirelli,False,66.0,1:32:47.666,5567666.0,,,+19.561,19561.0,,+19.561,19561.0,,18.0,True,1.0,1,1.0,1,-1.0,2.0,False,False,False
1156,2026,7,3,3.0,3,1,lando-norris,mclaren,mercedes,pirelli,False,66.0,1:32:51.824,5571824.0,,,+23.719,23719.0,,+4.158,4158.0,,15.0,False,4.0,4,4.0,4,1.0,2.0,False,False,False
1156,2026,7,4,4.0,4,3,max-verstappen,red-bull,red-bull-ford,pirelli,False,66.0,1:33:08.602,5588602.0,,,+40.497,40497.0,,+16.778,16778.0,,12.0,False,5.0,5,5.0,5,1.0,3.0,False,False,False
1156,2026,7,5,5.0,5,81,oscar-piastri,mclaren,mercedes,pirelli,False,66.0,1:33:26.766,5606766.0,,,+58.661,58661.0,,+18.164,18164.0,,10.0,False,7.0,7,7.0,7,2.0,2.0,False,False,False
1156,2026,7,6,6.0,6,6,isack-hadjar,red-bull,red-bull-ford,pirelli,False,65.0,,,,,+1 lap,,1.0,,,,8.0,False,6.0,6,6.0,6,0.0,3.0,False,False,False
1156,2026,7,7,7.0,7,10,pierre-gasly,alpine,mercedes,pirelli,False,65.0,,,,,+1 lap,,1.0,,,,6.0,False,14.0,14,14.0,14,7.0,2.0,False,False,False
1156,2026,7,8,8.0,8,30,liam-lawson,racing-bulls,red-bull-ford,pirelli,False,65.0,,,,,+1 lap,,1.0,,,,4.0,False,8.0,8,8.0,8,0.0,2.0,False,False,False
1156,2026,7,9,9.0,9,41,arvid-lindblad,racing-bulls,red-bull-ford,pirelli,False,65.0,,,,,+1 lap,,1.0,,,,2.0,False,11.0,11,11.0,11,2.0,2.0,False,False,False
1156,2026,7,10,10.0,10,43,franco-colapinto,alpine,mercedes,pirelli,False,65.0,,,10.0,10000.0,+1 lap,,1.0,,,,1.0,False,13.0,13,13.0,13,3.0,2.0,False,False,False
1156,2026,7,11,11.0,11,5,gabriel-bortoleto,audi,audi,pirelli,False,64.0,,,,,+2 laps,,2.0,,,,,False,12.0,12,12.0,12,1.0,3.0,False,False,False
1156,2026,7,12,12.0,12,55,carlos-sainz-jr,williams,mercedes,pirelli,False,64.0,,,,,+2 laps,,2.0,,,,,False,16.0,16,16.0,16,4.0,3.0,False,False,False
1156,2026,7,13,13.0,13,31,esteban-ocon,haas,ferrari,pirelli,False,64.0,,,,,+2 laps,,2.0,,,,,False,17.0,17,17.0,17,4.0,3.0,False,False,False
1156,2026,7,14,14.0,14,11,sergio-perez,cadillac,ferrari,pirelli,False,63.0,,,,,+3 laps,,3.0,,,,,False,19.0,19,19.0,19,5.0,3.0,False,False,False
1156,2026,7,15,15.0,15,16,charles-leclerc,ferrari,ferrari,pirelli,False,62.0,,,,,,,,,,Hydraulics,,False,10.0,10,10.0,10,-5.0,2.0,False,False,False
1156,2026,7,16,16.0,16,12,kimi-antonelli,mercedes,mercedes,pirelli,False,61.0,,,5.0,5000.0,,,,,,Electrical,,False,3.0,3,3.0,3,-13.0,2.0,False,False,False
1156,2026,7,17,17.0,17,87,oliver-bearman,haas,ferrari,pirelli,False,60.0,,,,,,,,,,Engine,,False,15.0,15,15.0,15,-2.0,2.0,False,False,False
1156,2026,7,18,,NC,23,alexander-albon,williams,mercedes,pirelli,False,55.0,,,,,+11 laps,,11.0,,,,,False,18.0,18,18.0,18,,3.0,False,False,False
1156,2026,7,19,,DNF,14,fernando-alonso,aston-martin,honda,pirelli,False,37.0,,,,,,,,,,Battery,,False,22.0,22,,PL,,1.0,False,False,False
1156,2026,7,20,,DNF,27,nico-hulkenberg,audi,audi,pirelli,False,29.0,,,,,,,,,,Safety switch,,False,9.0,9,9.0,9,,1.0,False,False,False
1156,2026,7,21,,DNF,77,valtteri-bottas,cadillac,ferrari,pirelli,False,15.0,,,,,,,,,,Overheating,,False,20.0,20,20.0,20,,1.0,False,False,False
1156,2026,7,22,,DNF,18,lance-stroll,aston-martin,honda,pirelli,False,5.0,,,,,,,,,,Gearbox,,False,21.0,21,21.0,21,,0.0,False,False,False
1157,2026,8,1,1.0,1,63,george-russell,mercedes,mercedes,pirelli,False,71.0,1:26:37.979,5197979.0,,,,,,,,,25.0,True,1.0,1,1.0,1,0.0,2.0,False,False,False
1157,2026,8,2,2.0,2,3,max-verstappen,red-bull,red-bull-ford,pirelli,False,71.0,1:26:39.590,5199590.0,,,+1.611,1611.0,,+1.611,1611.0,,18.0,False,5.0,5,5.0,5,3.0,2.0,False,True,False
1157,2026,8,3,3.0,3,12,kimi-antonelli,mercedes,mercedes,pirelli,False,71.0,1:26:39.965,5199965.0,,,+1.986,1986.0,,+0.375,375.0,,15.0,False,4.0,4,4.0,4,1.0,2.0,True,False,False
1157,2026,8,4,4.0,4,81,oscar-piastri,mclaren,mercedes,pirelli,False,71.0,1:26:59.788,5219788.0,,,+21.809,21809.0,,+19.823,19823.0,,12.0,False,7.0,7,7.0,7,3.0,2.0,False,False,False
1157,2026,8,5,5.0,5,44,lewis-hamilton,ferrari,ferrari,pirelli,False,71.0,1:27:04.372,5224372.0,,,+26.393,26393.0,,+4.584,4584.0,,10.0,False,3.0,3,3.0,3,-2.0,3.0,False,False,False
1157,2026,8,6,6.0,6,6,isack-hadjar,red-bull,red-bull-ford,pirelli,False,71.0,1:27:07.378,5227378.0,,,+29.399,29399.0,,+3.006,3006.0,,8.0,False,8.0,8,8.0,8,2.0,2.0,False,False,False
1157,2026,8,7,7.0,7,1,lando-norris,mclaren,mercedes,pirelli,False,71.0,1:27:09.484,5229484.0,,,+31.505,31505.0,,+2.106,2106.0,,6.0,False,6.0,6,6.0,6,-1.0,2.0,False,False,False
1157,2026,8,8,8.0,8,16,charles-leclerc,ferrari,ferrari,pirelli,False,71.0,1:27:23.638,5243638.0,,,+45.659,45659.0,,+14.154,14154.0,,4.0,False,2.0,2,2.0,2,-6.0,3.0,False,False,False
1157,2026,8,9,9.0,9,30,liam-lawson,racing-bulls,red-bull-ford,pirelli,False,70.0,,,,,+1 lap,,1.0,,,,2.0,False,9.0,9,9.0,9,0.0,2.0,False,False,False
1157,2026,8,10,10.0,10,41,arvid-lindblad,racing-bulls,red-bull-ford,pirelli,False,70.0,,,,,+1 lap,,1.0,,,,1.0,False,10.0,10,10.0,10,0.0,2.0,False,False,False
1157,2026,8,11,11.0,11,5,gabriel-bortoleto,audi,audi,pirelli,False,70.0,,,,,+1 lap,,1.0,,,,,False,12.0,12,12.0,12,1.0,2.0,False,False,False
1157,2026,8,12,12.0,12,27,nico-hulkenberg,audi,audi,pirelli,False,70.0,,,,,+1 lap,,1.0,,,,,False,14.0,14,14.0,14,2.0,2.0,False,False,False
1157,2026,8,13,13.0,13,10,pierre-gasly,alpine,mercedes,pirelli,False,70.0,,,,,+1 lap,,1.0,,,,,False,11.0,11,11.0,11,-2.0,3.0,False,False,False
1157,2026,8,14,14.0,14,87,oliver-bearman,haas,ferrari,pirelli,False,70.0,,,,,+1 lap,,1.0,,,,,False,13.0,13,13.0,13,-1.0,2.0,False,False,False
1157,2026,8,15,15.0,15,43,franco-colapinto,alpine,mercedes,pirelli,False,70.0,,,,,+1 lap,,1.0,,,,,False,16.0,16,16.0,16,1.0,2.0,False,False,False
1157,2026,8,16,16.0,16,31,esteban-ocon,haas,ferrari,pirelli,False,69.0,,,,,+2 laps,,2.0,,,,,False,15.0,15,15.0,15,-1.0,2.0,False,False,False
1157,2026,8,17,17.0,17,23,alexander-albon,williams,mercedes,pirelli,False,69.0,,,,,+2 laps,,2.0,,,,,False,18.0,18,18.0,18,1.0,2.0,False,False,False
1157,2026,8,18,18.0,18,14,fernando-alonso,aston-martin,honda,pirelli,False,68.0,,,,,+3 laps,,3.0,,,,,False,21.0,21,21.0,21,3.0,2.0,False,False,False
1157,2026,8,19,,DNF,18,lance-stroll,aston-martin,honda,pirelli,False,45.0,,,,,,,,,,Electrical,,False,22.0,22,22.0,22,,1.0,False,False,False
1157,2026,8,20,,DNF,55,carlos-sainz-jr,williams,mercedes,pirelli,False,23.0,,,,,,,,,,Electrical,,False,17.0,17,17.0,17,,1.0,False,False,False
1157,2026,8,21,,DNF,11,sergio-perez,cadillac,ferrari,pirelli,False,4.0,,,,,,,,,,Brakes,,False,19.0,19,19.0,19,,0.0,False,False,False
1157,2026,8,22,,DNF,77,valtteri-bottas,cadillac,ferrari,pirelli,False,2.0,,,,,,,,,,Brakes,,False,20.0,20,20.0,20,,0.0,False,False,False
1158,2026,9,1,1.0,1,16,charles-leclerc,ferrari,ferrari,pirelli,False,52.0,1:27:11.335,5231335.0,,,,,,,,,25.0,False,2.0,2,2.0,2,1.0,2.0,False,True,False
1158,2026,9,2,2.0,2,63,george-russell,mercedes,mercedes,pirelli,False,52.0,1:27:11.762,5231762.0,,,+0.427,427.0,,+0.427,427.0,,18.0,False,4.0,4,4.0,4,2.0,2.0,False,False,False
1158,2026,9,3,3.0,3,44,lewis-hamilton,ferrari,ferrari,pirelli,False,52.0,1:27:12.107,5232107.0,,,+0.772,772.0,,+0.345,345.0,,15.0,False,3.0,3,3.0,3,0.0,2.0,False,False,False
1158,2026,9,4,4.0,4,1,lando-norris,mclaren,mercedes,pirelli,False,52.0,1:27:12.484,5232484.0,,,+1.149,1149.0,,+0.377,377.0,,12.0,False,6.0,6,6.0,6,2.0,3.0,False,False,False
1158,2026,9,5,5.0,5,6,isack-hadjar,red-bull,red-bull-ford,pirelli,False,52.0,1:27:12.933,5232933.0,,,+1.598,1598.0,,+0.449,449.0,,10.0,False,5.0,5,5.0,5,0.0,2.0,False,False,False
1158,2026,9,6,6.0,6,30,liam-lawson,racing-bulls,red-bull-ford,pirelli,False,52.0,1:27:13.358,5233358.0,,,+2.023,2023.0,,+0.425,425.0,,8.0,False,10.0,10,10.0,10,4.0,2.0,False,False,False
1158,2026,9,7,7.0,7,41,arvid-lindblad,racing-bulls,red-bull-ford,pirelli,False,52.0,1:27:13.549,5233549.0,,,+2.214,2214.0,,+0.191,191.0,,6.0,False,9.0,9,9.0,9,2.0,2.0,False,False,False
1158,2026,9,8,8.0,8,5,gabriel-bortoleto,audi,audi,pirelli,False,52.0,1:27:13.748,5233748.0,,,+2.413,2413.0,,+0.199,199.0,,4.0,False,11.0,11,11.0,11,3.0,2.0,False,False,False
1158,2026,9,9,9.0,9,43,franco-colapinto,alpine,mercedes,pirelli,False,52.0,1:27:14.564,5234564.0,,,+3.229,3229.0,,+0.816,816.0,,2.0,False,19.0,19,19.0,19,10.0,2.0,False,False,False
1158,2026,9,10,10.0,10,10,pierre-gasly,alpine,mercedes,pirelli,False,52.0,1:27:14.780,5234780.0,,,+3.445,3445.0,,+0.216,216.0,,1.0,False,12.0,12,15.0,15,5.0,2.0,False,False,False
1158,2026,9,11,11.0,11,81,oscar-piastri,mclaren,mercedes,pirelli,False,52.0,1:27:15.349,5235349.0,,,+4.014,4014.0,,+0.569,569.0,,,False,8.0,8,8.0,8,-3.0,3.0,False,False,False
1158,2026,9,12,12.0,12,87,oliver-bearman,haas,ferrari,pirelli,False,52.0,1:27:16.580,5236580.0,,,+5.245,5245.0,,+1.231,1231.0,,,False,14.0,14,13.0,13,1.0,2.0,False,False,False
1158,2026,9,13,13.0,13,31,esteban-ocon,haas,ferrari,pirelli,False,52.0,1:27:16.847,5236847.0,,,+5.512,5512.0,,+0.267,267.0,,,False,17.0,17,17.0,17,4.0,2.0,False,False,False
1158,2026,9,14,14.0,14,11,sergio-perez,cadillac,ferrari,pirelli,False,52.0,1:27:18.738,5238738.0,,,+7.403,7403.0,,+1.891,1891.0,,,False,20.0,20,20.0,20,6.0,2.0,False,False,False
1158,2026,9,15,15.0,15,12,kimi-antonelli,mercedes,mercedes,pirelli,False,52.0,1:27:19.340,5239340.0,5.0,5000.0,+8.005,8005.0,,+0.602,602.0,,,True,1.0,1,1.0,1,-14.0,3.0,True,False,False
1158,2026,9,16,16.0,16,77,valtteri-bottas,cadillac,ferrari,pirelli,False,52.0,1:27:19.497,5239497.0,,,+8.162,8162.0,,+0.157,157.0,,,False,18.0,18,18.0,18,2.0,2.0,False,False,False
1158,2026,9,17,17.0,17,55,carlos-sainz-jr,williams,mercedes,pirelli,False,51.0,,,,,+1 lap,,1.0,,,,,False,15.0,15,14.0,14,-3.0,2.0,False,False,False
1158,2026,9,18,18.0,18,14,fernando-alonso,aston-martin,honda,pirelli,False,51.0,,,,,+1 lap,,1.0,,,,,False,22.0,22,,PL,3.0,2.0,False,False,False
1158,2026,9,19,19.0,19,18,lance-stroll,aston-martin,honda,pirelli,False,51.0,,,5.0,5000.0,+1 lap,,1.0,,,,,False,21.0,21,22.0,22,3.0,2.0,False,False,False
1158,2026,9,20,20.0,20,3,max-verstappen,red-bull,red-bull-ford,pirelli,False,46.0,,,,,,,,,,Spun off,,False,7.0,7,7.0,7,-13.0,2.0,False,False,False
1158,2026,9,21,,DNF,23,alexander-albon,williams,mercedes,pirelli,False,43.0,,,,,,,,,,Collision damage,,False,16.0,16,16.0,16,,5.0,False,False,False
1158,2026,9,22,,DNF,27,nico-hulkenberg,audi,audi,pirelli,False,36.0,,,,,,,,,,Gearbox,,False,13.0,13,12.0,12,,2.0,False,False,False
1159,2026,10,1,1.0,1,12,kimi-antonelli,mercedes,mercedes,pirelli,False,44.0,1:24:42.479,5082479.0,,,,,,,,,25.0,True,1.0,1,1.0,1,0.0,1.0,False,False,False
1159,2026,10,2,2.0,2,16,charles-leclerc,ferrari,ferrari,pirelli,False,44.0,1:24:44.431,5084431.0,,,+1.952,1952.0,,+1.952,1952.0,,18.0,False,5.0,5,4.0,4,2.0,1.0,False,True,False
1159,2026,10,3,3.0,3,3,max-verstappen,red-bull,red-bull-ford,pirelli,False,44.0,1:24:54.065,5094065.0,,,+11.586,11586.0,,+9.634,9634.0,,15.0,False,2.0,2,2.0,2,-1.0,1.0,False,False,False
1159,2026,10,4,4.0,4,44,lewis-hamilton,ferrari,ferrari,pirelli,False,44.0,1:24:59.724,5099724.0,,,+17.245,17245.0,,+5.659,5659.0,,12.0,False,6.0,6,5.0,5,1.0,1.0,False,False,False
1159,2026,10,5,5.0,5,81,oscar-piastri,mclaren,mercedes,pirelli,False,44.0,1:25:01.467,5101467.0,,,+18.988,18988.0,,+1.743,1743.0,,10.0,False,7.0,7,6.0,6,1.0,1.0,False,False,False
1159,2026,10,6,6.0,6,6,isack-hadjar,red-bull,red-bull-ford,pirelli,False,44.0,1:25:05.786,5105786.0,,,+23.307,23307.0,,+4.319,4319.0,,8.0,False,10.0,10,21.0,21,15.0,3.0,False,False,False
1159,2026,10,7,7.0,7,1,lando-norris,mclaren,mercedes,pirelli,False,44.0,1:25:06.493,5106493.0,,,+24.014,24014.0,,+0.707,707.0,,6.0,False,3.0,3,13.0,13,6.0,1.0,True,False,False
1159,2026,10,8,8.0,8,5,gabriel-bortoleto,audi,audi,pirelli,False,44.0,1:25:31.619,5131619.0,,,+49.140,49140.0,,+25.126,25126.0,,4.0,False,9.0,9,8.0,8,0.0,1.0,False,False,False
1159,2026,10,9,9.0,9,41,arvid-lindblad,racing-bulls,red-bull-ford,pirelli,False,44.0,1:25:32.885,5132885.0,,,+50.406,50406.0,,+1.266,1266.0,,2.0,False,8.0,8,7.0,7,-2.0,1.0,False,False,False
1159,2026,10,10,10.0,10,43,franco-colapinto,alpine,mercedes,pirelli,False,44.0,1:25:58.516,5158516.0,,,+1:16.037,76037.0,,+25.631,25631.0,,1.0,False,13.0,13,11.0,11,1.0,1.0,False,False,False
1159,2026,10,11,11.0,11,10,pierre-gasly,alpine,mercedes,pirelli,False,44.0,1:25:59.470,5159470.0,,,+1:16.991,76991.0,,+0.954,954.0,,,False,12.0,12,10.0,10,-1.0,1.0,False,False,False
1159,2026,10,12,12.0,12,30,liam-lawson,racing-bulls,red-bull-ford,pirelli,False,44.0,1:26:00.002,5160002.0,,,+1:17.523,77523.0,,+0.532,532.0,,,False,11.0,11,9.0,9,-3.0,1.0,False,False,False
1159,2026,10,13,13.0,13,27,nico-hulkenberg,audi,audi,pirelli,False,44.0,1:26:00.827,5160827.0,,,+1:18.348,78348.0,,+0.825,825.0,,,False,14.0,14,12.0,12,-1.0,1.0,False,False,False
1159,2026,10,14,14.0,14,87,oliver-bearman,haas,ferrari,pirelli,False,44.0,1:26:16.944,5176944.0,,,+1:34.465,94465.0,,+16.117,16117.0,,,False,16.0,16,14.0,14,0.0,2.0,False,False,False
1159,2026,10,15,15.0,15,23,alexander-albon,williams,mercedes,pirelli,False,44.0,1:26:27.163,5187163.0,,,+1:44.684,104684.0,,+10.219,10219.0,,,False,17.0,17,15.0,15,0.0,1.0,False,False,False
1159,2026,10,16,16.0,16,55,carlos-sainz-jr,williams,mercedes,pirelli,False,44.0,1:26:28.335,5188335.0,,,+1:45.856,105856.0,,+1.172,1172.0,,,False,15.0,15,19.0,19,3.0,1.0,False,False,False
1159,2026,10,17,17.0,17,31,esteban-ocon,haas,ferrari,pirelli,False,44.0,1:26:33.404,5193404.0,,,+1:50.925,110925.0,,+5.069,5069.0,,,False,18.0,18,16.0,16,-1.0,2.0,False,False,False
1159,2026,10,18,18.0,18,77,valtteri-bottas,cadillac,ferrari,pirelli,False,43.0,,,,,+1 lap,,1.0,,,,,False,19.0,19,17.0,17,-1.0,2.0,False,False,False
1159,2026,10,19,19.0,19,14,fernando-alonso,aston-martin,honda,pirelli,False,42.0,,,,,+2 laps,,2.0,,,,,False,21.0,21,22.0,22,3.0,2.0,False,False,False
1159,2026,10,20,,DNF,18,lance-stroll,aston-martin,honda,pirelli,False,25.0,,,,,,,,,,Gearbox,,False,22.0,22,20.0,20,,1.0,False,False,False
1159,2026,10,21,,DNF,11,sergio-perez,cadillac,ferrari,pirelli,False,13.0,,,,,,,,,,Suspension,,False,20.0,20,18.0,18,,2.0,False,False,False
1159,2026,10,22,,DNF,63,george-russell,mercedes,mercedes,pirelli,False,0.0,,,,,,,,,,Collision,,False,4.0,4,3.0,3,,0.0,False,False,False
1160,2026,11,1,1.0,1,1,lando-norris,mclaren,mercedes,pirelli,False,70.0,1:39:56.180,5996180.0,,,,,,,,,25.0,True,1.0,1,1.0,1,0.0,3.0,False,False,False
1160,2026,11,2,2.0,2,3,max-verstappen,red-bull,red-bull-ford,pirelli,False,70.0,1:40:11.260,6011260.0,,,+15.080,15080.0,,+15.080,15080.0,,18.0,False,6.0,6,4.0,4,2.0,2.0,False,True,False
1160,2026,11,3,3.0,3,12,kimi-antonelli,mercedes,mercedes,pirelli,False,70.0,1:40:14.908,6014908.0,,,+18.728,18728.0,,+3.648,3648.0,,15.0,False,4.0,4,7.0,7,4.0,1.0,False,False,False
1160,2026,11,4,4.0,4,16,charles-leclerc,ferrari,ferrari,pirelli,False,70.0,1:40:20.020,6020020.0,,,+23.840,23840.0,,+5.112,5112.0,,12.0,False,3.0,3,2.0,2,-2.0,3.0,True,False,False
1160,2026,11,5,5.0,5,44,lewis-hamilton,ferrari,ferrari,pirelli,False,70.0,1:40:20.720,6020720.0,5.0,5000.0,+24.540,24540.0,,+0.700,700.0,,10.0,False,2.0,2,5.0,5,0.0,3.0,False,False,False
1160,2026,11,6,6.0,6,6,isack-hadjar,red-bull,red-bull-ford,pirelli,False,70.0,1:40:51.668,6051668.0,,,+55.488,55488.0,,+30.948,30948.0,,8.0,False,8.0,8,8.0,8,2.0,2.0,False,False,False
1160,2026,11,7,7.0,7,63,george-russell,mercedes,mercedes,pirelli,False,70.0,1:40:53.683,6053683.0,,,+57.503,57503.0,,+2.015,2015.0,,6.0,False,7.0,7,6.0,6,-1.0,2.0,False,False,False
1160,2026,11,8,8.0,8,30,liam-lawson,racing-bulls,red-bull-ford,pirelli,False,69.0,,,,,+1 lap,,1.0,,,,4.0,False,11.0,11,11.0,11,3.0,2.0,False,False,False
1160,2026,11,9,9.0,9,27,nico-hulkenberg,audi,audi,pirelli,False,69.0,,,,,+1 lap,,1.0,,,,2.0,False,10.0,10,10.0,10,1.0,2.0,False,False,False
1160,2026,11,10,10.0,10,41,arvid-lindblad,racing-bulls,red-bull-ford,pirelli,False,69.0,,,,,+1 lap,,1.0,,,,1.0,False,9.0,9,9.0,9,-1.0,1.0,False,False,False
1160,2026,11,11,11.0,11,5,gabriel-bortoleto,audi,audi,pirelli,False,69.0,,,,,+1 lap,,1.0,,,,,False,14.0,14,14.0,14,3.0,1.0,False,False,False
1160,2026,11,12,12.0,12,10,pierre-gasly,alpine,mercedes,pirelli,False,69.0,,,,,+1 lap,,1.0,,,,,False,12.0,12,12.0,12,0.0,3.0,False,False,False
1160,2026,11,13,13.0,13,18,lance-stroll,aston-martin,honda,pirelli,False,69.0,,,,,+1 lap,,1.0,,,,,False,20.0,20,20.0,20,7.0,2.0,False,False,False
1160,2026,11,14,14.0,14,14,fernando-alonso,aston-martin,honda,pirelli,False,69.0,,,,,+1 lap,,1.0,,,,,False,16.0,16,16.0,16,2.0,2.0,False,False,False
1160,2026,11,15,15.0,15,43,franco-colapinto,alpine,mercedes,pirelli,False,68.0,,,,,+2 laps,,2.0,,,,,False,13.0,13,13.0,13,-2.0,2.0,False,False,False
1160,2026,11,16,16.0,16,31,esteban-ocon,haas,ferrari,pirelli,False,68.0,,,,,+2 laps,,2.0,,,,,False,15.0,15,15.0,15,-1.0,2.0,False,False,False
1160,2026,11,17,17.0,17,23,alexander-albon,williams,mercedes,pirelli,False,68.0,,,,,+2 laps,,2.0,,,,,False,19.0,19,19.0,19,2.0,2.0,False,False,False
1160,2026,11,18,18.0,18,55,carlos-sainz-jr,williams,mercedes,pirelli,False,68.0,,,,,+2 laps,,2.0,,,,,False,18.0,18,18.0,18,0.0,3.0,False,False,False
1160,2026,11,19,19.0,19,87,oliver-bearman,haas,ferrari,pirelli,False,68.0,,,5.0,5000.0,+2 laps,,2.0,,,,,False,17.0,17,17.0,17,-2.0,2.0,False,False,False
1160,2026,11,20,,DNF,81,oscar-piastri,mclaren,mercedes,pirelli,False,55.0,,,,,,,,,,Gearbox,,False,5.0,5,3.0,3,,2.0,False,False,False
1160,2026,11,21,,DNF,11,sergio-perez,cadillac,ferrari,pirelli,False,48.0,,,,,,,,,,Suspension,,False,22.0,22,,PL,,2.0,False,False,False
1160,2026,11,22,,DNF,77,valtteri-bottas,cadillac,ferrari,pirelli,False,13.0,,,,,,,,,,Brakes,,False,21.0,21,21.0,21,,0.0,False,False,False
1161,2026,12,1,1.0,1,1,lando-norris,mclaren,mercedes,pirelli,False,72.0,2:4:44.859,7484859.0,,,,,,,,,25.0,True,1.0,1,1.0,1,0.0,2.0,False,True,False
1161,2026,12,2,2.0,2,12,kimi-antonelli,mercedes,mercedes,pirelli,False,72.0,2:04:56.395,7496395.0,,,+11.536,11536.0,,+11.536,11536.0,,18.0,False,3.0,3,3.0,3,1.0,3.0,False,False,False
1161,2026,12,3,3.0,3,63,george-russell,mercedes,mercedes,pirelli,False,72.0,2:05:00.765,7500765.0,,,+15.906,15906.0,,+4.370,4370.0,,15.0,False,2.0,2,2.0,2,-1.0,2.0,False,False,False
1161,2026,12,4,4.0,4,44,lewis-hamilton,ferrari,ferrari,pirelli,False,72.0,2:05:01.614,7501614.0,,,+16.755,16755.0,,+0.849,849.0,,12.0,False,5.0,5,5.0,5,1.0,2.0,False,False,False
1161,2026,12,5,5.0,5,16,charles-leclerc,ferrari,ferrari,pirelli,False,72.0,2:05:02.117,7502117.0,,,+17.258,17258.0,,+0.503,503.0,,10.0,False,6.0,6,6.0,6,1.0,3.0,True,False,False
1161,2026,12,6,6.0,6,81,oscar-piastri,mclaren,mercedes,pirelli,False,72.0,2:05:17.191,7517191.0,,,+32.332,32332.0,,+15.074,15074.0,,8.0,False,4.0,4,4.0,4,-2.0,3.0,False,False,False
1161,2026,12,7,7.0,7,30,liam-lawson,red-bull,red-bull-ford,pirelli,False,72.0,2:06:04.774,7564774.0,10.0,10000.0,+1:19.915,79915.0,,+47.583,47583.0,,6.0,False,8.0,8,8.0,8,1.0,2.0,False,False,False
1161,2026,12,8,8.0,8,27,nico-hulkenberg,audi,audi,pirelli,False,71.0,,,,,+1 lap,,1.0,,,,4.0,False,13.0,13,13.0,13,5.0,2.0,False,False,False
1161,2026,12,9,9.0,9,14,fernando-alonso,aston-martin,honda,pirelli,False,71.0,,,,,+1 lap,,1.0,,,,2.0,False,18.0,18,18.0,18,9.0,1.0,False,False,False
1161,2026,12,10,10.0,10,10,pierre-gasly,alpine,mercedes,pirelli,False,71.0,,,,,+1 lap,,1.0,,,,1.0,False,11.0,11,11.0,11,1.0,2.0,False,False,False
1161,2026,12,11,11.0,11,22,yuki-tsunoda,racing-bulls,red-bull-ford,pirelli,False,71.0,,,,,+1 lap,,1.0,,,,,False,12.0,12,12.0,12,1.0,2.0,False,False,False
1161,2026,12,12,12.0,12,41,arvid-lindblad,racing-bulls,red-bull-ford,pirelli,False,71.0,,,,,+1 lap,,1.0,,,,,False,10.0,10,10.0,10,-2.0,1.0,False,False,False
1161,2026,12,13,13.0,13,5,gabriel-bortoleto,audi,audi,pirelli,False,71.0,,,,,+1 lap,,1.0,,,,,False,9.0,9,9.0,9,-4.0,3.0,False,False,False
1161,2026,12,14,14.0,14,43,franco-colapinto,alpine,mercedes,pirelli,False,70.0,,,10.0,10000.0,+2 laps,,2.0,,,,,False,14.0,14,14.0,14,0.0,2.0,False,False,False
1161,2026,12,15,15.0,15,11,sergio-perez,cadillac,ferrari,pirelli,False,70.0,,,,,+2 laps,,2.0,,,,,False,22.0,22,,PL,7.0,2.0,False,False,False
1161,2026,12,16,16.0,16,55,carlos-sainz-jr,williams,mercedes,pirelli,False,70.0,,,10.0,10000.0,+2 laps,,2.0,,,,,False,17.0,17,17.0,17,1.0,2.0,False,False,False
1161,2026,12,17,17.0,17,23,alexander-albon,williams,mercedes,pirelli,False,66.0,,,,,,,,,,Collision damage,,False,16.0,16,16.0,16,-1.0,2.0,False,False,False
1161,2026,12,18,,DNF,77,valtteri-bottas,cadillac,ferrari,pirelli,False,61.0,,,,,,,,,,Hydraulics,,False,21.0,21,21.0,21,,2.0,False,False,False
1161,2026,12,19,,DNF,31,esteban-ocon,haas,ferrari,pirelli,False,52.0,,,,,,,,,,Engine,,False,15.0,15,15.0,15,,2.0,False,False,False
1161,2026,12,20,,DNF,18,lance-stroll,aston-martin,honda,pirelli,False,45.0,,,,,,,,,,Handling,,False,19.0,19,19.0,19,,2.0,False,False,False
1161,2026,12,21,,DNF,87,oliver-bearman,haas,ferrari,pirelli,False,2.0,,,,,,,,,,Engine,,False,20.0,20,20.0,20,,0.0,False,False,False
1161,2026,12,22,,DNF,3,max-verstappen,red-bull,red-bull-ford,pirelli,False,0.0,,,,,,,,,,Accident,,False,7.0,7,7.0,7,,0.0,False,False,False
1162,2026,13,1,1.0,1,12,kimi-antonelli,mercedes,mercedes,pirelli,False,53.0,1:51:15.281,6675281.0,,,,,,,,,25.0,False,7.0,7,19.0,19,18.0,2.0,True,True,False
1162,2026,13,2,2.0,2,63,george-russell,mercedes,mercedes,pirelli,False,53.0,1:51:19.138,6679138.0,,,+3.857,3857.0,,+3.857,3857.0,,18.0,False,2.0,2,2.0,2,0.0,0.0,False,False,False
1162,2026,13,3,3.0,3,3,max-verstappen,red-bull,red-bull-ford,pirelli,False,53.0,1:51:29.999,6689999.0,,,+14.718,14718.0,,+10.861,10861.0,,15.0,False,6.0,6,5.0,5,2.0,2.0,False,False,False
1162,2026,13,4,4.0,4,1,lando-norris,mclaren,mercedes,pirelli,False,53.0,1:51:34.337,6694337.0,,,+19.056,19056.0,,+4.338,4338.0,,12.0,False,9.0,9,8.0,8,4.0,0.0,False,False,False
1162,2026,13,5,5.0,5,81,oscar-piastri,mclaren,mercedes,pirelli,False,53.0,1:51:34.534,6694534.0,,,+19.253,19253.0,,+0.197,197.0,,10.0,False,3.0,3,6.0,6,1.0,0.0,False,False,False
1162,2026,13,6,6.0,6,44,lewis-hamilton,ferrari,ferrari,pirelli,False,53.0,1:51:39.936,6699936.0,,,+24.655,24655.0,,+5.402,5402.0,,8.0,False,5.0,5,4.0,4,-2.0,0.0,False,False,False
1162,2026,13,7,7.0,7,10,pierre-gasly,alpine,mercedes,pirelli,False,53.0,1:51:42.632,6702632.0,,,+27.351,27351.0,,+2.696,2696.0,,6.0,True,1.0,1,1.0,1,-6.0,0.0,False,False,False
1162,2026,13,8,8.0,8,41,arvid-lindblad,racing-bulls,red-bull-ford,pirelli,False,53.0,1:52:00.417,6720417.0,,,+45.136,45136.0,,+17.785,17785.0,,4.0,False,10.0,10,9.0,9,1.0,0.0,False,False,False
1162,2026,13,9,9.0,9,43,franco-colapinto,alpine,mercedes,pirelli,False,53.0,1:52:02.634,6722634.0,,,+47.353,47353.0,,+2.217,2217.0,,2.0,False,8.0,8,7.0,7,-2.0,0.0,False,False,False
1162,2026,13,10,10.0,10,22,yuki-tsunoda,racing-bulls,red-bull-ford,pirelli,False,53.0,1:52:13.468,6733468.0,,,+58.187,58187.0,,+10.834,10834.0,,1.0,False,17.0,17,15.0,15,5.0,0.0,False,False,False
1162,2026,13,11,11.0,11,5,gabriel-bortoleto,audi,audi,pirelli,False,53.0,1:52:20.468,6740468.0,,,+1:05.187,65187.0,,+7.000,7000.0,,,False,11.0,11,10.0,10,-1.0,0.0,False,False,False
1162,2026,13,12,12.0,12,27,nico-hulkenberg,audi,audi,pirelli,False,53.0,1:52:21.468,6741468.0,,,+1:06.187,66187.0,,+1.000,1000.0,,,False,13.0,13,12.0,12,0.0,2.0,False,False,False
1162,2026,13,13,13.0,13,55,carlos-sainz-jr,williams,mercedes,pirelli,False,53.0,1:52:29.398,6749398.0,,,+1:14.117,74117.0,,+7.930,7930.0,,,False,15.0,15,13.0,13,0.0,2.0,False,False,False
1162,2026,13,14,14.0,14,30,liam-lawson,red-bull,red-bull-ford,pirelli,False,53.0,1:52:30.890,6750890.0,,,+1:15.609,75609.0,,+1.492,1492.0,,,False,14.0,14,,PL,8.0,2.0,False,False,False
1162,2026,13,15,15.0,15,87,oliver-bearman,haas,ferrari,pirelli,False,53.0,1:52:34.239,6754239.0,,,+1:18.958,78958.0,,+3.349,3349.0,,,False,12.0,12,11.0,11,-4.0,0.0,False,False,False
1162,2026,13,16,16.0,16,31,esteban-ocon,haas,ferrari,pirelli,False,52.0,,,,,+1 lap,,1.0,,,,,False,16.0,16,14.0,14,-2.0,2.0,False,False,False
1162,2026,13,17,17.0,17,23,alexander-albon,williams,mercedes,pirelli,False,52.0,,,,,+1 lap,,1.0,,,,,False,18.0,18,20.0,20,3.0,2.0,False,False,False
1162,2026,13,18,18.0,18,11,sergio-perez,cadillac,ferrari,pirelli,False,52.0,,,5.0,5000.0,+1 lap,,1.0,,,,,False,20.0,20,17.0,17,-1.0,2.0,False,False,False
1162,2026,13,19,19.0,19,77,valtteri-bottas,cadillac,ferrari,pirelli,False,51.0,,,,,+2 laps,,2.0,,,,,False,19.0,19,16.0,16,-3.0,2.0,False,False,False
1162,2026,13,20,,DNF,18,lance-stroll,aston-martin,honda,pirelli,False,26.0,,,,,,,,,,Hydraulics,,False,22.0,22,18.0,18,,0.0,False,False,False
1162,2026,13,21,,DNF,14,fernando-alonso,aston-martin,honda,pirelli,False,23.0,,,,,,,,,,Mechanical,,False,21.0,21,,PL,,0.0,False,False,False
1162,2026,13,22,,DNF,16,charles-leclerc,ferrari,ferrari,pirelli,False,1.0,,,,,,,,,,Accident,,False,4.0,4,3.0,3,,0.0,False,False,False
